300021;2;LINES_OF_CODE;2026-01-01 08:06:42;7;;;;
300007;2;LINES_OF_CODE;2026-01-01 08:55:55;6;;;;
300010;2;LINES_OF_CODE;2026-01-01 09:01:38;10;;;;
300024;2;LINES_OF_CODE;2026-01-01 09:07:10;8;;;;
300004;2;LINES_OF_CODE;2026-01-01 09:25:22;7;;;;
300000;2;LINES_OF_CODE;2026-01-01 09:26:45;7;;;;
300009;2;LINES_OF_CODE;2026-01-01 09:32:28;14;;;;
300005;2;LINES_OF_CODE;2026-01-01 09:38:34;10;;;;
300023;2;LINES_OF_CODE;2026-01-01 09:58:34;13;;;;
300006;2;LINES_OF_CODE;2026-01-01 10:21:19;12;;;;
300013;2;LINES_OF_CODE;2026-01-01 10:25:29;8;;;;
300036;2;LINES_OF_CODE;2026-01-01 10:50:17;3;;;;
300030;2;LINES_OF_CODE;2026-01-01 11:57:46;17;;;;
300014;2;LINES_OF_CODE;2026-01-01 12:04:36;4;;;;
300037;2;LINES_OF_CODE;2026-01-01 12:13:05;6;;;;
300032;2;LINES_OF_CODE;2026-01-01 12:17:42;7;;;;
300008;2;LINES_OF_CODE;2026-01-01 12:39:03;11;;;;
300012;2;LINES_OF_CODE;2026-01-01 12:50:49;7;;;;
300022;2;LINES_OF_CODE;2026-01-01 13:16:14;10;;;;
300038;2;LINES_OF_CODE;2026-01-01 13:24:54;25;;;;
300029;2;LINES_OF_CODE;2026-01-01 13:45:53;4;;;;
300027;2;LINES_OF_CODE;2026-01-01 14:10:57;9;;;;
300003;2;LINES_OF_CODE;2026-01-01 14:16:39;10;;;;
300025;2;LINES_OF_CODE;2026-01-01 14:19:32;7;;;;
300031;2;LINES_OF_CODE;2026-01-01 14:36:05;6;;;;
300034;2;LINES_OF_CODE;2026-01-01 14:42:52;8;;;;
300026;2;LINES_OF_CODE;2026-01-01 15:01:53;3;;;;
300033;2;LINES_OF_CODE;2026-01-01 15:08:41;6;;;;
300019;2;LINES_OF_CODE;2026-01-01 15:22:04;0;;;;
300035;2;LINES_OF_CODE;2026-01-01 16:01:47;6;;;;
300016;2;LINES_OF_CODE;2026-01-01 16:04:35;10;;;;
300020;2;LINES_OF_CODE;2026-01-01 16:07:24;3;;;;
300001;2;LINES_OF_CODE;2026-01-01 16:20:12;3;;;;
300011;2;LINES_OF_CODE;2026-01-01 16:21:30;10;;;;
300028;2;LINES_OF_CODE;2026-01-01 16:27:38;2;;;;
300017;2;LINES_OF_CODE;2026-01-01 16:46:01;5;;;;
300002;2;LINES_OF_CODE;2026-01-01 17:25:12;14;;;;
300018;2;LINES_OF_CODE;2026-01-01 17:28:29;5;;;;
300015;2;LINES_OF_CODE;2026-01-01 17:47:42;4;;;;
300073;2;LINES_OF_CODE;2026-01-02 08:04:40;4;;;;
300051;2;LINES_OF_CODE;2026-01-02 08:27:35;4;;;;
300070;2;LINES_OF_CODE;2026-01-02 08:28:34;10;;;;
300045;2;LINES_OF_CODE;2026-01-02 08:52:13;6;;;;
300065;2;LINES_OF_CODE;2026-01-02 08:54:06;12;;;;
300044;2;LINES_OF_CODE;2026-01-02 10:02:00;3;;;;
300063;2;LINES_OF_CODE;2026-01-02 11:01:33;8;;;;
300053;2;LINES_OF_CODE;2026-01-02 11:02:30;11;;;;
300055;2;LINES_OF_CODE;2026-01-02 11:09:51;5;;;;
300064;2;LINES_OF_CODE;2026-01-02 11:10:53;9;;;;
300062;2;LINES_OF_CODE;2026-01-02 11:29:28;14;;;;
300067;2;LINES_OF_CODE;2026-01-02 12:10:27;15;;;;
300048;2;LINES_OF_CODE;2026-01-02 12:20:51;12;;;;
300039;2;LINES_OF_CODE;2026-01-02 12:29:16;11;;;;
300058;2;LINES_OF_CODE;2026-01-02 12:31:20;2;;;;
300042;2;LINES_OF_CODE;2026-01-02 12:56:53;1;;;;
300071;2;LINES_OF_CODE;2026-01-02 13:22:47;0;;;;
300049;2;LINES_OF_CODE;2026-01-02 13:35:52;8;;;;
300050;2;LINES_OF_CODE;2026-01-02 13:53:20;11;;;;
300054;2;LINES_OF_CODE;2026-01-02 14:00:44;9;;;;
300072;2;LINES_OF_CODE;2026-01-02 14:11:06;7;;;;
300040;2;LINES_OF_CODE;2026-01-02 14:16:23;11;;;;
300057;2;LINES_OF_CODE;2026-01-02 14:40:19;6;;;;
300074;2;LINES_OF_CODE;2026-01-02 15:00:59;34;;;;
300069;2;LINES_OF_CODE;2026-01-02 15:20:56;13;;;;
300043;2;LINES_OF_CODE;2026-01-02 15:39:22;15;;;;
300061;2;LINES_OF_CODE;2026-01-02 15:46:55;11;;;;
300060;2;LINES_OF_CODE;2026-01-02 15:54:13;10;;;;
300066;2;LINES_OF_CODE;2026-01-02 16:04:05;13;;;;
300059;2;LINES_OF_CODE;2026-01-02 16:18:21;5;;;;
300047;2;LINES_OF_CODE;2026-01-02 16:48:56;11;;;;
300046;2;LINES_OF_CODE;2026-01-02 16:50:47;3;;;;
300056;2;LINES_OF_CODE;2026-01-02 17:20:34;19;;;;
300041;2;LINES_OF_CODE;2026-01-02 17:36:20;3;;;;
300068;2;LINES_OF_CODE;2026-01-02 17:43:35;-5;;;;
300052;2;LINES_OF_CODE;2026-01-02 17:51:03;12;;;;
300089;2;LINES_OF_CODE;2026-01-05 08:20:03;14;;;;
300104;2;LINES_OF_CODE;2026-01-05 08:25:01;9;;;;
300076;2;LINES_OF_CODE;2026-01-05 08:31:48;5;;;;
300111;2;LINES_OF_CODE;2026-01-05 08:52:51;6;;;;
300088;2;LINES_OF_CODE;2026-01-05 09:05:09;5;;;;
300081;2;LINES_OF_CODE;2026-01-05 09:26:22;3;;;;
300091;2;LINES_OF_CODE;2026-01-05 09:44:16;11;;;;
300079;2;LINES_OF_CODE;2026-01-05 10:04:57;3;;;;
300112;2;LINES_OF_CODE;2026-01-05 10:20:46;9;;;;
300082;2;LINES_OF_CODE;2026-01-05 10:24:12;8;;;;
300094;2;LINES_OF_CODE;2026-01-05 10:34:16;4;;;;
300078;2;LINES_OF_CODE;2026-01-05 10:41:52;9;;;;
300080;2;LINES_OF_CODE;2026-01-05 10:42:25;10;;;;
300077;2;LINES_OF_CODE;2026-01-05 10:43:40;8;;;;
300083;2;LINES_OF_CODE;2026-01-05 10:46:52;4;;;;
300085;2;LINES_OF_CODE;2026-01-05 10:56:26;2;;;;
300084;2;LINES_OF_CODE;2026-01-05 11:22:03;8;;;;
300103;2;LINES_OF_CODE;2026-01-05 11:25:48;7;;;;
300095;2;LINES_OF_CODE;2026-01-05 11:29:38;10;;;;
300101;2;LINES_OF_CODE;2026-01-05 11:38:38;5;;;;
300105;2;LINES_OF_CODE;2026-01-05 12:06:56;8;;;;
300093;2;LINES_OF_CODE;2026-01-05 12:18:04;7;;;;
300110;2;LINES_OF_CODE;2026-01-05 12:19:54;8;;;;
300108;2;LINES_OF_CODE;2026-01-05 12:41:38;6;;;;
300107;2;LINES_OF_CODE;2026-01-05 12:50:26;6;;;;
300109;2;LINES_OF_CODE;2026-01-05 13:00:50;10;;;;
300100;2;LINES_OF_CODE;2026-01-05 13:35:41;-1;;;;
300099;2;LINES_OF_CODE;2026-01-05 13:52:43;2;;;;
300075;2;LINES_OF_CODE;2026-01-05 13:58:19;8;;;;
300102;2;LINES_OF_CODE;2026-01-05 14:01:42;9;;;;
300090;2;LINES_OF_CODE;2026-01-05 14:21:01;7;;;;
300096;2;LINES_OF_CODE;2026-01-05 14:48:28;1;;;;
300106;2;LINES_OF_CODE;2026-01-05 15:30:46;6;;;;
300092;2;LINES_OF_CODE;2026-01-05 15:51:12;9;;;;
300097;2;LINES_OF_CODE;2026-01-05 16:06:27;3;;;;
300098;2;LINES_OF_CODE;2026-01-05 17:03:20;6;;;;
300087;2;LINES_OF_CODE;2026-01-05 17:26:14;7;;;;
300086;2;LINES_OF_CODE;2026-01-05 17:42:03;5;;;;
300142;2;LINES_OF_CODE;2026-01-06 08:09:29;5;;;;
300127;2;LINES_OF_CODE;2026-01-06 08:23:15;2;;;;
300123;2;LINES_OF_CODE;2026-01-06 08:51:37;1;;;;
300115;2;LINES_OF_CODE;2026-01-06 09:48:33;4;;;;
300130;2;LINES_OF_CODE;2026-01-06 10:01:16;2;;;;
300120;2;LINES_OF_CODE;2026-01-06 10:01:37;3;;;;
300128;2;LINES_OF_CODE;2026-01-06 10:02:41;5;;;;
300133;2;LINES_OF_CODE;2026-01-06 10:07:14;3;;;;
300147;2;LINES_OF_CODE;2026-01-06 10:15:08;3;;;;
300114;2;LINES_OF_CODE;2026-01-06 10:52:41;-2;;;;
300137;2;LINES_OF_CODE;2026-01-06 11:05:34;0;;;;
300129;2;LINES_OF_CODE;2026-01-06 11:10:25;3;;;;
300149;2;LINES_OF_CODE;2026-01-06 11:17:11;27;;;;
300132;2;LINES_OF_CODE;2026-01-06 11:46:35;2;;;;
300118;2;LINES_OF_CODE;2026-01-06 11:56:13;6;;;;
300148;2;LINES_OF_CODE;2026-01-06 12:05:21;4;;;;
300139;2;LINES_OF_CODE;2026-01-06 12:59:37;3;;;;
300146;2;LINES_OF_CODE;2026-01-06 13:02:19;5;;;;
300126;2;LINES_OF_CODE;2026-01-06 13:10:05;4;;;;
300140;2;LINES_OF_CODE;2026-01-06 13:34:41;4;;;;
300113;2;LINES_OF_CODE;2026-01-06 13:40:16;4;;;;
300122;2;LINES_OF_CODE;2026-01-06 14:29:49;0;;;;
300135;2;LINES_OF_CODE;2026-01-06 14:43:01;5;;;;
300134;2;LINES_OF_CODE;2026-01-06 14:52:37;2;;;;
300141;2;LINES_OF_CODE;2026-01-06 15:15:13;7;;;;
300121;2;LINES_OF_CODE;2026-01-06 15:28:34;0;;;;
300131;2;LINES_OF_CODE;2026-01-06 15:28:57;2;;;;
300136;2;LINES_OF_CODE;2026-01-06 16:01:12;4;;;;
300116;2;LINES_OF_CODE;2026-01-06 16:08:05;0;;;;
300145;2;LINES_OF_CODE;2026-01-06 16:12:52;1;;;;
300117;2;LINES_OF_CODE;2026-01-06 16:18:15;5;;;;
300125;2;LINES_OF_CODE;2026-01-06 16:20:04;1;;;;
300138;2;LINES_OF_CODE;2026-01-06 16:26:17;1;;;;
300124;2;LINES_OF_CODE;2026-01-06 16:27:31;1;;;;
300119;2;LINES_OF_CODE;2026-01-06 16:38:26;4;;;;
300144;2;LINES_OF_CODE;2026-01-06 17:43:43;1;;;;
300143;2;LINES_OF_CODE;2026-01-06 17:45:18;2;;;;
300162;2;LINES_OF_CODE;2026-01-07 08:00:26;8;;;;
300161;2;LINES_OF_CODE;2026-01-07 08:36:58;6;;;;
300171;2;LINES_OF_CODE;2026-01-07 09:04:23;6;;;;
300150;2;LINES_OF_CODE;2026-01-07 09:22:39;10;;;;
300172;2;LINES_OF_CODE;2026-01-07 09:26:50;12;;;;
300167;2;LINES_OF_CODE;2026-01-07 09:27:08;12;;;;
300180;2;LINES_OF_CODE;2026-01-07 09:32:29;13;;;;
300177;2;LINES_OF_CODE;2026-01-07 10:16:18;21;;;;
300178;2;LINES_OF_CODE;2026-01-07 10:53:13;14;;;;
300157;2;LINES_OF_CODE;2026-01-07 11:03:18;11;;;;
300158;2;LINES_OF_CODE;2026-01-07 11:27:59;8;;;;
300163;2;LINES_OF_CODE;2026-01-07 11:48:49;7;;;;
300179;2;LINES_OF_CODE;2026-01-07 11:52:08;14;;;;
300175;2;LINES_OF_CODE;2026-01-07 11:54:25;8;;;;
300169;2;LINES_OF_CODE;2026-01-07 12:14:29;19;;;;
300165;2;LINES_OF_CODE;2026-01-07 12:56:39;9;;;;
300174;2;LINES_OF_CODE;2026-01-07 13:29:43;18;;;;
300160;2;LINES_OF_CODE;2026-01-07 13:49:59;4;;;;
300151;2;LINES_OF_CODE;2026-01-07 13:55:33;7;;;;
300156;2;LINES_OF_CODE;2026-01-07 14:04:55;6;;;;
300173;2;LINES_OF_CODE;2026-01-07 16:00:36;0;;;;
300176;2;LINES_OF_CODE;2026-01-07 16:03:27;11;;;;
300159;2;LINES_OF_CODE;2026-01-07 16:18:47;14;;;;
300154;2;LINES_OF_CODE;2026-01-07 16:23:14;8;;;;
300152;2;LINES_OF_CODE;2026-01-07 16:41:00;6;;;;
300166;2;LINES_OF_CODE;2026-01-07 16:46:34;14;;;;
300168;2;LINES_OF_CODE;2026-01-07 16:53:32;1;;;;
300164;2;LINES_OF_CODE;2026-01-07 16:55:09;12;;;;
300155;2;LINES_OF_CODE;2026-01-07 17:05:33;9;;;;
300170;2;LINES_OF_CODE;2026-01-07 17:14:00;13;;;;
300153;2;LINES_OF_CODE;2026-01-07 17:56:47;2;;;;
300200;2;LINES_OF_CODE;2026-01-08 08:08:23;1;;;;
300194;2;LINES_OF_CODE;2026-01-08 08:22:46;2;;;;
300211;2;LINES_OF_CODE;2026-01-08 08:25:52;1;;;;
300203;2;LINES_OF_CODE;2026-01-08 08:26:48;2;;;;
300195;2;LINES_OF_CODE;2026-01-08 09:13:02;1;;;;
300196;2;LINES_OF_CODE;2026-01-08 09:31:11;2;;;;
300186;2;LINES_OF_CODE;2026-01-08 09:33:30;3;;;;
300202;2;LINES_OF_CODE;2026-01-08 10:06:30;2;;;;
300189;2;LINES_OF_CODE;2026-01-08 10:11:18;1;;;;
300212;2;LINES_OF_CODE;2026-01-08 10:21:26;4;;;;
300215;2;LINES_OF_CODE;2026-01-08 10:31:28;1;;;;
300191;2;LINES_OF_CODE;2026-01-08 10:35:35;2;;;;
300218;2;LINES_OF_CODE;2026-01-08 10:51:12;22;;;;
300205;2;LINES_OF_CODE;2026-01-08 11:10:01;2;;;;
300217;2;LINES_OF_CODE;2026-01-08 11:15:50;3;;;;
300198;2;LINES_OF_CODE;2026-01-08 11:43:37;3;;;;
300214;2;LINES_OF_CODE;2026-01-08 11:44:54;2;;;;
300213;2;LINES_OF_CODE;2026-01-08 11:48:13;0;;;;
300192;2;LINES_OF_CODE;2026-01-08 11:56:57;1;;;;
300216;2;LINES_OF_CODE;2026-01-08 12:18:03;2;;;;
300204;2;LINES_OF_CODE;2026-01-08 12:22:30;2;;;;
300183;2;LINES_OF_CODE;2026-01-08 12:28:46;2;;;;
300182;2;LINES_OF_CODE;2026-01-08 13:08:36;2;;;;
300197;2;LINES_OF_CODE;2026-01-08 13:10:06;1;;;;
300199;2;LINES_OF_CODE;2026-01-08 14:31:56;1;;;;
300201;2;LINES_OF_CODE;2026-01-08 14:45:29;2;;;;
300209;2;LINES_OF_CODE;2026-01-08 14:52:14;1;;;;
300208;2;LINES_OF_CODE;2026-01-08 15:25:11;0;;;;
300181;2;LINES_OF_CODE;2026-01-08 16:01:58;2;;;;
300184;2;LINES_OF_CODE;2026-01-08 16:28:53;1;;;;
300185;2;LINES_OF_CODE;2026-01-08 16:41:42;2;;;;
300207;2;LINES_OF_CODE;2026-01-08 16:51:33;2;;;;
300188;2;LINES_OF_CODE;2026-01-08 17:10:46;1;;;;
300193;2;LINES_OF_CODE;2026-01-08 17:17:26;2;;;;
300190;2;LINES_OF_CODE;2026-01-08 17:29:50;1;;;;
300206;2;LINES_OF_CODE;2026-01-08 17:32:13;1;;;;
300187;2;LINES_OF_CODE;2026-01-08 17:49:34;2;;;;
300210;2;LINES_OF_CODE;2026-01-08 17:55:49;3;;;;
300232;2;LINES_OF_CODE;2026-01-09 08:16:00;7;;;;
300231;2;LINES_OF_CODE;2026-01-09 08:22:35;13;;;;
300246;2;LINES_OF_CODE;2026-01-09 08:31:48;10;;;;
300243;2;LINES_OF_CODE;2026-01-09 08:37:15;3;;;;
300244;2;LINES_OF_CODE;2026-01-09 08:49:43;18;;;;
300234;2;LINES_OF_CODE;2026-01-09 09:32:23;1;;;;
300241;2;LINES_OF_CODE;2026-01-09 09:46:06;-2;;;;
300223;2;LINES_OF_CODE;2026-01-09 10:06:09;5;;;;
300233;2;LINES_OF_CODE;2026-01-09 10:10:49;24;;;;
300247;2;LINES_OF_CODE;2026-01-09 10:13:15;12;;;;
300229;2;LINES_OF_CODE;2026-01-09 10:26:31;16;;;;
300245;2;LINES_OF_CODE;2026-01-09 10:26:53;18;;;;
300251;2;LINES_OF_CODE;2026-01-09 10:27:13;15;;;;
300226;2;LINES_OF_CODE;2026-01-09 10:46:30;9;;;;
300248;2;LINES_OF_CODE;2026-01-09 10:57:13;6;;;;
300224;2;LINES_OF_CODE;2026-01-09 11:09:53;3;;;;
300256;2;LINES_OF_CODE;2026-01-09 11:21:10;14;;;;
300253;2;LINES_OF_CODE;2026-01-09 12:54:34;11;;;;
300252;2;LINES_OF_CODE;2026-01-09 13:02:49;18;;;;
300221;2;LINES_OF_CODE;2026-01-09 13:15:23;4;;;;
300236;2;LINES_OF_CODE;2026-01-09 13:19:03;14;;;;
300255;2;LINES_OF_CODE;2026-01-09 13:41:45;-1;;;;
300254;2;LINES_OF_CODE;2026-01-09 13:45:40;9;;;;
300230;2;LINES_OF_CODE;2026-01-09 13:54:17;10;;;;
300237;2;LINES_OF_CODE;2026-01-09 14:16:01;4;;;;
300238;2;LINES_OF_CODE;2026-01-09 14:18:55;8;;;;
300220;2;LINES_OF_CODE;2026-01-09 14:26:23;6;;;;
300250;2;LINES_OF_CODE;2026-01-09 14:43:03;6;;;;
300222;2;LINES_OF_CODE;2026-01-09 14:50:58;11;;;;
300249;2;LINES_OF_CODE;2026-01-09 15:15:34;-3;;;;
300235;2;LINES_OF_CODE;2026-01-09 15:21:16;16;;;;
300257;2;LINES_OF_CODE;2026-01-09 15:36:56;70;;;;
300240;2;LINES_OF_CODE;2026-01-09 15:59:37;13;;;;
300239;2;LINES_OF_CODE;2026-01-09 16:27:36;5;;;;
300225;2;LINES_OF_CODE;2026-01-09 16:40:13;5;;;;
300227;2;LINES_OF_CODE;2026-01-09 16:52:20;14;;;;
300228;2;LINES_OF_CODE;2026-01-09 17:05:18;13;;;;
300219;2;LINES_OF_CODE;2026-01-09 17:21:04;1;;;;
300242;2;LINES_OF_CODE;2026-01-09 17:54:20;11;;;;
300281;2;LINES_OF_CODE;2026-01-12 08:12:58;0;;;;
300264;2;LINES_OF_CODE;2026-01-12 08:15:05;6;;;;
300273;2;LINES_OF_CODE;2026-01-12 09:15:22;7;;;;
300269;2;LINES_OF_CODE;2026-01-12 09:37:20;7;;;;
300276;2;LINES_OF_CODE;2026-01-12 10:40:49;7;;;;
300261;2;LINES_OF_CODE;2026-01-12 10:48:43;3;;;;
300278;2;LINES_OF_CODE;2026-01-12 10:51:23;6;;;;
300271;2;LINES_OF_CODE;2026-01-12 10:56:40;4;;;;
300282;2;LINES_OF_CODE;2026-01-12 11:57:27;6;;;;
300274;2;LINES_OF_CODE;2026-01-12 12:29:53;6;;;;
300267;2;LINES_OF_CODE;2026-01-12 13:05:31;2;;;;
300268;2;LINES_OF_CODE;2026-01-12 13:19:08;6;;;;
300275;2;LINES_OF_CODE;2026-01-12 13:29:43;2;;;;
300259;2;LINES_OF_CODE;2026-01-12 13:49:50;8;;;;
300279;2;LINES_OF_CODE;2026-01-12 14:00:01;2;;;;
300283;2;LINES_OF_CODE;2026-01-12 14:12:12;4;;;;
300280;2;LINES_OF_CODE;2026-01-12 14:13:50;5;;;;
300272;2;LINES_OF_CODE;2026-01-12 14:38:50;5;;;;
300258;2;LINES_OF_CODE;2026-01-12 15:00:08;6;;;;
300265;2;LINES_OF_CODE;2026-01-12 15:26:03;8;;;;
300270;2;LINES_OF_CODE;2026-01-12 15:35:55;5;;;;
300277;2;LINES_OF_CODE;2026-01-12 15:36:38;5;;;;
300262;2;LINES_OF_CODE;2026-01-12 15:39:44;1;;;;
300284;2;LINES_OF_CODE;2026-01-12 15:41:07;8;;;;
300260;2;LINES_OF_CODE;2026-01-12 16:05:57;9;;;;
300263;2;LINES_OF_CODE;2026-01-12 16:17:22;3;;;;
300266;2;LINES_OF_CODE;2026-01-12 17:44:54;0;;;;
300285;2;LINES_OF_CODE;2026-01-12 17:45:34;6;;;;
300312;2;LINES_OF_CODE;2026-01-13 08:24:38;10;;;;
300288;2;LINES_OF_CODE;2026-01-13 08:41:13;7;;;;
300311;2;LINES_OF_CODE;2026-01-13 09:04:00;5;;;;
300307;2;LINES_OF_CODE;2026-01-13 10:25:29;9;;;;
300294;2;LINES_OF_CODE;2026-01-13 10:32:14;5;;;;
300309;2;LINES_OF_CODE;2026-01-13 10:53:14;0;;;;
300308;2;LINES_OF_CODE;2026-01-13 11:09:58;7;;;;
300301;2;LINES_OF_CODE;2026-01-13 11:19:57;4;;;;
300287;2;LINES_OF_CODE;2026-01-13 11:35:24;8;;;;
300286;2;LINES_OF_CODE;2026-01-13 12:11:05;8;;;;
300297;2;LINES_OF_CODE;2026-01-13 12:18:18;7;;;;
300289;2;LINES_OF_CODE;2026-01-13 12:45:55;0;;;;
300306;2;LINES_OF_CODE;2026-01-13 12:53:34;5;;;;
300303;2;LINES_OF_CODE;2026-01-13 13:00:51;9;;;;
300310;2;LINES_OF_CODE;2026-01-13 13:14:49;2;;;;
300305;2;LINES_OF_CODE;2026-01-13 13:41:34;2;;;;
300299;2;LINES_OF_CODE;2026-01-13 14:11:43;5;;;;
300291;2;LINES_OF_CODE;2026-01-13 14:37:46;7;;;;
300293;2;LINES_OF_CODE;2026-01-13 15:07:25;6;;;;
300304;2;LINES_OF_CODE;2026-01-13 15:44:56;0;;;;
300313;2;LINES_OF_CODE;2026-01-13 16:10:26;4;;;;
300300;2;LINES_OF_CODE;2026-01-13 16:17:13;5;;;;
300302;2;LINES_OF_CODE;2026-01-13 16:32:24;7;;;;
300290;2;LINES_OF_CODE;2026-01-13 16:42:01;6;;;;
300295;2;LINES_OF_CODE;2026-01-13 16:47:57;5;;;;
300298;2;LINES_OF_CODE;2026-01-13 16:52:41;5;;;;
300296;2;LINES_OF_CODE;2026-01-13 16:59:33;5;;;;
300292;2;LINES_OF_CODE;2026-01-13 17:52:06;11;;;;
300344;2;LINES_OF_CODE;2026-01-14 08:01:51;30;;;;
300320;2;LINES_OF_CODE;2026-01-14 08:44:07;5;;;;
300328;2;LINES_OF_CODE;2026-01-14 09:19:28;4;;;;
300321;2;LINES_OF_CODE;2026-01-14 09:57:57;0;;;;
300316;2;LINES_OF_CODE;2026-01-14 10:13:07;4;;;;
300323;2;LINES_OF_CODE;2026-01-14 10:25:04;7;;;;
300318;2;LINES_OF_CODE;2026-01-14 10:35:14;3;;;;
300339;2;LINES_OF_CODE;2026-01-14 11:07:48;3;;;;
300343;2;LINES_OF_CODE;2026-01-14 11:14:32;6;;;;
300314;2;LINES_OF_CODE;2026-01-14 11:29:02;7;;;;
300325;2;LINES_OF_CODE;2026-01-14 11:45:29;5;;;;
300334;2;LINES_OF_CODE;2026-01-14 12:37:58;6;;;;
300340;2;LINES_OF_CODE;2026-01-14 12:45:31;7;;;;
300336;2;LINES_OF_CODE;2026-01-14 12:48:30;7;;;;
300322;2;LINES_OF_CODE;2026-01-14 12:50:45;9;;;;
300338;2;LINES_OF_CODE;2026-01-14 13:01:33;4;;;;
300341;2;LINES_OF_CODE;2026-01-14 13:08:38;0;;;;
300317;2;LINES_OF_CODE;2026-01-14 13:21:49;10;;;;
300337;2;LINES_OF_CODE;2026-01-14 13:22:25;6;;;;
300329;2;LINES_OF_CODE;2026-01-14 14:02:36;9;;;;
300342;2;LINES_OF_CODE;2026-01-14 14:13:55;6;;;;
300319;2;LINES_OF_CODE;2026-01-14 14:33:54;10;;;;
300335;2;LINES_OF_CODE;2026-01-14 14:34:00;6;;;;
300332;2;LINES_OF_CODE;2026-01-14 14:44:19;7;;;;
300330;2;LINES_OF_CODE;2026-01-14 15:01:51;9;;;;
300333;2;LINES_OF_CODE;2026-01-14 15:20:59;8;;;;
300327;2;LINES_OF_CODE;2026-01-14 15:43:16;2;;;;
300331;2;LINES_OF_CODE;2026-01-14 16:18:22;6;;;;
300315;2;LINES_OF_CODE;2026-01-14 17:14:47;8;;;;
300326;2;LINES_OF_CODE;2026-01-14 17:20:44;5;;;;
300324;2;LINES_OF_CODE;2026-01-14 17:38:56;5;;;;
300379;2;LINES_OF_CODE;2026-01-15 08:03:19;22;;;;
300360;2;LINES_OF_CODE;2026-01-15 08:20:46;4;;;;
300352;2;LINES_OF_CODE;2026-01-15 09:23:29;7;;;;
300358;2;LINES_OF_CODE;2026-01-15 09:24:13;8;;;;
300372;2;LINES_OF_CODE;2026-01-15 09:45:19;7;;;;
300374;2;LINES_OF_CODE;2026-01-15 09:54:24;5;;;;
300370;2;LINES_OF_CODE;2026-01-15 10:15:58;7;;;;
300373;2;LINES_OF_CODE;2026-01-15 10:37:30;5;;;;
300353;2;LINES_OF_CODE;2026-01-15 10:42:58;1;;;;
300364;2;LINES_OF_CODE;2026-01-15 11:08:41;6;;;;
300357;2;LINES_OF_CODE;2026-01-15 11:11:06;2;;;;
300348;2;LINES_OF_CODE;2026-01-15 11:39:17;8;;;;
300354;2;LINES_OF_CODE;2026-01-15 12:07:18;4;;;;
300346;2;LINES_OF_CODE;2026-01-15 12:22:45;7;;;;
300365;2;LINES_OF_CODE;2026-01-15 12:32:06;6;;;;
300363;2;LINES_OF_CODE;2026-01-15 12:35:39;4;;;;
300356;2;LINES_OF_CODE;2026-01-15 13:18:25;3;;;;
300367;2;LINES_OF_CODE;2026-01-15 13:35:47;9;;;;
300378;2;LINES_OF_CODE;2026-01-15 13:52:08;4;;;;
300347;2;LINES_OF_CODE;2026-01-15 14:11:23;5;;;;
300377;2;LINES_OF_CODE;2026-01-15 14:58:58;7;;;;
300345;2;LINES_OF_CODE;2026-01-15 15:00:00;5;;;;
300375;2;LINES_OF_CODE;2026-01-15 15:02:50;6;;;;
300359;2;LINES_OF_CODE;2026-01-15 15:10:49;0;;;;
300376;2;LINES_OF_CODE;2026-01-15 15:14:36;9;;;;
300369;2;LINES_OF_CODE;2026-01-15 15:30:59;0;;;;
300368;2;LINES_OF_CODE;2026-01-15 16:03:09;4;;;;
300349;2;LINES_OF_CODE;2026-01-15 16:15:47;11;;;;
300351;2;LINES_OF_CODE;2026-01-15 16:26:47;8;;;;
300362;2;LINES_OF_CODE;2026-01-15 16:47:32;6;;;;
300361;2;LINES_OF_CODE;2026-01-15 16:51:52;3;;;;
300355;2;LINES_OF_CODE;2026-01-15 16:56:13;6;;;;
300366;2;LINES_OF_CODE;2026-01-15 17:03:17;7;;;;
300371;2;LINES_OF_CODE;2026-01-15 17:14:53;6;;;;
300350;2;LINES_OF_CODE;2026-01-15 17:33:03;2;;;;
300409;2;LINES_OF_CODE;2026-01-16 08:13:29;0;;;;
300383;2;LINES_OF_CODE;2026-01-16 08:32:40;0;;;;
300406;2;LINES_OF_CODE;2026-01-16 08:55:06;0;;;;
300396;2;LINES_OF_CODE;2026-01-16 09:03:54;0;;;;
300386;2;LINES_OF_CODE;2026-01-16 09:04:02;0;;;;
300407;2;LINES_OF_CODE;2026-01-16 09:09:46;0;;;;
300385;2;LINES_OF_CODE;2026-01-16 09:14:00;0;;;;
300390;2;LINES_OF_CODE;2026-01-16 09:21:00;0;;;;
300381;2;LINES_OF_CODE;2026-01-16 09:30:58;0;;;;
300412;2;LINES_OF_CODE;2026-01-16 09:38:09;0;;;;
300389;2;LINES_OF_CODE;2026-01-16 10:13:01;0;;;;
300402;2;LINES_OF_CODE;2026-01-16 10:46:10;0;;;;
300387;2;LINES_OF_CODE;2026-01-16 11:17:22;0;;;;
300401;2;LINES_OF_CODE;2026-01-16 11:43:16;0;;;;
300393;2;LINES_OF_CODE;2026-01-16 12:03:19;0;;;;
300403;2;LINES_OF_CODE;2026-01-16 12:30:07;0;;;;
300391;2;LINES_OF_CODE;2026-01-16 12:35:39;0;;;;
300397;2;LINES_OF_CODE;2026-01-16 12:37:22;0;;;;
300395;2;LINES_OF_CODE;2026-01-16 13:01:19;0;;;;
300398;2;LINES_OF_CODE;2026-01-16 14:13:34;0;;;;
300394;2;LINES_OF_CODE;2026-01-16 14:48:35;0;;;;
300410;2;LINES_OF_CODE;2026-01-16 15:00:15;0;;;;
300411;2;LINES_OF_CODE;2026-01-16 15:23:46;0;;;;
300400;2;LINES_OF_CODE;2026-01-16 15:26:14;0;;;;
300392;2;LINES_OF_CODE;2026-01-16 15:27:53;0;;;;
300388;2;LINES_OF_CODE;2026-01-16 15:44:13;0;;;;
300382;2;LINES_OF_CODE;2026-01-16 15:57:58;0;;;;
300399;2;LINES_OF_CODE;2026-01-16 16:25:04;0;;;;
300384;2;LINES_OF_CODE;2026-01-16 16:31:36;0;;;;
300413;2;LINES_OF_CODE;2026-01-16 16:48:45;10;;;;
300380;2;LINES_OF_CODE;2026-01-16 16:49:32;0;;;;
300405;2;LINES_OF_CODE;2026-01-16 17:16:22;0;;;;
300404;2;LINES_OF_CODE;2026-01-16 17:23:35;0;;;;
300408;2;LINES_OF_CODE;2026-01-16 17:56:57;0;;;;
300431;2;LINES_OF_CODE;2026-01-19 08:05:06;8;;;;
300430;2;LINES_OF_CODE;2026-01-19 08:28:32;4;;;;
300425;2;LINES_OF_CODE;2026-01-19 08:43:21;0;;;;
300436;2;LINES_OF_CODE;2026-01-19 09:34:50;4;;;;
300422;2;LINES_OF_CODE;2026-01-19 09:35:08;2;;;;
300434;2;LINES_OF_CODE;2026-01-19 09:37:35;2;;;;
300426;2;LINES_OF_CODE;2026-01-19 09:47:12;0;;;;
300440;2;LINES_OF_CODE;2026-01-19 09:50:28;5;;;;
300429;2;LINES_OF_CODE;2026-01-19 10:29:26;7;;;;
300420;2;LINES_OF_CODE;2026-01-19 10:42:09;3;;;;
300432;2;LINES_OF_CODE;2026-01-19 11:04:28;1;;;;
300421;2;LINES_OF_CODE;2026-01-19 11:11:06;3;;;;
300415;2;LINES_OF_CODE;2026-01-19 12:30:41;5;;;;
300438;2;LINES_OF_CODE;2026-01-19 12:47:19;1;;;;
300424;2;LINES_OF_CODE;2026-01-19 12:48:39;6;;;;
300437;2;LINES_OF_CODE;2026-01-19 13:52:30;7;;;;
300433;2;LINES_OF_CODE;2026-01-19 14:17:53;2;;;;
300414;2;LINES_OF_CODE;2026-01-19 14:23:56;4;;;;
300441;2;LINES_OF_CODE;2026-01-19 14:26:26;5;;;;
300439;2;LINES_OF_CODE;2026-01-19 14:44:10;9;;;;
300418;2;LINES_OF_CODE;2026-01-19 15:01:00;6;;;;
300442;2;LINES_OF_CODE;2026-01-19 15:33:55;6;;;;
300419;2;LINES_OF_CODE;2026-01-19 15:38:35;4;;;;
300417;2;LINES_OF_CODE;2026-01-19 15:38:57;9;;;;
300423;2;LINES_OF_CODE;2026-01-19 15:56:07;4;;;;
300416;2;LINES_OF_CODE;2026-01-19 16:05:25;7;;;;
300428;2;LINES_OF_CODE;2026-01-19 17:02:34;4;;;;
300427;2;LINES_OF_CODE;2026-01-19 17:23:37;10;;;;
300435;2;LINES_OF_CODE;2026-01-19 17:59:26;6;;;;
300459;2;LINES_OF_CODE;2026-01-20 08:04:29;3;;;;
300469;2;LINES_OF_CODE;2026-01-20 08:20:25;21;;;;
300450;2;LINES_OF_CODE;2026-01-20 08:30:59;3;;;;
300453;2;LINES_OF_CODE;2026-01-20 08:31:41;3;;;;
300443;2;LINES_OF_CODE;2026-01-20 08:42:39;3;;;;
300464;2;LINES_OF_CODE;2026-01-20 09:41:03;4;;;;
300468;2;LINES_OF_CODE;2026-01-20 09:44:00;3;;;;
300454;2;LINES_OF_CODE;2026-01-20 10:29:01;4;;;;
300467;2;LINES_OF_CODE;2026-01-20 11:43:27;6;;;;
300447;2;LINES_OF_CODE;2026-01-20 11:48:26;3;;;;
300451;2;LINES_OF_CODE;2026-01-20 12:34:10;0;;;;
300465;2;LINES_OF_CODE;2026-01-20 12:38:35;5;;;;
300461;2;LINES_OF_CODE;2026-01-20 12:41:52;2;;;;
300446;2;LINES_OF_CODE;2026-01-20 13:05:10;3;;;;
300445;2;LINES_OF_CODE;2026-01-20 13:53:36;2;;;;
300463;2;LINES_OF_CODE;2026-01-20 13:54:36;4;;;;
300460;2;LINES_OF_CODE;2026-01-20 13:59:35;2;;;;
300455;2;LINES_OF_CODE;2026-01-20 14:08:08;2;;;;
300444;2;LINES_OF_CODE;2026-01-20 15:05:48;5;;;;
300462;2;LINES_OF_CODE;2026-01-20 15:15:15;2;;;;
300466;2;LINES_OF_CODE;2026-01-20 15:16:42;4;;;;
300452;2;LINES_OF_CODE;2026-01-20 16:02:49;3;;;;
300458;2;LINES_OF_CODE;2026-01-20 16:23:52;0;;;;
300457;2;LINES_OF_CODE;2026-01-20 16:29:04;3;;;;
300448;2;LINES_OF_CODE;2026-01-20 16:41:02;6;;;;
300449;2;LINES_OF_CODE;2026-01-20 16:51:49;4;;;;
300456;2;LINES_OF_CODE;2026-01-20 17:18:36;7;;;;
300502;2;LINES_OF_CODE;2026-01-21 08:07:28;24;;;;
300476;2;LINES_OF_CODE;2026-01-21 08:31:51;5;;;;
300498;2;LINES_OF_CODE;2026-01-21 08:47:33;5;;;;
300474;2;LINES_OF_CODE;2026-01-21 09:03:03;3;;;;
300493;2;LINES_OF_CODE;2026-01-21 09:26:32;0;;;;
300486;2;LINES_OF_CODE;2026-01-21 09:59:28;4;;;;
300492;2;LINES_OF_CODE;2026-01-21 10:14:58;7;;;;
300480;2;LINES_OF_CODE;2026-01-21 10:34:46;5;;;;
300481;2;LINES_OF_CODE;2026-01-21 11:27:40;3;;;;
300471;2;LINES_OF_CODE;2026-01-21 11:33:45;6;;;;
300472;2;LINES_OF_CODE;2026-01-21 11:37:04;5;;;;
300483;2;LINES_OF_CODE;2026-01-21 11:42:58;7;;;;
300475;2;LINES_OF_CODE;2026-01-21 12:20:52;5;;;;
300487;2;LINES_OF_CODE;2026-01-21 12:42:09;3;;;;
300479;2;LINES_OF_CODE;2026-01-21 12:55:30;4;;;;
300489;2;LINES_OF_CODE;2026-01-21 13:16:16;2;;;;
300491;2;LINES_OF_CODE;2026-01-21 13:18:45;-1;;;;
300499;2;LINES_OF_CODE;2026-01-21 13:34:09;3;;;;
300470;2;LINES_OF_CODE;2026-01-21 13:46:29;4;;;;
300490;2;LINES_OF_CODE;2026-01-21 14:04:45;3;;;;
300473;2;LINES_OF_CODE;2026-01-21 14:20:52;3;;;;
300485;2;LINES_OF_CODE;2026-01-21 14:25:00;5;;;;
300500;2;LINES_OF_CODE;2026-01-21 14:45:27;5;;;;
300482;2;LINES_OF_CODE;2026-01-21 14:46:56;5;;;;
300501;2;LINES_OF_CODE;2026-01-21 14:51:01;2;;;;
300488;2;LINES_OF_CODE;2026-01-21 14:58:11;2;;;;
300497;2;LINES_OF_CODE;2026-01-21 15:24:05;1;;;;
300477;2;LINES_OF_CODE;2026-01-21 16:00:34;2;;;;
300478;2;LINES_OF_CODE;2026-01-21 16:06:01;0;;;;
300494;2;LINES_OF_CODE;2026-01-21 16:19:51;3;;;;
300484;2;LINES_OF_CODE;2026-01-21 16:28:42;6;;;;
300495;2;LINES_OF_CODE;2026-01-21 16:41:24;9;;;;
300496;2;LINES_OF_CODE;2026-01-21 17:16:44;4;;;;
300526;2;LINES_OF_CODE;2026-01-22 08:28:16;16;;;;
300519;2;LINES_OF_CODE;2026-01-22 08:40:08;10;;;;
300505;2;LINES_OF_CODE;2026-01-22 08:40:52;13;;;;
300521;2;LINES_OF_CODE;2026-01-22 09:06:12;14;;;;
300504;2;LINES_OF_CODE;2026-01-22 10:19:20;14;;;;
300516;2;LINES_OF_CODE;2026-01-22 10:42:58;11;;;;
300523;2;LINES_OF_CODE;2026-01-22 11:51:11;11;;;;
300511;2;LINES_OF_CODE;2026-01-22 12:10:38;15;;;;
300528;2;LINES_OF_CODE;2026-01-22 12:17:50;80;;;;
300506;2;LINES_OF_CODE;2026-01-22 12:49:57;8;;;;
300507;2;LINES_OF_CODE;2026-01-22 12:57:52;10;;;;
300515;2;LINES_OF_CODE;2026-01-22 13:18:18;4;;;;
300510;2;LINES_OF_CODE;2026-01-22 13:32:34;14;;;;
300509;2;LINES_OF_CODE;2026-01-22 13:57:51;12;;;;
300525;2;LINES_OF_CODE;2026-01-22 14:32:32;9;;;;
300514;2;LINES_OF_CODE;2026-01-22 15:30:39;14;;;;
300522;2;LINES_OF_CODE;2026-01-22 15:40:52;21;;;;
300524;2;LINES_OF_CODE;2026-01-22 15:41:08;8;;;;
300520;2;LINES_OF_CODE;2026-01-22 15:53:31;-3;;;;
300513;2;LINES_OF_CODE;2026-01-22 15:58:50;14;;;;
300517;2;LINES_OF_CODE;2026-01-22 16:12:51;20;;;;
300518;2;LINES_OF_CODE;2026-01-22 16:21:59;9;;;;
300512;2;LINES_OF_CODE;2026-01-22 16:42:11;2;;;;
300527;2;LINES_OF_CODE;2026-01-22 16:53:33;20;;;;
300503;2;LINES_OF_CODE;2026-01-22 16:55:54;19;;;;
300508;2;LINES_OF_CODE;2026-01-22 17:41:24;11;;;;
300529;2;LINES_OF_CODE;2026-01-23 08:02:17;9;;;;
300551;2;LINES_OF_CODE;2026-01-23 08:10:53;15;;;;
300536;2;LINES_OF_CODE;2026-01-23 09:06:47;5;;;;
300534;2;LINES_OF_CODE;2026-01-23 09:51:14;6;;;;
300548;2;LINES_OF_CODE;2026-01-23 10:26:22;15;;;;
300538;2;LINES_OF_CODE;2026-01-23 11:13:53;15;;;;
300545;2;LINES_OF_CODE;2026-01-23 11:39:56;18;;;;
300552;2;LINES_OF_CODE;2026-01-23 11:54:56;5;;;;
300544;2;LINES_OF_CODE;2026-01-23 12:20:01;5;;;;
300535;2;LINES_OF_CODE;2026-01-23 12:47:37;5;;;;
300537;2;LINES_OF_CODE;2026-01-23 12:50:26;11;;;;
300543;2;LINES_OF_CODE;2026-01-23 12:54:16;17;;;;
300530;2;LINES_OF_CODE;2026-01-23 13:15:43;17;;;;
300550;2;LINES_OF_CODE;2026-01-23 13:41:36;23;;;;
300549;2;LINES_OF_CODE;2026-01-23 13:53:07;12;;;;
300541;2;LINES_OF_CODE;2026-01-23 14:21:43;8;;;;
300553;2;LINES_OF_CODE;2026-01-23 14:53:06;9;;;;
300533;2;LINES_OF_CODE;2026-01-23 14:59:33;0;;;;
300554;2;LINES_OF_CODE;2026-01-23 15:07:11;41;;;;
300540;2;LINES_OF_CODE;2026-01-23 15:59:16;10;;;;
300546;2;LINES_OF_CODE;2026-01-23 16:11:55;18;;;;
300542;2;LINES_OF_CODE;2026-01-23 16:43:57;9;;;;
300532;2;LINES_OF_CODE;2026-01-23 17:18:20;21;;;;
300531;2;LINES_OF_CODE;2026-01-23 17:28:17;6;;;;
300539;2;LINES_OF_CODE;2026-01-23 17:37:18;6;;;;
300547;2;LINES_OF_CODE;2026-01-23 17:42:11;1;;;;
300561;2;LINES_OF_CODE;2026-01-26 08:18:40;2;;;;
300588;2;LINES_OF_CODE;2026-01-26 08:19:19;2;;;;
300572;2;LINES_OF_CODE;2026-01-26 08:55:02;4;;;;
300560;2;LINES_OF_CODE;2026-01-26 09:22:48;4;;;;
300582;2;LINES_OF_CODE;2026-01-26 09:29:57;3;;;;
300567;2;LINES_OF_CODE;2026-01-26 09:41:42;1;;;;
300579;2;LINES_OF_CODE;2026-01-26 09:53:38;3;;;;
300573;2;LINES_OF_CODE;2026-01-26 10:19:37;5;;;;
300586;2;LINES_OF_CODE;2026-01-26 10:33:46;8;;;;
300559;2;LINES_OF_CODE;2026-01-26 10:51:29;2;;;;
300591;2;LINES_OF_CODE;2026-01-26 11:01:39;0;;;;
300568;2;LINES_OF_CODE;2026-01-26 11:06:32;8;;;;
300565;2;LINES_OF_CODE;2026-01-26 11:11:33;6;;;;
300574;2;LINES_OF_CODE;2026-01-26 11:31:29;2;;;;
300571;2;LINES_OF_CODE;2026-01-26 11:48:57;1;;;;
300583;2;LINES_OF_CODE;2026-01-26 11:54:29;2;;;;
300563;2;LINES_OF_CODE;2026-01-26 12:07:32;2;;;;
300570;2;LINES_OF_CODE;2026-01-26 12:13:12;8;;;;
300556;2;LINES_OF_CODE;2026-01-26 12:14:26;2;;;;
300577;2;LINES_OF_CODE;2026-01-26 12:21:59;3;;;;
300569;2;LINES_OF_CODE;2026-01-26 12:23:50;4;;;;
300576;2;LINES_OF_CODE;2026-01-26 12:24:29;9;;;;
300585;2;LINES_OF_CODE;2026-01-26 12:56:23;5;;;;
300566;2;LINES_OF_CODE;2026-01-26 13:02:14;5;;;;
300557;2;LINES_OF_CODE;2026-01-26 13:33:13;2;;;;
300564;2;LINES_OF_CODE;2026-01-26 13:36:58;6;;;;
300589;2;LINES_OF_CODE;2026-01-26 14:08:08;7;;;;
300580;2;LINES_OF_CODE;2026-01-26 14:32:42;8;;;;
300581;2;LINES_OF_CODE;2026-01-26 14:59:37;3;;;;
300562;2;LINES_OF_CODE;2026-01-26 15:02:55;4;;;;
300555;2;LINES_OF_CODE;2026-01-26 15:12:20;9;;;;
300584;2;LINES_OF_CODE;2026-01-26 15:42:29;6;;;;
300590;2;LINES_OF_CODE;2026-01-26 15:43:25;5;;;;
300558;2;LINES_OF_CODE;2026-01-26 15:49:18;9;;;;
300578;2;LINES_OF_CODE;2026-01-26 16:08:06;10;;;;
300587;2;LINES_OF_CODE;2026-01-26 16:59:04;3;;;;
300575;2;LINES_OF_CODE;2026-01-26 17:25:30;8;;;;
300604;2;LINES_OF_CODE;2026-01-27 08:08:05;11;;;;
300620;2;LINES_OF_CODE;2026-01-27 08:18:06;8;;;;
300613;2;LINES_OF_CODE;2026-01-27 09:05:14;0;;;;
300603;2;LINES_OF_CODE;2026-01-27 09:32:20;9;;;;
300592;2;LINES_OF_CODE;2026-01-27 09:43:26;11;;;;
300605;2;LINES_OF_CODE;2026-01-27 10:05:48;18;;;;
300619;2;LINES_OF_CODE;2026-01-27 10:29:46;13;;;;
300622;2;LINES_OF_CODE;2026-01-27 10:39:50;11;;;;
300621;2;LINES_OF_CODE;2026-01-27 10:53:23;14;;;;
300596;2;LINES_OF_CODE;2026-01-27 11:45:27;14;;;;
300616;2;LINES_OF_CODE;2026-01-27 11:46:45;15;;;;
300623;2;LINES_OF_CODE;2026-01-27 12:04:54;10;;;;
300618;2;LINES_OF_CODE;2026-01-27 12:20:04;10;;;;
300606;2;LINES_OF_CODE;2026-01-27 12:21:03;8;;;;
300612;2;LINES_OF_CODE;2026-01-27 12:27:51;1;;;;
300607;2;LINES_OF_CODE;2026-01-27 12:51:43;13;;;;
300599;2;LINES_OF_CODE;2026-01-27 12:57:28;5;;;;
300625;2;LINES_OF_CODE;2026-01-27 13:06:21;18;;;;
300600;2;LINES_OF_CODE;2026-01-27 14:17:33;5;;;;
300610;2;LINES_OF_CODE;2026-01-27 14:38:53;3;;;;
300595;2;LINES_OF_CODE;2026-01-27 14:40:07;3;;;;
300594;2;LINES_OF_CODE;2026-01-27 15:07:51;15;;;;
300609;2;LINES_OF_CODE;2026-01-27 15:11:16;7;;;;
300598;2;LINES_OF_CODE;2026-01-27 15:16:04;10;;;;
300601;2;LINES_OF_CODE;2026-01-27 15:34:54;12;;;;
300593;2;LINES_OF_CODE;2026-01-27 15:39:15;13;;;;
300608;2;LINES_OF_CODE;2026-01-27 15:39:23;1;;;;
300611;2;LINES_OF_CODE;2026-01-27 16:15:03;11;;;;
300617;2;LINES_OF_CODE;2026-01-27 16:17:46;8;;;;
300614;2;LINES_OF_CODE;2026-01-27 16:48:16;7;;;;
300624;2;LINES_OF_CODE;2026-01-27 16:58:30;8;;;;
300602;2;LINES_OF_CODE;2026-01-27 17:01:24;6;;;;
300597;2;LINES_OF_CODE;2026-01-27 17:30:21;15;;;;
300615;2;LINES_OF_CODE;2026-01-27 17:37:11;15;;;;
300641;2;LINES_OF_CODE;2026-01-28 08:44:39;15;;;;
300652;2;LINES_OF_CODE;2026-01-28 08:45:01;13;;;;
300655;2;LINES_OF_CODE;2026-01-28 08:50:02;49;;;;
300650;2;LINES_OF_CODE;2026-01-28 09:02:39;2;;;;
300626;2;LINES_OF_CODE;2026-01-28 09:19:52;7;;;;
300648;2;LINES_OF_CODE;2026-01-28 09:23:28;11;;;;
300627;2;LINES_OF_CODE;2026-01-28 10:01:54;7;;;;
300630;2;LINES_OF_CODE;2026-01-28 10:20:13;10;;;;
300651;2;LINES_OF_CODE;2026-01-28 10:50:15;9;;;;
300653;2;LINES_OF_CODE;2026-01-28 10:50:41;15;;;;
300634;2;LINES_OF_CODE;2026-01-28 11:46:59;6;;;;
300644;2;LINES_OF_CODE;2026-01-28 12:28:03;6;;;;
300637;2;LINES_OF_CODE;2026-01-28 12:44:59;10;;;;
300638;2;LINES_OF_CODE;2026-01-28 13:04:30;3;;;;
300639;2;LINES_OF_CODE;2026-01-28 13:12:52;4;;;;
300646;2;LINES_OF_CODE;2026-01-28 13:15:04;6;;;;
300632;2;LINES_OF_CODE;2026-01-28 14:35:35;11;;;;
300654;2;LINES_OF_CODE;2026-01-28 14:40:18;4;;;;
300628;2;LINES_OF_CODE;2026-01-28 14:47:40;9;;;;
300647;2;LINES_OF_CODE;2026-01-28 15:14:41;4;;;;
300633;2;LINES_OF_CODE;2026-01-28 15:24:56;7;;;;
300642;2;LINES_OF_CODE;2026-01-28 15:58:49;8;;;;
300636;2;LINES_OF_CODE;2026-01-28 16:06:30;14;;;;
300649;2;LINES_OF_CODE;2026-01-28 16:17:23;7;;;;
300635;2;LINES_OF_CODE;2026-01-28 16:39:49;6;;;;
300643;2;LINES_OF_CODE;2026-01-28 16:42:56;0;;;;
300645;2;LINES_OF_CODE;2026-01-28 16:50:09;9;;;;
300629;2;LINES_OF_CODE;2026-01-28 17:19:54;10;;;;
300640;2;LINES_OF_CODE;2026-01-28 17:52:33;6;;;;
300631;2;LINES_OF_CODE;2026-01-28 17:53:01;7;;;;
300661;2;LINES_OF_CODE;2026-01-29 08:16:20;1;;;;
300681;2;LINES_OF_CODE;2026-01-29 08:36:39;4;;;;
300663;2;LINES_OF_CODE;2026-01-29 08:55:08;3;;;;
300657;2;LINES_OF_CODE;2026-01-29 09:36:57;6;;;;
300669;2;LINES_OF_CODE;2026-01-29 10:06:53;5;;;;
300692;2;LINES_OF_CODE;2026-01-29 10:49:31;6;;;;
300684;2;LINES_OF_CODE;2026-01-29 10:51:03;5;;;;
300678;2;LINES_OF_CODE;2026-01-29 11:04:57;2;;;;
300667;2;LINES_OF_CODE;2026-01-29 11:05:21;0;;;;
300660;2;LINES_OF_CODE;2026-01-29 11:07:59;5;;;;
300691;2;LINES_OF_CODE;2026-01-29 11:09:43;9;;;;
300679;2;LINES_OF_CODE;2026-01-29 11:14:00;3;;;;
300682;2;LINES_OF_CODE;2026-01-29 12:07:49;0;;;;
300665;2;LINES_OF_CODE;2026-01-29 12:10:26;1;;;;
300683;2;LINES_OF_CODE;2026-01-29 12:28:24;2;;;;
300670;2;LINES_OF_CODE;2026-01-29 13:12:11;2;;;;
300694;2;LINES_OF_CODE;2026-01-29 13:47:07;4;;;;
300685;2;LINES_OF_CODE;2026-01-29 14:03:14;9;;;;
300658;2;LINES_OF_CODE;2026-01-29 14:08:09;4;;;;
300689;2;LINES_OF_CODE;2026-01-29 14:08:27;3;;;;
300672;2;LINES_OF_CODE;2026-01-29 14:11:38;5;;;;
300687;2;LINES_OF_CODE;2026-01-29 14:26:21;3;;;;
300677;2;LINES_OF_CODE;2026-01-29 14:36:32;5;;;;
300662;2;LINES_OF_CODE;2026-01-29 14:47:30;9;;;;
300690;2;LINES_OF_CODE;2026-01-29 14:52:58;1;;;;
300659;2;LINES_OF_CODE;2026-01-29 14:53:52;3;;;;
300680;2;LINES_OF_CODE;2026-01-29 15:03:51;1;;;;
300675;2;LINES_OF_CODE;2026-01-29 15:03:53;6;;;;
300671;2;LINES_OF_CODE;2026-01-29 15:23:27;6;;;;
300664;2;LINES_OF_CODE;2026-01-29 15:24:00;0;;;;
300695;2;LINES_OF_CODE;2026-01-29 15:30:22;52;;;;
300656;2;LINES_OF_CODE;2026-01-29 15:33:36;6;;;;
300686;2;LINES_OF_CODE;2026-01-29 15:37:55;1;;;;
300673;2;LINES_OF_CODE;2026-01-29 16:11:41;10;;;;
300666;2;LINES_OF_CODE;2026-01-29 16:46:03;5;;;;
300676;2;LINES_OF_CODE;2026-01-29 16:53:09;5;;;;
300674;2;LINES_OF_CODE;2026-01-29 16:55:18;0;;;;
300693;2;LINES_OF_CODE;2026-01-29 17:31:55;4;;;;
300668;2;LINES_OF_CODE;2026-01-29 17:37:29;2;;;;
300688;2;LINES_OF_CODE;2026-01-29 17:49:56;4;;;;
300724;2;LINES_OF_CODE;2026-01-30 08:17:16;4;;;;
300725;2;LINES_OF_CODE;2026-01-30 08:42:50;6;;;;
300710;2;LINES_OF_CODE;2026-01-30 09:06:07;12;;;;
300700;2;LINES_OF_CODE;2026-01-30 09:15:09;-1;;;;
300705;2;LINES_OF_CODE;2026-01-30 09:35:48;4;;;;
300716;2;LINES_OF_CODE;2026-01-30 09:42:06;10;;;;
300711;2;LINES_OF_CODE;2026-01-30 09:47:23;21;;;;
300696;2;LINES_OF_CODE;2026-01-30 10:47:11;4;;;;
300715;2;LINES_OF_CODE;2026-01-30 10:57:53;1;;;;
300718;2;LINES_OF_CODE;2026-01-30 11:05:47;29;;;;
300728;2;LINES_OF_CODE;2026-01-30 11:27:30;47;;;;
300727;2;LINES_OF_CODE;2026-01-30 11:44:38;18;;;;
300719;2;LINES_OF_CODE;2026-01-30 12:00:14;8;;;;
300702;2;LINES_OF_CODE;2026-01-30 12:02:21;4;;;;
300709;2;LINES_OF_CODE;2026-01-30 12:11:22;17;;;;
300703;2;LINES_OF_CODE;2026-01-30 12:20:28;11;;;;
300723;2;LINES_OF_CODE;2026-01-30 12:42:40;9;;;;
300712;2;LINES_OF_CODE;2026-01-30 12:49:59;18;;;;
300722;2;LINES_OF_CODE;2026-01-30 12:53:07;12;;;;
300704;2;LINES_OF_CODE;2026-01-30 13:23:20;0;;;;
300708;2;LINES_OF_CODE;2026-01-30 13:27:55;11;;;;
300706;2;LINES_OF_CODE;2026-01-30 13:42:28;9;;;;
300698;2;LINES_OF_CODE;2026-01-30 13:48:28;5;;;;
300721;2;LINES_OF_CODE;2026-01-30 14:03:39;14;;;;
300726;2;LINES_OF_CODE;2026-01-30 14:14:57;9;;;;
300699;2;LINES_OF_CODE;2026-01-30 14:38:22;13;;;;
300697;2;LINES_OF_CODE;2026-01-30 14:58:30;7;;;;
300714;2;LINES_OF_CODE;2026-01-30 15:09:07;13;;;;
300720;2;LINES_OF_CODE;2026-01-30 15:24:24;6;;;;
300717;2;LINES_OF_CODE;2026-01-30 15:27:36;15;;;;
300713;2;LINES_OF_CODE;2026-01-30 16:09:22;19;;;;
300707;2;LINES_OF_CODE;2026-01-30 16:19:04;3;;;;
300701;2;LINES_OF_CODE;2026-01-30 17:11:28;6;;;;
300750;2;LINES_OF_CODE;2026-02-02 08:21:38;1;;;;
300752;2;LINES_OF_CODE;2026-02-02 08:23:28;3;;;;
300767;2;LINES_OF_CODE;2026-02-02 08:23:33;2;;;;
300737;2;LINES_OF_CODE;2026-02-02 08:51:17;4;;;;
300753;2;LINES_OF_CODE;2026-02-02 09:05:00;5;;;;
300766;2;LINES_OF_CODE;2026-02-02 09:17:23;3;;;;
300751;2;LINES_OF_CODE;2026-02-02 09:22:33;2;;;;
300757;2;LINES_OF_CODE;2026-02-02 09:25:55;5;;;;
300745;2;LINES_OF_CODE;2026-02-02 09:40:12;4;;;;
300754;2;LINES_OF_CODE;2026-02-02 09:50:40;0;;;;
300743;2;LINES_OF_CODE;2026-02-02 09:59:53;7;;;;
300744;2;LINES_OF_CODE;2026-02-02 10:00:03;5;;;;
300735;2;LINES_OF_CODE;2026-02-02 10:07:29;1;;;;
300736;2;LINES_OF_CODE;2026-02-02 10:22:43;7;;;;
300768;2;LINES_OF_CODE;2026-02-02 10:50:05;21;;;;
300746;2;LINES_OF_CODE;2026-02-02 10:55:17;6;;;;
300764;2;LINES_OF_CODE;2026-02-02 10:58:35;0;;;;
300763;2;LINES_OF_CODE;2026-02-02 11:34:38;3;;;;
300739;2;LINES_OF_CODE;2026-02-02 11:36:18;1;;;;
300748;2;LINES_OF_CODE;2026-02-02 12:31:46;1;;;;
300742;2;LINES_OF_CODE;2026-02-02 12:36:23;2;;;;
300741;2;LINES_OF_CODE;2026-02-02 13:02:42;4;;;;
300734;2;LINES_OF_CODE;2026-02-02 13:37:56;4;;;;
300761;2;LINES_OF_CODE;2026-02-02 13:52:51;4;;;;
300755;2;LINES_OF_CODE;2026-02-02 14:14:43;4;;;;
300738;2;LINES_OF_CODE;2026-02-02 14:22:56;4;;;;
300740;2;LINES_OF_CODE;2026-02-02 14:44:51;4;;;;
300729;2;LINES_OF_CODE;2026-02-02 14:46:44;3;;;;
300749;2;LINES_OF_CODE;2026-02-02 15:14:59;1;;;;
300733;2;LINES_OF_CODE;2026-02-02 15:15:57;5;;;;
300731;2;LINES_OF_CODE;2026-02-02 15:25:15;1;;;;
300765;2;LINES_OF_CODE;2026-02-02 15:42:06;3;;;;
300758;2;LINES_OF_CODE;2026-02-02 15:47:08;0;;;;
300759;2;LINES_OF_CODE;2026-02-02 15:51:31;6;;;;
300732;2;LINES_OF_CODE;2026-02-02 15:53:51;5;;;;
300730;2;LINES_OF_CODE;2026-02-02 16:04:16;5;;;;
300747;2;LINES_OF_CODE;2026-02-02 16:49:15;5;;;;
300760;2;LINES_OF_CODE;2026-02-02 17:08:37;1;;;;
300756;2;LINES_OF_CODE;2026-02-02 17:20:54;2;;;;
300762;2;LINES_OF_CODE;2026-02-02 17:55:06;2;;;;
300794;2;LINES_OF_CODE;2026-02-03 08:20:53;6;;;;
300776;2;LINES_OF_CODE;2026-02-03 09:01:10;6;;;;
300773;2;LINES_OF_CODE;2026-02-03 09:22:28;0;;;;
300791;2;LINES_OF_CODE;2026-02-03 09:29:32;1;;;;
300779;2;LINES_OF_CODE;2026-02-03 09:30:22;2;;;;
300770;2;LINES_OF_CODE;2026-02-03 09:32:34;4;;;;
300783;2;LINES_OF_CODE;2026-02-03 10:18:15;4;;;;
300775;2;LINES_OF_CODE;2026-02-03 10:42:11;3;;;;
300787;2;LINES_OF_CODE;2026-02-03 10:46:58;6;;;;
300790;2;LINES_OF_CODE;2026-02-03 11:28:31;2;;;;
300793;2;LINES_OF_CODE;2026-02-03 11:31:45;3;;;;
300782;2;LINES_OF_CODE;2026-02-03 12:46:25;3;;;;
300792;2;LINES_OF_CODE;2026-02-03 13:18:17;4;;;;
300781;2;LINES_OF_CODE;2026-02-03 13:23:21;4;;;;
300797;2;LINES_OF_CODE;2026-02-03 13:54:42;19;;;;
300769;2;LINES_OF_CODE;2026-02-03 14:21:57;0;;;;
300772;2;LINES_OF_CODE;2026-02-03 14:57:57;3;;;;
300786;2;LINES_OF_CODE;2026-02-03 15:12:47;2;;;;
300777;2;LINES_OF_CODE;2026-02-03 15:17:44;3;;;;
300780;2;LINES_OF_CODE;2026-02-03 15:17:45;4;;;;
300788;2;LINES_OF_CODE;2026-02-03 15:19:58;2;;;;
300789;2;LINES_OF_CODE;2026-02-03 15:35:50;4;;;;
300785;2;LINES_OF_CODE;2026-02-03 15:45:02;6;;;;
300778;2;LINES_OF_CODE;2026-02-03 15:55:29;0;;;;
300774;2;LINES_OF_CODE;2026-02-03 16:08:41;2;;;;
300771;2;LINES_OF_CODE;2026-02-03 16:24:06;4;;;;
300795;2;LINES_OF_CODE;2026-02-03 16:54:28;2;;;;
300796;2;LINES_OF_CODE;2026-02-03 17:13:00;5;;;;
300784;2;LINES_OF_CODE;2026-02-03 17:49:17;3;;;;
300826;2;LINES_OF_CODE;2026-02-04 08:00:36;3;;;;
300833;2;LINES_OF_CODE;2026-02-04 08:12:40;1;;;;
300803;2;LINES_OF_CODE;2026-02-04 08:26:34;3;;;;
300807;2;LINES_OF_CODE;2026-02-04 08:33:03;3;;;;
300813;2;LINES_OF_CODE;2026-02-04 08:45:12;2;;;;
300801;2;LINES_OF_CODE;2026-02-04 08:53:04;3;;;;
300816;2;LINES_OF_CODE;2026-02-04 09:26:25;4;;;;
300805;2;LINES_OF_CODE;2026-02-04 09:32:12;0;;;;
300812;2;LINES_OF_CODE;2026-02-04 09:38:40;4;;;;
300828;2;LINES_OF_CODE;2026-02-04 09:42:44;2;;;;
300814;2;LINES_OF_CODE;2026-02-04 09:45:38;2;;;;
300798;2;LINES_OF_CODE;2026-02-04 09:54:58;3;;;;
300808;2;LINES_OF_CODE;2026-02-04 10:33:53;1;;;;
300823;2;LINES_OF_CODE;2026-02-04 10:34:28;4;;;;
300810;2;LINES_OF_CODE;2026-02-04 10:36:49;7;;;;
300837;2;LINES_OF_CODE;2026-02-04 10:45:53;2;;;;
300820;2;LINES_OF_CODE;2026-02-04 10:47:22;3;;;;
300834;2;LINES_OF_CODE;2026-02-04 10:47:27;2;;;;
300827;2;LINES_OF_CODE;2026-02-04 11:11:46;1;;;;
300811;2;LINES_OF_CODE;2026-02-04 12:16:36;4;;;;
300804;2;LINES_OF_CODE;2026-02-04 12:19:58;5;;;;
300809;2;LINES_OF_CODE;2026-02-04 12:40:21;5;;;;
300825;2;LINES_OF_CODE;2026-02-04 12:52:31;4;;;;
300824;2;LINES_OF_CODE;2026-02-04 12:57:45;5;;;;
300830;2;LINES_OF_CODE;2026-02-04 13:00:53;2;;;;
300819;2;LINES_OF_CODE;2026-02-04 13:14:26;2;;;;
300817;2;LINES_OF_CODE;2026-02-04 13:26:14;5;;;;
300799;2;LINES_OF_CODE;2026-02-04 13:59:44;3;;;;
300821;2;LINES_OF_CODE;2026-02-04 14:45:30;6;;;;
300822;2;LINES_OF_CODE;2026-02-04 15:29:43;2;;;;
300835;2;LINES_OF_CODE;2026-02-04 15:47:45;4;;;;
300831;2;LINES_OF_CODE;2026-02-04 16:02:07;2;;;;
300818;2;LINES_OF_CODE;2026-02-04 16:22:58;0;;;;
300802;2;LINES_OF_CODE;2026-02-04 16:31:32;3;;;;
300832;2;LINES_OF_CODE;2026-02-04 16:31:39;1;;;;
300836;2;LINES_OF_CODE;2026-02-04 16:37:10;4;;;;
300829;2;LINES_OF_CODE;2026-02-04 16:58:42;1;;;;
300815;2;LINES_OF_CODE;2026-02-04 17:02:41;4;;;;
300800;2;LINES_OF_CODE;2026-02-04 17:12:03;3;;;;
300806;2;LINES_OF_CODE;2026-02-04 17:27:28;0;;;;
300849;2;LINES_OF_CODE;2026-02-05 08:42:21;13;;;;
300862;2;LINES_OF_CODE;2026-02-05 09:21:18;11;;;;
300840;2;LINES_OF_CODE;2026-02-05 09:22:19;11;;;;
300844;2;LINES_OF_CODE;2026-02-05 09:25:42;-1;;;;
300856;2;LINES_OF_CODE;2026-02-05 09:49:09;9;;;;
300846;2;LINES_OF_CODE;2026-02-05 09:54:45;18;;;;
300864;2;LINES_OF_CODE;2026-02-05 10:25:01;6;;;;
300838;2;LINES_OF_CODE;2026-02-05 10:45:27;2;;;;
300855;2;LINES_OF_CODE;2026-02-05 11:17:20;8;;;;
300853;2;LINES_OF_CODE;2026-02-05 11:17:47;8;;;;
300858;2;LINES_OF_CODE;2026-02-05 11:27:38;11;;;;
300857;2;LINES_OF_CODE;2026-02-05 13:46:16;5;;;;
300850;2;LINES_OF_CODE;2026-02-05 14:04:04;7;;;;
300839;2;LINES_OF_CODE;2026-02-05 14:22:22;12;;;;
300851;2;LINES_OF_CODE;2026-02-05 14:47:30;5;;;;
300847;2;LINES_OF_CODE;2026-02-05 14:55:28;9;;;;
300854;2;LINES_OF_CODE;2026-02-05 14:55:32;14;;;;
300843;2;LINES_OF_CODE;2026-02-05 15:01:56;7;;;;
300859;2;LINES_OF_CODE;2026-02-05 15:14:54;10;;;;
300863;2;LINES_OF_CODE;2026-02-05 15:25:04;12;;;;
300841;2;LINES_OF_CODE;2026-02-05 15:27:26;16;;;;
300861;2;LINES_OF_CODE;2026-02-05 15:49:31;18;;;;
300860;2;LINES_OF_CODE;2026-02-05 16:06:06;9;;;;
300865;2;LINES_OF_CODE;2026-02-05 16:08:14;0;;;;
300845;2;LINES_OF_CODE;2026-02-05 17:09:58;19;;;;
300848;2;LINES_OF_CODE;2026-02-05 17:24:40;9;;;;
300852;2;LINES_OF_CODE;2026-02-05 17:42:15;12;;;;
300842;2;LINES_OF_CODE;2026-02-05 17:43:42;0;;;;
300889;2;LINES_OF_CODE;2026-02-06 08:18:34;7;;;;
300891;2;LINES_OF_CODE;2026-02-06 08:33:37;12;;;;
300876;2;LINES_OF_CODE;2026-02-06 08:50:03;5;;;;
300880;2;LINES_OF_CODE;2026-02-06 09:47:21;3;;;;
300867;2;LINES_OF_CODE;2026-02-06 10:35:21;6;;;;
300877;2;LINES_OF_CODE;2026-02-06 10:48:55;7;;;;
300878;2;LINES_OF_CODE;2026-02-06 10:57:30;5;;;;
300881;2;LINES_OF_CODE;2026-02-06 11:47:02;-3;;;;
300869;2;LINES_OF_CODE;2026-02-06 11:56:41;5;;;;
300882;2;LINES_OF_CODE;2026-02-06 11:58:48;3;;;;
300872;2;LINES_OF_CODE;2026-02-06 12:07:01;11;;;;
300890;2;LINES_OF_CODE;2026-02-06 12:11:21;7;;;;
300885;2;LINES_OF_CODE;2026-02-06 12:44:25;4;;;;
300884;2;LINES_OF_CODE;2026-02-06 13:16:57;1;;;;
300870;2;LINES_OF_CODE;2026-02-06 13:17:58;3;;;;
300888;2;LINES_OF_CODE;2026-02-06 13:25:26;7;;;;
300874;2;LINES_OF_CODE;2026-02-06 14:04:06;12;;;;
300883;2;LINES_OF_CODE;2026-02-06 14:22:56;2;;;;
300879;2;LINES_OF_CODE;2026-02-06 14:58:35;12;;;;
300875;2;LINES_OF_CODE;2026-02-06 15:16:40;7;;;;
300886;2;LINES_OF_CODE;2026-02-06 15:38:07;5;;;;
300868;2;LINES_OF_CODE;2026-02-06 15:40:00;7;;;;
300871;2;LINES_OF_CODE;2026-02-06 16:34:03;9;;;;
300892;2;LINES_OF_CODE;2026-02-06 16:37:10;14;;;;
300873;2;LINES_OF_CODE;2026-02-06 16:43:35;9;;;;
300887;2;LINES_OF_CODE;2026-02-06 17:18:52;3;;;;
300866;2;LINES_OF_CODE;2026-02-06 17:20:21;7;;;;
300908;2;LINES_OF_CODE;2026-02-09 09:00:31;3;;;;
300907;2;LINES_OF_CODE;2026-02-09 09:15:28;1;;;;
300903;2;LINES_OF_CODE;2026-02-09 09:16:19;2;;;;
300906;2;LINES_OF_CODE;2026-02-09 09:40:31;3;;;;
300919;2;LINES_OF_CODE;2026-02-09 10:21:31;3;;;;
300898;2;LINES_OF_CODE;2026-02-09 10:42:24;4;;;;
300900;2;LINES_OF_CODE;2026-02-09 10:53:21;4;;;;
300914;2;LINES_OF_CODE;2026-02-09 11:24:09;0;;;;
300902;2;LINES_OF_CODE;2026-02-09 11:33:38;3;;;;
300921;2;LINES_OF_CODE;2026-02-09 11:33:42;3;;;;
300913;2;LINES_OF_CODE;2026-02-09 11:51:13;4;;;;
300901;2;LINES_OF_CODE;2026-02-09 11:51:28;1;;;;
300911;2;LINES_OF_CODE;2026-02-09 12:04:39;3;;;;
300894;2;LINES_OF_CODE;2026-02-09 13:12:33;1;;;;
300905;2;LINES_OF_CODE;2026-02-09 13:16:42;2;;;;
300922;2;LINES_OF_CODE;2026-02-09 13:46:04;20;;;;
300910;2;LINES_OF_CODE;2026-02-09 14:04:10;2;;;;
300918;2;LINES_OF_CODE;2026-02-09 14:04:23;3;;;;
300912;2;LINES_OF_CODE;2026-02-09 15:15:25;1;;;;
300917;2;LINES_OF_CODE;2026-02-09 15:23:52;3;;;;
300893;2;LINES_OF_CODE;2026-02-09 15:25:31;0;;;;
300915;2;LINES_OF_CODE;2026-02-09 15:38:01;0;;;;
300896;2;LINES_OF_CODE;2026-02-09 15:38:02;1;;;;
300909;2;LINES_OF_CODE;2026-02-09 16:26:19;2;;;;
300897;2;LINES_OF_CODE;2026-02-09 16:43:19;3;;;;
300895;2;LINES_OF_CODE;2026-02-09 16:51:52;0;;;;
300899;2;LINES_OF_CODE;2026-02-09 17:02:45;1;;;;
300904;2;LINES_OF_CODE;2026-02-09 17:16:58;5;;;;
300920;2;LINES_OF_CODE;2026-02-09 17:21:05;2;;;;
300916;2;LINES_OF_CODE;2026-02-09 17:50:08;2;;;;
300947;2;LINES_OF_CODE;2026-02-10 08:02:26;15;;;;
300928;2;LINES_OF_CODE;2026-02-10 08:13:06;6;;;;
300956;2;LINES_OF_CODE;2026-02-10 08:31:49;10;;;;
300957;2;LINES_OF_CODE;2026-02-10 09:09:16;46;;;;
300954;2;LINES_OF_CODE;2026-02-10 09:11:54;3;;;;
300936;2;LINES_OF_CODE;2026-02-10 10:09:12;12;;;;
300934;2;LINES_OF_CODE;2026-02-10 10:54:18;7;;;;
300927;2;LINES_OF_CODE;2026-02-10 10:58:22;10;;;;
300955;2;LINES_OF_CODE;2026-02-10 11:26:28;7;;;;
300925;2;LINES_OF_CODE;2026-02-10 11:36:46;12;;;;
300949;2;LINES_OF_CODE;2026-02-10 11:37:45;11;;;;
300946;2;LINES_OF_CODE;2026-02-10 11:38:40;14;;;;
300943;2;LINES_OF_CODE;2026-02-10 12:08:39;0;;;;
300938;2;LINES_OF_CODE;2026-02-10 12:57:54;14;;;;
300935;2;LINES_OF_CODE;2026-02-10 13:02:09;10;;;;
300939;2;LINES_OF_CODE;2026-02-10 13:08:02;6;;;;
300953;2;LINES_OF_CODE;2026-02-10 13:15:21;6;;;;
300952;2;LINES_OF_CODE;2026-02-10 13:19:11;11;;;;
300948;2;LINES_OF_CODE;2026-02-10 13:22:15;0;;;;
300937;2;LINES_OF_CODE;2026-02-10 13:29:34;13;;;;
300929;2;LINES_OF_CODE;2026-02-10 13:37:27;16;;;;
300944;2;LINES_OF_CODE;2026-02-10 14:26:34;10;;;;
300924;2;LINES_OF_CODE;2026-02-10 15:06:19;7;;;;
300930;2;LINES_OF_CODE;2026-02-10 15:09:28;9;;;;
300942;2;LINES_OF_CODE;2026-02-10 15:53:23;2;;;;
300931;2;LINES_OF_CODE;2026-02-10 16:09:18;-2;;;;
300940;2;LINES_OF_CODE;2026-02-10 16:23:00;12;;;;
300932;2;LINES_OF_CODE;2026-02-10 16:27:59;4;;;;
300923;2;LINES_OF_CODE;2026-02-10 16:49:06;12;;;;
300951;2;LINES_OF_CODE;2026-02-10 17:03:19;4;;;;
300933;2;LINES_OF_CODE;2026-02-10 17:19:05;9;;;;
300941;2;LINES_OF_CODE;2026-02-10 17:34:10;1;;;;
300950;2;LINES_OF_CODE;2026-02-10 17:47:55;5;;;;
300926;2;LINES_OF_CODE;2026-02-10 17:48:08;7;;;;
300945;2;LINES_OF_CODE;2026-02-10 17:54:19;7;;;;
300960;2;LINES_OF_CODE;2026-02-11 08:33:07;18;;;;
300969;2;LINES_OF_CODE;2026-02-11 09:14:41;7;;;;
300979;2;LINES_OF_CODE;2026-02-11 09:41:21;17;;;;
300976;2;LINES_OF_CODE;2026-02-11 09:50:13;16;;;;
300968;2;LINES_OF_CODE;2026-02-11 10:42:39;0;;;;
300974;2;LINES_OF_CODE;2026-02-11 11:54:51;12;;;;
300958;2;LINES_OF_CODE;2026-02-11 12:30:27;11;;;;
300975;2;LINES_OF_CODE;2026-02-11 12:57:01;11;;;;
300962;2;LINES_OF_CODE;2026-02-11 13:05:38;16;;;;
300972;2;LINES_OF_CODE;2026-02-11 14:15:43;8;;;;
300981;2;LINES_OF_CODE;2026-02-11 14:24:32;12;;;;
300982;2;LINES_OF_CODE;2026-02-11 14:27:37;0;;;;
300963;2;LINES_OF_CODE;2026-02-11 14:31:48;24;;;;
300980;2;LINES_OF_CODE;2026-02-11 14:35:52;9;;;;
300977;2;LINES_OF_CODE;2026-02-11 14:36:12;10;;;;
300971;2;LINES_OF_CODE;2026-02-11 14:42:35;10;;;;
300964;2;LINES_OF_CODE;2026-02-11 14:50:12;12;;;;
300983;2;LINES_OF_CODE;2026-02-11 15:02:43;0;;;;
300967;2;LINES_OF_CODE;2026-02-11 15:14:24;3;;;;
300965;2;LINES_OF_CODE;2026-02-11 15:19:46;22;;;;
300978;2;LINES_OF_CODE;2026-02-11 15:37:31;4;;;;
300959;2;LINES_OF_CODE;2026-02-11 16:17:46;8;;;;
300961;2;LINES_OF_CODE;2026-02-11 16:32:49;10;;;;
300973;2;LINES_OF_CODE;2026-02-11 16:45:39;9;;;;
300966;2;LINES_OF_CODE;2026-02-11 17:12:11;4;;;;
300970;2;LINES_OF_CODE;2026-02-11 17:48:35;8;;;;
301011;2;LINES_OF_CODE;2026-02-12 08:21:38;12;;;;
301004;2;LINES_OF_CODE;2026-02-12 09:18:26;18;;;;
300984;2;LINES_OF_CODE;2026-02-12 09:20:37;-2;;;;
301009;2;LINES_OF_CODE;2026-02-12 09:21:53;11;;;;
300997;2;LINES_OF_CODE;2026-02-12 09:34:24;8;;;;
300992;2;LINES_OF_CODE;2026-02-12 09:43:13;2;;;;
300989;2;LINES_OF_CODE;2026-02-12 10:10:37;9;;;;
300996;2;LINES_OF_CODE;2026-02-12 10:13:44;2;;;;
301000;2;LINES_OF_CODE;2026-02-12 10:39:53;2;;;;
301005;2;LINES_OF_CODE;2026-02-12 11:34:54;6;;;;
301012;2;LINES_OF_CODE;2026-02-12 11:42:36;10;;;;
301001;2;LINES_OF_CODE;2026-02-12 12:10:35;9;;;;
301003;2;LINES_OF_CODE;2026-02-12 13:01:23;3;;;;
300994;2;LINES_OF_CODE;2026-02-12 13:04:10;10;;;;
300995;2;LINES_OF_CODE;2026-02-12 13:24:13;5;;;;
301006;2;LINES_OF_CODE;2026-02-12 13:31:26;8;;;;
301013;2;LINES_OF_CODE;2026-02-12 13:59:02;38;;;;
300998;2;LINES_OF_CODE;2026-02-12 14:04:54;6;;;;
301010;2;LINES_OF_CODE;2026-02-12 14:25:21;5;;;;
300988;2;LINES_OF_CODE;2026-02-12 14:47:55;2;;;;
301008;2;LINES_OF_CODE;2026-02-12 15:26:34;4;;;;
300993;2;LINES_OF_CODE;2026-02-12 15:40:30;8;;;;
300986;2;LINES_OF_CODE;2026-02-12 16:00:29;5;;;;
300991;2;LINES_OF_CODE;2026-02-12 16:04:06;11;;;;
300985;2;LINES_OF_CODE;2026-02-12 16:07:09;5;;;;
300987;2;LINES_OF_CODE;2026-02-12 17:00:36;4;;;;
300990;2;LINES_OF_CODE;2026-02-12 17:13:31;6;;;;
301002;2;LINES_OF_CODE;2026-02-12 17:30:26;7;;;;
301007;2;LINES_OF_CODE;2026-02-12 17:31:16;10;;;;
300999;2;LINES_OF_CODE;2026-02-12 17:40:09;10;;;;
301041;2;LINES_OF_CODE;2026-02-13 08:08:53;2;;;;
301023;2;LINES_OF_CODE;2026-02-13 08:49:01;1;;;;
301029;2;LINES_OF_CODE;2026-02-13 08:55:12;0;;;;
301031;2;LINES_OF_CODE;2026-02-13 09:27:21;0;;;;
301016;2;LINES_OF_CODE;2026-02-13 09:37:45;2;;;;
301026;2;LINES_OF_CODE;2026-02-13 09:39:20;3;;;;
301043;2;LINES_OF_CODE;2026-02-13 09:48:47;3;;;;
301039;2;LINES_OF_CODE;2026-02-13 10:14:14;0;;;;
301019;2;LINES_OF_CODE;2026-02-13 10:16:40;0;;;;
301038;2;LINES_OF_CODE;2026-02-13 10:28:59;2;;;;
301053;2;LINES_OF_CODE;2026-02-13 10:35:27;25;;;;
301033;2;LINES_OF_CODE;2026-02-13 10:51:37;3;;;;
301024;2;LINES_OF_CODE;2026-02-13 11:12:06;1;;;;
301034;2;LINES_OF_CODE;2026-02-13 11:14:30;3;;;;
301027;2;LINES_OF_CODE;2026-02-13 11:47:48;3;;;;
301049;2;LINES_OF_CODE;2026-02-13 11:52:46;1;;;;
301050;2;LINES_OF_CODE;2026-02-13 12:33:31;2;;;;
301051;2;LINES_OF_CODE;2026-02-13 12:38:50;0;;;;
301014;2;LINES_OF_CODE;2026-02-13 13:18:03;5;;;;
301044;2;LINES_OF_CODE;2026-02-13 13:27:49;7;;;;
301035;2;LINES_OF_CODE;2026-02-13 13:49:26;4;;;;
301028;2;LINES_OF_CODE;2026-02-13 13:54:56;1;;;;
301018;2;LINES_OF_CODE;2026-02-13 14:00:56;2;;;;
301052;2;LINES_OF_CODE;2026-02-13 14:07:08;2;;;;
301021;2;LINES_OF_CODE;2026-02-13 14:54:10;4;;;;
301025;2;LINES_OF_CODE;2026-02-13 14:57:43;2;;;;
301046;2;LINES_OF_CODE;2026-02-13 14:58:37;3;;;;
301045;2;LINES_OF_CODE;2026-02-13 15:11:53;4;;;;
301042;2;LINES_OF_CODE;2026-02-13 16:03:14;7;;;;
301017;2;LINES_OF_CODE;2026-02-13 16:06:03;5;;;;
301015;2;LINES_OF_CODE;2026-02-13 16:16:28;3;;;;
301032;2;LINES_OF_CODE;2026-02-13 16:17:08;3;;;;
301037;2;LINES_OF_CODE;2026-02-13 16:22:30;2;;;;
301040;2;LINES_OF_CODE;2026-02-13 16:34:13;6;;;;
301047;2;LINES_OF_CODE;2026-02-13 16:40:43;1;;;;
301030;2;LINES_OF_CODE;2026-02-13 16:49:11;4;;;;
301020;2;LINES_OF_CODE;2026-02-13 16:52:22;1;;;;
301022;2;LINES_OF_CODE;2026-02-13 17:02:58;4;;;;
301048;2;LINES_OF_CODE;2026-02-13 17:18:31;2;;;;
301036;2;LINES_OF_CODE;2026-02-13 17:40:40;3;;;;
301072;2;LINES_OF_CODE;2026-02-16 08:00:04;11;;;;
301078;2;LINES_OF_CODE;2026-02-16 08:26:07;11;;;;
301061;2;LINES_OF_CODE;2026-02-16 08:34:01;13;;;;
301070;2;LINES_OF_CODE;2026-02-16 08:39:08;12;;;;
301062;2;LINES_OF_CODE;2026-02-16 08:43:32;-1;;;;
301055;2;LINES_OF_CODE;2026-02-16 09:20:49;11;;;;
301080;2;LINES_OF_CODE;2026-02-16 09:48:11;10;;;;
301082;2;LINES_OF_CODE;2026-02-16 10:12:55;10;;;;
301059;2;LINES_OF_CODE;2026-02-16 11:28:46;14;;;;
301066;2;LINES_OF_CODE;2026-02-16 11:37:10;3;;;;
301074;2;LINES_OF_CODE;2026-02-16 12:09:06;4;;;;
301077;2;LINES_OF_CODE;2026-02-16 12:53:08;5;;;;
301081;2;LINES_OF_CODE;2026-02-16 13:41:18;7;;;;
301064;2;LINES_OF_CODE;2026-02-16 13:44:32;5;;;;
301063;2;LINES_OF_CODE;2026-02-16 14:26:05;15;;;;
301076;2;LINES_OF_CODE;2026-02-16 14:31:38;9;;;;
301060;2;LINES_OF_CODE;2026-02-16 14:37:55;11;;;;
301075;2;LINES_OF_CODE;2026-02-16 15:51:22;6;;;;
301069;2;LINES_OF_CODE;2026-02-16 15:54:19;2;;;;
301065;2;LINES_OF_CODE;2026-02-16 16:05:09;12;;;;
301079;2;LINES_OF_CODE;2026-02-16 16:25:17;10;;;;
301068;2;LINES_OF_CODE;2026-02-16 16:40:43;13;;;;
301056;2;LINES_OF_CODE;2026-02-16 17:09:53;10;;;;
301057;2;LINES_OF_CODE;2026-02-16 17:14:50;8;;;;
301067;2;LINES_OF_CODE;2026-02-16 17:17:07;7;;;;
301073;2;LINES_OF_CODE;2026-02-16 17:17:56;8;;;;
301054;2;LINES_OF_CODE;2026-02-16 17:18:56;11;;;;
301071;2;LINES_OF_CODE;2026-02-16 17:30:21;6;;;;
301058;2;LINES_OF_CODE;2026-02-16 17:33:17;7;;;;
301083;2;LINES_OF_CODE;2026-02-16 17:52:33;13;;;;
301112;2;LINES_OF_CODE;2026-02-17 08:22:47;11;;;;
301085;2;LINES_OF_CODE;2026-02-17 09:23:57;1;;;;
301098;2;LINES_OF_CODE;2026-02-17 09:32:04;6;;;;
301105;2;LINES_OF_CODE;2026-02-17 09:51:35;8;;;;
301095;2;LINES_OF_CODE;2026-02-17 10:04:14;2;;;;
301099;2;LINES_OF_CODE;2026-02-17 10:15:46;11;;;;
301087;2;LINES_OF_CODE;2026-02-17 10:26:04;14;;;;
301103;2;LINES_OF_CODE;2026-02-17 10:35:21;4;;;;
301116;2;LINES_OF_CODE;2026-02-17 10:52:53;12;;;;
301108;2;LINES_OF_CODE;2026-02-17 11:12:35;7;;;;
301118;2;LINES_OF_CODE;2026-02-17 11:20:50;20;;;;
301102;2;LINES_OF_CODE;2026-02-17 11:27:35;7;;;;
301113;2;LINES_OF_CODE;2026-02-17 11:58:39;17;;;;
301096;2;LINES_OF_CODE;2026-02-17 12:14:56;18;;;;
301100;2;LINES_OF_CODE;2026-02-17 12:16:41;19;;;;
301097;2;LINES_OF_CODE;2026-02-17 12:30:55;20;;;;
301104;2;LINES_OF_CODE;2026-02-17 12:44:23;24;;;;
301117;2;LINES_OF_CODE;2026-02-17 13:34:07;10;;;;
301092;2;LINES_OF_CODE;2026-02-17 14:01:30;13;;;;
301086;2;LINES_OF_CODE;2026-02-17 14:03:06;5;;;;
301084;2;LINES_OF_CODE;2026-02-17 14:14:26;9;;;;
301106;2;LINES_OF_CODE;2026-02-17 14:17:57;8;;;;
301115;2;LINES_OF_CODE;2026-02-17 14:53:31;18;;;;
301111;2;LINES_OF_CODE;2026-02-17 14:55:09;15;;;;
301091;2;LINES_OF_CODE;2026-02-17 14:56:25;14;;;;
301101;2;LINES_OF_CODE;2026-02-17 15:08:54;10;;;;
301089;2;LINES_OF_CODE;2026-02-17 15:17:48;14;;;;
301110;2;LINES_OF_CODE;2026-02-17 15:41:57;13;;;;
301090;2;LINES_OF_CODE;2026-02-17 16:05:40;18;;;;
301109;2;LINES_OF_CODE;2026-02-17 16:06:09;-1;;;;
301094;2;LINES_OF_CODE;2026-02-17 16:44:31;9;;;;
301088;2;LINES_OF_CODE;2026-02-17 16:48:59;24;;;;
301107;2;LINES_OF_CODE;2026-02-17 16:55:13;11;;;;
301093;2;LINES_OF_CODE;2026-02-17 17:31:15;13;;;;
301114;2;LINES_OF_CODE;2026-02-17 17:35:05;0;;;;
301125;2;LINES_OF_CODE;2026-02-18 08:04:18;14;;;;
301128;2;LINES_OF_CODE;2026-02-18 08:24:02;17;;;;
301120;2;LINES_OF_CODE;2026-02-18 08:25:03;11;;;;
301141;2;LINES_OF_CODE;2026-02-18 08:39:53;0;;;;
301124;2;LINES_OF_CODE;2026-02-18 09:29:22;19;;;;
301146;2;LINES_OF_CODE;2026-02-18 10:00:34;0;;;;
301126;2;LINES_OF_CODE;2026-02-18 10:44:51;15;;;;
301122;2;LINES_OF_CODE;2026-02-18 11:19:26;13;;;;
301136;2;LINES_OF_CODE;2026-02-18 11:22:32;15;;;;
301131;2;LINES_OF_CODE;2026-02-18 12:11:05;5;;;;
301137;2;LINES_OF_CODE;2026-02-18 12:38:09;12;;;;
301134;2;LINES_OF_CODE;2026-02-18 12:52:59;11;;;;
301133;2;LINES_OF_CODE;2026-02-18 12:59:09;15;;;;
301143;2;LINES_OF_CODE;2026-02-18 13:59:05;24;;;;
301138;2;LINES_OF_CODE;2026-02-18 14:22:24;12;;;;
301129;2;LINES_OF_CODE;2026-02-18 14:34:26;14;;;;
301142;2;LINES_OF_CODE;2026-02-18 14:41:58;1;;;;
301135;2;LINES_OF_CODE;2026-02-18 15:38:44;14;;;;
301132;2;LINES_OF_CODE;2026-02-18 15:39:42;20;;;;
301145;2;LINES_OF_CODE;2026-02-18 15:52:47;0;;;;
301139;2;LINES_OF_CODE;2026-02-18 16:10:36;13;;;;
301121;2;LINES_OF_CODE;2026-02-18 16:33:08;12;;;;
301119;2;LINES_OF_CODE;2026-02-18 17:01:50;17;;;;
301144;2;LINES_OF_CODE;2026-02-18 17:16:26;0;;;;
301140;2;LINES_OF_CODE;2026-02-18 17:18:10;17;;;;
301123;2;LINES_OF_CODE;2026-02-18 17:32:42;12;;;;
301130;2;LINES_OF_CODE;2026-02-18 17:39:20;15;;;;
301127;2;LINES_OF_CODE;2026-02-18 17:40:35;20;;;;
301166;2;LINES_OF_CODE;2026-02-19 08:34:52;2;;;;
301159;2;LINES_OF_CODE;2026-02-19 08:47:00;6;;;;
301151;2;LINES_OF_CODE;2026-02-19 08:52:00;8;;;;
301152;2;LINES_OF_CODE;2026-02-19 10:31:15;13;;;;
301158;2;LINES_OF_CODE;2026-02-19 10:31:35;9;;;;
301154;2;LINES_OF_CODE;2026-02-19 10:47:43;9;;;;
301157;2;LINES_OF_CODE;2026-02-19 10:57:19;6;;;;
301164;2;LINES_OF_CODE;2026-02-19 10:59:57;8;;;;
301147;2;LINES_OF_CODE;2026-02-19 11:26:23;3;;;;
301150;2;LINES_OF_CODE;2026-02-19 11:59:44;5;;;;
301167;2;LINES_OF_CODE;2026-02-19 12:09:20;7;;;;
301148;2;LINES_OF_CODE;2026-02-19 12:32:57;5;;;;
301149;2;LINES_OF_CODE;2026-02-19 13:18:12;1;;;;
301169;2;LINES_OF_CODE;2026-02-19 13:23:39;10;;;;
301165;2;LINES_OF_CODE;2026-02-19 13:41:18;13;;;;
301170;2;LINES_OF_CODE;2026-02-19 14:32:25;2;;;;
301156;2;LINES_OF_CODE;2026-02-19 15:02:56;11;;;;
301160;2;LINES_OF_CODE;2026-02-19 15:43:46;3;;;;
301168;2;LINES_OF_CODE;2026-02-19 15:47:48;2;;;;
301161;2;LINES_OF_CODE;2026-02-19 16:28:37;0;;;;
301172;2;LINES_OF_CODE;2026-02-19 16:49:38;44;;;;
301162;2;LINES_OF_CODE;2026-02-19 17:08:59;5;;;;
301155;2;LINES_OF_CODE;2026-02-19 17:25:38;9;;;;
301153;2;LINES_OF_CODE;2026-02-19 17:31:17;4;;;;
301163;2;LINES_OF_CODE;2026-02-19 17:38:05;6;;;;
301171;2;LINES_OF_CODE;2026-02-19 17:41:15;8;;;;
301181;2;LINES_OF_CODE;2026-02-20 08:18:09;5;;;;
301186;2;LINES_OF_CODE;2026-02-20 09:08:46;8;;;;
301176;2;LINES_OF_CODE;2026-02-20 09:14:59;9;;;;
301180;2;LINES_OF_CODE;2026-02-20 09:39:19;11;;;;
301182;2;LINES_OF_CODE;2026-02-20 09:41:54;4;;;;
301183;2;LINES_OF_CODE;2026-02-20 10:29:45;17;;;;
301190;2;LINES_OF_CODE;2026-02-20 10:30:20;19;;;;
301192;2;LINES_OF_CODE;2026-02-20 10:30:29;4;;;;
301175;2;LINES_OF_CODE;2026-02-20 10:33:06;9;;;;
301177;2;LINES_OF_CODE;2026-02-20 10:44:27;10;;;;
301202;2;LINES_OF_CODE;2026-02-20 11:50:11;15;;;;
301201;2;LINES_OF_CODE;2026-02-20 11:52:59;12;;;;
301185;2;LINES_OF_CODE;2026-02-20 12:19:45;15;;;;
301179;2;LINES_OF_CODE;2026-02-20 12:38:55;9;;;;
301198;2;LINES_OF_CODE;2026-02-20 12:41:01;8;;;;
301173;2;LINES_OF_CODE;2026-02-20 13:12:46;11;;;;
301203;2;LINES_OF_CODE;2026-02-20 13:14:39;19;;;;
301184;2;LINES_OF_CODE;2026-02-20 13:40:51;16;;;;
301191;2;LINES_OF_CODE;2026-02-20 13:46:39;4;;;;
301195;2;LINES_OF_CODE;2026-02-20 14:29:57;17;;;;
301178;2;LINES_OF_CODE;2026-02-20 14:30:57;10;;;;
301197;2;LINES_OF_CODE;2026-02-20 14:48:30;12;;;;
301187;2;LINES_OF_CODE;2026-02-20 15:39:04;9;;;;
301194;2;LINES_OF_CODE;2026-02-20 15:41:18;9;;;;
301174;2;LINES_OF_CODE;2026-02-20 15:42:28;21;;;;
301188;2;LINES_OF_CODE;2026-02-20 15:47:28;4;;;;
301200;2;LINES_OF_CODE;2026-02-20 15:56:59;9;;;;
301193;2;LINES_OF_CODE;2026-02-20 16:39:35;18;;;;
301199;2;LINES_OF_CODE;2026-02-20 16:47:55;0;;;;
301189;2;LINES_OF_CODE;2026-02-20 17:05:35;9;;;;
301196;2;LINES_OF_CODE;2026-02-20 17:47:53;8;;;;
301228;2;LINES_OF_CODE;2026-02-23 08:07:44;1;;;;
301207;2;LINES_OF_CODE;2026-02-23 08:13:36;1;;;;
301232;2;LINES_OF_CODE;2026-02-23 08:37:18;1;;;;
301219;2;LINES_OF_CODE;2026-02-23 08:39:41;1;;;;
301231;2;LINES_OF_CODE;2026-02-23 08:43:03;1;;;;
301222;2;LINES_OF_CODE;2026-02-23 08:53:04;0;;;;
301209;2;LINES_OF_CODE;2026-02-23 08:55:41;1;;;;
301229;2;LINES_OF_CODE;2026-02-23 08:59:40;0;;;;
301212;2;LINES_OF_CODE;2026-02-23 09:22:47;1;;;;
301221;2;LINES_OF_CODE;2026-02-23 09:47:31;1;;;;
301226;2;LINES_OF_CODE;2026-02-23 10:24:38;0;;;;
301218;2;LINES_OF_CODE;2026-02-23 11:03:59;1;;;;
301225;2;LINES_OF_CODE;2026-02-23 11:14:02;0;;;;
301208;2;LINES_OF_CODE;2026-02-23 11:15:06;1;;;;
301233;2;LINES_OF_CODE;2026-02-23 11:16:03;16;;;;
301224;2;LINES_OF_CODE;2026-02-23 11:56:36;0;;;;
301210;2;LINES_OF_CODE;2026-02-23 12:01:20;1;;;;
301205;2;LINES_OF_CODE;2026-02-23 12:45:32;1;;;;
301214;2;LINES_OF_CODE;2026-02-23 13:04:37;1;;;;
301213;2;LINES_OF_CODE;2026-02-23 13:10:47;0;;;;
301215;2;LINES_OF_CODE;2026-02-23 13:22:58;1;;;;
301230;2;LINES_OF_CODE;2026-02-23 13:50:44;1;;;;
301220;2;LINES_OF_CODE;2026-02-23 14:14:19;0;;;;
301204;2;LINES_OF_CODE;2026-02-23 14:24:58;0;;;;
301227;2;LINES_OF_CODE;2026-02-23 14:51:17;1;;;;
301206;2;LINES_OF_CODE;2026-02-23 14:53:27;1;;;;
301217;2;LINES_OF_CODE;2026-02-23 15:10:03;0;;;;
301223;2;LINES_OF_CODE;2026-02-23 15:45:54;0;;;;
301216;2;LINES_OF_CODE;2026-02-23 16:53:39;1;;;;
301211;2;LINES_OF_CODE;2026-02-23 17:10:22;1;;;;
301251;2;LINES_OF_CODE;2026-02-24 09:15:16;5;;;;
301236;2;LINES_OF_CODE;2026-02-24 09:34:25;3;;;;
301267;2;LINES_OF_CODE;2026-02-24 09:37:17;5;;;;
301250;2;LINES_OF_CODE;2026-02-24 10:24:25;8;;;;
301262;2;LINES_OF_CODE;2026-02-24 10:40:31;9;;;;
301245;2;LINES_OF_CODE;2026-02-24 10:41:43;5;;;;
301238;2;LINES_OF_CODE;2026-02-24 10:53:15;0;;;;
301235;2;LINES_OF_CODE;2026-02-24 11:09:03;4;;;;
301272;2;LINES_OF_CODE;2026-02-24 11:56:10;69;;;;
301260;2;LINES_OF_CODE;2026-02-24 12:16:06;12;;;;
301256;2;LINES_OF_CODE;2026-02-24 12:25:10;10;;;;
301266;2;LINES_OF_CODE;2026-02-24 12:36:42;8;;;;
301270;2;LINES_OF_CODE;2026-02-24 12:45:37;3;;;;
301261;2;LINES_OF_CODE;2026-02-24 12:46:52;4;;;;
301263;2;LINES_OF_CODE;2026-02-24 13:28:36;8;;;;
301265;2;LINES_OF_CODE;2026-02-24 13:37:57;12;;;;
301239;2;LINES_OF_CODE;2026-02-24 13:39:37;8;;;;
301269;2;LINES_OF_CODE;2026-02-24 13:40:30;5;;;;
301268;2;LINES_OF_CODE;2026-02-24 13:42:49;9;;;;
301257;2;LINES_OF_CODE;2026-02-24 14:09:08;4;;;;
301252;2;LINES_OF_CODE;2026-02-24 14:32:13;-1;;;;
301247;2;LINES_OF_CODE;2026-02-24 14:43:41;6;;;;
301234;2;LINES_OF_CODE;2026-02-24 14:55:13;6;;;;
301244;2;LINES_OF_CODE;2026-02-24 14:59:38;11;;;;
301248;2;LINES_OF_CODE;2026-02-24 15:10:51;10;;;;
301246;2;LINES_OF_CODE;2026-02-24 15:42:11;5;;;;
301249;2;LINES_OF_CODE;2026-02-24 15:44:21;6;;;;
301241;2;LINES_OF_CODE;2026-02-24 15:46:05;20;;;;
301259;2;LINES_OF_CODE;2026-02-24 15:52:49;5;;;;
301255;2;LINES_OF_CODE;2026-02-24 16:15:05;3;;;;
301254;2;LINES_OF_CODE;2026-02-24 16:32:39;8;;;;
301271;2;LINES_OF_CODE;2026-02-24 16:35:16;9;;;;
301264;2;LINES_OF_CODE;2026-02-24 16:36:48;6;;;;
301240;2;LINES_OF_CODE;2026-02-24 16:39:00;7;;;;
301243;2;LINES_OF_CODE;2026-02-24 16:53:00;8;;;;
301253;2;LINES_OF_CODE;2026-02-24 16:58:56;6;;;;
301237;2;LINES_OF_CODE;2026-02-24 17:04:10;4;;;;
301258;2;LINES_OF_CODE;2026-02-24 17:12:23;9;;;;
301242;2;LINES_OF_CODE;2026-02-24 17:26:49;8;;;;
301279;2;LINES_OF_CODE;2026-02-25 08:24:12;7;;;;
301288;2;LINES_OF_CODE;2026-02-25 08:59:28;14;;;;
301294;2;LINES_OF_CODE;2026-02-25 09:31:02;8;;;;
301295;2;LINES_OF_CODE;2026-02-25 09:33:44;9;;;;
301285;2;LINES_OF_CODE;2026-02-25 09:46:34;13;;;;
301277;2;LINES_OF_CODE;2026-02-25 10:17:53;5;;;;
301278;2;LINES_OF_CODE;2026-02-25 11:02:27;7;;;;
301286;2;LINES_OF_CODE;2026-02-25 11:29:00;7;;;;
301296;2;LINES_OF_CODE;2026-02-25 11:49:10;12;;;;
301291;2;LINES_OF_CODE;2026-02-25 11:58:44;2;;;;
301293;2;LINES_OF_CODE;2026-02-25 12:03:35;11;;;;
301290;2;LINES_OF_CODE;2026-02-25 12:06:11;15;;;;
301274;2;LINES_OF_CODE;2026-02-25 12:40:58;13;;;;
301297;2;LINES_OF_CODE;2026-02-25 13:05:30;9;;;;
301276;2;LINES_OF_CODE;2026-02-25 13:05:48;4;;;;
301284;2;LINES_OF_CODE;2026-02-25 13:12:28;5;;;;
301292;2;LINES_OF_CODE;2026-02-25 13:55:27;9;;;;
301283;2;LINES_OF_CODE;2026-02-25 14:46:58;4;;;;
301289;2;LINES_OF_CODE;2026-02-25 14:47:18;12;;;;
301282;2;LINES_OF_CODE;2026-02-25 15:48:52;10;;;;
301275;2;LINES_OF_CODE;2026-02-25 16:17:36;8;;;;
301273;2;LINES_OF_CODE;2026-02-25 16:19:35;6;;;;
301299;2;LINES_OF_CODE;2026-02-25 16:24:33;0;;;;
301280;2;LINES_OF_CODE;2026-02-25 16:55:34;15;;;;
301298;2;LINES_OF_CODE;2026-02-25 17:10:37;4;;;;
301281;2;LINES_OF_CODE;2026-02-25 17:27:01;10;;;;
301287;2;LINES_OF_CODE;2026-02-25 17:37:01;8;;;;
301301;2;LINES_OF_CODE;2026-02-26 08:08:46;5;;;;
301311;2;LINES_OF_CODE;2026-02-26 09:04:46;0;;;;
301329;2;LINES_OF_CODE;2026-02-26 09:12:20;6;;;;
301330;2;LINES_OF_CODE;2026-02-26 09:13:53;6;;;;
301318;2;LINES_OF_CODE;2026-02-26 09:25:04;4;;;;
301325;2;LINES_OF_CODE;2026-02-26 10:01:47;1;;;;
301332;2;LINES_OF_CODE;2026-02-26 10:35:11;19;;;;
301322;2;LINES_OF_CODE;2026-02-26 10:46:02;6;;;;
301315;2;LINES_OF_CODE;2026-02-26 11:10:38;0;;;;
301313;2;LINES_OF_CODE;2026-02-26 11:25:54;2;;;;
301316;2;LINES_OF_CODE;2026-02-26 11:30:14;5;;;;
301300;2;LINES_OF_CODE;2026-02-26 11:47:19;4;;;;
301326;2;LINES_OF_CODE;2026-02-26 12:13:25;3;;;;
301328;2;LINES_OF_CODE;2026-02-26 12:22:59;1;;;;
301302;2;LINES_OF_CODE;2026-02-26 12:50:35;1;;;;
301307;2;LINES_OF_CODE;2026-02-26 12:59:32;5;;;;
301312;2;LINES_OF_CODE;2026-02-26 13:01:12;2;;;;
301323;2;LINES_OF_CODE;2026-02-26 13:19:58;3;;;;
301309;2;LINES_OF_CODE;2026-02-26 13:48:49;1;;;;
301306;2;LINES_OF_CODE;2026-02-26 14:27:09;4;;;;
301320;2;LINES_OF_CODE;2026-02-26 14:32:09;4;;;;
301324;2;LINES_OF_CODE;2026-02-26 14:54:07;2;;;;
301327;2;LINES_OF_CODE;2026-02-26 15:12:47;1;;;;
301310;2;LINES_OF_CODE;2026-02-26 15:18:26;3;;;;
301321;2;LINES_OF_CODE;2026-02-26 15:33:13;4;;;;
301319;2;LINES_OF_CODE;2026-02-26 15:38:32;3;;;;
301317;2;LINES_OF_CODE;2026-02-26 16:05:33;5;;;;
301331;2;LINES_OF_CODE;2026-02-26 16:11:39;6;;;;
301314;2;LINES_OF_CODE;2026-02-26 16:59:25;3;;;;
301303;2;LINES_OF_CODE;2026-02-26 17:07:33;0;;;;
301305;2;LINES_OF_CODE;2026-02-26 17:23:14;4;;;;
301304;2;LINES_OF_CODE;2026-02-26 17:28:22;3;;;;
301308;2;LINES_OF_CODE;2026-02-26 17:29:11;3;;;;
301348;2;LINES_OF_CODE;2026-02-27 08:21:49;2;;;;
301342;2;LINES_OF_CODE;2026-02-27 08:34:31;5;;;;
301352;2;LINES_OF_CODE;2026-02-27 08:41:24;1;;;;
301347;2;LINES_OF_CODE;2026-02-27 09:18:03;0;;;;
301334;2;LINES_OF_CODE;2026-02-27 09:44:25;3;;;;
301355;2;LINES_OF_CODE;2026-02-27 10:14:32;0;;;;
301351;2;LINES_OF_CODE;2026-02-27 10:48:34;2;;;;
301343;2;LINES_OF_CODE;2026-02-27 11:41:31;0;;;;
301356;2;LINES_OF_CODE;2026-02-27 11:49:03;4;;;;
301340;2;LINES_OF_CODE;2026-02-27 11:56:42;5;;;;
301346;2;LINES_OF_CODE;2026-02-27 11:56:50;4;;;;
301354;2;LINES_OF_CODE;2026-02-27 12:06:22;5;;;;
301358;2;LINES_OF_CODE;2026-02-27 12:21:49;4;;;;
301359;2;LINES_OF_CODE;2026-02-27 12:38:20;5;;;;
301336;2;LINES_OF_CODE;2026-02-27 12:39:13;6;;;;
301341;2;LINES_OF_CODE;2026-02-27 12:43:04;1;;;;
301353;2;LINES_OF_CODE;2026-02-27 13:10:30;5;;;;
301357;2;LINES_OF_CODE;2026-02-27 13:12:32;4;;;;
301337;2;LINES_OF_CODE;2026-02-27 13:34:22;0;;;;
301363;2;LINES_OF_CODE;2026-02-27 14:00:04;6;;;;
301338;2;LINES_OF_CODE;2026-02-27 14:22:21;3;;;;
301350;2;LINES_OF_CODE;2026-02-27 14:48:21;2;;;;
301335;2;LINES_OF_CODE;2026-02-27 14:52:43;6;;;;
301360;2;LINES_OF_CODE;2026-02-27 14:53:50;4;;;;
301362;2;LINES_OF_CODE;2026-02-27 14:54:27;4;;;;
301361;2;LINES_OF_CODE;2026-02-27 15:05:20;3;;;;
301345;2;LINES_OF_CODE;2026-02-27 15:16:03;1;;;;
301333;2;LINES_OF_CODE;2026-02-27 16:12:00;4;;;;
301364;2;LINES_OF_CODE;2026-02-27 16:12:50;6;;;;
301344;2;LINES_OF_CODE;2026-02-27 16:20:19;5;;;;
301339;2;LINES_OF_CODE;2026-02-27 17:18:25;2;;;;
301349;2;LINES_OF_CODE;2026-02-27 17:26:23;1;;;;
301395;2;LINES_OF_CODE;2026-03-02 08:13:23;2;;;;
301379;2;LINES_OF_CODE;2026-03-02 08:21:03;11;;;;
301396;2;LINES_OF_CODE;2026-03-02 08:25:14;9;;;;
301388;2;LINES_OF_CODE;2026-03-02 08:38:57;4;;;;
301397;2;LINES_OF_CODE;2026-03-02 08:49:46;6;;;;
301389;2;LINES_OF_CODE;2026-03-02 08:50:29;4;;;;
301381;2;LINES_OF_CODE;2026-03-02 09:51:03;11;;;;
301382;2;LINES_OF_CODE;2026-03-02 10:27:13;7;;;;
301366;2;LINES_OF_CODE;2026-03-02 10:32:11;9;;;;
301367;2;LINES_OF_CODE;2026-03-02 10:36:24;5;;;;
301373;2;LINES_OF_CODE;2026-03-02 10:53:22;8;;;;
301400;2;LINES_OF_CODE;2026-03-02 11:05:21;42;;;;
301372;2;LINES_OF_CODE;2026-03-02 11:58:21;0;;;;
301398;2;LINES_OF_CODE;2026-03-02 12:29:57;8;;;;
301386;2;LINES_OF_CODE;2026-03-02 12:39:01;6;;;;
301399;2;LINES_OF_CODE;2026-03-02 13:02:34;5;;;;
301383;2;LINES_OF_CODE;2026-03-02 13:26:10;7;;;;
301377;2;LINES_OF_CODE;2026-03-02 13:50:28;11;;;;
301391;2;LINES_OF_CODE;2026-03-02 13:50:53;4;;;;
301374;2;LINES_OF_CODE;2026-03-02 13:55:21;10;;;;
301371;2;LINES_OF_CODE;2026-03-02 15:18:18;5;;;;
301385;2;LINES_OF_CODE;2026-03-02 15:19:08;8;;;;
301380;2;LINES_OF_CODE;2026-03-02 15:36:09;9;;;;
301369;2;LINES_OF_CODE;2026-03-02 15:40:53;2;;;;
301370;2;LINES_OF_CODE;2026-03-02 15:51:04;10;;;;
301368;2;LINES_OF_CODE;2026-03-02 15:55:48;11;;;;
301365;2;LINES_OF_CODE;2026-03-02 15:56:01;12;;;;
301392;2;LINES_OF_CODE;2026-03-02 16:28:06;8;;;;
301394;2;LINES_OF_CODE;2026-03-02 16:34:14;1;;;;
301390;2;LINES_OF_CODE;2026-03-02 16:42:02;7;;;;
301376;2;LINES_OF_CODE;2026-03-02 16:44:56;9;;;;
301387;2;LINES_OF_CODE;2026-03-02 17:02:14;0;;;;
301378;2;LINES_OF_CODE;2026-03-02 17:06:57;6;;;;
301384;2;LINES_OF_CODE;2026-03-02 17:08:15;11;;;;
301375;2;LINES_OF_CODE;2026-03-02 17:24:36;6;;;;
301393;2;LINES_OF_CODE;2026-03-02 17:27:21;6;;;;
301421;2;LINES_OF_CODE;2026-03-03 08:13:25;21;;;;
301404;2;LINES_OF_CODE;2026-03-03 08:35:47;17;;;;
301408;2;LINES_OF_CODE;2026-03-03 08:48:39;11;;;;
301415;2;LINES_OF_CODE;2026-03-03 08:49:31;0;;;;
301414;2;LINES_OF_CODE;2026-03-03 08:56:30;22;;;;
301428;2;LINES_OF_CODE;2026-03-03 09:18:09;4;;;;
301420;2;LINES_OF_CODE;2026-03-03 09:27:00;23;;;;
301418;2;LINES_OF_CODE;2026-03-03 11:21:37;11;;;;
301423;2;LINES_OF_CODE;2026-03-03 12:08:46;12;;;;
301406;2;LINES_OF_CODE;2026-03-03 12:24:39;14;;;;
301412;2;LINES_OF_CODE;2026-03-03 12:28:32;8;;;;
301402;2;LINES_OF_CODE;2026-03-03 12:38:47;15;;;;
301416;2;LINES_OF_CODE;2026-03-03 12:40:23;4;;;;
301403;2;LINES_OF_CODE;2026-03-03 13:50:50;12;;;;
301407;2;LINES_OF_CODE;2026-03-03 14:00:16;11;;;;
301419;2;LINES_OF_CODE;2026-03-03 14:19:12;28;;;;
301422;2;LINES_OF_CODE;2026-03-03 14:38:50;13;;;;
301413;2;LINES_OF_CODE;2026-03-03 14:53:08;22;;;;
301427;2;LINES_OF_CODE;2026-03-03 15:11:38;22;;;;
301425;2;LINES_OF_CODE;2026-03-03 15:32:58;-2;;;;
301409;2;LINES_OF_CODE;2026-03-03 15:48:51;16;;;;
301410;2;LINES_OF_CODE;2026-03-03 16:11:24;23;;;;
301426;2;LINES_OF_CODE;2026-03-03 16:25:36;20;;;;
301411;2;LINES_OF_CODE;2026-03-03 16:48:59;12;;;;
301401;2;LINES_OF_CODE;2026-03-03 17:15:47;10;;;;
301424;2;LINES_OF_CODE;2026-03-03 17:36:29;2;;;;
301405;2;LINES_OF_CODE;2026-03-03 17:56:33;17;;;;
301417;2;LINES_OF_CODE;2026-03-03 17:59:17;14;;;;
301439;2;LINES_OF_CODE;2026-03-04 08:07:27;13;;;;
301440;2;LINES_OF_CODE;2026-03-04 08:08:58;11;;;;
301462;2;LINES_OF_CODE;2026-03-04 08:14:35;13;;;;
301466;2;LINES_OF_CODE;2026-03-04 08:38:16;33;;;;
301441;2;LINES_OF_CODE;2026-03-04 08:40:21;10;;;;
301456;2;LINES_OF_CODE;2026-03-04 08:59:07;16;;;;
301451;2;LINES_OF_CODE;2026-03-04 10:09:16;-6;;;;
301432;2;LINES_OF_CODE;2026-03-04 10:21:37;9;;;;
301460;2;LINES_OF_CODE;2026-03-04 10:24:16;15;;;;
301463;2;LINES_OF_CODE;2026-03-04 10:30:13;10;;;;
301459;2;LINES_OF_CODE;2026-03-04 10:31:37;4;;;;
301447;2;LINES_OF_CODE;2026-03-04 10:38:40;13;;;;
301457;2;LINES_OF_CODE;2026-03-04 10:48:36;10;;;;
301444;2;LINES_OF_CODE;2026-03-04 11:40:19;22;;;;
301438;2;LINES_OF_CODE;2026-03-04 11:42:07;12;;;;
301437;2;LINES_OF_CODE;2026-03-04 12:12:41;12;;;;
301448;2;LINES_OF_CODE;2026-03-04 12:13:43;13;;;;
301454;2;LINES_OF_CODE;2026-03-04 13:01:51;10;;;;
301449;2;LINES_OF_CODE;2026-03-04 13:16:25;16;;;;
301450;2;LINES_OF_CODE;2026-03-04 13:29:02;9;;;;
301465;2;LINES_OF_CODE;2026-03-04 13:38:55;16;;;;
301431;2;LINES_OF_CODE;2026-03-04 13:44:52;3;;;;
301464;2;LINES_OF_CODE;2026-03-04 13:56:28;16;;;;
301455;2;LINES_OF_CODE;2026-03-04 14:16:02;13;;;;
301446;2;LINES_OF_CODE;2026-03-04 14:48:54;14;;;;
301429;2;LINES_OF_CODE;2026-03-04 14:49:01;5;;;;
301430;2;LINES_OF_CODE;2026-03-04 15:01:31;7;;;;
301436;2;LINES_OF_CODE;2026-03-04 15:06:12;11;;;;
301433;2;LINES_OF_CODE;2026-03-04 15:08:44;14;;;;
301458;2;LINES_OF_CODE;2026-03-04 15:45:34;11;;;;
301453;2;LINES_OF_CODE;2026-03-04 16:04:19;15;;;;
301443;2;LINES_OF_CODE;2026-03-04 16:09:33;11;;;;
301461;2;LINES_OF_CODE;2026-03-04 16:13:52;15;;;;
301435;2;LINES_OF_CODE;2026-03-04 16:16:49;15;;;;
301434;2;LINES_OF_CODE;2026-03-04 16:18:50;6;;;;
301452;2;LINES_OF_CODE;2026-03-04 16:45:15;2;;;;
301445;2;LINES_OF_CODE;2026-03-04 17:20:38;12;;;;
301442;2;LINES_OF_CODE;2026-03-04 17:50:24;19;;;;
301496;2;LINES_OF_CODE;2026-03-05 08:04:07;20;;;;
301488;2;LINES_OF_CODE;2026-03-05 08:19:25;6;;;;
301471;2;LINES_OF_CODE;2026-03-05 08:19:47;28;;;;
301481;2;LINES_OF_CODE;2026-03-05 08:25:40;2;;;;
301490;2;LINES_OF_CODE;2026-03-05 08:25:41;9;;;;
301497;2;LINES_OF_CODE;2026-03-05 09:08:17;19;;;;
301502;2;LINES_OF_CODE;2026-03-05 09:18:01;18;;;;
301498;2;LINES_OF_CODE;2026-03-05 09:31:18;5;;;;
301501;2;LINES_OF_CODE;2026-03-05 09:43:50;8;;;;
301474;2;LINES_OF_CODE;2026-03-05 09:52:28;14;;;;
301487;2;LINES_OF_CODE;2026-03-05 10:31:08;16;;;;
301493;2;LINES_OF_CODE;2026-03-05 10:54:03;23;;;;
301492;2;LINES_OF_CODE;2026-03-05 11:07:51;25;;;;
301478;2;LINES_OF_CODE;2026-03-05 11:37:56;19;;;;
301480;2;LINES_OF_CODE;2026-03-05 12:11:39;19;;;;
301472;2;LINES_OF_CODE;2026-03-05 12:19:02;14;;;;
301484;2;LINES_OF_CODE;2026-03-05 12:37:55;5;;;;
301486;2;LINES_OF_CODE;2026-03-05 12:42:47;12;;;;
301476;2;LINES_OF_CODE;2026-03-05 12:57:40;12;;;;
301494;2;LINES_OF_CODE;2026-03-05 13:20:11;15;;;;
301469;2;LINES_OF_CODE;2026-03-05 13:46:41;7;;;;
301500;2;LINES_OF_CODE;2026-03-05 14:15:28;11;;;;
301475;2;LINES_OF_CODE;2026-03-05 14:27:45;11;;;;
301491;2;LINES_OF_CODE;2026-03-05 15:07:47;3;;;;
301503;2;LINES_OF_CODE;2026-03-05 15:14:30;11;;;;
301467;2;LINES_OF_CODE;2026-03-05 15:28:22;17;;;;
301489;2;LINES_OF_CODE;2026-03-05 15:49:15;11;;;;
301499;2;LINES_OF_CODE;2026-03-05 15:49:42;11;;;;
301468;2;LINES_OF_CODE;2026-03-05 15:50:33;10;;;;
301485;2;LINES_OF_CODE;2026-03-05 16:22:55;3;;;;
301483;2;LINES_OF_CODE;2026-03-05 16:29:46;21;;;;
301479;2;LINES_OF_CODE;2026-03-05 16:32:50;2;;;;
301477;2;LINES_OF_CODE;2026-03-05 16:45:04;29;;;;
301473;2;LINES_OF_CODE;2026-03-05 16:52:24;20;;;;
301495;2;LINES_OF_CODE;2026-03-05 17:05:58;9;;;;
301470;2;LINES_OF_CODE;2026-03-05 17:23:04;24;;;;
301482;2;LINES_OF_CODE;2026-03-05 17:34:28;11;;;;
301535;2;LINES_OF_CODE;2026-03-06 08:00:53;0;;;;
301531;2;LINES_OF_CODE;2026-03-06 08:23:41;5;;;;
301506;2;LINES_OF_CODE;2026-03-06 08:37:31;3;;;;
301513;2;LINES_OF_CODE;2026-03-06 08:57:32;10;;;;
301521;2;LINES_OF_CODE;2026-03-06 09:24:15;7;;;;
301533;2;LINES_OF_CODE;2026-03-06 09:46:11;8;;;;
301527;2;LINES_OF_CODE;2026-03-06 10:37:10;6;;;;
301528;2;LINES_OF_CODE;2026-03-06 10:40:38;1;;;;
301511;2;LINES_OF_CODE;2026-03-06 11:04:25;8;;;;
301523;2;LINES_OF_CODE;2026-03-06 11:13:44;5;;;;
301530;2;LINES_OF_CODE;2026-03-06 11:27:03;7;;;;
301519;2;LINES_OF_CODE;2026-03-06 11:30:24;6;;;;
301532;2;LINES_OF_CODE;2026-03-06 11:38:21;7;;;;
301510;2;LINES_OF_CODE;2026-03-06 12:01:36;9;;;;
301537;2;LINES_OF_CODE;2026-03-06 12:03:51;11;;;;
301518;2;LINES_OF_CODE;2026-03-06 12:12:37;6;;;;
301538;2;LINES_OF_CODE;2026-03-06 12:14:39;8;;;;
301524;2;LINES_OF_CODE;2026-03-06 12:36:20;0;;;;
301539;2;LINES_OF_CODE;2026-03-06 12:49:52;10;;;;
301534;2;LINES_OF_CODE;2026-03-06 13:02:37;3;;;;
301504;2;LINES_OF_CODE;2026-03-06 13:04:52;9;;;;
301536;2;LINES_OF_CODE;2026-03-06 13:35:41;3;;;;
301522;2;LINES_OF_CODE;2026-03-06 13:55:31;7;;;;
301507;2;LINES_OF_CODE;2026-03-06 14:27:38;5;;;;
301509;2;LINES_OF_CODE;2026-03-06 14:30:21;13;;;;
301520;2;LINES_OF_CODE;2026-03-06 14:39:08;9;;;;
301517;2;LINES_OF_CODE;2026-03-06 15:10:24;4;;;;
301508;2;LINES_OF_CODE;2026-03-06 15:16:38;11;;;;
301514;2;LINES_OF_CODE;2026-03-06 15:23:10;5;;;;
301505;2;LINES_OF_CODE;2026-03-06 15:53:28;8;;;;
301515;2;LINES_OF_CODE;2026-03-06 16:33:24;8;;;;
301529;2;LINES_OF_CODE;2026-03-06 16:39:15;10;;;;
301512;2;LINES_OF_CODE;2026-03-06 16:41:58;9;;;;
301525;2;LINES_OF_CODE;2026-03-06 17:05:44;6;;;;
301516;2;LINES_OF_CODE;2026-03-06 17:40:50;3;;;;
301526;2;LINES_OF_CODE;2026-03-06 17:46:00;8;;;;
301561;2;LINES_OF_CODE;2026-03-09 08:04:22;6;;;;
301562;2;LINES_OF_CODE;2026-03-09 08:23:48;16;;;;
301563;2;LINES_OF_CODE;2026-03-09 08:50:45;6;;;;
301574;2;LINES_OF_CODE;2026-03-09 08:52:14;2;;;;
301570;2;LINES_OF_CODE;2026-03-09 09:05:27;4;;;;
301554;2;LINES_OF_CODE;2026-03-09 09:16:45;8;;;;
301549;2;LINES_OF_CODE;2026-03-09 09:17:38;10;;;;
301576;2;LINES_OF_CODE;2026-03-09 09:52:41;7;;;;
301569;2;LINES_OF_CODE;2026-03-09 10:20:27;8;;;;
301565;2;LINES_OF_CODE;2026-03-09 10:30:04;14;;;;
301548;2;LINES_OF_CODE;2026-03-09 10:48:52;5;;;;
301577;2;LINES_OF_CODE;2026-03-09 11:27:05;15;;;;
301543;2;LINES_OF_CODE;2026-03-09 11:59:54;8;;;;
301545;2;LINES_OF_CODE;2026-03-09 12:05:33;8;;;;
301567;2;LINES_OF_CODE;2026-03-09 12:07:27;8;;;;
301568;2;LINES_OF_CODE;2026-03-09 12:36:34;7;;;;
301544;2;LINES_OF_CODE;2026-03-09 12:55:05;9;;;;
301560;2;LINES_OF_CODE;2026-03-09 13:09:00;12;;;;
301550;2;LINES_OF_CODE;2026-03-09 13:19:36;8;;;;
301541;2;LINES_OF_CODE;2026-03-09 13:41:10;6;;;;
301546;2;LINES_OF_CODE;2026-03-09 13:42:36;6;;;;
301556;2;LINES_OF_CODE;2026-03-09 14:04:33;20;;;;
301542;2;LINES_OF_CODE;2026-03-09 14:15:48;1;;;;
301572;2;LINES_OF_CODE;2026-03-09 14:42:33;13;;;;
301559;2;LINES_OF_CODE;2026-03-09 14:42:36;7;;;;
301552;2;LINES_OF_CODE;2026-03-09 14:52:00;8;;;;
301558;2;LINES_OF_CODE;2026-03-09 15:09:32;8;;;;
301555;2;LINES_OF_CODE;2026-03-09 15:16:44;2;;;;
301573;2;LINES_OF_CODE;2026-03-09 15:17:23;8;;;;
301540;2;LINES_OF_CODE;2026-03-09 15:20:02;12;;;;
301551;2;LINES_OF_CODE;2026-03-09 15:37:13;14;;;;
301553;2;LINES_OF_CODE;2026-03-09 15:38:06;14;;;;
301566;2;LINES_OF_CODE;2026-03-09 15:56:45;14;;;;
301575;2;LINES_OF_CODE;2026-03-09 16:20:11;18;;;;
301547;2;LINES_OF_CODE;2026-03-09 16:34:32;2;;;;
301571;2;LINES_OF_CODE;2026-03-09 16:48:26;13;;;;
301557;2;LINES_OF_CODE;2026-03-09 16:53:16;5;;;;
301564;2;LINES_OF_CODE;2026-03-09 17:16:31;9;;;;
301588;2;LINES_OF_CODE;2026-03-10 08:20:58;22;;;;
301601;2;LINES_OF_CODE;2026-03-10 08:31:12;3;;;;
301586;2;LINES_OF_CODE;2026-03-10 08:48:43;8;;;;
301581;2;LINES_OF_CODE;2026-03-10 08:50:37;16;;;;
301602;2;LINES_OF_CODE;2026-03-10 09:02:15;0;;;;
301597;2;LINES_OF_CODE;2026-03-10 09:15:51;17;;;;
301591;2;LINES_OF_CODE;2026-03-10 09:19:21;15;;;;
301600;2;LINES_OF_CODE;2026-03-10 09:33:00;19;;;;
301592;2;LINES_OF_CODE;2026-03-10 09:34:17;4;;;;
301578;2;LINES_OF_CODE;2026-03-10 09:37:50;9;;;;
301599;2;LINES_OF_CODE;2026-03-10 09:55:14;20;;;;
301583;2;LINES_OF_CODE;2026-03-10 09:55:32;16;;;;
301585;2;LINES_OF_CODE;2026-03-10 10:05:19;10;;;;
301596;2;LINES_OF_CODE;2026-03-10 11:35:20;26;;;;
301598;2;LINES_OF_CODE;2026-03-10 11:41:11;10;;;;
301603;2;LINES_OF_CODE;2026-03-10 12:14:24;0;;;;
301594;2;LINES_OF_CODE;2026-03-10 13:35:07;26;;;;
301593;2;LINES_OF_CODE;2026-03-10 13:46:10;27;;;;
301584;2;LINES_OF_CODE;2026-03-10 14:00:02;16;;;;
301590;2;LINES_OF_CODE;2026-03-10 14:39:02;22;;;;
301595;2;LINES_OF_CODE;2026-03-10 14:53:33;10;;;;
301579;2;LINES_OF_CODE;2026-03-10 15:21:36;13;;;;
301582;2;LINES_OF_CODE;2026-03-10 15:22:27;12;;;;
301580;2;LINES_OF_CODE;2026-03-10 16:06:23;20;;;;
301587;2;LINES_OF_CODE;2026-03-10 16:23:19;22;;;;
301589;2;LINES_OF_CODE;2026-03-10 16:49:39;21;;;;
301627;2;LINES_OF_CODE;2026-03-11 08:00:38;7;;;;
301634;2;LINES_OF_CODE;2026-03-11 08:24:43;16;;;;
301625;2;LINES_OF_CODE;2026-03-11 08:59:28;10;;;;
301632;2;LINES_OF_CODE;2026-03-11 09:03:53;4;;;;
301637;2;LINES_OF_CODE;2026-03-11 09:21:03;23;;;;
301636;2;LINES_OF_CODE;2026-03-11 09:45:20;5;;;;
301616;2;LINES_OF_CODE;2026-03-11 09:57:21;16;;;;
301622;2;LINES_OF_CODE;2026-03-11 10:14:17;6;;;;
301609;2;LINES_OF_CODE;2026-03-11 10:16:23;4;;;;
301614;2;LINES_OF_CODE;2026-03-11 10:35:00;13;;;;
301606;2;LINES_OF_CODE;2026-03-11 10:35:12;7;;;;
301610;2;LINES_OF_CODE;2026-03-11 10:38:39;1;;;;
301630;2;LINES_OF_CODE;2026-03-11 10:40:03;1;;;;
301613;2;LINES_OF_CODE;2026-03-11 10:41:16;10;;;;
301612;2;LINES_OF_CODE;2026-03-11 10:41:24;9;;;;
301607;2;LINES_OF_CODE;2026-03-11 10:43:29;8;;;;
301619;2;LINES_OF_CODE;2026-03-11 11:12:57;9;;;;
301618;2;LINES_OF_CODE;2026-03-11 11:32:47;12;;;;
301629;2;LINES_OF_CODE;2026-03-11 11:41:23;7;;;;
301624;2;LINES_OF_CODE;2026-03-11 12:35:39;10;;;;
301631;2;LINES_OF_CODE;2026-03-11 12:48:54;9;;;;
301633;2;LINES_OF_CODE;2026-03-11 12:56:52;6;;;;
301620;2;LINES_OF_CODE;2026-03-11 13:41:51;5;;;;
301608;2;LINES_OF_CODE;2026-03-11 14:49:37;6;;;;
301604;2;LINES_OF_CODE;2026-03-11 15:00:44;4;;;;
301615;2;LINES_OF_CODE;2026-03-11 15:11:54;2;;;;
301611;2;LINES_OF_CODE;2026-03-11 15:27:00;0;;;;
301628;2;LINES_OF_CODE;2026-03-11 15:37:07;7;;;;
301621;2;LINES_OF_CODE;2026-03-11 15:46:41;4;;;;
301623;2;LINES_OF_CODE;2026-03-11 15:58:22;3;;;;
301626;2;LINES_OF_CODE;2026-03-11 16:17:47;7;;;;
301605;2;LINES_OF_CODE;2026-03-11 17:09:29;10;;;;
301635;2;LINES_OF_CODE;2026-03-11 17:19:06;7;;;;
301617;2;LINES_OF_CODE;2026-03-11 17:52:06;10;;;;
301670;2;LINES_OF_CODE;2026-03-12 08:44:19;6;;;;
301669;2;LINES_OF_CODE;2026-03-12 08:47:04;17;;;;
301638;2;LINES_OF_CODE;2026-03-12 09:09:25;14;;;;
301668;2;LINES_OF_CODE;2026-03-12 09:41:47;10;;;;
301662;2;LINES_OF_CODE;2026-03-12 09:47:19;8;;;;
301656;2;LINES_OF_CODE;2026-03-12 09:58:52;8;;;;
301651;2;LINES_OF_CODE;2026-03-12 10:09:00;10;;;;
301671;2;LINES_OF_CODE;2026-03-12 10:24:55;15;;;;
301642;2;LINES_OF_CODE;2026-03-12 10:26:15;13;;;;
301646;2;LINES_OF_CODE;2026-03-12 10:56:00;0;;;;
301664;2;LINES_OF_CODE;2026-03-12 11:51:43;0;;;;
301652;2;LINES_OF_CODE;2026-03-12 12:07:51;14;;;;
301648;2;LINES_OF_CODE;2026-03-12 12:15:05;14;;;;
301663;2;LINES_OF_CODE;2026-03-12 12:22:57;13;;;;
301654;2;LINES_OF_CODE;2026-03-12 12:43:26;19;;;;
301657;2;LINES_OF_CODE;2026-03-12 13:32:26;5;;;;
301649;2;LINES_OF_CODE;2026-03-12 14:07:28;15;;;;
301658;2;LINES_OF_CODE;2026-03-12 14:47:30;-4;;;;
301650;2;LINES_OF_CODE;2026-03-12 15:01:39;9;;;;
301660;2;LINES_OF_CODE;2026-03-12 15:09:42;8;;;;
301672;2;LINES_OF_CODE;2026-03-12 15:33:29;48;;;;
301667;2;LINES_OF_CODE;2026-03-12 15:44:39;20;;;;
301647;2;LINES_OF_CODE;2026-03-12 16:04:04;6;;;;
301661;2;LINES_OF_CODE;2026-03-12 16:14:16;15;;;;
301659;2;LINES_OF_CODE;2026-03-12 16:18:39;27;;;;
301641;2;LINES_OF_CODE;2026-03-12 16:24:22;10;;;;
301666;2;LINES_OF_CODE;2026-03-12 16:28:31;18;;;;
301653;2;LINES_OF_CODE;2026-03-12 16:37:22;7;;;;
301644;2;LINES_OF_CODE;2026-03-12 16:39:00;12;;;;
301665;2;LINES_OF_CODE;2026-03-12 16:52:38;-2;;;;
301640;2;LINES_OF_CODE;2026-03-12 16:55:34;13;;;;
301645;2;LINES_OF_CODE;2026-03-12 17:16:00;11;;;;
301655;2;LINES_OF_CODE;2026-03-12 17:45:40;6;;;;
301643;2;LINES_OF_CODE;2026-03-12 17:46:08;11;;;;
301639;2;LINES_OF_CODE;2026-03-12 17:46:47;16;;;;
301702;2;LINES_OF_CODE;2026-03-13 08:00:31;1;;;;
301677;2;LINES_OF_CODE;2026-03-13 08:00:54;3;;;;
301674;2;LINES_OF_CODE;2026-03-13 08:11:59;2;;;;
301693;2;LINES_OF_CODE;2026-03-13 08:15:29;3;;;;
301689;2;LINES_OF_CODE;2026-03-13 08:20:02;2;;;;
301710;2;LINES_OF_CODE;2026-03-13 08:21:29;15;;;;
301690;2;LINES_OF_CODE;2026-03-13 08:25:17;1;;;;
301704;2;LINES_OF_CODE;2026-03-13 08:26:35;3;;;;
301701;2;LINES_OF_CODE;2026-03-13 08:34:34;0;;;;
301688;2;LINES_OF_CODE;2026-03-13 08:45:55;3;;;;
301683;2;LINES_OF_CODE;2026-03-13 09:12:51;1;;;;
301708;2;LINES_OF_CODE;2026-03-13 09:17:29;2;;;;
301687;2;LINES_OF_CODE;2026-03-13 09:18:31;1;;;;
301684;2;LINES_OF_CODE;2026-03-13 09:21:23;2;;;;
301686;2;LINES_OF_CODE;2026-03-13 10:26:43;2;;;;
301692;2;LINES_OF_CODE;2026-03-13 10:30:47;2;;;;
301709;2;LINES_OF_CODE;2026-03-13 10:35:11;2;;;;
301697;2;LINES_OF_CODE;2026-03-13 10:46:19;2;;;;
301700;2;LINES_OF_CODE;2026-03-13 11:29:01;1;;;;
301691;2;LINES_OF_CODE;2026-03-13 11:43:11;0;;;;
301699;2;LINES_OF_CODE;2026-03-13 11:45:39;0;;;;
301696;2;LINES_OF_CODE;2026-03-13 11:46:13;2;;;;
301698;2;LINES_OF_CODE;2026-03-13 12:26:28;3;;;;
301694;2;LINES_OF_CODE;2026-03-13 12:35:39;3;;;;
301695;2;LINES_OF_CODE;2026-03-13 12:58:34;3;;;;
301675;2;LINES_OF_CODE;2026-03-13 13:10:52;0;;;;
301705;2;LINES_OF_CODE;2026-03-13 13:17:06;2;;;;
301680;2;LINES_OF_CODE;2026-03-13 13:40:33;4;;;;
301707;2;LINES_OF_CODE;2026-03-13 14:36:32;1;;;;
301681;2;LINES_OF_CODE;2026-03-13 15:00:07;2;;;;
301673;2;LINES_OF_CODE;2026-03-13 15:07:28;0;;;;
301676;2;LINES_OF_CODE;2026-03-13 15:56:02;1;;;;
301706;2;LINES_OF_CODE;2026-03-13 16:15:47;1;;;;
301679;2;LINES_OF_CODE;2026-03-13 16:32:08;3;;;;
301685;2;LINES_OF_CODE;2026-03-13 16:37:10;1;;;;
301703;2;LINES_OF_CODE;2026-03-13 17:09:31;2;;;;
301682;2;LINES_OF_CODE;2026-03-13 17:37:43;2;;;;
301678;2;LINES_OF_CODE;2026-03-13 17:51:14;2;;;;
301738;2;LINES_OF_CODE;2026-03-16 08:16:11;11;;;;
301732;2;LINES_OF_CODE;2026-03-16 08:25:34;16;;;;
301731;2;LINES_OF_CODE;2026-03-16 08:27:56;18;;;;
301720;2;LINES_OF_CODE;2026-03-16 08:29:06;12;;;;
301725;2;LINES_OF_CODE;2026-03-16 08:36:42;12;;;;
301730;2;LINES_OF_CODE;2026-03-16 08:42:40;15;;;;
301722;2;LINES_OF_CODE;2026-03-16 09:16:17;13;;;;
301716;2;LINES_OF_CODE;2026-03-16 09:35:45;8;;;;
301723;2;LINES_OF_CODE;2026-03-16 10:06:21;7;;;;
301724;2;LINES_OF_CODE;2026-03-16 10:27:35;20;;;;
301721;2;LINES_OF_CODE;2026-03-16 11:05:34;14;;;;
301713;2;LINES_OF_CODE;2026-03-16 11:19:38;6;;;;
301728;2;LINES_OF_CODE;2026-03-16 11:20:33;18;;;;
301727;2;LINES_OF_CODE;2026-03-16 12:02:19;11;;;;
301735;2;LINES_OF_CODE;2026-03-16 12:27:39;14;;;;
301718;2;LINES_OF_CODE;2026-03-16 12:58:24;10;;;;
301726;2;LINES_OF_CODE;2026-03-16 13:25:50;11;;;;
301714;2;LINES_OF_CODE;2026-03-16 14:19:49;6;;;;
301715;2;LINES_OF_CODE;2026-03-16 15:28:30;9;;;;
301737;2;LINES_OF_CODE;2026-03-16 15:29:42;0;;;;
301712;2;LINES_OF_CODE;2026-03-16 15:30:02;17;;;;
301733;2;LINES_OF_CODE;2026-03-16 15:47:42;10;;;;
301717;2;LINES_OF_CODE;2026-03-16 15:55:25;7;;;;
301739;2;LINES_OF_CODE;2026-03-16 15:57:16;14;;;;
301734;2;LINES_OF_CODE;2026-03-16 16:08:52;11;;;;
301719;2;LINES_OF_CODE;2026-03-16 16:46:43;11;;;;
301736;2;LINES_OF_CODE;2026-03-16 16:51:36;4;;;;
301729;2;LINES_OF_CODE;2026-03-16 17:01:25;6;;;;
301711;2;LINES_OF_CODE;2026-03-16 17:07:53;15;;;;
301755;2;LINES_OF_CODE;2026-03-17 08:06:50;13;;;;
301765;2;LINES_OF_CODE;2026-03-17 08:16:27;36;;;;
301746;2;LINES_OF_CODE;2026-03-17 08:29:22;12;;;;
301758;2;LINES_OF_CODE;2026-03-17 08:40:43;14;;;;
301741;2;LINES_OF_CODE;2026-03-17 09:06:57;6;;;;
301751;2;LINES_OF_CODE;2026-03-17 09:12:15;18;;;;
301749;2;LINES_OF_CODE;2026-03-17 09:12:43;16;;;;
301748;2;LINES_OF_CODE;2026-03-17 09:46:51;7;;;;
301760;2;LINES_OF_CODE;2026-03-17 09:56:15;7;;;;
301763;2;LINES_OF_CODE;2026-03-17 11:17:09;17;;;;
301759;2;LINES_OF_CODE;2026-03-17 11:24:28;5;;;;
301747;2;LINES_OF_CODE;2026-03-17 12:02:38;8;;;;
301756;2;LINES_OF_CODE;2026-03-17 12:11:31;0;;;;
301754;2;LINES_OF_CODE;2026-03-17 12:28:11;6;;;;
301744;2;LINES_OF_CODE;2026-03-17 12:28:35;3;;;;
301740;2;LINES_OF_CODE;2026-03-17 13:31:07;19;;;;
301750;2;LINES_OF_CODE;2026-03-17 13:55:22;12;;;;
301752;2;LINES_OF_CODE;2026-03-17 14:14:31;13;;;;
301745;2;LINES_OF_CODE;2026-03-17 15:30:19;8;;;;
301757;2;LINES_OF_CODE;2026-03-17 15:49:17;16;;;;
301743;2;LINES_OF_CODE;2026-03-17 15:58:14;19;;;;
301753;2;LINES_OF_CODE;2026-03-17 16:07:31;10;;;;
301764;2;LINES_OF_CODE;2026-03-17 16:41:04;3;;;;
301762;2;LINES_OF_CODE;2026-03-17 17:17:40;16;;;;
301761;2;LINES_OF_CODE;2026-03-17 17:31:20;11;;;;
301742;2;LINES_OF_CODE;2026-03-17 17:35:05;12;;;;
301766;2;LINES_OF_CODE;2026-03-18 08:13:08;4;;;;
301804;2;LINES_OF_CODE;2026-03-18 08:18:20;8;;;;
301773;2;LINES_OF_CODE;2026-03-18 08:25:25;12;;;;
301788;2;LINES_OF_CODE;2026-03-18 08:28:24;10;;;;
301803;2;LINES_OF_CODE;2026-03-18 08:40:08;6;;;;
301785;2;LINES_OF_CODE;2026-03-18 08:45:08;7;;;;
301789;2;LINES_OF_CODE;2026-03-18 08:52:13;7;;;;
301782;2;LINES_OF_CODE;2026-03-18 09:10:12;8;;;;
301774;2;LINES_OF_CODE;2026-03-18 09:28:21;4;;;;
301786;2;LINES_OF_CODE;2026-03-18 09:28:58;8;;;;
301775;2;LINES_OF_CODE;2026-03-18 09:33:54;7;;;;
301805;2;LINES_OF_CODE;2026-03-18 10:11:13;0;;;;
301767;2;LINES_OF_CODE;2026-03-18 10:59:02;5;;;;
301784;2;LINES_OF_CODE;2026-03-18 11:31:20;13;;;;
301799;2;LINES_OF_CODE;2026-03-18 11:36:09;10;;;;
301795;2;LINES_OF_CODE;2026-03-18 11:38:02;8;;;;
301770;2;LINES_OF_CODE;2026-03-18 11:45:54;4;;;;
301772;2;LINES_OF_CODE;2026-03-18 11:52:43;2;;;;
301797;2;LINES_OF_CODE;2026-03-18 11:58:45;8;;;;
301794;2;LINES_OF_CODE;2026-03-18 12:12:04;5;;;;
301778;2;LINES_OF_CODE;2026-03-18 12:38:18;8;;;;
301779;2;LINES_OF_CODE;2026-03-18 12:54:50;13;;;;
301783;2;LINES_OF_CODE;2026-03-18 12:58:30;5;;;;
301798;2;LINES_OF_CODE;2026-03-18 13:04:58;7;;;;
301790;2;LINES_OF_CODE;2026-03-18 13:21:32;10;;;;
301771;2;LINES_OF_CODE;2026-03-18 14:39:07;8;;;;
301769;2;LINES_OF_CODE;2026-03-18 14:50:06;5;;;;
301787;2;LINES_OF_CODE;2026-03-18 15:08:03;4;;;;
301793;2;LINES_OF_CODE;2026-03-18 15:38:34;1;;;;
301796;2;LINES_OF_CODE;2026-03-18 15:57:57;7;;;;
301777;2;LINES_OF_CODE;2026-03-18 16:11:20;4;;;;
301791;2;LINES_OF_CODE;2026-03-18 16:30:07;7;;;;
301780;2;LINES_OF_CODE;2026-03-18 16:44:46;11;;;;
301802;2;LINES_OF_CODE;2026-03-18 16:45:49;9;;;;
301792;2;LINES_OF_CODE;2026-03-18 16:46:26;6;;;;
301781;2;LINES_OF_CODE;2026-03-18 17:11:08;6;;;;
301768;2;LINES_OF_CODE;2026-03-18 17:29:34;6;;;;
301801;2;LINES_OF_CODE;2026-03-18 17:30:48;11;;;;
301800;2;LINES_OF_CODE;2026-03-18 17:33:51;4;;;;
301776;2;LINES_OF_CODE;2026-03-18 17:42:37;4;;;;
301832;2;LINES_OF_CODE;2026-03-19 08:04:11;0;;;;
301823;2;LINES_OF_CODE;2026-03-19 08:05:35;0;;;;
301837;2;LINES_OF_CODE;2026-03-19 08:39:49;2;;;;
301831;2;LINES_OF_CODE;2026-03-19 08:40:26;2;;;;
301820;2;LINES_OF_CODE;2026-03-19 08:44:53;3;;;;
301840;2;LINES_OF_CODE;2026-03-19 09:00:17;2;;;;
301838;2;LINES_OF_CODE;2026-03-19 09:05:30;2;;;;
301835;2;LINES_OF_CODE;2026-03-19 09:07:43;3;;;;
301839;2;LINES_OF_CODE;2026-03-19 09:31:33;1;;;;
301843;2;LINES_OF_CODE;2026-03-19 10:33:07;17;;;;
301825;2;LINES_OF_CODE;2026-03-19 10:38:00;4;;;;
301815;2;LINES_OF_CODE;2026-03-19 10:55:54;2;;;;
301806;2;LINES_OF_CODE;2026-03-19 11:03:12;2;;;;
301813;2;LINES_OF_CODE;2026-03-19 11:07:30;2;;;;
301842;2;LINES_OF_CODE;2026-03-19 11:18:45;3;;;;
301841;2;LINES_OF_CODE;2026-03-19 11:24:39;0;;;;
301812;2;LINES_OF_CODE;2026-03-19 11:49:02;1;;;;
301829;2;LINES_OF_CODE;2026-03-19 11:54:34;1;;;;
301827;2;LINES_OF_CODE;2026-03-19 13:15:53;2;;;;
301828;2;LINES_OF_CODE;2026-03-19 13:19:02;2;;;;
301836;2;LINES_OF_CODE;2026-03-19 13:21:44;2;;;;
301817;2;LINES_OF_CODE;2026-03-19 13:24:10;2;;;;
301830;2;LINES_OF_CODE;2026-03-19 13:24:17;1;;;;
301821;2;LINES_OF_CODE;2026-03-19 13:24:40;2;;;;
301808;2;LINES_OF_CODE;2026-03-19 13:26:37;3;;;;
301814;2;LINES_OF_CODE;2026-03-19 14:09:17;1;;;;
301809;2;LINES_OF_CODE;2026-03-19 14:22:20;2;;;;
301833;2;LINES_OF_CODE;2026-03-19 14:23:23;1;;;;
301807;2;LINES_OF_CODE;2026-03-19 14:25:19;2;;;;
301824;2;LINES_OF_CODE;2026-03-19 14:37:47;1;;;;
301826;2;LINES_OF_CODE;2026-03-19 15:17:14;3;;;;
301834;2;LINES_OF_CODE;2026-03-19 15:17:26;3;;;;
301811;2;LINES_OF_CODE;2026-03-19 16:02:53;1;;;;
301810;2;LINES_OF_CODE;2026-03-19 16:25:48;0;;;;
301819;2;LINES_OF_CODE;2026-03-19 16:30:24;2;;;;
301822;2;LINES_OF_CODE;2026-03-19 17:38:52;2;;;;
301816;2;LINES_OF_CODE;2026-03-19 17:40:28;1;;;;
301818;2;LINES_OF_CODE;2026-03-19 17:55:22;3;;;;
301865;2;LINES_OF_CODE;2026-03-20 08:35:21;8;;;;
301860;2;LINES_OF_CODE;2026-03-20 09:17:31;4;;;;
301880;2;LINES_OF_CODE;2026-03-20 09:55:34;9;;;;
301864;2;LINES_OF_CODE;2026-03-20 09:57:25;3;;;;
301859;2;LINES_OF_CODE;2026-03-20 09:58:05;7;;;;
301872;2;LINES_OF_CODE;2026-03-20 10:05:43;5;;;;
301848;2;LINES_OF_CODE;2026-03-20 10:16:13;14;;;;
301874;2;LINES_OF_CODE;2026-03-20 10:17:43;12;;;;
301867;2;LINES_OF_CODE;2026-03-20 10:29:35;1;;;;
301856;2;LINES_OF_CODE;2026-03-20 10:31:16;4;;;;
301876;2;LINES_OF_CODE;2026-03-20 11:09:53;11;;;;
301854;2;LINES_OF_CODE;2026-03-20 11:47:43;8;;;;
301868;2;LINES_OF_CODE;2026-03-20 11:52:25;0;;;;
301862;2;LINES_OF_CODE;2026-03-20 12:15:14;9;;;;
301853;2;LINES_OF_CODE;2026-03-20 12:43:11;7;;;;
301846;2;LINES_OF_CODE;2026-03-20 12:44:28;11;;;;
301861;2;LINES_OF_CODE;2026-03-20 12:54:38;8;;;;
301845;2;LINES_OF_CODE;2026-03-20 13:24:11;9;;;;
301857;2;LINES_OF_CODE;2026-03-20 13:33:09;9;;;;
301879;2;LINES_OF_CODE;2026-03-20 13:52:19;3;;;;
301844;2;LINES_OF_CODE;2026-03-20 14:06:15;0;;;;
301873;2;LINES_OF_CODE;2026-03-20 14:24:11;6;;;;
301870;2;LINES_OF_CODE;2026-03-20 14:32:34;10;;;;
301849;2;LINES_OF_CODE;2026-03-20 14:40:42;8;;;;
301878;2;LINES_OF_CODE;2026-03-20 14:51:06;10;;;;
301863;2;LINES_OF_CODE;2026-03-20 15:09:13;13;;;;
301858;2;LINES_OF_CODE;2026-03-20 15:18:59;8;;;;
301847;2;LINES_OF_CODE;2026-03-20 15:42:03;9;;;;
301877;2;LINES_OF_CODE;2026-03-20 15:56:46;10;;;;
301875;2;LINES_OF_CODE;2026-03-20 16:06:04;-2;;;;
301852;2;LINES_OF_CODE;2026-03-20 16:32:45;10;;;;
301850;2;LINES_OF_CODE;2026-03-20 17:19:03;8;;;;
301851;2;LINES_OF_CODE;2026-03-20 17:19:56;2;;;;
301866;2;LINES_OF_CODE;2026-03-20 17:41:57;15;;;;
301855;2;LINES_OF_CODE;2026-03-20 17:42:50;6;;;;
301869;2;LINES_OF_CODE;2026-03-20 17:47:02;5;;;;
301871;2;LINES_OF_CODE;2026-03-20 17:51:25;7;;;;
301916;2;LINES_OF_CODE;2026-03-23 08:18:31;14;;;;
301914;2;LINES_OF_CODE;2026-03-23 08:20:49;10;;;;
301903;2;LINES_OF_CODE;2026-03-23 08:23:28;8;;;;
301891;2;LINES_OF_CODE;2026-03-23 08:24:53;0;;;;
301901;2;LINES_OF_CODE;2026-03-23 08:38:37;10;;;;
301890;2;LINES_OF_CODE;2026-03-23 08:45:17;12;;;;
301911;2;LINES_OF_CODE;2026-03-23 08:59:05;13;;;;
301895;2;LINES_OF_CODE;2026-03-23 09:04:02;8;;;;
301884;2;LINES_OF_CODE;2026-03-23 09:12:22;14;;;;
301899;2;LINES_OF_CODE;2026-03-23 09:26:53;4;;;;
301909;2;LINES_OF_CODE;2026-03-23 09:39:30;10;;;;
301917;2;LINES_OF_CODE;2026-03-23 09:45:45;18;;;;
301900;2;LINES_OF_CODE;2026-03-23 10:26:41;7;;;;
301885;2;LINES_OF_CODE;2026-03-23 10:41:42;14;;;;
301892;2;LINES_OF_CODE;2026-03-23 10:49:29;3;;;;
301902;2;LINES_OF_CODE;2026-03-23 11:04:13;10;;;;
301913;2;LINES_OF_CODE;2026-03-23 11:14:33;15;;;;
301906;2;LINES_OF_CODE;2026-03-23 11:31:27;4;;;;
301881;2;LINES_OF_CODE;2026-03-23 11:50:13;-2;;;;
301889;2;LINES_OF_CODE;2026-03-23 12:11:50;10;;;;
301907;2;LINES_OF_CODE;2026-03-23 12:43:27;7;;;;
301898;2;LINES_OF_CODE;2026-03-23 13:03:13;17;;;;
301897;2;LINES_OF_CODE;2026-03-23 13:32:41;8;;;;
301886;2;LINES_OF_CODE;2026-03-23 13:44:06;-1;;;;
301888;2;LINES_OF_CODE;2026-03-23 13:49:54;9;;;;
301912;2;LINES_OF_CODE;2026-03-23 14:10:20;8;;;;
301894;2;LINES_OF_CODE;2026-03-23 14:59:16;5;;;;
301887;2;LINES_OF_CODE;2026-03-23 15:06:07;15;;;;
301915;2;LINES_OF_CODE;2026-03-23 15:06:52;2;;;;
301918;2;LINES_OF_CODE;2026-03-23 15:16:00;11;;;;
301883;2;LINES_OF_CODE;2026-03-23 15:19:06;6;;;;
301905;2;LINES_OF_CODE;2026-03-23 15:28:11;9;;;;
301910;2;LINES_OF_CODE;2026-03-23 15:31:31;11;;;;
301908;2;LINES_OF_CODE;2026-03-23 15:50:05;12;;;;
301893;2;LINES_OF_CODE;2026-03-23 16:03:33;7;;;;
301896;2;LINES_OF_CODE;2026-03-23 16:09:16;7;;;;
301919;2;LINES_OF_CODE;2026-03-23 16:40:48;81;;;;
301904;2;LINES_OF_CODE;2026-03-23 16:41:18;12;;;;
301882;2;LINES_OF_CODE;2026-03-23 17:39:38;9;;;;
301940;2;LINES_OF_CODE;2026-03-24 08:20:34;5;;;;
301957;2;LINES_OF_CODE;2026-03-24 08:35:32;4;;;;
301920;2;LINES_OF_CODE;2026-03-24 08:50:24;4;;;;
301923;2;LINES_OF_CODE;2026-03-24 08:53:01;5;;;;
301922;2;LINES_OF_CODE;2026-03-24 09:27:49;5;;;;
301938;2;LINES_OF_CODE;2026-03-24 09:35:24;10;;;;
301947;2;LINES_OF_CODE;2026-03-24 09:59:11;4;;;;
301930;2;LINES_OF_CODE;2026-03-24 09:59:41;6;;;;
301941;2;LINES_OF_CODE;2026-03-24 10:22:07;6;;;;
301958;2;LINES_OF_CODE;2026-03-24 11:02:51;3;;;;
301924;2;LINES_OF_CODE;2026-03-24 11:16:48;6;;;;
301943;2;LINES_OF_CODE;2026-03-24 11:35:41;3;;;;
301948;2;LINES_OF_CODE;2026-03-24 11:40:28;6;;;;
301932;2;LINES_OF_CODE;2026-03-24 11:41:24;4;;;;
301942;2;LINES_OF_CODE;2026-03-24 12:07:37;1;;;;
301936;2;LINES_OF_CODE;2026-03-24 12:28:11;5;;;;
301952;2;LINES_OF_CODE;2026-03-24 12:32:38;7;;;;
301935;2;LINES_OF_CODE;2026-03-24 12:38:17;0;;;;
301953;2;LINES_OF_CODE;2026-03-24 12:40:04;4;;;;
301927;2;LINES_OF_CODE;2026-03-24 13:01:36;3;;;;
301944;2;LINES_OF_CODE;2026-03-24 13:07:59;6;;;;
301928;2;LINES_OF_CODE;2026-03-24 13:23:06;8;;;;
301934;2;LINES_OF_CODE;2026-03-24 13:35:52;5;;;;
301929;2;LINES_OF_CODE;2026-03-24 14:39:07;2;;;;
301956;2;LINES_OF_CODE;2026-03-24 15:03:05;9;;;;
301939;2;LINES_OF_CODE;2026-03-24 15:06:43;8;;;;
301951;2;LINES_OF_CODE;2026-03-24 15:14:48;9;;;;
301949;2;LINES_OF_CODE;2026-03-24 15:21:43;5;;;;
301959;2;LINES_OF_CODE;2026-03-24 15:43:59;29;;;;
301931;2;LINES_OF_CODE;2026-03-24 15:45:18;7;;;;
301955;2;LINES_OF_CODE;2026-03-24 16:07:31;1;;;;
301950;2;LINES_OF_CODE;2026-03-24 16:16:02;-1;;;;
301954;2;LINES_OF_CODE;2026-03-24 16:21:47;9;;;;
301946;2;LINES_OF_CODE;2026-03-24 16:25:06;5;;;;
301945;2;LINES_OF_CODE;2026-03-24 16:39:36;6;;;;
301925;2;LINES_OF_CODE;2026-03-24 17:05:14;3;;;;
301937;2;LINES_OF_CODE;2026-03-24 17:13:47;9;;;;
301933;2;LINES_OF_CODE;2026-03-24 17:24:06;4;;;;
301926;2;LINES_OF_CODE;2026-03-24 17:31:00;6;;;;
301921;2;LINES_OF_CODE;2026-03-24 17:40:31;5;;;;
301976;2;LINES_OF_CODE;2026-03-25 08:13:32;11;;;;
301980;2;LINES_OF_CODE;2026-03-25 09:19:31;7;;;;
301964;2;LINES_OF_CODE;2026-03-25 09:36:09;3;;;;
301979;2;LINES_OF_CODE;2026-03-25 09:38:21;8;;;;
301983;2;LINES_OF_CODE;2026-03-25 09:41:19;2;;;;
301963;2;LINES_OF_CODE;2026-03-25 10:00:26;8;;;;
301967;2;LINES_OF_CODE;2026-03-25 10:13:07;11;;;;
301965;2;LINES_OF_CODE;2026-03-25 10:42:48;8;;;;
301986;2;LINES_OF_CODE;2026-03-25 13:03:57;10;;;;
301969;2;LINES_OF_CODE;2026-03-25 13:05:20;2;;;;
301972;2;LINES_OF_CODE;2026-03-25 13:22:38;20;;;;
301984;2;LINES_OF_CODE;2026-03-25 13:24:08;6;;;;
301970;2;LINES_OF_CODE;2026-03-25 14:09:37;5;;;;
301975;2;LINES_OF_CODE;2026-03-25 14:25:26;17;;;;
301960;2;LINES_OF_CODE;2026-03-25 15:11:13;2;;;;
301982;2;LINES_OF_CODE;2026-03-25 15:19:13;7;;;;
301966;2;LINES_OF_CODE;2026-03-25 15:31:54;12;;;;
301973;2;LINES_OF_CODE;2026-03-25 15:38:01;11;;;;
301974;2;LINES_OF_CODE;2026-03-25 15:42:50;0;;;;
301978;2;LINES_OF_CODE;2026-03-25 15:53:24;10;;;;
301968;2;LINES_OF_CODE;2026-03-25 15:55:27;6;;;;
301971;2;LINES_OF_CODE;2026-03-25 16:21:31;10;;;;
301962;2;LINES_OF_CODE;2026-03-25 16:29:18;4;;;;
301985;2;LINES_OF_CODE;2026-03-25 17:15:30;5;;;;
301981;2;LINES_OF_CODE;2026-03-25 17:26:47;10;;;;
301977;2;LINES_OF_CODE;2026-03-25 17:41:05;9;;;;
301961;2;LINES_OF_CODE;2026-03-25 17:48:48;8;;;;
302010;2;LINES_OF_CODE;2026-03-26 08:05:07;20;;;;
301988;2;LINES_OF_CODE;2026-03-26 09:31:15;7;;;;
302016;2;LINES_OF_CODE;2026-03-26 09:40:01;11;;;;
301997;2;LINES_OF_CODE;2026-03-26 10:08:51;18;;;;
302006;2;LINES_OF_CODE;2026-03-26 10:15:33;8;;;;
302014;2;LINES_OF_CODE;2026-03-26 10:34:58;7;;;;
302022;2;LINES_OF_CODE;2026-03-26 10:38:25;2;;;;
302008;2;LINES_OF_CODE;2026-03-26 11:03:57;9;;;;
301990;2;LINES_OF_CODE;2026-03-26 11:06:47;2;;;;
301989;2;LINES_OF_CODE;2026-03-26 11:25:47;6;;;;
302013;2;LINES_OF_CODE;2026-03-26 11:32:46;16;;;;
302023;2;LINES_OF_CODE;2026-03-26 11:33:06;43;;;;
302000;2;LINES_OF_CODE;2026-03-26 11:51:00;8;;;;
301992;2;LINES_OF_CODE;2026-03-26 11:59:03;2;;;;
301994;2;LINES_OF_CODE;2026-03-26 12:27:41;8;;;;
302001;2;LINES_OF_CODE;2026-03-26 12:48:58;4;;;;
301995;2;LINES_OF_CODE;2026-03-26 12:57:55;6;;;;
302009;2;LINES_OF_CODE;2026-03-26 13:45:47;8;;;;
302011;2;LINES_OF_CODE;2026-03-26 13:58:18;3;;;;
302007;2;LINES_OF_CODE;2026-03-26 14:00:57;6;;;;
302004;2;LINES_OF_CODE;2026-03-26 14:05:14;18;;;;
301999;2;LINES_OF_CODE;2026-03-26 14:13:22;6;;;;
302020;2;LINES_OF_CODE;2026-03-26 14:20:35;16;;;;
302019;2;LINES_OF_CODE;2026-03-26 14:23:01;6;;;;
301996;2;LINES_OF_CODE;2026-03-26 14:23:16;6;;;;
301993;2;LINES_OF_CODE;2026-03-26 14:28:03;8;;;;
302015;2;LINES_OF_CODE;2026-03-26 14:28:46;10;;;;
302017;2;LINES_OF_CODE;2026-03-26 14:36:17;20;;;;
302021;2;LINES_OF_CODE;2026-03-26 15:32:25;-4;;;;
301987;2;LINES_OF_CODE;2026-03-26 15:49:07;15;;;;
302002;2;LINES_OF_CODE;2026-03-26 15:51:31;7;;;;
301998;2;LINES_OF_CODE;2026-03-26 16:27:54;1;;;;
302005;2;LINES_OF_CODE;2026-03-26 16:31:28;4;;;;
302003;2;LINES_OF_CODE;2026-03-26 16:51:00;21;;;;
302012;2;LINES_OF_CODE;2026-03-26 16:56:53;8;;;;
302018;2;LINES_OF_CODE;2026-03-26 17:42:05;8;;;;
301991;2;LINES_OF_CODE;2026-03-26 17:46:59;8;;;;
302036;2;LINES_OF_CODE;2026-03-27 08:06:33;3;;;;
302047;2;LINES_OF_CODE;2026-03-27 08:09:35;15;;;;
302026;2;LINES_OF_CODE;2026-03-27 08:10:28;8;;;;
302058;2;LINES_OF_CODE;2026-03-27 08:25:34;18;;;;
302044;2;LINES_OF_CODE;2026-03-27 08:38:03;12;;;;
302055;2;LINES_OF_CODE;2026-03-27 09:07:20;3;;;;
302027;2;LINES_OF_CODE;2026-03-27 09:07:52;10;;;;
302030;2;LINES_OF_CODE;2026-03-27 09:14:43;11;;;;
302025;2;LINES_OF_CODE;2026-03-27 10:05:09;17;;;;
302052;2;LINES_OF_CODE;2026-03-27 10:59:44;4;;;;
302056;2;LINES_OF_CODE;2026-03-27 11:00:14;5;;;;
302029;2;LINES_OF_CODE;2026-03-27 11:34:00;17;;;;
302061;2;LINES_OF_CODE;2026-03-27 11:44:36;43;;;;
302028;2;LINES_OF_CODE;2026-03-27 12:12:22;1;;;;
302049;2;LINES_OF_CODE;2026-03-27 12:20:26;10;;;;
302043;2;LINES_OF_CODE;2026-03-27 12:26:08;9;;;;
302057;2;LINES_OF_CODE;2026-03-27 13:10:57;6;;;;
302048;2;LINES_OF_CODE;2026-03-27 13:41:37;7;;;;
302033;2;LINES_OF_CODE;2026-03-27 13:58:41;6;;;;
302051;2;LINES_OF_CODE;2026-03-27 14:30:30;9;;;;
302032;2;LINES_OF_CODE;2026-03-27 14:45:47;19;;;;
302054;2;LINES_OF_CODE;2026-03-27 15:00:32;2;;;;
302042;2;LINES_OF_CODE;2026-03-27 15:08:39;3;;;;
302034;2;LINES_OF_CODE;2026-03-27 15:19:30;3;;;;
302050;2;LINES_OF_CODE;2026-03-27 15:23:25;6;;;;
302024;2;LINES_OF_CODE;2026-03-27 15:26:27;13;;;;
302046;2;LINES_OF_CODE;2026-03-27 15:32:20;9;;;;
302041;2;LINES_OF_CODE;2026-03-27 15:46:47;3;;;;
302040;2;LINES_OF_CODE;2026-03-27 15:48:01;16;;;;
302053;2;LINES_OF_CODE;2026-03-27 16:02:03;8;;;;
302031;2;LINES_OF_CODE;2026-03-27 16:11:15;6;;;;
302060;2;LINES_OF_CODE;2026-03-27 16:29:41;7;;;;
302059;2;LINES_OF_CODE;2026-03-27 16:34:25;8;;;;
302035;2;LINES_OF_CODE;2026-03-27 17:08:47;5;;;;
302037;2;LINES_OF_CODE;2026-03-27 17:25:53;9;;;;
302038;2;LINES_OF_CODE;2026-03-27 17:40:43;18;;;;
302045;2;LINES_OF_CODE;2026-03-27 17:52:38;11;;;;
302039;2;LINES_OF_CODE;2026-03-27 17:52:58;13;;;;
302064;2;LINES_OF_CODE;2026-03-30 08:03:42;9;;;;
302082;2;LINES_OF_CODE;2026-03-30 08:12:45;7;;;;
302092;2;LINES_OF_CODE;2026-03-30 08:19:22;6;;;;
302068;2;LINES_OF_CODE;2026-03-30 08:21:20;9;;;;
302084;2;LINES_OF_CODE;2026-03-30 08:34:52;8;;;;
302083;2;LINES_OF_CODE;2026-03-30 08:52:09;3;;;;
302097;2;LINES_OF_CODE;2026-03-30 09:04:23;6;;;;
302091;2;LINES_OF_CODE;2026-03-30 09:22:52;9;;;;
302079;2;LINES_OF_CODE;2026-03-30 09:35:28;9;;;;
302094;2;LINES_OF_CODE;2026-03-30 10:01:41;3;;;;
302100;2;LINES_OF_CODE;2026-03-30 10:07:45;46;;;;
302095;2;LINES_OF_CODE;2026-03-30 10:19:40;8;;;;
302085;2;LINES_OF_CODE;2026-03-30 10:36:26;8;;;;
302081;2;LINES_OF_CODE;2026-03-30 10:59:21;8;;;;
302088;2;LINES_OF_CODE;2026-03-30 11:07:34;7;;;;
302099;2;LINES_OF_CODE;2026-03-30 11:07:47;12;;;;
302073;2;LINES_OF_CODE;2026-03-30 11:09:08;12;;;;
302069;2;LINES_OF_CODE;2026-03-30 11:26:00;5;;;;
302078;2;LINES_OF_CODE;2026-03-30 11:30:38;9;;;;
302074;2;LINES_OF_CODE;2026-03-30 11:39:19;10;;;;
302089;2;LINES_OF_CODE;2026-03-30 11:45:28;4;;;;
302087;2;LINES_OF_CODE;2026-03-30 11:54:15;13;;;;
302075;2;LINES_OF_CODE;2026-03-30 12:26:35;5;;;;
302096;2;LINES_OF_CODE;2026-03-30 12:57:55;5;;;;
302086;2;LINES_OF_CODE;2026-03-30 12:58:33;6;;;;
302077;2;LINES_OF_CODE;2026-03-30 14:01:45;8;;;;
302070;2;LINES_OF_CODE;2026-03-30 15:02:30;12;;;;
302062;2;LINES_OF_CODE;2026-03-30 15:05:53;5;;;;
302067;2;LINES_OF_CODE;2026-03-30 15:14:47;4;;;;
302090;2;LINES_OF_CODE;2026-03-30 16:04:34;3;;;;
302080;2;LINES_OF_CODE;2026-03-30 16:11:20;19;;;;
302072;2;LINES_OF_CODE;2026-03-30 16:26:40;4;;;;
302093;2;LINES_OF_CODE;2026-03-30 16:38:24;2;;;;
302066;2;LINES_OF_CODE;2026-03-30 16:39:11;0;;;;
302076;2;LINES_OF_CODE;2026-03-30 16:45:15;0;;;;
302065;2;LINES_OF_CODE;2026-03-30 16:46:44;7;;;;
302063;2;LINES_OF_CODE;2026-03-30 16:48:37;8;;;;
302071;2;LINES_OF_CODE;2026-03-30 17:06:22;-2;;;;
302098;2;LINES_OF_CODE;2026-03-30 17:40:38;10;;;;
302111;2;LINES_OF_CODE;2026-03-31 08:18:02;0;;;;
302112;2;LINES_OF_CODE;2026-03-31 08:31:53;1;;;;
302110;2;LINES_OF_CODE;2026-03-31 08:38:24;2;;;;
302121;2;LINES_OF_CODE;2026-03-31 08:39:33;1;;;;
302107;2;LINES_OF_CODE;2026-03-31 08:47:11;0;;;;
302108;2;LINES_OF_CODE;2026-03-31 08:47:31;2;;;;
302104;2;LINES_OF_CODE;2026-03-31 09:11:47;0;;;;
302105;2;LINES_OF_CODE;2026-03-31 09:18:16;2;;;;
302117;2;LINES_OF_CODE;2026-03-31 09:20:03;1;;;;
302118;2;LINES_OF_CODE;2026-03-31 09:44:57;1;;;;
302130;2;LINES_OF_CODE;2026-03-31 10:03:15;0;;;;
302135;2;LINES_OF_CODE;2026-03-31 10:31:46;1;;;;
302115;2;LINES_OF_CODE;2026-03-31 10:39:54;2;;;;
302114;2;LINES_OF_CODE;2026-03-31 10:50:49;1;;;;
302102;2;LINES_OF_CODE;2026-03-31 10:53:01;0;;;;
302103;2;LINES_OF_CODE;2026-03-31 11:03:46;3;;;;
302128;2;LINES_OF_CODE;2026-03-31 11:11:01;1;;;;
302113;2;LINES_OF_CODE;2026-03-31 11:48:17;0;;;;
302101;2;LINES_OF_CODE;2026-03-31 12:12:45;1;;;;
302106;2;LINES_OF_CODE;2026-03-31 12:18:52;1;;;;
302129;2;LINES_OF_CODE;2026-03-31 12:25:33;1;;;;
302126;2;LINES_OF_CODE;2026-03-31 12:33:18;2;;;;
302134;2;LINES_OF_CODE;2026-03-31 12:45:58;0;;;;
302124;2;LINES_OF_CODE;2026-03-31 12:50:55;1;;;;
302133;2;LINES_OF_CODE;2026-03-31 13:01:58;1;;;;
302119;2;LINES_OF_CODE;2026-03-31 14:15:37;1;;;;
302120;2;LINES_OF_CODE;2026-03-31 14:27:11;0;;;;
302122;2;LINES_OF_CODE;2026-03-31 14:30:44;2;;;;
302125;2;LINES_OF_CODE;2026-03-31 14:40:12;0;;;;
302127;2;LINES_OF_CODE;2026-03-31 15:29:16;1;;;;
302136;2;LINES_OF_CODE;2026-03-31 15:29:55;20;;;;
302123;2;LINES_OF_CODE;2026-03-31 15:47:44;1;;;;
302116;2;LINES_OF_CODE;2026-03-31 16:51:15;1;;;;
302132;2;LINES_OF_CODE;2026-03-31 17:23:37;1;;;;
302131;2;LINES_OF_CODE;2026-03-31 17:26:00;0;;;;
302109;2;LINES_OF_CODE;2026-03-31 17:53:46;0;;;;
302161;2;LINES_OF_CODE;2026-04-01 08:31:26;15;;;;
302157;2;LINES_OF_CODE;2026-04-01 08:43:21;13;;;;
302162;2;LINES_OF_CODE;2026-04-01 08:46:41;3;;;;
302163;2;LINES_OF_CODE;2026-04-01 09:15:23;10;;;;
302154;2;LINES_OF_CODE;2026-04-01 09:28:01;4;;;;
302156;2;LINES_OF_CODE;2026-04-01 09:30:42;10;;;;
302146;2;LINES_OF_CODE;2026-04-01 09:40:46;5;;;;
302140;2;LINES_OF_CODE;2026-04-01 09:49:36;10;;;;
302137;2;LINES_OF_CODE;2026-04-01 09:53:04;6;;;;
302143;2;LINES_OF_CODE;2026-04-01 10:11:29;0;;;;
302160;2;LINES_OF_CODE;2026-04-01 10:12:04;7;;;;
302144;2;LINES_OF_CODE;2026-04-01 10:24:52;7;;;;
302148;2;LINES_OF_CODE;2026-04-01 10:26:27;7;;;;
302169;2;LINES_OF_CODE;2026-04-01 10:34:57;3;;;;
302151;2;LINES_OF_CODE;2026-04-01 10:36:37;6;;;;
302172;2;LINES_OF_CODE;2026-04-01 10:42:07;3;;;;
302155;2;LINES_OF_CODE;2026-04-01 10:59:42;3;;;;
302145;2;LINES_OF_CODE;2026-04-01 11:15:35;11;;;;
302150;2;LINES_OF_CODE;2026-04-01 11:23:06;10;;;;
302167;2;LINES_OF_CODE;2026-04-01 12:18:48;8;;;;
302153;2;LINES_OF_CODE;2026-04-01 12:32:01;14;;;;
302142;2;LINES_OF_CODE;2026-04-01 12:57:45;15;;;;
302159;2;LINES_OF_CODE;2026-04-01 13:06:28;7;;;;
302138;2;LINES_OF_CODE;2026-04-01 13:28:39;6;;;;
302158;2;LINES_OF_CODE;2026-04-01 13:31:40;12;;;;
302171;2;LINES_OF_CODE;2026-04-01 13:39:49;15;;;;
302149;2;LINES_OF_CODE;2026-04-01 13:58:07;18;;;;
302139;2;LINES_OF_CODE;2026-04-01 14:17:26;17;;;;
302165;2;LINES_OF_CODE;2026-04-01 14:29:25;9;;;;
302173;2;LINES_OF_CODE;2026-04-01 14:44:26;2;;;;
302170;2;LINES_OF_CODE;2026-04-01 14:56:31;7;;;;
302147;2;LINES_OF_CODE;2026-04-01 15:38:34;10;;;;
302141;2;LINES_OF_CODE;2026-04-01 15:41:17;5;;;;
302166;2;LINES_OF_CODE;2026-04-01 15:55:47;19;;;;
302174;2;LINES_OF_CODE;2026-04-01 16:04:01;25;;;;
302164;2;LINES_OF_CODE;2026-04-01 16:58:20;7;;;;
302168;2;LINES_OF_CODE;2026-04-01 17:32:59;6;;;;
302152;2;LINES_OF_CODE;2026-04-01 17:50:15;18;;;;
302202;2;LINES_OF_CODE;2026-04-02 08:03:30;4;;;;
302204;2;LINES_OF_CODE;2026-04-02 08:24:31;5;;;;
302208;2;LINES_OF_CODE;2026-04-02 08:35:59;11;;;;
302205;2;LINES_OF_CODE;2026-04-02 08:43:49;6;;;;
302201;2;LINES_OF_CODE;2026-04-02 08:53:26;7;;;;
302175;2;LINES_OF_CODE;2026-04-02 08:57:06;4;;;;
302187;2;LINES_OF_CODE;2026-04-02 08:57:51;1;;;;
302178;2;LINES_OF_CODE;2026-04-02 09:14:13;8;;;;
302194;2;LINES_OF_CODE;2026-04-02 09:46:34;7;;;;
302207;2;LINES_OF_CODE;2026-04-02 10:12:22;9;;;;
302181;2;LINES_OF_CODE;2026-04-02 10:33:32;3;;;;
302206;2;LINES_OF_CODE;2026-04-02 10:33:33;10;;;;
302203;2;LINES_OF_CODE;2026-04-02 11:10:25;11;;;;
302198;2;LINES_OF_CODE;2026-04-02 11:31:22;4;;;;
302188;2;LINES_OF_CODE;2026-04-02 11:38:17;12;;;;
302193;2;LINES_OF_CODE;2026-04-02 11:59:05;0;;;;
302191;2;LINES_OF_CODE;2026-04-02 12:03:17;6;;;;
302189;2;LINES_OF_CODE;2026-04-02 12:37:09;2;;;;
302177;2;LINES_OF_CODE;2026-04-02 13:29:19;6;;;;
302196;2;LINES_OF_CODE;2026-04-02 13:30:16;5;;;;
302184;2;LINES_OF_CODE;2026-04-02 13:35:40;1;;;;
302180;2;LINES_OF_CODE;2026-04-02 14:12:41;4;;;;
302197;2;LINES_OF_CODE;2026-04-02 14:24:39;3;;;;
302209;2;LINES_OF_CODE;2026-04-02 14:25:34;20;;;;
302200;2;LINES_OF_CODE;2026-04-02 14:40:57;5;;;;
302186;2;LINES_OF_CODE;2026-04-02 14:58:26;11;;;;
302179;2;LINES_OF_CODE;2026-04-02 15:18:39;4;;;;
302195;2;LINES_OF_CODE;2026-04-02 15:21:19;4;;;;
302182;2;LINES_OF_CODE;2026-04-02 15:43:13;10;;;;
302185;2;LINES_OF_CODE;2026-04-02 16:04:11;12;;;;
302190;2;LINES_OF_CODE;2026-04-02 16:17:49;7;;;;
302199;2;LINES_OF_CODE;2026-04-02 16:40:22;1;;;;
302176;2;LINES_OF_CODE;2026-04-02 16:56:13;7;;;;
302192;2;LINES_OF_CODE;2026-04-02 16:59:51;5;;;;
302183;2;LINES_OF_CODE;2026-04-02 17:46:49;8;;;;
302230;2;LINES_OF_CODE;2026-04-03 09:01:49;-2;;;;
302211;2;LINES_OF_CODE;2026-04-03 09:07:06;8;;;;
302245;2;LINES_OF_CODE;2026-04-03 09:56:31;12;;;;
302231;2;LINES_OF_CODE;2026-04-03 09:56:34;9;;;;
302243;2;LINES_OF_CODE;2026-04-03 10:07:39;22;;;;
302241;2;LINES_OF_CODE;2026-04-03 10:43:58;17;;;;
302238;2;LINES_OF_CODE;2026-04-03 10:55:11;12;;;;
302218;2;LINES_OF_CODE;2026-04-03 10:58:34;11;;;;
302221;2;LINES_OF_CODE;2026-04-03 11:11:32;14;;;;
302210;2;LINES_OF_CODE;2026-04-03 11:27:15;11;;;;
302223;2;LINES_OF_CODE;2026-04-03 11:31:44;10;;;;
302226;2;LINES_OF_CODE;2026-04-03 11:45:47;10;;;;
302215;2;LINES_OF_CODE;2026-04-03 11:47:18;3;;;;
302227;2;LINES_OF_CODE;2026-04-03 11:48:41;3;;;;
302246;2;LINES_OF_CODE;2026-04-03 11:53:01;49;;;;
302233;2;LINES_OF_CODE;2026-04-03 12:55:20;5;;;;
302225;2;LINES_OF_CODE;2026-04-03 13:12:11;6;;;;
302224;2;LINES_OF_CODE;2026-04-03 13:12:37;8;;;;
302240;2;LINES_OF_CODE;2026-04-03 13:29:33;5;;;;
302213;2;LINES_OF_CODE;2026-04-03 13:36:53;12;;;;
302222;2;LINES_OF_CODE;2026-04-03 13:43:20;13;;;;
302242;2;LINES_OF_CODE;2026-04-03 14:29:11;8;;;;
302239;2;LINES_OF_CODE;2026-04-03 14:30:33;13;;;;
302235;2;LINES_OF_CODE;2026-04-03 14:41:18;13;;;;
302212;2;LINES_OF_CODE;2026-04-03 14:43:13;1;;;;
302237;2;LINES_OF_CODE;2026-04-03 14:57:03;6;;;;
302232;2;LINES_OF_CODE;2026-04-03 15:11:17;10;;;;
302234;2;LINES_OF_CODE;2026-04-03 15:18:26;5;;;;
302236;2;LINES_OF_CODE;2026-04-03 15:23:56;17;;;;
302228;2;LINES_OF_CODE;2026-04-03 15:25:56;-4;;;;
302244;2;LINES_OF_CODE;2026-04-03 15:39:45;11;;;;
302229;2;LINES_OF_CODE;2026-04-03 15:44:25;5;;;;
302220;2;LINES_OF_CODE;2026-04-03 15:52:40;8;;;;
302214;2;LINES_OF_CODE;2026-04-03 15:54:11;9;;;;
302216;2;LINES_OF_CODE;2026-04-03 15:57:41;3;;;;
302217;2;LINES_OF_CODE;2026-04-03 16:17:23;12;;;;
302219;2;LINES_OF_CODE;2026-04-03 16:21:33;13;;;;
302251;2;LINES_OF_CODE;2026-04-06 08:17:20;13;;;;
302266;2;LINES_OF_CODE;2026-04-06 08:22:49;16;;;;
302249;2;LINES_OF_CODE;2026-04-06 08:26:34;12;;;;
302255;2;LINES_OF_CODE;2026-04-06 08:34:08;17;;;;
302271;2;LINES_OF_CODE;2026-04-06 08:59:10;17;;;;
302267;2;LINES_OF_CODE;2026-04-06 09:05:40;18;;;;
302248;2;LINES_OF_CODE;2026-04-06 09:10:21;15;;;;
302253;2;LINES_OF_CODE;2026-04-06 09:30:45;8;;;;
302262;2;LINES_OF_CODE;2026-04-06 10:09:10;13;;;;
302269;2;LINES_OF_CODE;2026-04-06 10:12:42;2;;;;
302264;2;LINES_OF_CODE;2026-04-06 10:27:18;13;;;;
302260;2;LINES_OF_CODE;2026-04-06 11:39:22;15;;;;
302257;2;LINES_OF_CODE;2026-04-06 12:44:35;19;;;;
302265;2;LINES_OF_CODE;2026-04-06 13:10:24;18;;;;
302268;2;LINES_OF_CODE;2026-04-06 13:35:19;14;;;;
302270;2;LINES_OF_CODE;2026-04-06 13:39:07;0;;;;
302263;2;LINES_OF_CODE;2026-04-06 14:07:54;7;;;;
302254;2;LINES_OF_CODE;2026-04-06 14:28:17;18;;;;
302250;2;LINES_OF_CODE;2026-04-06 14:56:58;7;;;;
302256;2;LINES_OF_CODE;2026-04-06 14:58:04;19;;;;
302252;2;LINES_OF_CODE;2026-04-06 14:59:13;7;;;;
302259;2;LINES_OF_CODE;2026-04-06 15:12:12;12;;;;
302261;2;LINES_OF_CODE;2026-04-06 15:31:14;13;;;;
302258;2;LINES_OF_CODE;2026-04-06 15:31:55;8;;;;
302247;2;LINES_OF_CODE;2026-04-06 15:39:47;10;;;;
302293;2;LINES_OF_CODE;2026-04-07 08:15:43;15;;;;
302288;2;LINES_OF_CODE;2026-04-07 08:24:37;2;;;;
302291;2;LINES_OF_CODE;2026-04-07 09:05:14;13;;;;
302297;2;LINES_OF_CODE;2026-04-07 09:11:10;16;;;;
302284;2;LINES_OF_CODE;2026-04-07 09:11:59;0;;;;
302279;2;LINES_OF_CODE;2026-04-07 09:27:33;8;;;;
302275;2;LINES_OF_CODE;2026-04-07 09:39:39;18;;;;
302290;2;LINES_OF_CODE;2026-04-07 10:00:49;15;;;;
302294;2;LINES_OF_CODE;2026-04-07 10:18:08;2;;;;
302301;2;LINES_OF_CODE;2026-04-07 10:56:21;22;;;;
302282;2;LINES_OF_CODE;2026-04-07 11:08:11;20;;;;
302289;2;LINES_OF_CODE;2026-04-07 11:45:44;24;;;;
302277;2;LINES_OF_CODE;2026-04-07 11:46:36;14;;;;
302276;2;LINES_OF_CODE;2026-04-07 11:52:29;13;;;;
302298;2;LINES_OF_CODE;2026-04-07 12:00:12;7;;;;
302303;2;LINES_OF_CODE;2026-04-07 12:07:11;0;;;;
302281;2;LINES_OF_CODE;2026-04-07 12:09:37;16;;;;
302302;2;LINES_OF_CODE;2026-04-07 12:14:46;14;;;;
302274;2;LINES_OF_CODE;2026-04-07 12:17:38;6;;;;
302296;2;LINES_OF_CODE;2026-04-07 13:14:54;18;;;;
302300;2;LINES_OF_CODE;2026-04-07 13:29:24;12;;;;
302280;2;LINES_OF_CODE;2026-04-07 13:35:15;14;;;;
302292;2;LINES_OF_CODE;2026-04-07 14:28:22;3;;;;
302285;2;LINES_OF_CODE;2026-04-07 14:46:48;16;;;;
302273;2;LINES_OF_CODE;2026-04-07 15:02:28;12;;;;
302299;2;LINES_OF_CODE;2026-04-07 15:08:05;12;;;;
302286;2;LINES_OF_CODE;2026-04-07 15:16:51;11;;;;
302295;2;LINES_OF_CODE;2026-04-07 15:52:21;16;;;;
302287;2;LINES_OF_CODE;2026-04-07 16:03:09;12;;;;
302272;2;LINES_OF_CODE;2026-04-07 16:19:14;18;;;;
302283;2;LINES_OF_CODE;2026-04-07 16:27:20;13;;;;
302278;2;LINES_OF_CODE;2026-04-07 17:43:06;26;;;;
302305;2;LINES_OF_CODE;2026-04-08 08:19:28;0;;;;
302319;2;LINES_OF_CODE;2026-04-08 08:24:21;5;;;;
302324;2;LINES_OF_CODE;2026-04-08 08:27:18;6;;;;
302304;2;LINES_OF_CODE;2026-04-08 08:50:53;7;;;;
302313;2;LINES_OF_CODE;2026-04-08 09:00:41;11;;;;
302325;2;LINES_OF_CODE;2026-04-08 09:43:56;5;;;;
302327;2;LINES_OF_CODE;2026-04-08 09:54:41;4;;;;
302310;2;LINES_OF_CODE;2026-04-08 09:59:43;10;;;;
302309;2;LINES_OF_CODE;2026-04-08 10:03:58;3;;;;
302311;2;LINES_OF_CODE;2026-04-08 10:12:49;6;;;;
302326;2;LINES_OF_CODE;2026-04-08 10:31:17;13;;;;
302332;2;LINES_OF_CODE;2026-04-08 10:53:57;5;;;;
302336;2;LINES_OF_CODE;2026-04-08 11:43:18;6;;;;
302333;2;LINES_OF_CODE;2026-04-08 11:49:44;4;;;;
302322;2;LINES_OF_CODE;2026-04-08 12:20:56;7;;;;
302328;2;LINES_OF_CODE;2026-04-08 12:28:00;12;;;;
302306;2;LINES_OF_CODE;2026-04-08 12:58:56;8;;;;
302320;2;LINES_OF_CODE;2026-04-08 13:14:46;6;;;;
302321;2;LINES_OF_CODE;2026-04-08 13:32:20;0;;;;
302307;2;LINES_OF_CODE;2026-04-08 13:42:04;6;;;;
302318;2;LINES_OF_CODE;2026-04-08 13:43:23;6;;;;
302334;2;LINES_OF_CODE;2026-04-08 14:46:06;5;;;;
302312;2;LINES_OF_CODE;2026-04-08 14:56:05;5;;;;
302337;2;LINES_OF_CODE;2026-04-08 15:07:40;6;;;;
302329;2;LINES_OF_CODE;2026-04-08 15:08:11;9;;;;
302338;2;LINES_OF_CODE;2026-04-08 15:41:41;6;;;;
302314;2;LINES_OF_CODE;2026-04-08 16:12:31;7;;;;
302316;2;LINES_OF_CODE;2026-04-08 16:14:38;10;;;;
302308;2;LINES_OF_CODE;2026-04-08 16:27:37;6;;;;
302331;2;LINES_OF_CODE;2026-04-08 16:41:37;6;;;;
302323;2;LINES_OF_CODE;2026-04-08 16:54:02;11;;;;
302317;2;LINES_OF_CODE;2026-04-08 16:56:10;10;;;;
302330;2;LINES_OF_CODE;2026-04-08 16:57:31;11;;;;
302315;2;LINES_OF_CODE;2026-04-08 17:02:23;5;;;;
302335;2;LINES_OF_CODE;2026-04-08 17:11:18;5;;;;
302342;2;LINES_OF_CODE;2026-04-09 08:27:39;6;;;;
302341;2;LINES_OF_CODE;2026-04-09 08:39:42;9;;;;
302349;2;LINES_OF_CODE;2026-04-09 09:28:33;10;;;;
302363;2;LINES_OF_CODE;2026-04-09 09:49:09;4;;;;
302343;2;LINES_OF_CODE;2026-04-09 10:05:14;11;;;;
302368;2;LINES_OF_CODE;2026-04-09 10:20:25;11;;;;
302359;2;LINES_OF_CODE;2026-04-09 10:25:37;9;;;;
302345;2;LINES_OF_CODE;2026-04-09 10:49:27;13;;;;
302362;2;LINES_OF_CODE;2026-04-09 10:52:17;18;;;;
302360;2;LINES_OF_CODE;2026-04-09 11:25:15;9;;;;
302353;2;LINES_OF_CODE;2026-04-09 11:52:05;-3;;;;
302357;2;LINES_OF_CODE;2026-04-09 11:54:37;3;;;;
302366;2;LINES_OF_CODE;2026-04-09 12:07:55;4;;;;
302355;2;LINES_OF_CODE;2026-04-09 12:33:56;6;;;;
302351;2;LINES_OF_CODE;2026-04-09 12:50:17;9;;;;
302369;2;LINES_OF_CODE;2026-04-09 13:14:08;19;;;;
302339;2;LINES_OF_CODE;2026-04-09 13:15:54;7;;;;
302340;2;LINES_OF_CODE;2026-04-09 13:31:31;4;;;;
302346;2;LINES_OF_CODE;2026-04-09 13:46:09;10;;;;
302344;2;LINES_OF_CODE;2026-04-09 14:52:50;14;;;;
302347;2;LINES_OF_CODE;2026-04-09 14:55:54;4;;;;
302358;2;LINES_OF_CODE;2026-04-09 15:12:24;9;;;;
302350;2;LINES_OF_CODE;2026-04-09 15:19:21;7;;;;
302367;2;LINES_OF_CODE;2026-04-09 15:50:59;12;;;;
302364;2;LINES_OF_CODE;2026-04-09 16:44:04;4;;;;
302352;2;LINES_OF_CODE;2026-04-09 16:46:22;5;;;;
302365;2;LINES_OF_CODE;2026-04-09 16:50:34;5;;;;
302361;2;LINES_OF_CODE;2026-04-09 16:54:12;12;;;;
302356;2;LINES_OF_CODE;2026-04-09 17:25:10;5;;;;
302348;2;LINES_OF_CODE;2026-04-09 17:25:14;9;;;;
302354;2;LINES_OF_CODE;2026-04-09 17:30:22;9;;;;
302371;2;LINES_OF_CODE;2026-04-10 08:19:20;11;;;;
302375;2;LINES_OF_CODE;2026-04-10 08:32:45;29;;;;
302378;2;LINES_OF_CODE;2026-04-10 08:51:28;19;;;;
302377;2;LINES_OF_CODE;2026-04-10 09:05:06;40;;;;
302391;2;LINES_OF_CODE;2026-04-10 09:07:32;32;;;;
302385;2;LINES_OF_CODE;2026-04-10 10:03:49;34;;;;
302390;2;LINES_OF_CODE;2026-04-10 10:04:27;17;;;;
302394;2;LINES_OF_CODE;2026-04-10 10:14:27;0;;;;
302373;2;LINES_OF_CODE;2026-04-10 10:51:05;26;;;;
302383;2;LINES_OF_CODE;2026-04-10 11:58:10;11;;;;
302387;2;LINES_OF_CODE;2026-04-10 12:28:04;21;;;;
302376;2;LINES_OF_CODE;2026-04-10 12:39:33;18;;;;
302384;2;LINES_OF_CODE;2026-04-10 12:53:03;26;;;;
302381;2;LINES_OF_CODE;2026-04-10 13:16:12;8;;;;
302392;2;LINES_OF_CODE;2026-04-10 13:56:26;11;;;;
302380;2;LINES_OF_CODE;2026-04-10 14:00:24;15;;;;
302370;2;LINES_OF_CODE;2026-04-10 14:23:55;10;;;;
302379;2;LINES_OF_CODE;2026-04-10 14:42:16;20;;;;
302374;2;LINES_OF_CODE;2026-04-10 15:14:18;13;;;;
302389;2;LINES_OF_CODE;2026-04-10 15:15:19;24;;;;
302372;2;LINES_OF_CODE;2026-04-10 15:23:48;8;;;;
302388;2;LINES_OF_CODE;2026-04-10 16:05:50;20;;;;
302382;2;LINES_OF_CODE;2026-04-10 17:02:55;11;;;;
302386;2;LINES_OF_CODE;2026-04-10 17:14:33;26;;;;
302393;2;LINES_OF_CODE;2026-04-10 17:30:18;0;;;;
302416;2;LINES_OF_CODE;2026-04-13 08:18:43;14;;;;
302412;2;LINES_OF_CODE;2026-04-13 09:14:37;8;;;;
302409;2;LINES_OF_CODE;2026-04-13 09:15:46;3;;;;
302415;2;LINES_OF_CODE;2026-04-13 09:42:00;10;;;;
302419;2;LINES_OF_CODE;2026-04-13 09:43:16;8;;;;
302395;2;LINES_OF_CODE;2026-04-13 10:47:50;11;;;;
302418;2;LINES_OF_CODE;2026-04-13 11:26:32;2;;;;
302401;2;LINES_OF_CODE;2026-04-13 11:29:16;14;;;;
302402;2;LINES_OF_CODE;2026-04-13 11:45:28;10;;;;
302396;2;LINES_OF_CODE;2026-04-13 11:47:00;10;;;;
302410;2;LINES_OF_CODE;2026-04-13 12:21:56;9;;;;
302399;2;LINES_OF_CODE;2026-04-13 12:30:47;16;;;;
302427;2;LINES_OF_CODE;2026-04-13 12:43:02;8;;;;
302404;2;LINES_OF_CODE;2026-04-13 12:55:14;17;;;;
302422;2;LINES_OF_CODE;2026-04-13 13:02:55;-1;;;;
302420;2;LINES_OF_CODE;2026-04-13 13:22:31;3;;;;
302428;2;LINES_OF_CODE;2026-04-13 13:36:51;4;;;;
302424;2;LINES_OF_CODE;2026-04-13 13:54:42;0;;;;
302408;2;LINES_OF_CODE;2026-04-13 13:56:23;16;;;;
302403;2;LINES_OF_CODE;2026-04-13 14:08:11;15;;;;
302400;2;LINES_OF_CODE;2026-04-13 14:17:25;10;;;;
302405;2;LINES_OF_CODE;2026-04-13 14:20:36;4;;;;
302407;2;LINES_OF_CODE;2026-04-13 14:58:21;3;;;;
302397;2;LINES_OF_CODE;2026-04-13 15:08:13;5;;;;
302425;2;LINES_OF_CODE;2026-04-13 15:08:24;11;;;;
302414;2;LINES_OF_CODE;2026-04-13 15:18:02;8;;;;
302413;2;LINES_OF_CODE;2026-04-13 16:00:13;17;;;;
302417;2;LINES_OF_CODE;2026-04-13 16:11:03;2;;;;
302423;2;LINES_OF_CODE;2026-04-13 16:11:35;8;;;;
302421;2;LINES_OF_CODE;2026-04-13 16:30:44;11;;;;
302411;2;LINES_OF_CODE;2026-04-13 16:51:54;12;;;;
302426;2;LINES_OF_CODE;2026-04-13 16:57:09;10;;;;
302429;2;LINES_OF_CODE;2026-04-13 17:36:58;61;;;;
302398;2;LINES_OF_CODE;2026-04-13 17:43:55;16;;;;
302406;2;LINES_OF_CODE;2026-04-13 17:47:50;11;;;;
302464;2;LINES_OF_CODE;2026-04-14 08:15:46;4;;;;
302455;2;LINES_OF_CODE;2026-04-14 08:16:34;5;;;;
302463;2;LINES_OF_CODE;2026-04-14 08:35:27;4;;;;
302430;2;LINES_OF_CODE;2026-04-14 08:45:55;2;;;;
302449;2;LINES_OF_CODE;2026-04-14 08:50:36;0;;;;
302446;2;LINES_OF_CODE;2026-04-14 09:33:00;1;;;;
302457;2;LINES_OF_CODE;2026-04-14 09:43:40;4;;;;
302434;2;LINES_OF_CODE;2026-04-14 09:50:19;3;;;;
302438;2;LINES_OF_CODE;2026-04-14 09:56:01;5;;;;
302444;2;LINES_OF_CODE;2026-04-14 10:57:29;3;;;;
302456;2;LINES_OF_CODE;2026-04-14 11:19:27;4;;;;
302451;2;LINES_OF_CODE;2026-04-14 11:20:35;3;;;;
302431;2;LINES_OF_CODE;2026-04-14 11:43:27;3;;;;
302437;2;LINES_OF_CODE;2026-04-14 11:46:06;1;;;;
302448;2;LINES_OF_CODE;2026-04-14 12:16:23;2;;;;
302435;2;LINES_OF_CODE;2026-04-14 12:22:13;5;;;;
302443;2;LINES_OF_CODE;2026-04-14 12:31:59;1;;;;
302433;2;LINES_OF_CODE;2026-04-14 13:08:14;2;;;;
302441;2;LINES_OF_CODE;2026-04-14 13:20:33;2;;;;
302459;2;LINES_OF_CODE;2026-04-14 13:47:38;3;;;;
302462;2;LINES_OF_CODE;2026-04-14 14:30:48;2;;;;
302440;2;LINES_OF_CODE;2026-04-14 14:40:02;3;;;;
302466;2;LINES_OF_CODE;2026-04-14 14:40:49;0;;;;
302432;2;LINES_OF_CODE;2026-04-14 14:50:09;3;;;;
302465;2;LINES_OF_CODE;2026-04-14 14:55:28;2;;;;
302450;2;LINES_OF_CODE;2026-04-14 15:05:53;2;;;;
302453;2;LINES_OF_CODE;2026-04-14 15:31:40;2;;;;
302458;2;LINES_OF_CODE;2026-04-14 15:32:49;2;;;;
302439;2;LINES_OF_CODE;2026-04-14 15:39:07;2;;;;
302467;2;LINES_OF_CODE;2026-04-14 15:41:02;12;;;;
302452;2;LINES_OF_CODE;2026-04-14 16:04:53;2;;;;
302447;2;LINES_OF_CODE;2026-04-14 16:10:32;1;;;;
302436;2;LINES_OF_CODE;2026-04-14 16:11:27;5;;;;
302460;2;LINES_OF_CODE;2026-04-14 16:52:56;4;;;;
302445;2;LINES_OF_CODE;2026-04-14 17:03:27;4;;;;
302442;2;LINES_OF_CODE;2026-04-14 17:39:00;5;;;;
302454;2;LINES_OF_CODE;2026-04-14 17:42:53;2;;;;
302461;2;LINES_OF_CODE;2026-04-14 17:44:47;3;;;;
302504;2;LINES_OF_CODE;2026-04-15 08:11:41;28;;;;
302491;2;LINES_OF_CODE;2026-04-15 08:23:14;9;;;;
302499;2;LINES_OF_CODE;2026-04-15 08:54:42;5;;;;
302496;2;LINES_OF_CODE;2026-04-15 08:59:55;7;;;;
302472;2;LINES_OF_CODE;2026-04-15 09:08:04;7;;;;
302485;2;LINES_OF_CODE;2026-04-15 09:38:09;6;;;;
302479;2;LINES_OF_CODE;2026-04-15 10:09:50;5;;;;
302500;2;LINES_OF_CODE;2026-04-15 10:10:06;4;;;;
302478;2;LINES_OF_CODE;2026-04-15 10:19:01;6;;;;
302501;2;LINES_OF_CODE;2026-04-15 10:44:56;3;;;;
302476;2;LINES_OF_CODE;2026-04-15 10:47:06;3;;;;
302474;2;LINES_OF_CODE;2026-04-15 10:50:33;-1;;;;
302470;2;LINES_OF_CODE;2026-04-15 11:09:16;2;;;;
302487;2;LINES_OF_CODE;2026-04-15 11:17:49;6;;;;
302484;2;LINES_OF_CODE;2026-04-15 11:30:35;6;;;;
302489;2;LINES_OF_CODE;2026-04-15 12:37:36;6;;;;
302490;2;LINES_OF_CODE;2026-04-15 12:58:51;5;;;;
302493;2;LINES_OF_CODE;2026-04-15 13:02:17;4;;;;
302498;2;LINES_OF_CODE;2026-04-15 13:08:03;6;;;;
302477;2;LINES_OF_CODE;2026-04-15 13:09:38;1;;;;
302473;2;LINES_OF_CODE;2026-04-15 13:43:09;6;;;;
302483;2;LINES_OF_CODE;2026-04-15 13:50:03;5;;;;
302481;2;LINES_OF_CODE;2026-04-15 14:00:18;0;;;;
302468;2;LINES_OF_CODE;2026-04-15 14:07:38;6;;;;
302495;2;LINES_OF_CODE;2026-04-15 14:11:42;0;;;;
302486;2;LINES_OF_CODE;2026-04-15 14:46:17;5;;;;
302471;2;LINES_OF_CODE;2026-04-15 15:05:13;2;;;;
302492;2;LINES_OF_CODE;2026-04-15 15:34:27;4;;;;
302488;2;LINES_OF_CODE;2026-04-15 16:19:08;4;;;;
302469;2;LINES_OF_CODE;2026-04-15 16:31:08;0;;;;
302475;2;LINES_OF_CODE;2026-04-15 16:42:59;5;;;;
302494;2;LINES_OF_CODE;2026-04-15 16:49:27;10;;;;
302482;2;LINES_OF_CODE;2026-04-15 16:58:46;3;;;;
302502;2;LINES_OF_CODE;2026-04-15 17:14:46;3;;;;
302497;2;LINES_OF_CODE;2026-04-15 17:20:28;5;;;;
302480;2;LINES_OF_CODE;2026-04-15 17:26:59;6;;;;
302503;2;LINES_OF_CODE;2026-04-15 17:48:44;5;;;;
302505;2;LINES_OF_CODE;2026-04-16 08:08:02;11;;;;
302521;2;LINES_OF_CODE;2026-04-16 08:23:21;12;;;;
302526;2;LINES_OF_CODE;2026-04-16 08:33:57;11;;;;
302528;2;LINES_OF_CODE;2026-04-16 08:38:25;14;;;;
302506;2;LINES_OF_CODE;2026-04-16 09:07:38;3;;;;
302514;2;LINES_OF_CODE;2026-04-16 09:18:25;12;;;;
302529;2;LINES_OF_CODE;2026-04-16 10:00:57;19;;;;
302516;2;LINES_OF_CODE;2026-04-16 10:29:10;9;;;;
302507;2;LINES_OF_CODE;2026-04-16 11:18:28;21;;;;
302512;2;LINES_OF_CODE;2026-04-16 11:25:42;12;;;;
302518;2;LINES_OF_CODE;2026-04-16 11:44:56;3;;;;
302524;2;LINES_OF_CODE;2026-04-16 11:57:07;11;;;;
302517;2;LINES_OF_CODE;2026-04-16 12:11:14;14;;;;
302511;2;LINES_OF_CODE;2026-04-16 12:21:37;12;;;;
302510;2;LINES_OF_CODE;2026-04-16 12:41:13;4;;;;
302515;2;LINES_OF_CODE;2026-04-16 14:00:49;7;;;;
302527;2;LINES_OF_CODE;2026-04-16 14:00:49;22;;;;
302508;2;LINES_OF_CODE;2026-04-16 14:49:11;7;;;;
302513;2;LINES_OF_CODE;2026-04-16 16:02:30;16;;;;
302509;2;LINES_OF_CODE;2026-04-16 16:06:37;21;;;;
302522;2;LINES_OF_CODE;2026-04-16 16:25:43;7;;;;
302525;2;LINES_OF_CODE;2026-04-16 17:19:10;11;;;;
302523;2;LINES_OF_CODE;2026-04-16 17:22:57;6;;;;
302520;2;LINES_OF_CODE;2026-04-16 17:49:43;12;;;;
302519;2;LINES_OF_CODE;2026-04-16 17:52:11;7;;;;
302553;2;LINES_OF_CODE;2026-04-17 08:42:07;19;;;;
302554;2;LINES_OF_CODE;2026-04-17 08:52:03;9;;;;
302556;2;LINES_OF_CODE;2026-04-17 08:52:31;14;;;;
302533;2;LINES_OF_CODE;2026-04-17 09:20:53;7;;;;
302543;2;LINES_OF_CODE;2026-04-17 09:23:30;8;;;;
302550;2;LINES_OF_CODE;2026-04-17 09:44:11;7;;;;
302541;2;LINES_OF_CODE;2026-04-17 09:50:18;7;;;;
302545;2;LINES_OF_CODE;2026-04-17 10:31:03;14;;;;
302546;2;LINES_OF_CODE;2026-04-17 10:56:44;15;;;;
302531;2;LINES_OF_CODE;2026-04-17 10:58:33;5;;;;
302547;2;LINES_OF_CODE;2026-04-17 11:27:27;6;;;;
302539;2;LINES_OF_CODE;2026-04-17 11:39:38;11;;;;
302532;2;LINES_OF_CODE;2026-04-17 11:41:39;11;;;;
302536;2;LINES_OF_CODE;2026-04-17 11:44:17;19;;;;
302540;2;LINES_OF_CODE;2026-04-17 11:59:12;7;;;;
302534;2;LINES_OF_CODE;2026-04-17 12:05:32;5;;;;
302542;2;LINES_OF_CODE;2026-04-17 12:14:10;16;;;;
302544;2;LINES_OF_CODE;2026-04-17 12:32:16;12;;;;
302538;2;LINES_OF_CODE;2026-04-17 12:46:07;25;;;;
302558;2;LINES_OF_CODE;2026-04-17 14:07:28;16;;;;
302530;2;LINES_OF_CODE;2026-04-17 14:27:44;14;;;;
302557;2;LINES_OF_CODE;2026-04-17 15:10:27;7;;;;
302552;2;LINES_OF_CODE;2026-04-17 15:18:35;0;;;;
302537;2;LINES_OF_CODE;2026-04-17 15:24:35;-1;;;;
302559;2;LINES_OF_CODE;2026-04-17 15:51:59;37;;;;
302549;2;LINES_OF_CODE;2026-04-17 15:54:32;7;;;;
302535;2;LINES_OF_CODE;2026-04-17 16:00:43;9;;;;
302551;2;LINES_OF_CODE;2026-04-17 16:27:17;15;;;;
302555;2;LINES_OF_CODE;2026-04-17 17:16:08;13;;;;
302548;2;LINES_OF_CODE;2026-04-17 17:56:34;8;;;;
302580;2;LINES_OF_CODE;2026-04-20 08:17:44;8;;;;
302577;2;LINES_OF_CODE;2026-04-20 08:40:10;5;;;;
302576;2;LINES_OF_CODE;2026-04-20 11:07:37;9;;;;
302573;2;LINES_OF_CODE;2026-04-20 11:14:36;0;;;;
302578;2;LINES_OF_CODE;2026-04-20 11:32:51;8;;;;
302586;2;LINES_OF_CODE;2026-04-20 11:39:05;10;;;;
302583;2;LINES_OF_CODE;2026-04-20 11:43:34;3;;;;
302567;2;LINES_OF_CODE;2026-04-20 11:48:56;10;;;;
302562;2;LINES_OF_CODE;2026-04-20 11:57:09;3;;;;
302569;2;LINES_OF_CODE;2026-04-20 12:13:21;4;;;;
302588;2;LINES_OF_CODE;2026-04-20 12:21:16;9;;;;
302571;2;LINES_OF_CODE;2026-04-20 12:26:39;7;;;;
302582;2;LINES_OF_CODE;2026-04-20 12:27:11;13;;;;
302561;2;LINES_OF_CODE;2026-04-20 12:42:30;8;;;;
302563;2;LINES_OF_CODE;2026-04-20 13:20:37;11;;;;
302585;2;LINES_OF_CODE;2026-04-20 13:21:26;13;;;;
302589;2;LINES_OF_CODE;2026-04-20 13:43:28;68;;;;
302581;2;LINES_OF_CODE;2026-04-20 14:14:06;10;;;;
302575;2;LINES_OF_CODE;2026-04-20 14:50:26;4;;;;
302565;2;LINES_OF_CODE;2026-04-20 14:52:22;11;;;;
302574;2;LINES_OF_CODE;2026-04-20 14:55:05;7;;;;
302560;2;LINES_OF_CODE;2026-04-20 15:14:35;3;;;;
302584;2;LINES_OF_CODE;2026-04-20 15:36:20;7;;;;
302570;2;LINES_OF_CODE;2026-04-20 15:47:27;5;;;;
302564;2;LINES_OF_CODE;2026-04-20 17:03:02;8;;;;
302579;2;LINES_OF_CODE;2026-04-20 17:08:12;3;;;;
302568;2;LINES_OF_CODE;2026-04-20 17:08:29;6;;;;
302572;2;LINES_OF_CODE;2026-04-20 17:15:20;0;;;;
302587;2;LINES_OF_CODE;2026-04-20 17:16:02;10;;;;
302566;2;LINES_OF_CODE;2026-04-20 17:21:30;2;;;;
302610;2;LINES_OF_CODE;2026-04-21 08:03:31;15;;;;
302595;2;LINES_OF_CODE;2026-04-21 08:55:32;11;;;;
302602;2;LINES_OF_CODE;2026-04-21 09:06:54;12;;;;
302600;2;LINES_OF_CODE;2026-04-21 09:10:26;16;;;;
302616;2;LINES_OF_CODE;2026-04-21 09:10:44;10;;;;
302618;2;LINES_OF_CODE;2026-04-21 09:14:36;1;;;;
302594;2;LINES_OF_CODE;2026-04-21 09:27:21;15;;;;
302605;2;LINES_OF_CODE;2026-04-21 10:15:05;15;;;;
302598;2;LINES_OF_CODE;2026-04-21 10:38:47;6;;;;
302599;2;LINES_OF_CODE;2026-04-21 10:42:10;7;;;;
302619;2;LINES_OF_CODE;2026-04-21 11:09:36;29;;;;
302593;2;LINES_OF_CODE;2026-04-21 11:24:27;13;;;;
302609;2;LINES_OF_CODE;2026-04-21 11:31:23;14;;;;
302603;2;LINES_OF_CODE;2026-04-21 11:45:36;12;;;;
302608;2;LINES_OF_CODE;2026-04-21 12:38:38;7;;;;
302604;2;LINES_OF_CODE;2026-04-21 13:17:42;7;;;;
302590;2;LINES_OF_CODE;2026-04-21 13:33:55;3;;;;
302596;2;LINES_OF_CODE;2026-04-21 13:52:02;8;;;;
302617;2;LINES_OF_CODE;2026-04-21 13:55:44;14;;;;
302614;2;LINES_OF_CODE;2026-04-21 13:56:57;6;;;;
302592;2;LINES_OF_CODE;2026-04-21 14:19:18;11;;;;
302607;2;LINES_OF_CODE;2026-04-21 14:19:40;14;;;;
302615;2;LINES_OF_CODE;2026-04-21 14:22:21;11;;;;
302606;2;LINES_OF_CODE;2026-04-21 14:29:42;18;;;;
302611;2;LINES_OF_CODE;2026-04-21 14:30:56;2;;;;
302601;2;LINES_OF_CODE;2026-04-21 15:04:09;12;;;;
302591;2;LINES_OF_CODE;2026-04-21 16:00:33;5;;;;
302597;2;LINES_OF_CODE;2026-04-21 16:26:57;12;;;;
302612;2;LINES_OF_CODE;2026-04-21 17:34:43;19;;;;
302613;2;LINES_OF_CODE;2026-04-21 17:39:05;9;;;;
302628;2;LINES_OF_CODE;2026-04-22 08:36:55;10;;;;
302640;2;LINES_OF_CODE;2026-04-22 08:53:19;5;;;;
302636;2;LINES_OF_CODE;2026-04-22 09:09:57;7;;;;
302626;2;LINES_OF_CODE;2026-04-22 09:27:11;6;;;;
302648;2;LINES_OF_CODE;2026-04-22 09:51:07;14;;;;
302643;2;LINES_OF_CODE;2026-04-22 10:48:13;5;;;;
302642;2;LINES_OF_CODE;2026-04-22 11:14:23;12;;;;
302637;2;LINES_OF_CODE;2026-04-22 11:24:12;8;;;;
302646;2;LINES_OF_CODE;2026-04-22 12:09:54;0;;;;
302638;2;LINES_OF_CODE;2026-04-22 12:11:11;9;;;;
302623;2;LINES_OF_CODE;2026-04-22 12:21:21;6;;;;
302620;2;LINES_OF_CODE;2026-04-22 13:06:40;5;;;;
302621;2;LINES_OF_CODE;2026-04-22 13:07:36;7;;;;
302649;2;LINES_OF_CODE;2026-04-22 13:16:27;4;;;;
302639;2;LINES_OF_CODE;2026-04-22 13:21:54;5;;;;
302645;2;LINES_OF_CODE;2026-04-22 14:01:46;10;;;;
302624;2;LINES_OF_CODE;2026-04-22 14:09:59;6;;;;
302631;2;LINES_OF_CODE;2026-04-22 14:16:24;8;;;;
302634;2;LINES_OF_CODE;2026-04-22 14:30:00;4;;;;
302629;2;LINES_OF_CODE;2026-04-22 14:31:04;1;;;;
302633;2;LINES_OF_CODE;2026-04-22 14:50:47;3;;;;
302625;2;LINES_OF_CODE;2026-04-22 14:58:55;7;;;;
302630;2;LINES_OF_CODE;2026-04-22 15:43:39;7;;;;
302632;2;LINES_OF_CODE;2026-04-22 16:03:23;1;;;;
302650;2;LINES_OF_CODE;2026-04-22 16:22:01;25;;;;
302627;2;LINES_OF_CODE;2026-04-22 16:25:52;10;;;;
302622;2;LINES_OF_CODE;2026-04-22 16:43:50;1;;;;
302644;2;LINES_OF_CODE;2026-04-22 17:08:57;9;;;;
302641;2;LINES_OF_CODE;2026-04-22 17:19:37;2;;;;
302647;2;LINES_OF_CODE;2026-04-22 17:40:57;7;;;;
302635;2;LINES_OF_CODE;2026-04-22 17:45:28;7;;;;
302677;2;LINES_OF_CODE;2026-04-23 08:17:46;4;;;;
302668;2;LINES_OF_CODE;2026-04-23 08:20:08;0;;;;
302674;2;LINES_OF_CODE;2026-04-23 11:29:12;3;;;;
302675;2;LINES_OF_CODE;2026-04-23 11:57:14;5;;;;
302679;2;LINES_OF_CODE;2026-04-23 11:58:52;8;;;;
302665;2;LINES_OF_CODE;2026-04-23 12:04:56;4;;;;
302659;2;LINES_OF_CODE;2026-04-23 12:08:41;6;;;;
302655;2;LINES_OF_CODE;2026-04-23 12:31:00;6;;;;
302671;2;LINES_OF_CODE;2026-04-23 12:34:18;6;;;;
302667;2;LINES_OF_CODE;2026-04-23 12:42:56;6;;;;
302663;2;LINES_OF_CODE;2026-04-23 12:48:41;8;;;;
302660;2;LINES_OF_CODE;2026-04-23 13:15:57;12;;;;
302654;2;LINES_OF_CODE;2026-04-23 13:18:57;7;;;;
302666;2;LINES_OF_CODE;2026-04-23 13:54:53;4;;;;
302678;2;LINES_OF_CODE;2026-04-23 14:01:17;5;;;;
302657;2;LINES_OF_CODE;2026-04-23 14:10:52;9;;;;
302651;2;LINES_OF_CODE;2026-04-23 14:26:05;5;;;;
302672;2;LINES_OF_CODE;2026-04-23 14:37:28;4;;;;
302652;2;LINES_OF_CODE;2026-04-23 15:21:07;5;;;;
302656;2;LINES_OF_CODE;2026-04-23 15:31:25;8;;;;
302669;2;LINES_OF_CODE;2026-04-23 15:33:40;7;;;;
302653;2;LINES_OF_CODE;2026-04-23 15:37:38;12;;;;
302673;2;LINES_OF_CODE;2026-04-23 15:58:47;8;;;;
302661;2;LINES_OF_CODE;2026-04-23 16:01:56;5;;;;
302676;2;LINES_OF_CODE;2026-04-23 16:09:20;6;;;;
302670;2;LINES_OF_CODE;2026-04-23 16:21:31;8;;;;
302664;2;LINES_OF_CODE;2026-04-23 16:23:33;9;;;;
302658;2;LINES_OF_CODE;2026-04-23 17:21:22;6;;;;
302662;2;LINES_OF_CODE;2026-04-23 17:27:22;8;;;;
302705;2;LINES_OF_CODE;2026-04-24 08:06:55;10;;;;
302707;2;LINES_OF_CODE;2026-04-24 08:26:45;9;;;;
302681;2;LINES_OF_CODE;2026-04-24 08:44:39;8;;;;
302708;2;LINES_OF_CODE;2026-04-24 08:59:49;21;;;;
302700;2;LINES_OF_CODE;2026-04-24 09:03:24;9;;;;
302690;2;LINES_OF_CODE;2026-04-24 09:12:41;5;;;;
302692;2;LINES_OF_CODE;2026-04-24 09:15:19;7;;;;
302682;2;LINES_OF_CODE;2026-04-24 09:36:49;14;;;;
302695;2;LINES_OF_CODE;2026-04-24 09:50:55;7;;;;
302693;2;LINES_OF_CODE;2026-04-24 10:03:32;13;;;;
302688;2;LINES_OF_CODE;2026-04-24 10:40:34;6;;;;
302691;2;LINES_OF_CODE;2026-04-24 11:17:17;15;;;;
302696;2;LINES_OF_CODE;2026-04-24 11:20:25;21;;;;
302702;2;LINES_OF_CODE;2026-04-24 11:38:58;12;;;;
302684;2;LINES_OF_CODE;2026-04-24 11:44:02;10;;;;
302706;2;LINES_OF_CODE;2026-04-24 12:11:52;9;;;;
302701;2;LINES_OF_CODE;2026-04-24 12:53:56;10;;;;
302685;2;LINES_OF_CODE;2026-04-24 13:05:16;8;;;;
302703;2;LINES_OF_CODE;2026-04-24 13:14:06;9;;;;
302686;2;LINES_OF_CODE;2026-04-24 13:23:25;3;;;;
302683;2;LINES_OF_CODE;2026-04-24 13:33:23;7;;;;
302689;2;LINES_OF_CODE;2026-04-24 14:52:46;13;;;;
302694;2;LINES_OF_CODE;2026-04-24 15:20:26;8;;;;
302699;2;LINES_OF_CODE;2026-04-24 15:30:41;12;;;;
302687;2;LINES_OF_CODE;2026-04-24 16:28:38;13;;;;
302698;2;LINES_OF_CODE;2026-04-24 17:09:13;3;;;;
302704;2;LINES_OF_CODE;2026-04-24 17:30:41;4;;;;
302680;2;LINES_OF_CODE;2026-04-24 17:36:45;5;;;;
302697;2;LINES_OF_CODE;2026-04-24 17:37:20;19;;;;
302713;2;LINES_OF_CODE;2026-04-27 08:00:59;0;;;;
302716;2;LINES_OF_CODE;2026-04-27 08:27:26;2;;;;
302736;2;LINES_OF_CODE;2026-04-27 09:04:11;45;;;;
302721;2;LINES_OF_CODE;2026-04-27 09:06:38;7;;;;
302710;2;LINES_OF_CODE;2026-04-27 09:07:51;7;;;;
302735;2;LINES_OF_CODE;2026-04-27 09:30:13;9;;;;
302731;2;LINES_OF_CODE;2026-04-27 10:00:36;-2;;;;
302729;2;LINES_OF_CODE;2026-04-27 10:23:59;5;;;;
302733;2;LINES_OF_CODE;2026-04-27 10:26:32;13;;;;
302734;2;LINES_OF_CODE;2026-04-27 10:28:11;4;;;;
302722;2;LINES_OF_CODE;2026-04-27 11:01:32;6;;;;
302723;2;LINES_OF_CODE;2026-04-27 11:59:53;12;;;;
302728;2;LINES_OF_CODE;2026-04-27 12:22:29;3;;;;
302717;2;LINES_OF_CODE;2026-04-27 12:37:48;9;;;;
302712;2;LINES_OF_CODE;2026-04-27 13:38:40;7;;;;
302709;2;LINES_OF_CODE;2026-04-27 14:08:16;5;;;;
302715;2;LINES_OF_CODE;2026-04-27 14:12:47;3;;;;
302725;2;LINES_OF_CODE;2026-04-27 14:43:14;6;;;;
302714;2;LINES_OF_CODE;2026-04-27 15:27:36;10;;;;
302727;2;LINES_OF_CODE;2026-04-27 15:33:54;6;;;;
302724;2;LINES_OF_CODE;2026-04-27 15:47:11;4;;;;
302732;2;LINES_OF_CODE;2026-04-27 15:54:44;8;;;;
302711;2;LINES_OF_CODE;2026-04-27 16:01:07;3;;;;
302718;2;LINES_OF_CODE;2026-04-27 16:17:51;10;;;;
302730;2;LINES_OF_CODE;2026-04-27 16:20:27;9;;;;
302719;2;LINES_OF_CODE;2026-04-27 16:52:40;3;;;;
302720;2;LINES_OF_CODE;2026-04-27 17:30:03;9;;;;
302726;2;LINES_OF_CODE;2026-04-27 17:43:27;7;;;;
302740;2;LINES_OF_CODE;2026-04-28 08:13:54;6;;;;
302747;2;LINES_OF_CODE;2026-04-28 08:24:56;0;;;;
302751;2;LINES_OF_CODE;2026-04-28 08:43:36;8;;;;
302762;2;LINES_OF_CODE;2026-04-28 08:49:26;2;;;;
302757;2;LINES_OF_CODE;2026-04-28 09:22:53;5;;;;
302763;2;LINES_OF_CODE;2026-04-28 10:04:45;3;;;;
302737;2;LINES_OF_CODE;2026-04-28 10:06:15;5;;;;
302770;2;LINES_OF_CODE;2026-04-28 10:35:22;1;;;;
302755;2;LINES_OF_CODE;2026-04-28 12:01:40;1;;;;
302745;2;LINES_OF_CODE;2026-04-28 12:02:32;6;;;;
302764;2;LINES_OF_CODE;2026-04-28 12:06:51;4;;;;
302769;2;LINES_OF_CODE;2026-04-28 12:08:47;4;;;;
302767;2;LINES_OF_CODE;2026-04-28 12:23:22;3;;;;
302766;2;LINES_OF_CODE;2026-04-28 12:32:13;2;;;;
302749;2;LINES_OF_CODE;2026-04-28 13:02:35;1;;;;
302756;2;LINES_OF_CODE;2026-04-28 13:20:42;3;;;;
302739;2;LINES_OF_CODE;2026-04-28 13:28:46;5;;;;
302771;2;LINES_OF_CODE;2026-04-28 13:40:20;16;;;;
302768;2;LINES_OF_CODE;2026-04-28 13:42:02;4;;;;
302759;2;LINES_OF_CODE;2026-04-28 13:42:06;1;;;;
302750;2;LINES_OF_CODE;2026-04-28 14:17:24;6;;;;
302758;2;LINES_OF_CODE;2026-04-28 14:23:12;7;;;;
302744;2;LINES_OF_CODE;2026-04-28 14:36:01;4;;;;
302753;2;LINES_OF_CODE;2026-04-28 15:02:07;2;;;;
302741;2;LINES_OF_CODE;2026-04-28 15:18:10;8;;;;
302746;2;LINES_OF_CODE;2026-04-28 15:39:30;6;;;;
302742;2;LINES_OF_CODE;2026-04-28 15:45:41;5;;;;
302754;2;LINES_OF_CODE;2026-04-28 15:46:03;7;;;;
302760;2;LINES_OF_CODE;2026-04-28 16:04:23;5;;;;
302748;2;LINES_OF_CODE;2026-04-28 16:15:08;5;;;;
302743;2;LINES_OF_CODE;2026-04-28 16:44:03;5;;;;
302765;2;LINES_OF_CODE;2026-04-28 16:44:46;3;;;;
302752;2;LINES_OF_CODE;2026-04-28 16:48:45;2;;;;
302761;2;LINES_OF_CODE;2026-04-28 17:46:07;2;;;;
302738;2;LINES_OF_CODE;2026-04-28 17:57:00;4;;;;
302772;2;LINES_OF_CODE;2026-04-29 08:09:30;9;;;;
302788;2;LINES_OF_CODE;2026-04-29 09:10:12;17;;;;
302783;2;LINES_OF_CODE;2026-04-29 10:01:02;18;;;;
302778;2;LINES_OF_CODE;2026-04-29 10:33:21;6;;;;
302774;2;LINES_OF_CODE;2026-04-29 10:44:58;8;;;;
302779;2;LINES_OF_CODE;2026-04-29 10:52:32;-15;;;;
302797;2;LINES_OF_CODE;2026-04-29 11:16:08;0;;;;
302786;2;LINES_OF_CODE;2026-04-29 11:18:23;10;;;;
302777;2;LINES_OF_CODE;2026-04-29 11:26:43;18;;;;
302793;2;LINES_OF_CODE;2026-04-29 12:40:29;18;;;;
302773;2;LINES_OF_CODE;2026-04-29 12:44:10;18;;;;
302790;2;LINES_OF_CODE;2026-04-29 12:47:47;15;;;;
302792;2;LINES_OF_CODE;2026-04-29 12:48:07;30;;;;
302776;2;LINES_OF_CODE;2026-04-29 12:48:32;26;;;;
302782;2;LINES_OF_CODE;2026-04-29 13:06:21;12;;;;
302789;2;LINES_OF_CODE;2026-04-29 13:38:10;11;;;;
302784;2;LINES_OF_CODE;2026-04-29 13:42:54;12;;;;
302787;2;LINES_OF_CODE;2026-04-29 13:47:30;14;;;;
302794;2;LINES_OF_CODE;2026-04-29 13:57:43;16;;;;
302795;2;LINES_OF_CODE;2026-04-29 14:16:23;31;;;;
302796;2;LINES_OF_CODE;2026-04-29 14:56:03;11;;;;
302780;2;LINES_OF_CODE;2026-04-29 15:09:09;19;;;;
302781;2;LINES_OF_CODE;2026-04-29 15:40:20;7;;;;
302791;2;LINES_OF_CODE;2026-04-29 16:02:53;31;;;;
302775;2;LINES_OF_CODE;2026-04-29 16:34:23;29;;;;
302785;2;LINES_OF_CODE;2026-04-29 17:10:07;10;;;;
302799;2;LINES_OF_CODE;2026-04-30 08:10:23;9;;;;
302815;2;LINES_OF_CODE;2026-04-30 08:17:07;14;;;;
302821;2;LINES_OF_CODE;2026-04-30 08:23:05;11;;;;
302832;2;LINES_OF_CODE;2026-04-30 08:58:57;0;;;;
302824;2;LINES_OF_CODE;2026-04-30 10:05:46;9;;;;
302823;2;LINES_OF_CODE;2026-04-30 10:07:18;6;;;;
302829;2;LINES_OF_CODE;2026-04-30 10:55:32;21;;;;
302828;2;LINES_OF_CODE;2026-04-30 10:56:31;22;;;;
302814;2;LINES_OF_CODE;2026-04-30 10:59:15;15;;;;
302806;2;LINES_OF_CODE;2026-04-30 11:12:22;5;;;;
302830;2;LINES_OF_CODE;2026-04-30 11:27:57;0;;;;
302803;2;LINES_OF_CODE;2026-04-30 11:34:56;13;;;;
302813;2;LINES_OF_CODE;2026-04-30 11:56:54;7;;;;
302827;2;LINES_OF_CODE;2026-04-30 12:00:49;11;;;;
302809;2;LINES_OF_CODE;2026-04-30 12:08:05;12;;;;
302825;2;LINES_OF_CODE;2026-04-30 12:18:09;14;;;;
302808;2;LINES_OF_CODE;2026-04-30 12:32:20;8;;;;
302805;2;LINES_OF_CODE;2026-04-30 12:34:59;7;;;;
302800;2;LINES_OF_CODE;2026-04-30 12:35:11;12;;;;
302801;2;LINES_OF_CODE;2026-04-30 12:51:22;8;;;;
302819;2;LINES_OF_CODE;2026-04-30 13:14:14;9;;;;
302810;2;LINES_OF_CODE;2026-04-30 13:26:18;10;;;;
302831;2;LINES_OF_CODE;2026-04-30 13:44:55;0;;;;
302818;2;LINES_OF_CODE;2026-04-30 14:06:54;10;;;;
302820;2;LINES_OF_CODE;2026-04-30 15:36:58;15;;;;
302822;2;LINES_OF_CODE;2026-04-30 15:55:00;9;;;;
302798;2;LINES_OF_CODE;2026-04-30 15:55:22;12;;;;
302812;2;LINES_OF_CODE;2026-04-30 15:59:17;19;;;;
302817;2;LINES_OF_CODE;2026-04-30 16:36:16;13;;;;
302826;2;LINES_OF_CODE;2026-04-30 16:37:10;7;;;;
302802;2;LINES_OF_CODE;2026-04-30 17:14:03;18;;;;
302816;2;LINES_OF_CODE;2026-04-30 17:14:19;14;;;;
302811;2;LINES_OF_CODE;2026-04-30 17:20:51;4;;;;
302807;2;LINES_OF_CODE;2026-04-30 17:31:58;13;;;;
302804;2;LINES_OF_CODE;2026-04-30 17:42:52;12;;;;
302856;2;LINES_OF_CODE;2026-05-01 08:06:44;12;;;;
302840;2;LINES_OF_CODE;2026-05-01 08:35:28;-3;;;;
302849;2;LINES_OF_CODE;2026-05-01 09:04:22;9;;;;
302853;2;LINES_OF_CODE;2026-05-01 09:15:53;6;;;;
302868;2;LINES_OF_CODE;2026-05-01 09:20:50;42;;;;
302836;2;LINES_OF_CODE;2026-05-01 09:25:34;4;;;;
302842;2;LINES_OF_CODE;2026-05-01 09:37:27;8;;;;
302865;2;LINES_OF_CODE;2026-05-01 09:39:57;7;;;;
302860;2;LINES_OF_CODE;2026-05-01 09:46:18;6;;;;
302862;2;LINES_OF_CODE;2026-05-01 09:52:05;7;;;;
302864;2;LINES_OF_CODE;2026-05-01 10:30:53;9;;;;
302855;2;LINES_OF_CODE;2026-05-01 10:37:09;8;;;;
302843;2;LINES_OF_CODE;2026-05-01 10:50:56;4;;;;
302841;2;LINES_OF_CODE;2026-05-01 11:00:12;9;;;;
302863;2;LINES_OF_CODE;2026-05-01 11:14:27;0;;;;
302866;2;LINES_OF_CODE;2026-05-01 11:59:42;10;;;;
302838;2;LINES_OF_CODE;2026-05-01 12:09:11;1;;;;
302834;2;LINES_OF_CODE;2026-05-01 12:15:18;9;;;;
302852;2;LINES_OF_CODE;2026-05-01 12:18:36;5;;;;
302848;2;LINES_OF_CODE;2026-05-01 12:21:46;2;;;;
302850;2;LINES_OF_CODE;2026-05-01 12:38:24;7;;;;
302837;2;LINES_OF_CODE;2026-05-01 12:46:27;13;;;;
302835;2;LINES_OF_CODE;2026-05-01 12:55:33;1;;;;
302839;2;LINES_OF_CODE;2026-05-01 13:42:21;6;;;;
302867;2;LINES_OF_CODE;2026-05-01 14:09:10;15;;;;
302857;2;LINES_OF_CODE;2026-05-01 14:51:01;4;;;;
302833;2;LINES_OF_CODE;2026-05-01 15:47:47;10;;;;
302858;2;LINES_OF_CODE;2026-05-01 16:15:14;3;;;;
302846;2;LINES_OF_CODE;2026-05-01 16:17:41;3;;;;
302847;2;LINES_OF_CODE;2026-05-01 16:20:28;8;;;;
302851;2;LINES_OF_CODE;2026-05-01 16:57:21;12;;;;
302859;2;LINES_OF_CODE;2026-05-01 17:18:08;7;;;;
302844;2;LINES_OF_CODE;2026-05-01 17:24:57;8;;;;
302861;2;LINES_OF_CODE;2026-05-01 17:37:10;10;;;;
302845;2;LINES_OF_CODE;2026-05-01 17:49:29;4;;;;
302854;2;LINES_OF_CODE;2026-05-01 17:53:49;16;;;;
302903;2;LINES_OF_CODE;2026-05-04 08:00:57;21;;;;
302888;2;LINES_OF_CODE;2026-05-04 08:09:31;21;;;;
302892;2;LINES_OF_CODE;2026-05-04 09:10:24;18;;;;
302882;2;LINES_OF_CODE;2026-05-04 09:10:25;8;;;;
302891;2;LINES_OF_CODE;2026-05-04 09:15:09;15;;;;
302884;2;LINES_OF_CODE;2026-05-04 09:17:07;21;;;;
302900;2;LINES_OF_CODE;2026-05-04 09:38:50;21;;;;
302899;2;LINES_OF_CODE;2026-05-04 10:00:33;22;;;;
302893;2;LINES_OF_CODE;2026-05-04 10:47:53;22;;;;
302874;2;LINES_OF_CODE;2026-05-04 10:54:54;5;;;;
302890;2;LINES_OF_CODE;2026-05-04 11:48:32;5;;;;
302897;2;LINES_OF_CODE;2026-05-04 12:13:47;14;;;;
302879;2;LINES_OF_CODE;2026-05-04 12:25:19;15;;;;
302872;2;LINES_OF_CODE;2026-05-04 12:25:22;27;;;;
302883;2;LINES_OF_CODE;2026-05-04 12:26:14;7;;;;
302871;2;LINES_OF_CODE;2026-05-04 12:32:16;24;;;;
302894;2;LINES_OF_CODE;2026-05-04 12:53:34;17;;;;
302878;2;LINES_OF_CODE;2026-05-04 13:21:39;22;;;;
302904;2;LINES_OF_CODE;2026-05-04 13:27:09;7;;;;
302876;2;LINES_OF_CODE;2026-05-04 14:14:57;10;;;;
302869;2;LINES_OF_CODE;2026-05-04 14:27:23;17;;;;
302881;2;LINES_OF_CODE;2026-05-04 14:46:01;16;;;;
302875;2;LINES_OF_CODE;2026-05-04 14:46:51;3;;;;
302885;2;LINES_OF_CODE;2026-05-04 14:53:05;18;;;;
302886;2;LINES_OF_CODE;2026-05-04 15:36:52;26;;;;
302901;2;LINES_OF_CODE;2026-05-04 15:38:47;19;;;;
302877;2;LINES_OF_CODE;2026-05-04 15:45:56;10;;;;
302889;2;LINES_OF_CODE;2026-05-04 15:46:09;14;;;;
302887;2;LINES_OF_CODE;2026-05-04 16:06:20;15;;;;
302895;2;LINES_OF_CODE;2026-05-04 16:18:10;13;;;;
302896;2;LINES_OF_CODE;2026-05-04 16:30:27;17;;;;
302902;2;LINES_OF_CODE;2026-05-04 16:36:41;9;;;;
302873;2;LINES_OF_CODE;2026-05-04 17:03:20;13;;;;
302870;2;LINES_OF_CODE;2026-05-04 17:11:02;16;;;;
302898;2;LINES_OF_CODE;2026-05-04 17:20:18;15;;;;
302880;2;LINES_OF_CODE;2026-05-04 17:47:15;15;;;;
302926;2;LINES_OF_CODE;2026-05-05 08:24:09;13;;;;
302909;2;LINES_OF_CODE;2026-05-05 08:39:38;8;;;;
302906;2;LINES_OF_CODE;2026-05-05 09:00:34;9;;;;
302910;2;LINES_OF_CODE;2026-05-05 09:04:40;2;;;;
302928;2;LINES_OF_CODE;2026-05-05 09:15:31;10;;;;
302919;2;LINES_OF_CODE;2026-05-05 09:26:27;7;;;;
302913;2;LINES_OF_CODE;2026-05-05 11:12:48;8;;;;
302920;2;LINES_OF_CODE;2026-05-05 12:51:11;23;;;;
302922;2;LINES_OF_CODE;2026-05-05 12:54:27;3;;;;
302908;2;LINES_OF_CODE;2026-05-05 13:06:35;7;;;;
302921;2;LINES_OF_CODE;2026-05-05 13:48:09;16;;;;
302932;2;LINES_OF_CODE;2026-05-05 13:55:48;58;;;;
302915;2;LINES_OF_CODE;2026-05-05 14:06:05;12;;;;
302916;2;LINES_OF_CODE;2026-05-05 14:08:02;12;;;;
302905;2;LINES_OF_CODE;2026-05-05 14:13:47;16;;;;
302923;2;LINES_OF_CODE;2026-05-05 14:16:21;37;;;;
302907;2;LINES_OF_CODE;2026-05-05 14:31:06;12;;;;
302930;2;LINES_OF_CODE;2026-05-05 14:37:11;30;;;;
302927;2;LINES_OF_CODE;2026-05-05 14:55:17;15;;;;
302925;2;LINES_OF_CODE;2026-05-05 15:18:12;21;;;;
302914;2;LINES_OF_CODE;2026-05-05 15:37:03;16;;;;
302924;2;LINES_OF_CODE;2026-05-05 15:38:29;7;;;;
302929;2;LINES_OF_CODE;2026-05-05 15:40:49;22;;;;
302917;2;LINES_OF_CODE;2026-05-05 16:04:37;7;;;;
302931;2;LINES_OF_CODE;2026-05-05 16:17:52;20;;;;
302918;2;LINES_OF_CODE;2026-05-05 17:36:02;8;;;;
302912;2;LINES_OF_CODE;2026-05-05 17:52:19;13;;;;
302911;2;LINES_OF_CODE;2026-05-05 17:54:19;11;;;;
302949;2;LINES_OF_CODE;2026-05-06 08:33:18;5;;;;
302947;2;LINES_OF_CODE;2026-05-06 08:34:56;10;;;;
302939;2;LINES_OF_CODE;2026-05-06 08:37:15;9;;;;
302968;2;LINES_OF_CODE;2026-05-06 09:14:33;13;;;;
302950;2;LINES_OF_CODE;2026-05-06 09:28:02;1;;;;
302972;2;LINES_OF_CODE;2026-05-06 09:33:13;0;;;;
302956;2;LINES_OF_CODE;2026-05-06 09:34:11;4;;;;
302954;2;LINES_OF_CODE;2026-05-06 09:45:48;11;;;;
302959;2;LINES_OF_CODE;2026-05-06 09:52:36;10;;;;
302963;2;LINES_OF_CODE;2026-05-06 10:03:22;8;;;;
302933;2;LINES_OF_CODE;2026-05-06 10:17:55;11;;;;
302938;2;LINES_OF_CODE;2026-05-06 10:33:34;16;;;;
302969;2;LINES_OF_CODE;2026-05-06 10:46:16;10;;;;
302942;2;LINES_OF_CODE;2026-05-06 10:50:41;17;;;;
302964;2;LINES_OF_CODE;2026-05-06 10:55:21;11;;;;
302952;2;LINES_OF_CODE;2026-05-06 11:09:36;7;;;;
302941;2;LINES_OF_CODE;2026-05-06 11:15:23;4;;;;
302955;2;LINES_OF_CODE;2026-05-06 11:34:43;12;;;;
302948;2;LINES_OF_CODE;2026-05-06 12:21:26;15;;;;
302945;2;LINES_OF_CODE;2026-05-06 12:50:33;4;;;;
302961;2;LINES_OF_CODE;2026-05-06 12:52:29;13;;;;
302943;2;LINES_OF_CODE;2026-05-06 13:17:16;15;;;;
302965;2;LINES_OF_CODE;2026-05-06 13:38:31;3;;;;
302966;2;LINES_OF_CODE;2026-05-06 13:49:08;9;;;;
302946;2;LINES_OF_CODE;2026-05-06 13:52:33;3;;;;
302944;2;LINES_OF_CODE;2026-05-06 14:06:12;22;;;;
302936;2;LINES_OF_CODE;2026-05-06 14:10:32;4;;;;
302958;2;LINES_OF_CODE;2026-05-06 14:22:45;11;;;;
302970;2;LINES_OF_CODE;2026-05-06 14:32:50;1;;;;
302953;2;LINES_OF_CODE;2026-05-06 14:36:22;12;;;;
302962;2;LINES_OF_CODE;2026-05-06 14:37:39;5;;;;
302960;2;LINES_OF_CODE;2026-05-06 15:02:04;9;;;;
302971;2;LINES_OF_CODE;2026-05-06 15:11:25;0;;;;
302935;2;LINES_OF_CODE;2026-05-06 15:23:05;6;;;;
302937;2;LINES_OF_CODE;2026-05-06 15:48:18;14;;;;
302967;2;LINES_OF_CODE;2026-05-06 15:54:18;2;;;;
302934;2;LINES_OF_CODE;2026-05-06 16:28:55;12;;;;
302957;2;LINES_OF_CODE;2026-05-06 16:53:06;8;;;;
302940;2;LINES_OF_CODE;2026-05-06 16:54:14;9;;;;
302951;2;LINES_OF_CODE;2026-05-06 17:06:20;2;;;;
303010;2;LINES_OF_CODE;2026-05-07 08:03:13;2;;;;
302987;2;LINES_OF_CODE;2026-05-07 08:42:59;3;;;;
303011;2;LINES_OF_CODE;2026-05-07 08:46:43;30;;;;
302986;2;LINES_OF_CODE;2026-05-07 08:55:09;10;;;;
303006;2;LINES_OF_CODE;2026-05-07 09:02:14;6;;;;
302974;2;LINES_OF_CODE;2026-05-07 09:22:27;15;;;;
303001;2;LINES_OF_CODE;2026-05-07 10:05:00;8;;;;
303002;2;LINES_OF_CODE;2026-05-07 10:05:05;15;;;;
302997;2;LINES_OF_CODE;2026-05-07 10:05:06;8;;;;
302985;2;LINES_OF_CODE;2026-05-07 10:07:09;5;;;;
302994;2;LINES_OF_CODE;2026-05-07 10:18:41;17;;;;
302988;2;LINES_OF_CODE;2026-05-07 10:42:07;9;;;;
302992;2;LINES_OF_CODE;2026-05-07 10:47:57;12;;;;
303004;2;LINES_OF_CODE;2026-05-07 11:13:24;19;;;;
302995;2;LINES_OF_CODE;2026-05-07 11:28:40;20;;;;
302975;2;LINES_OF_CODE;2026-05-07 11:31:45;16;;;;
302993;2;LINES_OF_CODE;2026-05-07 11:42:43;15;;;;
302998;2;LINES_OF_CODE;2026-05-07 11:48:09;18;;;;
303005;2;LINES_OF_CODE;2026-05-07 11:54:01;9;;;;
302982;2;LINES_OF_CODE;2026-05-07 11:54:23;11;;;;
303012;2;LINES_OF_CODE;2026-05-07 12:20:39;43;;;;
302983;2;LINES_OF_CODE;2026-05-07 12:32:49;15;;;;
302991;2;LINES_OF_CODE;2026-05-07 13:16:40;15;;;;
302981;2;LINES_OF_CODE;2026-05-07 13:29:44;16;;;;
302984;2;LINES_OF_CODE;2026-05-07 13:32:17;12;;;;
302979;2;LINES_OF_CODE;2026-05-07 13:37:02;25;;;;
303008;2;LINES_OF_CODE;2026-05-07 14:02:07;1;;;;
303003;2;LINES_OF_CODE;2026-05-07 14:55:34;14;;;;
303000;2;LINES_OF_CODE;2026-05-07 15:15:21;14;;;;
302978;2;LINES_OF_CODE;2026-05-07 15:17:33;14;;;;
303007;2;LINES_OF_CODE;2026-05-07 15:32:19;12;;;;
302973;2;LINES_OF_CODE;2026-05-07 15:58:57;26;;;;
302990;2;LINES_OF_CODE;2026-05-07 16:03:22;8;;;;
302999;2;LINES_OF_CODE;2026-05-07 16:18:21;18;;;;
302980;2;LINES_OF_CODE;2026-05-07 16:21:08;21;;;;
303009;2;LINES_OF_CODE;2026-05-07 16:52:41;11;;;;
302977;2;LINES_OF_CODE;2026-05-07 17:11:59;18;;;;
302976;2;LINES_OF_CODE;2026-05-07 17:32:00;4;;;;
302989;2;LINES_OF_CODE;2026-05-07 17:32:37;22;;;;
302996;2;LINES_OF_CODE;2026-05-07 17:47:35;-11;;;;
303029;2;LINES_OF_CODE;2026-05-08 08:02:36;19;;;;
303015;2;LINES_OF_CODE;2026-05-08 08:16:03;5;;;;
303035;2;LINES_OF_CODE;2026-05-08 08:25:43;9;;;;
303022;2;LINES_OF_CODE;2026-05-08 08:25:49;16;;;;
303021;2;LINES_OF_CODE;2026-05-08 08:30:30;7;;;;
303045;2;LINES_OF_CODE;2026-05-08 09:34:21;13;;;;
303037;2;LINES_OF_CODE;2026-05-08 10:23:54;17;;;;
303019;2;LINES_OF_CODE;2026-05-08 10:42:19;15;;;;
303047;2;LINES_OF_CODE;2026-05-08 10:48:27;7;;;;
303041;2;LINES_OF_CODE;2026-05-08 10:53:03;4;;;;
303018;2;LINES_OF_CODE;2026-05-08 11:25:55;7;;;;
303046;2;LINES_OF_CODE;2026-05-08 11:45:15;17;;;;
303036;2;LINES_OF_CODE;2026-05-08 11:57:01;6;;;;
303026;2;LINES_OF_CODE;2026-05-08 12:03:47;13;;;;
303013;2;LINES_OF_CODE;2026-05-08 12:11:11;15;;;;
303040;2;LINES_OF_CODE;2026-05-08 12:35:50;9;;;;
303028;2;LINES_OF_CODE;2026-05-08 12:49:14;17;;;;
303038;2;LINES_OF_CODE;2026-05-08 12:57:31;7;;;;
303020;2;LINES_OF_CODE;2026-05-08 13:27:50;8;;;;
303024;2;LINES_OF_CODE;2026-05-08 13:28:39;15;;;;
303044;2;LINES_OF_CODE;2026-05-08 13:50:46;5;;;;
303042;2;LINES_OF_CODE;2026-05-08 14:46:24;14;;;;
303030;2;LINES_OF_CODE;2026-05-08 14:48:40;14;;;;
303050;2;LINES_OF_CODE;2026-05-08 15:06:58;27;;;;
303031;2;LINES_OF_CODE;2026-05-08 15:13:38;3;;;;
303016;2;LINES_OF_CODE;2026-05-08 15:21:09;8;;;;
303032;2;LINES_OF_CODE;2026-05-08 15:25:29;0;;;;
303033;2;LINES_OF_CODE;2026-05-08 15:59:10;9;;;;
303014;2;LINES_OF_CODE;2026-05-08 16:07:01;17;;;;
303034;2;LINES_OF_CODE;2026-05-08 16:07:30;8;;;;
303043;2;LINES_OF_CODE;2026-05-08 16:08:27;2;;;;
303027;2;LINES_OF_CODE;2026-05-08 16:27:39;12;;;;
303023;2;LINES_OF_CODE;2026-05-08 16:34:35;10;;;;
303039;2;LINES_OF_CODE;2026-05-08 16:46:30;4;;;;
303048;2;LINES_OF_CODE;2026-05-08 16:54:40;11;;;;
303025;2;LINES_OF_CODE;2026-05-08 17:48:03;12;;;;
303017;2;LINES_OF_CODE;2026-05-08 17:52:13;8;;;;
303049;2;LINES_OF_CODE;2026-05-08 17:57:49;9;;;;
303059;2;LINES_OF_CODE;2026-05-11 09:07:22;15;;;;
303076;2;LINES_OF_CODE;2026-05-11 09:30:06;24;;;;
303075;2;LINES_OF_CODE;2026-05-11 09:30:56;9;;;;
303071;2;LINES_OF_CODE;2026-05-11 10:04:24;41;;;;
303065;2;LINES_OF_CODE;2026-05-11 10:05:25;15;;;;
303053;2;LINES_OF_CODE;2026-05-11 10:33:15;9;;;;
303067;2;LINES_OF_CODE;2026-05-11 10:35:38;9;;;;
303074;2;LINES_OF_CODE;2026-05-11 10:58:20;31;;;;
303060;2;LINES_OF_CODE;2026-05-11 11:05:17;25;;;;
303051;2;LINES_OF_CODE;2026-05-11 11:56:56;20;;;;
303055;2;LINES_OF_CODE;2026-05-11 12:30:14;15;;;;
303056;2;LINES_OF_CODE;2026-05-11 12:45:55;31;;;;
303069;2;LINES_OF_CODE;2026-05-11 13:12:59;48;;;;
303073;2;LINES_OF_CODE;2026-05-11 14:11:26;25;;;;
303072;2;LINES_OF_CODE;2026-05-11 14:22:12;20;;;;
303068;2;LINES_OF_CODE;2026-05-11 14:24:42;13;;;;
303066;2;LINES_OF_CODE;2026-05-11 14:37:30;38;;;;
303062;2;LINES_OF_CODE;2026-05-11 14:39:54;15;;;;
303070;2;LINES_OF_CODE;2026-05-11 14:53:12;23;;;;
303052;2;LINES_OF_CODE;2026-05-11 14:55:02;19;;;;
303054;2;LINES_OF_CODE;2026-05-11 15:22:12;36;;;;
303063;2;LINES_OF_CODE;2026-05-11 15:42:50;25;;;;
303058;2;LINES_OF_CODE;2026-05-11 16:13:50;32;;;;
303077;2;LINES_OF_CODE;2026-05-11 17:24:59;77;;;;
303061;2;LINES_OF_CODE;2026-05-11 17:42:12;11;;;;
303057;2;LINES_OF_CODE;2026-05-11 17:48:41;24;;;;
303064;2;LINES_OF_CODE;2026-05-11 17:56:35;22;;;;
303078;2;LINES_OF_CODE;2026-05-12 08:05:30;8;;;;
303098;2;LINES_OF_CODE;2026-05-12 08:14:02;5;;;;
303106;2;LINES_OF_CODE;2026-05-12 08:22:23;9;;;;
303108;2;LINES_OF_CODE;2026-05-12 08:40:06;10;;;;
303092;2;LINES_OF_CODE;2026-05-12 08:43:11;8;;;;
303088;2;LINES_OF_CODE;2026-05-12 09:34:14;7;;;;
303082;2;LINES_OF_CODE;2026-05-12 09:53:19;8;;;;
303105;2;LINES_OF_CODE;2026-05-12 09:55:37;14;;;;
303093;2;LINES_OF_CODE;2026-05-12 09:55:55;17;;;;
303089;2;LINES_OF_CODE;2026-05-12 09:59:54;13;;;;
303099;2;LINES_OF_CODE;2026-05-12 10:29:29;6;;;;
303091;2;LINES_OF_CODE;2026-05-12 11:44:19;13;;;;
303079;2;LINES_OF_CODE;2026-05-12 11:47:50;10;;;;
303096;2;LINES_OF_CODE;2026-05-12 12:01:05;11;;;;
303110;2;LINES_OF_CODE;2026-05-12 12:28:36;8;;;;
303100;2;LINES_OF_CODE;2026-05-12 13:04:32;7;;;;
303107;2;LINES_OF_CODE;2026-05-12 13:11:39;6;;;;
303081;2;LINES_OF_CODE;2026-05-12 13:51:09;9;;;;
303080;2;LINES_OF_CODE;2026-05-12 14:16:12;10;;;;
303085;2;LINES_OF_CODE;2026-05-12 14:39:54;14;;;;
303103;2;LINES_OF_CODE;2026-05-12 14:45:28;10;;;;
303090;2;LINES_OF_CODE;2026-05-12 14:51:19;9;;;;
303083;2;LINES_OF_CODE;2026-05-12 15:09:19;6;;;;
303095;2;LINES_OF_CODE;2026-05-12 15:11:57;20;;;;
303111;2;LINES_OF_CODE;2026-05-12 15:15:34;0;;;;
303109;2;LINES_OF_CODE;2026-05-12 15:25:45;12;;;;
303104;2;LINES_OF_CODE;2026-05-12 15:45:37;9;;;;
303101;2;LINES_OF_CODE;2026-05-12 16:06:30;8;;;;
303112;2;LINES_OF_CODE;2026-05-12 16:07:16;0;;;;
303102;2;LINES_OF_CODE;2026-05-12 16:07:55;8;;;;
303086;2;LINES_OF_CODE;2026-05-12 16:11:18;12;;;;
303084;2;LINES_OF_CODE;2026-05-12 16:25:12;3;;;;
303087;2;LINES_OF_CODE;2026-05-12 16:58:09;8;;;;
303094;2;LINES_OF_CODE;2026-05-12 17:02:43;18;;;;
303097;2;LINES_OF_CODE;2026-05-12 17:39:58;8;;;;
303148;2;LINES_OF_CODE;2026-05-13 08:16:54;15;;;;
303145;2;LINES_OF_CODE;2026-05-13 08:35:28;6;;;;
303136;2;LINES_OF_CODE;2026-05-13 08:36:17;6;;;;
303120;2;LINES_OF_CODE;2026-05-13 09:23:52;12;;;;
303131;2;LINES_OF_CODE;2026-05-13 09:49:33;8;;;;
303114;2;LINES_OF_CODE;2026-05-13 10:07:20;19;;;;
303147;2;LINES_OF_CODE;2026-05-13 11:06:24;18;;;;
303124;2;LINES_OF_CODE;2026-05-13 11:17:28;13;;;;
303115;2;LINES_OF_CODE;2026-05-13 11:27:27;14;;;;
303149;2;LINES_OF_CODE;2026-05-13 11:27:47;3;;;;
303138;2;LINES_OF_CODE;2026-05-13 11:34:09;0;;;;
303128;2;LINES_OF_CODE;2026-05-13 11:35:20;2;;;;
303133;2;LINES_OF_CODE;2026-05-13 11:36:28;10;;;;
303125;2;LINES_OF_CODE;2026-05-13 11:43:34;7;;;;
303142;2;LINES_OF_CODE;2026-05-13 11:52:58;4;;;;
303135;2;LINES_OF_CODE;2026-05-13 12:05:36;5;;;;
303118;2;LINES_OF_CODE;2026-05-13 12:12:38;15;;;;
303141;2;LINES_OF_CODE;2026-05-13 12:22:54;2;;;;
303132;2;LINES_OF_CODE;2026-05-13 12:48:26;7;;;;
303144;2;LINES_OF_CODE;2026-05-13 12:56:06;9;;;;
303121;2;LINES_OF_CODE;2026-05-13 13:39:44;-1;;;;
303126;2;LINES_OF_CODE;2026-05-13 13:41:29;13;;;;
303119;2;LINES_OF_CODE;2026-05-13 14:21:01;13;;;;
303113;2;LINES_OF_CODE;2026-05-13 14:43:03;5;;;;
303134;2;LINES_OF_CODE;2026-05-13 14:58:49;6;;;;
303129;2;LINES_OF_CODE;2026-05-13 14:59:56;3;;;;
303140;2;LINES_OF_CODE;2026-05-13 15:09:02;9;;;;
303143;2;LINES_OF_CODE;2026-05-13 15:17:53;7;;;;
303117;2;LINES_OF_CODE;2026-05-13 15:23:59;5;;;;
303116;2;LINES_OF_CODE;2026-05-13 15:36:04;12;;;;
303123;2;LINES_OF_CODE;2026-05-13 16:07:48;9;;;;
303122;2;LINES_OF_CODE;2026-05-13 16:14:58;8;;;;
303150;2;LINES_OF_CODE;2026-05-13 16:51:26;0;;;;
303139;2;LINES_OF_CODE;2026-05-13 17:04:26;10;;;;
303137;2;LINES_OF_CODE;2026-05-13 17:19:29;8;;;;
303151;2;LINES_OF_CODE;2026-05-13 17:22:07;0;;;;
303127;2;LINES_OF_CODE;2026-05-13 17:27:34;9;;;;
303146;2;LINES_OF_CODE;2026-05-13 17:28:15;6;;;;
303130;2;LINES_OF_CODE;2026-05-13 17:55:52;12;;;;
303165;2;LINES_OF_CODE;2026-05-14 08:01:55;18;;;;
303163;2;LINES_OF_CODE;2026-05-14 08:26:31;11;;;;
303164;2;LINES_OF_CODE;2026-05-14 08:44:35;30;;;;
303154;2;LINES_OF_CODE;2026-05-14 10:46:34;9;;;;
303173;2;LINES_OF_CODE;2026-05-14 11:06:33;12;;;;
303167;2;LINES_OF_CODE;2026-05-14 11:35:41;21;;;;
303157;2;LINES_OF_CODE;2026-05-14 11:56:10;37;;;;
303175;2;LINES_OF_CODE;2026-05-14 12:03:43;21;;;;
303166;2;LINES_OF_CODE;2026-05-14 12:18:59;-5;;;;
303171;2;LINES_OF_CODE;2026-05-14 12:34:11;16;;;;
303169;2;LINES_OF_CODE;2026-05-14 12:51:18;12;;;;
303161;2;LINES_OF_CODE;2026-05-14 12:52:10;29;;;;
303176;2;LINES_OF_CODE;2026-05-14 13:29:39;18;;;;
303159;2;LINES_OF_CODE;2026-05-14 14:24:39;16;;;;
303174;2;LINES_OF_CODE;2026-05-14 15:19:31;30;;;;
303153;2;LINES_OF_CODE;2026-05-14 15:51:24;18;;;;
303160;2;LINES_OF_CODE;2026-05-14 16:05:23;27;;;;
303156;2;LINES_OF_CODE;2026-05-14 16:11:53;8;;;;
303152;2;LINES_OF_CODE;2026-05-14 16:16:55;20;;;;
303172;2;LINES_OF_CODE;2026-05-14 16:40:38;9;;;;
303170;2;LINES_OF_CODE;2026-05-14 16:51:16;10;;;;
303162;2;LINES_OF_CODE;2026-05-14 17:04:32;21;;;;
303155;2;LINES_OF_CODE;2026-05-14 17:18:30;-1;;;;
303158;2;LINES_OF_CODE;2026-05-14 17:38:57;31;;;;
303168;2;LINES_OF_CODE;2026-05-14 17:49:35;7;;;;
303203;2;LINES_OF_CODE;2026-05-15 08:21:01;9;;;;
303190;2;LINES_OF_CODE;2026-05-15 08:35:43;8;;;;
303184;2;LINES_OF_CODE;2026-05-15 08:41:36;14;;;;
303185;2;LINES_OF_CODE;2026-05-15 08:51:15;2;;;;
303213;2;LINES_OF_CODE;2026-05-15 09:00:36;48;;;;
303209;2;LINES_OF_CODE;2026-05-15 09:15:15;7;;;;
303194;2;LINES_OF_CODE;2026-05-15 09:16:43;11;;;;
303187;2;LINES_OF_CODE;2026-05-15 09:24:42;6;;;;
303179;2;LINES_OF_CODE;2026-05-15 09:56:56;12;;;;
303192;2;LINES_OF_CODE;2026-05-15 10:04:11;5;;;;
303208;2;LINES_OF_CODE;2026-05-15 10:07:35;9;;;;
303188;2;LINES_OF_CODE;2026-05-15 10:24:13;7;;;;
303205;2;LINES_OF_CODE;2026-05-15 10:27:05;5;;;;
303183;2;LINES_OF_CODE;2026-05-15 10:37:24;6;;;;
303210;2;LINES_OF_CODE;2026-05-15 10:43:18;12;;;;
303198;2;LINES_OF_CODE;2026-05-15 10:46:18;15;;;;
303211;2;LINES_OF_CODE;2026-05-15 10:56:01;10;;;;
303180;2;LINES_OF_CODE;2026-05-15 12:00:17;3;;;;
303182;2;LINES_OF_CODE;2026-05-15 12:01:07;10;;;;
303199;2;LINES_OF_CODE;2026-05-15 12:21:19;10;;;;
303197;2;LINES_OF_CODE;2026-05-15 12:32:00;7;;;;
303204;2;LINES_OF_CODE;2026-05-15 12:38:08;15;;;;
303193;2;LINES_OF_CODE;2026-05-15 13:02:20;7;;;;
303189;2;LINES_OF_CODE;2026-05-15 13:31:24;12;;;;
303191;2;LINES_OF_CODE;2026-05-15 13:41:51;9;;;;
303186;2;LINES_OF_CODE;2026-05-15 13:45:04;14;;;;
303178;2;LINES_OF_CODE;2026-05-15 14:16:15;4;;;;
303181;2;LINES_OF_CODE;2026-05-15 14:38:59;6;;;;
303207;2;LINES_OF_CODE;2026-05-15 14:49:43;8;;;;
303200;2;LINES_OF_CODE;2026-05-15 15:12:28;10;;;;
303196;2;LINES_OF_CODE;2026-05-15 15:20:26;14;;;;
303212;2;LINES_OF_CODE;2026-05-15 15:26:03;8;;;;
303177;2;LINES_OF_CODE;2026-05-15 16:04:06;12;;;;
303195;2;LINES_OF_CODE;2026-05-15 16:29:03;22;;;;
303206;2;LINES_OF_CODE;2026-05-15 16:49:04;12;;;;
303202;2;LINES_OF_CODE;2026-05-15 17:03:39;7;;;;
303201;2;LINES_OF_CODE;2026-05-15 17:25:43;4;;;;
303244;2;LINES_OF_CODE;2026-05-18 08:04:54;9;;;;
303225;2;LINES_OF_CODE;2026-05-18 08:22:48;5;;;;
303230;2;LINES_OF_CODE;2026-05-18 08:34:54;3;;;;
303242;2;LINES_OF_CODE;2026-05-18 08:38:11;3;;;;
303236;2;LINES_OF_CODE;2026-05-18 08:38:42;4;;;;
303217;2;LINES_OF_CODE;2026-05-18 08:54:18;6;;;;
303237;2;LINES_OF_CODE;2026-05-18 09:00:56;4;;;;
303221;2;LINES_OF_CODE;2026-05-18 09:15:34;4;;;;
303216;2;LINES_OF_CODE;2026-05-18 09:33:28;11;;;;
303241;2;LINES_OF_CODE;2026-05-18 10:01:11;4;;;;
303232;2;LINES_OF_CODE;2026-05-18 10:25:30;5;;;;
303229;2;LINES_OF_CODE;2026-05-18 10:42:09;8;;;;
303234;2;LINES_OF_CODE;2026-05-18 10:44:40;11;;;;
303245;2;LINES_OF_CODE;2026-05-18 10:44:46;0;;;;
303243;2;LINES_OF_CODE;2026-05-18 11:14:54;8;;;;
303247;2;LINES_OF_CODE;2026-05-18 11:15:41;0;;;;
303220;2;LINES_OF_CODE;2026-05-18 12:05:12;6;;;;
303214;2;LINES_OF_CODE;2026-05-18 12:05:34;7;;;;
303224;2;LINES_OF_CODE;2026-05-18 12:08:01;6;;;;
303219;2;LINES_OF_CODE;2026-05-18 12:16:07;7;;;;
303235;2;LINES_OF_CODE;2026-05-18 12:25:37;0;;;;
303218;2;LINES_OF_CODE;2026-05-18 12:33:02;5;;;;
303231;2;LINES_OF_CODE;2026-05-18 15:11:19;5;;;;
303246;2;LINES_OF_CODE;2026-05-18 15:14:42;0;;;;
303228;2;LINES_OF_CODE;2026-05-18 15:27:45;10;;;;
303227;2;LINES_OF_CODE;2026-05-18 15:32:04;5;;;;
303215;2;LINES_OF_CODE;2026-05-18 15:34:04;5;;;;
303233;2;LINES_OF_CODE;2026-05-18 15:42:11;5;;;;
303223;2;LINES_OF_CODE;2026-05-18 16:26:28;7;;;;
303222;2;LINES_OF_CODE;2026-05-18 16:48:30;9;;;;
303238;2;LINES_OF_CODE;2026-05-18 16:52:28;7;;;;
303226;2;LINES_OF_CODE;2026-05-18 16:53:59;10;;;;
303240;2;LINES_OF_CODE;2026-05-18 17:51:49;13;;;;
303239;2;LINES_OF_CODE;2026-05-18 17:52:05;12;;;;
303248;2;LINES_OF_CODE;2026-05-19 08:50:50;29;;;;
303271;2;LINES_OF_CODE;2026-05-19 08:58:14;22;;;;
303283;2;LINES_OF_CODE;2026-05-19 09:01:15;10;;;;
303258;2;LINES_OF_CODE;2026-05-19 09:13:08;15;;;;
303251;2;LINES_OF_CODE;2026-05-19 09:15:03;21;;;;
303264;2;LINES_OF_CODE;2026-05-19 09:15:33;17;;;;
303262;2;LINES_OF_CODE;2026-05-19 09:20:31;16;;;;
303270;2;LINES_OF_CODE;2026-05-19 10:19:25;5;;;;
303257;2;LINES_OF_CODE;2026-05-19 10:37:18;3;;;;
303279;2;LINES_OF_CODE;2026-05-19 10:43:35;18;;;;
303252;2;LINES_OF_CODE;2026-05-19 11:21:08;7;;;;
303265;2;LINES_OF_CODE;2026-05-19 11:47:02;18;;;;
303269;2;LINES_OF_CODE;2026-05-19 12:16:49;33;;;;
303285;2;LINES_OF_CODE;2026-05-19 12:21:59;2;;;;
303253;2;LINES_OF_CODE;2026-05-19 12:41:42;24;;;;
303278;2;LINES_OF_CODE;2026-05-19 12:44:46;17;;;;
303281;2;LINES_OF_CODE;2026-05-19 12:45:25;18;;;;
303282;2;LINES_OF_CODE;2026-05-19 13:09:05;26;;;;
303250;2;LINES_OF_CODE;2026-05-19 13:22:17;11;;;;
303268;2;LINES_OF_CODE;2026-05-19 13:40:39;17;;;;
303267;2;LINES_OF_CODE;2026-05-19 14:09:06;9;;;;
303254;2;LINES_OF_CODE;2026-05-19 14:09:08;11;;;;
303272;2;LINES_OF_CODE;2026-05-19 14:13:50;8;;;;
303275;2;LINES_OF_CODE;2026-05-19 14:22:43;12;;;;
303263;2;LINES_OF_CODE;2026-05-19 14:27:14;15;;;;
303274;2;LINES_OF_CODE;2026-05-19 14:31:47;4;;;;
303277;2;LINES_OF_CODE;2026-05-19 14:34:10;19;;;;
303249;2;LINES_OF_CODE;2026-05-19 15:12:44;27;;;;
303276;2;LINES_OF_CODE;2026-05-19 15:19:17;0;;;;
303256;2;LINES_OF_CODE;2026-05-19 15:30:27;6;;;;
303284;2;LINES_OF_CODE;2026-05-19 15:43:20;18;;;;
303260;2;LINES_OF_CODE;2026-05-19 15:44:12;9;;;;
303261;2;LINES_OF_CODE;2026-05-19 15:54:54;14;;;;
303255;2;LINES_OF_CODE;2026-05-19 16:19:43;7;;;;
303273;2;LINES_OF_CODE;2026-05-19 16:27:42;31;;;;
303259;2;LINES_OF_CODE;2026-05-19 16:32:12;15;;;;
303280;2;LINES_OF_CODE;2026-05-19 16:42:19;26;;;;
303266;2;LINES_OF_CODE;2026-05-19 17:01:44;7;;;;
303290;2;LINES_OF_CODE;2026-05-20 08:25:54;3;;;;
303301;2;LINES_OF_CODE;2026-05-20 08:43:12;20;;;;
303293;2;LINES_OF_CODE;2026-05-20 09:09:28;10;;;;
303299;2;LINES_OF_CODE;2026-05-20 10:15:59;3;;;;
303305;2;LINES_OF_CODE;2026-05-20 10:30:33;10;;;;
303286;2;LINES_OF_CODE;2026-05-20 10:32:36;8;;;;
303307;2;LINES_OF_CODE;2026-05-20 10:49:48;14;;;;
303303;2;LINES_OF_CODE;2026-05-20 10:51:58;10;;;;
303309;2;LINES_OF_CODE;2026-05-20 11:38:05;8;;;;
303297;2;LINES_OF_CODE;2026-05-20 11:48:59;13;;;;
303291;2;LINES_OF_CODE;2026-05-20 11:54:42;11;;;;
303304;2;LINES_OF_CODE;2026-05-20 12:22:20;14;;;;
303288;2;LINES_OF_CODE;2026-05-20 12:28:16;6;;;;
303311;2;LINES_OF_CODE;2026-05-20 12:53:10;39;;;;
303289;2;LINES_OF_CODE;2026-05-20 14:43:06;11;;;;
303296;2;LINES_OF_CODE;2026-05-20 15:02:17;7;;;;
303308;2;LINES_OF_CODE;2026-05-20 15:03:34;10;;;;
303294;2;LINES_OF_CODE;2026-05-20 15:03:36;11;;;;
303295;2;LINES_OF_CODE;2026-05-20 15:09:59;6;;;;
303302;2;LINES_OF_CODE;2026-05-20 15:11:43;11;;;;
303287;2;LINES_OF_CODE;2026-05-20 15:56:16;0;;;;
303298;2;LINES_OF_CODE;2026-05-20 16:22:57;0;;;;
303310;2;LINES_OF_CODE;2026-05-20 16:45:35;12;;;;
303292;2;LINES_OF_CODE;2026-05-20 16:47:41;21;;;;
303306;2;LINES_OF_CODE;2026-05-20 17:03:40;7;;;;
303300;2;LINES_OF_CODE;2026-05-20 17:59:02;4;;;;
303322;2;LINES_OF_CODE;2026-05-21 08:05:35;1;;;;
303321;2;LINES_OF_CODE;2026-05-21 08:15:01;11;;;;
303319;2;LINES_OF_CODE;2026-05-21 09:28:26;7;;;;
303329;2;LINES_OF_CODE;2026-05-21 10:14:21;11;;;;
303328;2;LINES_OF_CODE;2026-05-21 10:33:37;11;;;;
303320;2;LINES_OF_CODE;2026-05-21 10:42:20;12;;;;
303324;2;LINES_OF_CODE;2026-05-21 10:55:56;8;;;;
303312;2;LINES_OF_CODE;2026-05-21 11:02:33;7;;;;
303330;2;LINES_OF_CODE;2026-05-21 11:09:06;7;;;;
303335;2;LINES_OF_CODE;2026-05-21 11:59:22;9;;;;
303332;2;LINES_OF_CODE;2026-05-21 12:06:01;6;;;;
303331;2;LINES_OF_CODE;2026-05-21 12:15:01;3;;;;
303318;2;LINES_OF_CODE;2026-05-21 12:25:43;7;;;;
303339;2;LINES_OF_CODE;2026-05-21 13:01:12;15;;;;
303337;2;LINES_OF_CODE;2026-05-21 13:13:59;14;;;;
303333;2;LINES_OF_CODE;2026-05-21 13:15:55;14;;;;
303340;2;LINES_OF_CODE;2026-05-21 13:29:40;0;;;;
303341;2;LINES_OF_CODE;2026-05-21 13:31:36;10;;;;
303317;2;LINES_OF_CODE;2026-05-21 14:40:54;2;;;;
303334;2;LINES_OF_CODE;2026-05-21 14:49:04;9;;;;
303315;2;LINES_OF_CODE;2026-05-21 14:56:13;6;;;;
303326;2;LINES_OF_CODE;2026-05-21 15:31:01;6;;;;
303327;2;LINES_OF_CODE;2026-05-21 15:46:46;10;;;;
303323;2;LINES_OF_CODE;2026-05-21 16:07:56;12;;;;
303314;2;LINES_OF_CODE;2026-05-21 16:19:07;9;;;;
303313;2;LINES_OF_CODE;2026-05-21 16:27:14;8;;;;
303336;2;LINES_OF_CODE;2026-05-21 16:35:49;1;;;;
303343;2;LINES_OF_CODE;2026-05-21 16:37:06;9;;;;
303316;2;LINES_OF_CODE;2026-05-21 16:51:27;6;;;;
303342;2;LINES_OF_CODE;2026-05-21 16:52:39;11;;;;
303325;2;LINES_OF_CODE;2026-05-21 17:04:14;4;;;;
303338;2;LINES_OF_CODE;2026-05-21 17:57:46;2;;;;
303348;2;LINES_OF_CODE;2026-05-22 08:07:44;9;;;;
303353;2;LINES_OF_CODE;2026-05-22 08:07:45;4;;;;
303374;2;LINES_OF_CODE;2026-05-22 08:16:07;10;;;;
303358;2;LINES_OF_CODE;2026-05-22 08:25:03;7;;;;
303360;2;LINES_OF_CODE;2026-05-22 08:34:02;7;;;;
303347;2;LINES_OF_CODE;2026-05-22 08:40:02;9;;;;
303350;2;LINES_OF_CODE;2026-05-22 08:55:22;0;;;;
303370;2;LINES_OF_CODE;2026-05-22 09:11:37;8;;;;
303366;2;LINES_OF_CODE;2026-05-22 09:37:09;13;;;;
303369;2;LINES_OF_CODE;2026-05-22 10:17:22;11;;;;
303365;2;LINES_OF_CODE;2026-05-22 10:20:36;8;;;;
303367;2;LINES_OF_CODE;2026-05-22 10:23:55;2;;;;
303363;2;LINES_OF_CODE;2026-05-22 10:44:57;9;;;;
303362;2;LINES_OF_CODE;2026-05-22 11:25:38;-2;;;;
303344;2;LINES_OF_CODE;2026-05-22 11:32:44;11;;;;
303352;2;LINES_OF_CODE;2026-05-22 12:02:09;5;;;;
303364;2;LINES_OF_CODE;2026-05-22 12:05:49;5;;;;
303361;2;LINES_OF_CODE;2026-05-22 12:11:54;15;;;;
303346;2;LINES_OF_CODE;2026-05-22 12:33:39;9;;;;
303345;2;LINES_OF_CODE;2026-05-22 13:07:03;15;;;;
303368;2;LINES_OF_CODE;2026-05-22 13:31:23;4;;;;
303359;2;LINES_OF_CODE;2026-05-22 13:43:42;5;;;;
303357;2;LINES_OF_CODE;2026-05-22 14:41:15;6;;;;
303355;2;LINES_OF_CODE;2026-05-22 15:05:31;13;;;;
303371;2;LINES_OF_CODE;2026-05-22 15:08:41;0;;;;
303372;2;LINES_OF_CODE;2026-05-22 16:17:48;12;;;;
303351;2;LINES_OF_CODE;2026-05-22 16:43:50;10;;;;
303356;2;LINES_OF_CODE;2026-05-22 16:45:53;11;;;;
303349;2;LINES_OF_CODE;2026-05-22 17:10:29;12;;;;
303354;2;LINES_OF_CODE;2026-05-22 17:10:30;8;;;;
303373;2;LINES_OF_CODE;2026-05-22 17:56:11;3;;;;
303396;2;LINES_OF_CODE;2026-05-25 08:19:10;3;;;;
303375;2;LINES_OF_CODE;2026-05-25 08:39:27;7;;;;
303404;2;LINES_OF_CODE;2026-05-25 09:31:55;6;;;;
303385;2;LINES_OF_CODE;2026-05-25 09:36:51;6;;;;
303395;2;LINES_OF_CODE;2026-05-25 09:48:19;5;;;;
303408;2;LINES_OF_CODE;2026-05-25 10:13:01;70;;;;
303398;2;LINES_OF_CODE;2026-05-25 10:17:29;8;;;;
303382;2;LINES_OF_CODE;2026-05-25 10:44:51;6;;;;
303394;2;LINES_OF_CODE;2026-05-25 11:08:08;2;;;;
303383;2;LINES_OF_CODE;2026-05-25 12:01:44;1;;;;
303402;2;LINES_OF_CODE;2026-05-25 12:27:31;4;;;;
303392;2;LINES_OF_CODE;2026-05-25 12:35:39;9;;;;
303397;2;LINES_OF_CODE;2026-05-25 12:40:13;5;;;;
303380;2;LINES_OF_CODE;2026-05-25 12:48:57;8;;;;
303390;2;LINES_OF_CODE;2026-05-25 13:01:17;0;;;;
303387;2;LINES_OF_CODE;2026-05-25 13:12:35;3;;;;
303381;2;LINES_OF_CODE;2026-05-25 13:20:48;4;;;;
303378;2;LINES_OF_CODE;2026-05-25 13:22:36;1;;;;
303393;2;LINES_OF_CODE;2026-05-25 13:26:25;3;;;;
303376;2;LINES_OF_CODE;2026-05-25 14:06:01;6;;;;
303403;2;LINES_OF_CODE;2026-05-25 14:35:30;6;;;;
303401;2;LINES_OF_CODE;2026-05-25 14:40:43;0;;;;
303391;2;LINES_OF_CODE;2026-05-25 15:12:20;8;;;;
303405;2;LINES_OF_CODE;2026-05-25 15:19:10;0;;;;
303406;2;LINES_OF_CODE;2026-05-25 15:30:28;6;;;;
303386;2;LINES_OF_CODE;2026-05-25 15:51:20;3;;;;
303388;2;LINES_OF_CODE;2026-05-25 15:53:07;4;;;;
303407;2;LINES_OF_CODE;2026-05-25 16:07:20;1;;;;
303389;2;LINES_OF_CODE;2026-05-25 16:16:02;10;;;;
303384;2;LINES_OF_CODE;2026-05-25 16:18:12;7;;;;
303399;2;LINES_OF_CODE;2026-05-25 16:31:11;2;;;;
303377;2;LINES_OF_CODE;2026-05-25 17:11:35;2;;;;
303379;2;LINES_OF_CODE;2026-05-25 17:16:09;2;;;;
303400;2;LINES_OF_CODE;2026-05-25 17:39:30;2;;;;
303433;2;LINES_OF_CODE;2026-05-26 08:16:52;36;;;;
303415;2;LINES_OF_CODE;2026-05-26 08:20:23;23;;;;
303419;2;LINES_OF_CODE;2026-05-26 08:31:02;23;;;;
303422;2;LINES_OF_CODE;2026-05-26 08:52:21;13;;;;
303421;2;LINES_OF_CODE;2026-05-26 09:04:35;1;;;;
303436;2;LINES_OF_CODE;2026-05-26 09:10:03;25;;;;
303424;2;LINES_OF_CODE;2026-05-26 09:16:56;19;;;;
303413;2;LINES_OF_CODE;2026-05-26 10:23:44;7;;;;
303418;2;LINES_OF_CODE;2026-05-26 10:23:44;26;;;;
303442;2;LINES_OF_CODE;2026-05-26 10:36:52;13;;;;
303445;2;LINES_OF_CODE;2026-05-26 10:46:07;0;;;;
303443;2;LINES_OF_CODE;2026-05-26 10:48:17;9;;;;
303444;2;LINES_OF_CODE;2026-05-26 11:14:47;27;;;;
303416;2;LINES_OF_CODE;2026-05-26 11:20:44;18;;;;
303435;2;LINES_OF_CODE;2026-05-26 11:37:33;16;;;;
303432;2;LINES_OF_CODE;2026-05-26 11:38:08;24;;;;
303447;2;LINES_OF_CODE;2026-05-26 11:49:38;0;;;;
303420;2;LINES_OF_CODE;2026-05-26 11:59:32;16;;;;
303439;2;LINES_OF_CODE;2026-05-26 12:06:40;10;;;;
303434;2;LINES_OF_CODE;2026-05-26 12:33:34;35;;;;
303411;2;LINES_OF_CODE;2026-05-26 12:36:05;14;;;;
303446;2;LINES_OF_CODE;2026-05-26 12:39:33;0;;;;
303438;2;LINES_OF_CODE;2026-05-26 13:08:30;18;;;;
303417;2;LINES_OF_CODE;2026-05-26 13:17:57;14;;;;
303440;2;LINES_OF_CODE;2026-05-26 13:28:31;20;;;;
303441;2;LINES_OF_CODE;2026-05-26 13:31:57;26;;;;
303431;2;LINES_OF_CODE;2026-05-26 13:37:10;14;;;;
303428;2;LINES_OF_CODE;2026-05-26 13:58:46;15;;;;
303429;2;LINES_OF_CODE;2026-05-26 15:16:02;22;;;;
303409;2;LINES_OF_CODE;2026-05-26 15:20:20;20;;;;
303412;2;LINES_OF_CODE;2026-05-26 15:21:22;23;;;;
303414;2;LINES_OF_CODE;2026-05-26 16:15:21;15;;;;
303437;2;LINES_OF_CODE;2026-05-26 16:29:48;11;;;;
303427;2;LINES_OF_CODE;2026-05-26 16:38:51;10;;;;
303430;2;LINES_OF_CODE;2026-05-26 16:40:37;14;;;;
303423;2;LINES_OF_CODE;2026-05-26 16:42:21;23;;;;
303426;2;LINES_OF_CODE;2026-05-26 17:29:10;32;;;;
303410;2;LINES_OF_CODE;2026-05-26 17:32:58;-12;;;;
303425;2;LINES_OF_CODE;2026-05-26 17:37:26;17;;;;
303474;2;LINES_OF_CODE;2026-05-27 08:18:13;21;;;;
303458;2;LINES_OF_CODE;2026-05-27 08:32:02;19;;;;
303450;2;LINES_OF_CODE;2026-05-27 08:36:46;11;;;;
303452;2;LINES_OF_CODE;2026-05-27 09:20:30;5;;;;
303479;2;LINES_OF_CODE;2026-05-27 09:22:00;16;;;;
303455;2;LINES_OF_CODE;2026-05-27 09:39:59;35;;;;
303466;2;LINES_OF_CODE;2026-05-27 09:57:13;16;;;;
303472;2;LINES_OF_CODE;2026-05-27 10:40:19;27;;;;
303467;2;LINES_OF_CODE;2026-05-27 10:52:41;2;;;;
303465;2;LINES_OF_CODE;2026-05-27 10:55:08;29;;;;
303468;2;LINES_OF_CODE;2026-05-27 11:00:16;15;;;;
303462;2;LINES_OF_CODE;2026-05-27 11:14:38;12;;;;
303460;2;LINES_OF_CODE;2026-05-27 11:25:11;26;;;;
303464;2;LINES_OF_CODE;2026-05-27 11:33:21;8;;;;
303483;2;LINES_OF_CODE;2026-05-27 11:44:35;0;;;;
303461;2;LINES_OF_CODE;2026-05-27 12:08:34;21;;;;
303454;2;LINES_OF_CODE;2026-05-27 12:37:58;16;;;;
303475;2;LINES_OF_CODE;2026-05-27 12:43:26;17;;;;
303480;2;LINES_OF_CODE;2026-05-27 12:50:26;0;;;;
303478;2;LINES_OF_CODE;2026-05-27 12:52:38;15;;;;
303459;2;LINES_OF_CODE;2026-05-27 12:58:29;23;;;;
303476;2;LINES_OF_CODE;2026-05-27 13:21:38;14;;;;
303449;2;LINES_OF_CODE;2026-05-27 13:47:11;29;;;;
303481;2;LINES_OF_CODE;2026-05-27 13:49:19;0;;;;
303482;2;LINES_OF_CODE;2026-05-27 14:01:04;0;;;;
303448;2;LINES_OF_CODE;2026-05-27 14:02:23;18;;;;
303471;2;LINES_OF_CODE;2026-05-27 14:23:49;21;;;;
303469;2;LINES_OF_CODE;2026-05-27 14:41:21;26;;;;
303473;2;LINES_OF_CODE;2026-05-27 15:09:07;16;;;;
303457;2;LINES_OF_CODE;2026-05-27 15:32:01;23;;;;
303456;2;LINES_OF_CODE;2026-05-27 15:39:39;11;;;;
303453;2;LINES_OF_CODE;2026-05-27 15:52:35;33;;;;
303463;2;LINES_OF_CODE;2026-05-27 16:11:09;14;;;;
303470;2;LINES_OF_CODE;2026-05-27 16:45:47;20;;;;
303451;2;LINES_OF_CODE;2026-05-27 17:16:33;15;;;;
303477;2;LINES_OF_CODE;2026-05-27 17:40:24;21;;;;
303512;2;LINES_OF_CODE;2026-05-28 08:01:36;37;;;;
303502;2;LINES_OF_CODE;2026-05-28 08:04:28;36;;;;
303513;2;LINES_OF_CODE;2026-05-28 08:18:45;0;;;;
303493;2;LINES_OF_CODE;2026-05-28 08:27:35;29;;;;
303487;2;LINES_OF_CODE;2026-05-28 09:04:14;37;;;;
303501;2;LINES_OF_CODE;2026-05-28 09:28:14;21;;;;
303500;2;LINES_OF_CODE;2026-05-28 09:30:39;26;;;;
303495;2;LINES_OF_CODE;2026-05-28 09:36:54;48;;;;
303484;2;LINES_OF_CODE;2026-05-28 09:41:14;8;;;;
303492;2;LINES_OF_CODE;2026-05-28 10:53:18;24;;;;
303490;2;LINES_OF_CODE;2026-05-28 10:55:19;20;;;;
303511;2;LINES_OF_CODE;2026-05-28 11:23:18;60;;;;
303496;2;LINES_OF_CODE;2026-05-28 11:49:50;34;;;;
303504;2;LINES_OF_CODE;2026-05-28 12:11:59;52;;;;
303503;2;LINES_OF_CODE;2026-05-28 12:45:38;7;;;;
303510;2;LINES_OF_CODE;2026-05-28 12:52:04;23;;;;
303498;2;LINES_OF_CODE;2026-05-28 12:54:47;30;;;;
303497;2;LINES_OF_CODE;2026-05-28 13:51:41;9;;;;
303507;2;LINES_OF_CODE;2026-05-28 14:11:37;50;;;;
303494;2;LINES_OF_CODE;2026-05-28 15:51:51;26;;;;
303491;2;LINES_OF_CODE;2026-05-28 15:52:20;43;;;;
303509;2;LINES_OF_CODE;2026-05-28 16:01:57;31;;;;
303485;2;LINES_OF_CODE;2026-05-28 16:32:55;24;;;;
303486;2;LINES_OF_CODE;2026-05-28 16:47:06;24;;;;
303499;2;LINES_OF_CODE;2026-05-28 16:52:01;39;;;;
303506;2;LINES_OF_CODE;2026-05-28 16:56:06;39;;;;
303508;2;LINES_OF_CODE;2026-05-28 17:02:12;38;;;;
303489;2;LINES_OF_CODE;2026-05-28 17:33:03;41;;;;
303488;2;LINES_OF_CODE;2026-05-28 17:52:34;34;;;;
303505;2;LINES_OF_CODE;2026-05-28 17:56:26;49;;;;
303538;2;LINES_OF_CODE;2026-05-29 08:14:48;11;;;;
303540;2;LINES_OF_CODE;2026-05-29 08:23:27;16;;;;
303537;2;LINES_OF_CODE;2026-05-29 08:47:22;14;;;;
303541;2;LINES_OF_CODE;2026-05-29 09:00:57;10;;;;
303547;2;LINES_OF_CODE;2026-05-29 09:02:54;-2;;;;
303520;2;LINES_OF_CODE;2026-05-29 09:07:26;8;;;;
303523;2;LINES_OF_CODE;2026-05-29 09:11:17;8;;;;
303515;2;LINES_OF_CODE;2026-05-29 09:42:32;12;;;;
303526;2;LINES_OF_CODE;2026-05-29 09:53:50;7;;;;
303530;2;LINES_OF_CODE;2026-05-29 10:04:42;7;;;;
303549;2;LINES_OF_CODE;2026-05-29 10:23:42;13;;;;
303528;2;LINES_OF_CODE;2026-05-29 10:28:00;11;;;;
303532;2;LINES_OF_CODE;2026-05-29 10:28:55;12;;;;
303536;2;LINES_OF_CODE;2026-05-29 10:30:05;16;;;;
303529;2;LINES_OF_CODE;2026-05-29 10:50:48;1;;;;
303546;2;LINES_OF_CODE;2026-05-29 10:57:13;16;;;;
303551;2;LINES_OF_CODE;2026-05-29 11:15:55;0;;;;
303543;2;LINES_OF_CODE;2026-05-29 11:27:06;11;;;;
303548;2;LINES_OF_CODE;2026-05-29 11:31:01;13;;;;
303517;2;LINES_OF_CODE;2026-05-29 11:48:53;2;;;;
303531;2;LINES_OF_CODE;2026-05-29 11:58:35;17;;;;
303527;2;LINES_OF_CODE;2026-05-29 12:05:55;2;;;;
303524;2;LINES_OF_CODE;2026-05-29 12:45:01;16;;;;
303514;2;LINES_OF_CODE;2026-05-29 12:47:57;12;;;;
303525;2;LINES_OF_CODE;2026-05-29 13:04:57;15;;;;
303521;2;LINES_OF_CODE;2026-05-29 13:26:10;9;;;;
303533;2;LINES_OF_CODE;2026-05-29 13:47:23;1;;;;
303519;2;LINES_OF_CODE;2026-05-29 13:50:01;13;;;;
303518;2;LINES_OF_CODE;2026-05-29 14:27:41;3;;;;
303516;2;LINES_OF_CODE;2026-05-29 14:56:48;6;;;;
303545;2;LINES_OF_CODE;2026-05-29 15:02:04;13;;;;
303534;2;LINES_OF_CODE;2026-05-29 15:21:25;15;;;;
303544;2;LINES_OF_CODE;2026-05-29 15:43:37;15;;;;
303522;2;LINES_OF_CODE;2026-05-29 16:37:47;12;;;;
303535;2;LINES_OF_CODE;2026-05-29 16:47:02;5;;;;
303539;2;LINES_OF_CODE;2026-05-29 16:47:48;10;;;;
303550;2;LINES_OF_CODE;2026-05-29 16:48:36;10;;;;
303542;2;LINES_OF_CODE;2026-05-29 16:55:21;7;;;;
303560;2;LINES_OF_CODE;2026-06-01 08:47:51;10;;;;
303588;2;LINES_OF_CODE;2026-06-01 08:59:04;25;;;;
303569;2;LINES_OF_CODE;2026-06-01 09:23:24;11;;;;
303580;2;LINES_OF_CODE;2026-06-01 09:25:31;18;;;;
303561;2;LINES_OF_CODE;2026-06-01 09:52:37;-1;;;;
303586;2;LINES_OF_CODE;2026-06-01 10:20:37;19;;;;
303559;2;LINES_OF_CODE;2026-06-01 10:32:00;14;;;;
303581;2;LINES_OF_CODE;2026-06-01 10:35:24;7;;;;
303568;2;LINES_OF_CODE;2026-06-01 10:39:54;11;;;;
303578;2;LINES_OF_CODE;2026-06-01 11:09:11;8;;;;
303575;2;LINES_OF_CODE;2026-06-01 11:12:45;8;;;;
303587;2;LINES_OF_CODE;2026-06-01 11:13:08;5;;;;
303585;2;LINES_OF_CODE;2026-06-01 11:30:14;10;;;;
303566;2;LINES_OF_CODE;2026-06-01 12:14:41;19;;;;
303583;2;LINES_OF_CODE;2026-06-01 12:31:34;4;;;;
303555;2;LINES_OF_CODE;2026-06-01 12:39:17;11;;;;
303577;2;LINES_OF_CODE;2026-06-01 12:42:52;7;;;;
303570;2;LINES_OF_CODE;2026-06-01 12:49:33;20;;;;
303571;2;LINES_OF_CODE;2026-06-01 13:38:48;7;;;;
303557;2;LINES_OF_CODE;2026-06-01 13:38:55;6;;;;
303564;2;LINES_OF_CODE;2026-06-01 13:46:56;-1;;;;
303584;2;LINES_OF_CODE;2026-06-01 13:52:52;11;;;;
303554;2;LINES_OF_CODE;2026-06-01 13:59:31;13;;;;
303573;2;LINES_OF_CODE;2026-06-01 14:16:19;9;;;;
303556;2;LINES_OF_CODE;2026-06-01 14:27:33;8;;;;
303572;2;LINES_OF_CODE;2026-06-01 14:53:24;8;;;;
303582;2;LINES_OF_CODE;2026-06-01 15:03:19;17;;;;
303579;2;LINES_OF_CODE;2026-06-01 15:15:06;14;;;;
303574;2;LINES_OF_CODE;2026-06-01 15:38:49;21;;;;
303552;2;LINES_OF_CODE;2026-06-01 15:47:29;5;;;;
303553;2;LINES_OF_CODE;2026-06-01 15:58:43;12;;;;
303562;2;LINES_OF_CODE;2026-06-01 16:50:02;10;;;;
303576;2;LINES_OF_CODE;2026-06-01 16:51:21;15;;;;
303565;2;LINES_OF_CODE;2026-06-01 16:56:32;10;;;;
303558;2;LINES_OF_CODE;2026-06-01 17:34:31;10;;;;
303567;2;LINES_OF_CODE;2026-06-01 17:57:04;11;;;;
303563;2;LINES_OF_CODE;2026-06-01 17:58:28;12;;;;
303603;2;LINES_OF_CODE;2026-06-02 08:49:57;19;;;;
303604;2;LINES_OF_CODE;2026-06-02 08:51:42;17;;;;
303594;2;LINES_OF_CODE;2026-06-02 09:09:18;26;;;;
303596;2;LINES_OF_CODE;2026-06-02 09:09:43;31;;;;
303620;2;LINES_OF_CODE;2026-06-02 09:17:34;9;;;;
303592;2;LINES_OF_CODE;2026-06-02 09:22:31;10;;;;
303610;2;LINES_OF_CODE;2026-06-02 09:26:27;15;;;;
303621;2;LINES_OF_CODE;2026-06-02 09:40:47;8;;;;
303611;2;LINES_OF_CODE;2026-06-02 10:08:51;16;;;;
303617;2;LINES_OF_CODE;2026-06-02 10:44:31;20;;;;
303600;2;LINES_OF_CODE;2026-06-02 11:06:30;24;;;;
303591;2;LINES_OF_CODE;2026-06-02 11:28:53;12;;;;
303590;2;LINES_OF_CODE;2026-06-02 11:32:54;13;;;;
303612;2;LINES_OF_CODE;2026-06-02 12:24:48;13;;;;
303616;2;LINES_OF_CODE;2026-06-02 12:29:34;-2;;;;
303608;2;LINES_OF_CODE;2026-06-02 12:33:50;3;;;;
303606;2;LINES_OF_CODE;2026-06-02 13:02:33;21;;;;
303599;2;LINES_OF_CODE;2026-06-02 13:29:55;23;;;;
303613;2;LINES_OF_CODE;2026-06-02 13:30:42;12;;;;
303619;2;LINES_OF_CODE;2026-06-02 13:46:46;10;;;;
303615;2;LINES_OF_CODE;2026-06-02 14:02:59;19;;;;
303622;2;LINES_OF_CODE;2026-06-02 14:18:08;84;;;;
303609;2;LINES_OF_CODE;2026-06-02 14:26:48;21;;;;
303598;2;LINES_OF_CODE;2026-06-02 14:34:20;18;;;;
303589;2;LINES_OF_CODE;2026-06-02 14:56:32;17;;;;
303605;2;LINES_OF_CODE;2026-06-02 15:34:34;14;;;;
303593;2;LINES_OF_CODE;2026-06-02 15:38:48;6;;;;
303607;2;LINES_OF_CODE;2026-06-02 15:54:51;23;;;;
303614;2;LINES_OF_CODE;2026-06-02 15:56:11;8;;;;
303597;2;LINES_OF_CODE;2026-06-02 16:26:47;32;;;;
303602;2;LINES_OF_CODE;2026-06-02 16:32:22;22;;;;
303601;2;LINES_OF_CODE;2026-06-02 17:11:49;0;;;;
303595;2;LINES_OF_CODE;2026-06-02 17:36:06;8;;;;
303618;2;LINES_OF_CODE;2026-06-02 17:52:35;6;;;;
303650;2;LINES_OF_CODE;2026-06-03 08:32:33;7;;;;
303641;2;LINES_OF_CODE;2026-06-03 08:35:24;9;;;;
303623;2;LINES_OF_CODE;2026-06-03 08:42:30;10;;;;
303655;2;LINES_OF_CODE;2026-06-03 08:53:24;2;;;;
303651;2;LINES_OF_CODE;2026-06-03 08:53:55;10;;;;
303656;2;LINES_OF_CODE;2026-06-03 09:10:09;0;;;;
303631;2;LINES_OF_CODE;2026-06-03 09:39:46;9;;;;
303625;2;LINES_OF_CODE;2026-06-03 09:57:39;11;;;;
303642;2;LINES_OF_CODE;2026-06-03 10:06:05;6;;;;
303635;2;LINES_OF_CODE;2026-06-03 10:08:40;5;;;;
303646;2;LINES_OF_CODE;2026-06-03 10:30:03;11;;;;
303652;2;LINES_OF_CODE;2026-06-03 10:45:23;7;;;;
303627;2;LINES_OF_CODE;2026-06-03 10:45:59;8;;;;
303657;2;LINES_OF_CODE;2026-06-03 10:46:23;0;;;;
303636;2;LINES_OF_CODE;2026-06-03 10:56:23;8;;;;
303644;2;LINES_OF_CODE;2026-06-03 11:15:07;9;;;;
303654;2;LINES_OF_CODE;2026-06-03 11:24:20;10;;;;
303653;2;LINES_OF_CODE;2026-06-03 11:36:32;6;;;;
303639;2;LINES_OF_CODE;2026-06-03 11:36:49;5;;;;
303632;2;LINES_OF_CODE;2026-06-03 11:39:50;8;;;;
303645;2;LINES_OF_CODE;2026-06-03 12:22:59;9;;;;
303638;2;LINES_OF_CODE;2026-06-03 12:50:47;11;;;;
303630;2;LINES_OF_CODE;2026-06-03 13:12:07;8;;;;
303640;2;LINES_OF_CODE;2026-06-03 13:29:06;3;;;;
303637;2;LINES_OF_CODE;2026-06-03 13:31:05;4;;;;
303643;2;LINES_OF_CODE;2026-06-03 13:54:24;7;;;;
303648;2;LINES_OF_CODE;2026-06-03 13:59:52;4;;;;
303647;2;LINES_OF_CODE;2026-06-03 14:00:51;6;;;;
303633;2;LINES_OF_CODE;2026-06-03 15:27:29;6;;;;
303629;2;LINES_OF_CODE;2026-06-03 15:30:05;7;;;;
303628;2;LINES_OF_CODE;2026-06-03 16:04:29;4;;;;
303624;2;LINES_OF_CODE;2026-06-03 16:07:44;5;;;;
303626;2;LINES_OF_CODE;2026-06-03 16:37:46;5;;;;
303649;2;LINES_OF_CODE;2026-06-03 17:15:54;7;;;;
303634;2;LINES_OF_CODE;2026-06-03 17:21:01;2;;;;
303684;2;LINES_OF_CODE;2026-06-04 08:29:48;3;;;;
303662;2;LINES_OF_CODE;2026-06-04 08:41:14;5;;;;
303688;2;LINES_OF_CODE;2026-06-04 08:43:45;19;;;;
303664;2;LINES_OF_CODE;2026-06-04 09:01:57;9;;;;
303663;2;LINES_OF_CODE;2026-06-04 09:13:35;12;;;;
303681;2;LINES_OF_CODE;2026-06-04 09:15:58;3;;;;
303682;2;LINES_OF_CODE;2026-06-04 10:10:20;17;;;;
303658;2;LINES_OF_CODE;2026-06-04 10:20:41;10;;;;
303665;2;LINES_OF_CODE;2026-06-04 10:24:17;0;;;;
303669;2;LINES_OF_CODE;2026-06-04 10:26:46;11;;;;
303673;2;LINES_OF_CODE;2026-06-04 10:34:51;10;;;;
303677;2;LINES_OF_CODE;2026-06-04 10:41:08;13;;;;
303687;2;LINES_OF_CODE;2026-06-04 10:57:27;5;;;;
303689;2;LINES_OF_CODE;2026-06-04 11:04:38;11;;;;
303659;2;LINES_OF_CODE;2026-06-04 11:05:43;1;;;;
303674;2;LINES_OF_CODE;2026-06-04 11:06:38;12;;;;
303678;2;LINES_OF_CODE;2026-06-04 11:24:07;9;;;;
303694;2;LINES_OF_CODE;2026-06-04 11:45:35;6;;;;
303690;2;LINES_OF_CODE;2026-06-04 11:45:38;14;;;;
303668;2;LINES_OF_CODE;2026-06-04 12:32:42;7;;;;
303691;2;LINES_OF_CODE;2026-06-04 12:35:53;5;;;;
303671;2;LINES_OF_CODE;2026-06-04 13:24:15;15;;;;
303695;2;LINES_OF_CODE;2026-06-04 13:58:03;69;;;;
303667;2;LINES_OF_CODE;2026-06-04 14:07:21;11;;;;
303661;2;LINES_OF_CODE;2026-06-04 14:58:54;16;;;;
303685;2;LINES_OF_CODE;2026-06-04 15:04:00;10;;;;
303679;2;LINES_OF_CODE;2026-06-04 15:17:40;15;;;;
303692;2;LINES_OF_CODE;2026-06-04 15:23:54;14;;;;
303676;2;LINES_OF_CODE;2026-06-04 15:36:20;0;;;;
303683;2;LINES_OF_CODE;2026-06-04 15:44:20;3;;;;
303666;2;LINES_OF_CODE;2026-06-04 15:59:01;15;;;;
303670;2;LINES_OF_CODE;2026-06-04 16:09:04;19;;;;
303672;2;LINES_OF_CODE;2026-06-04 16:29:28;8;;;;
303660;2;LINES_OF_CODE;2026-06-04 16:33:21;6;;;;
303686;2;LINES_OF_CODE;2026-06-04 16:33:51;9;;;;
303680;2;LINES_OF_CODE;2026-06-04 17:15:17;3;;;;
303675;2;LINES_OF_CODE;2026-06-04 17:22:23;17;;;;
303693;2;LINES_OF_CODE;2026-06-04 17:45:04;14;;;;
303705;2;LINES_OF_CODE;2026-06-05 08:23:42;0;;;;
303711;2;LINES_OF_CODE;2026-06-05 08:52:08;2;;;;
303713;2;LINES_OF_CODE;2026-06-05 09:14:26;1;;;;
303703;2;LINES_OF_CODE;2026-06-05 09:52:55;3;;;;
303702;2;LINES_OF_CODE;2026-06-05 09:58:35;4;;;;
303715;2;LINES_OF_CODE;2026-06-05 10:16:08;4;;;;
303709;2;LINES_OF_CODE;2026-06-05 10:22:47;9;;;;
303706;2;LINES_OF_CODE;2026-06-05 10:47:19;6;;;;
303699;2;LINES_OF_CODE;2026-06-05 10:57:02;5;;;;
303717;2;LINES_OF_CODE;2026-06-05 11:29:12;3;;;;
303707;2;LINES_OF_CODE;2026-06-05 12:02:42;7;;;;
303720;2;LINES_OF_CODE;2026-06-05 12:07:32;4;;;;
303708;2;LINES_OF_CODE;2026-06-05 12:38:22;8;;;;
303697;2;LINES_OF_CODE;2026-06-05 12:42:25;0;;;;
303698;2;LINES_OF_CODE;2026-06-05 12:53:06;3;;;;
303714;2;LINES_OF_CODE;2026-06-05 13:55:22;3;;;;
303719;2;LINES_OF_CODE;2026-06-05 14:48:53;3;;;;
303712;2;LINES_OF_CODE;2026-06-05 14:52:46;5;;;;
303718;2;LINES_OF_CODE;2026-06-05 14:53:52;2;;;;
303696;2;LINES_OF_CODE;2026-06-05 15:36:32;5;;;;
303710;2;LINES_OF_CODE;2026-06-05 15:53:12;8;;;;
303704;2;LINES_OF_CODE;2026-06-05 16:23:24;5;;;;
303716;2;LINES_OF_CODE;2026-06-05 16:58:08;2;;;;
303701;2;LINES_OF_CODE;2026-06-05 17:32:40;4;;;;
303721;2;LINES_OF_CODE;2026-06-05 17:57:44;9;;;;
303700;2;LINES_OF_CODE;2026-06-05 17:58:50;5;;;;
303722;2;LINES_OF_CODE;2026-06-05 17:59:26;20;;;;
303732;2;LINES_OF_CODE;2026-06-08 08:00:31;15;;;;
303746;2;LINES_OF_CODE;2026-06-08 08:01:39;12;;;;
303739;2;LINES_OF_CODE;2026-06-08 08:20:46;7;;;;
303723;2;LINES_OF_CODE;2026-06-08 09:14:39;6;;;;
303738;2;LINES_OF_CODE;2026-06-08 09:29:06;18;;;;
303751;2;LINES_OF_CODE;2026-06-08 09:30:40;25;;;;
303724;2;LINES_OF_CODE;2026-06-08 09:58:42;6;;;;
303730;2;LINES_OF_CODE;2026-06-08 09:59:16;20;;;;
303750;2;LINES_OF_CODE;2026-06-08 10:08:07;10;;;;
303743;2;LINES_OF_CODE;2026-06-08 10:14:32;16;;;;
303726;2;LINES_OF_CODE;2026-06-08 10:47:47;17;;;;
303735;2;LINES_OF_CODE;2026-06-08 10:54:15;22;;;;
303731;2;LINES_OF_CODE;2026-06-08 11:02:33;16;;;;
303736;2;LINES_OF_CODE;2026-06-08 11:27:19;21;;;;
303744;2;LINES_OF_CODE;2026-06-08 11:50:52;6;;;;
303742;2;LINES_OF_CODE;2026-06-08 12:16:17;5;;;;
303745;2;LINES_OF_CODE;2026-06-08 13:26:56;19;;;;
303733;2;LINES_OF_CODE;2026-06-08 13:40:33;12;;;;
303737;2;LINES_OF_CODE;2026-06-08 14:41:15;16;;;;
303741;2;LINES_OF_CODE;2026-06-08 14:55:17;18;;;;
303740;2;LINES_OF_CODE;2026-06-08 15:11:06;4;;;;
303747;2;LINES_OF_CODE;2026-06-08 15:23:11;17;;;;
303748;2;LINES_OF_CODE;2026-06-08 15:45:38;13;;;;
303728;2;LINES_OF_CODE;2026-06-08 15:47:45;10;;;;
303729;2;LINES_OF_CODE;2026-06-08 16:23:08;17;;;;
303734;2;LINES_OF_CODE;2026-06-08 16:24:29;21;;;;
303727;2;LINES_OF_CODE;2026-06-08 16:28:41;5;;;;
303725;2;LINES_OF_CODE;2026-06-08 16:54:02;1;;;;
303749;2;LINES_OF_CODE;2026-06-08 17:55:55;10;;;;
303761;2;LINES_OF_CODE;2026-06-09 08:05:58;14;;;;
303769;2;LINES_OF_CODE;2026-06-09 08:27:02;21;;;;
303755;2;LINES_OF_CODE;2026-06-09 08:51:29;10;;;;
303780;2;LINES_OF_CODE;2026-06-09 09:36:18;21;;;;
303768;2;LINES_OF_CODE;2026-06-09 09:42:32;15;;;;
303766;2;LINES_OF_CODE;2026-06-09 10:07:26;14;;;;
303754;2;LINES_OF_CODE;2026-06-09 10:45:15;10;;;;
303765;2;LINES_OF_CODE;2026-06-09 10:51:52;11;;;;
303760;2;LINES_OF_CODE;2026-06-09 11:00:31;12;;;;
303775;2;LINES_OF_CODE;2026-06-09 11:34:55;10;;;;
303763;2;LINES_OF_CODE;2026-06-09 11:41:45;18;;;;
303781;2;LINES_OF_CODE;2026-06-09 11:59:47;73;;;;
303758;2;LINES_OF_CODE;2026-06-09 12:21:29;2;;;;
303757;2;LINES_OF_CODE;2026-06-09 12:59:59;20;;;;
303772;2;LINES_OF_CODE;2026-06-09 13:23:44;3;;;;
303759;2;LINES_OF_CODE;2026-06-09 13:39:18;21;;;;
303779;2;LINES_OF_CODE;2026-06-09 13:53:12;1;;;;
303767;2;LINES_OF_CODE;2026-06-09 15:15:39;13;;;;
303764;2;LINES_OF_CODE;2026-06-09 15:37:01;9;;;;
303778;2;LINES_OF_CODE;2026-06-09 15:45:56;0;;;;
303756;2;LINES_OF_CODE;2026-06-09 15:50:26;11;;;;
303776;2;LINES_OF_CODE;2026-06-09 16:29:46;11;;;;
303770;2;LINES_OF_CODE;2026-06-09 16:40:34;17;;;;
303762;2;LINES_OF_CODE;2026-06-09 16:40:35;21;;;;
303771;2;LINES_OF_CODE;2026-06-09 16:45:00;4;;;;
303753;2;LINES_OF_CODE;2026-06-09 16:55:54;12;;;;
303752;2;LINES_OF_CODE;2026-06-09 16:56:11;3;;;;
303773;2;LINES_OF_CODE;2026-06-09 17:09:42;15;;;;
303774;2;LINES_OF_CODE;2026-06-09 17:18:28;5;;;;
303777;2;LINES_OF_CODE;2026-06-09 17:46:48;6;;;;
303792;2;LINES_OF_CODE;2026-06-10 08:08:38;0;;;;
303782;2;LINES_OF_CODE;2026-06-10 08:18:22;9;;;;
303784;2;LINES_OF_CODE;2026-06-10 08:26:01;1;;;;
303801;2;LINES_OF_CODE;2026-06-10 08:35:04;9;;;;
303811;2;LINES_OF_CODE;2026-06-10 08:56:14;14;;;;
303799;2;LINES_OF_CODE;2026-06-10 09:14:31;11;;;;
303802;2;LINES_OF_CODE;2026-06-10 09:17:33;11;;;;
303790;2;LINES_OF_CODE;2026-06-10 09:17:54;13;;;;
303800;2;LINES_OF_CODE;2026-06-10 09:41:34;8;;;;
303810;2;LINES_OF_CODE;2026-06-10 10:04:17;8;;;;
303788;2;LINES_OF_CODE;2026-06-10 10:07:20;15;;;;
303793;2;LINES_OF_CODE;2026-06-10 10:24:36;9;;;;
303794;2;LINES_OF_CODE;2026-06-10 10:25:47;10;;;;
303783;2;LINES_OF_CODE;2026-06-10 10:41:16;12;;;;
303804;2;LINES_OF_CODE;2026-06-10 11:07:22;4;;;;
303806;2;LINES_OF_CODE;2026-06-10 12:25:53;3;;;;
303785;2;LINES_OF_CODE;2026-06-10 12:31:12;9;;;;
303796;2;LINES_OF_CODE;2026-06-10 12:37:10;12;;;;
303805;2;LINES_OF_CODE;2026-06-10 12:42:36;3;;;;
303812;2;LINES_OF_CODE;2026-06-10 12:50:26;15;;;;
303797;2;LINES_OF_CODE;2026-06-10 12:59:58;8;;;;
303798;2;LINES_OF_CODE;2026-06-10 13:16:06;11;;;;
303807;2;LINES_OF_CODE;2026-06-10 13:23:33;6;;;;
303813;2;LINES_OF_CODE;2026-06-10 13:38:34;2;;;;
303786;2;LINES_OF_CODE;2026-06-10 15:00:38;11;;;;
303814;2;LINES_OF_CODE;2026-06-10 15:46:33;96;;;;
303789;2;LINES_OF_CODE;2026-06-10 15:48:57;0;;;;
303795;2;LINES_OF_CODE;2026-06-10 15:58:54;9;;;;
303791;2;LINES_OF_CODE;2026-06-10 16:02:57;16;;;;
303808;2;LINES_OF_CODE;2026-06-10 16:33:17;2;;;;
303803;2;LINES_OF_CODE;2026-06-10 17:16:17;3;;;;
303809;2;LINES_OF_CODE;2026-06-10 17:24:55;6;;;;
303787;2;LINES_OF_CODE;2026-06-10 17:47:26;11;;;;
303833;2;LINES_OF_CODE;2026-06-11 08:03:52;3;;;;
303841;2;LINES_OF_CODE;2026-06-11 08:45:18;9;;;;
303822;2;LINES_OF_CODE;2026-06-11 10:48:11;17;;;;
303830;2;LINES_OF_CODE;2026-06-11 10:52:23;11;;;;
303817;2;LINES_OF_CODE;2026-06-11 10:55:54;4;;;;
303835;2;LINES_OF_CODE;2026-06-11 11:04:46;11;;;;
303824;2;LINES_OF_CODE;2026-06-11 11:18:56;11;;;;
303828;2;LINES_OF_CODE;2026-06-11 11:26:47;4;;;;
303838;2;LINES_OF_CODE;2026-06-11 11:27:25;12;;;;
303834;2;LINES_OF_CODE;2026-06-11 11:39:45;6;;;;
303825;2;LINES_OF_CODE;2026-06-11 11:49:59;43;;;;
303821;2;LINES_OF_CODE;2026-06-11 12:34:10;3;;;;
303829;2;LINES_OF_CODE;2026-06-11 12:47:47;9;;;;
303827;2;LINES_OF_CODE;2026-06-11 13:04:22;10;;;;
303820;2;LINES_OF_CODE;2026-06-11 13:45:45;26;;;;
303839;2;LINES_OF_CODE;2026-06-11 14:05:11;18;;;;
303823;2;LINES_OF_CODE;2026-06-11 14:13:30;19;;;;
303837;2;LINES_OF_CODE;2026-06-11 14:24:36;16;;;;
303832;2;LINES_OF_CODE;2026-06-11 14:25:36;11;;;;
303818;2;LINES_OF_CODE;2026-06-11 15:22:24;24;;;;
303836;2;LINES_OF_CODE;2026-06-11 15:24:24;25;;;;
303842;2;LINES_OF_CODE;2026-06-11 15:57:49;32;;;;
303816;2;LINES_OF_CODE;2026-06-11 16:06:39;33;;;;
303819;2;LINES_OF_CODE;2026-06-11 16:14:39;12;;;;
303840;2;LINES_OF_CODE;2026-06-11 16:16:15;7;;;;
303815;2;LINES_OF_CODE;2026-06-11 16:17:51;32;;;;
303831;2;LINES_OF_CODE;2026-06-11 17:09:09;11;;;;
303826;2;LINES_OF_CODE;2026-06-11 17:17:30;12;;;;
303847;2;LINES_OF_CODE;2026-06-12 09:37:11;1;;;;
303858;2;LINES_OF_CODE;2026-06-12 10:09:21;7;;;;
303845;2;LINES_OF_CODE;2026-06-12 10:22:42;6;;;;
303855;2;LINES_OF_CODE;2026-06-12 10:30:48;10;;;;
303866;2;LINES_OF_CODE;2026-06-12 10:37:33;11;;;;
303850;2;LINES_OF_CODE;2026-06-12 10:42:20;9;;;;
303848;2;LINES_OF_CODE;2026-06-12 11:14:31;7;;;;
303865;2;LINES_OF_CODE;2026-06-12 11:40:48;15;;;;
303843;2;LINES_OF_CODE;2026-06-12 12:32:06;4;;;;
303869;2;LINES_OF_CODE;2026-06-12 12:39:15;15;;;;
303861;2;LINES_OF_CODE;2026-06-12 12:40:04;3;;;;
303864;2;LINES_OF_CODE;2026-06-12 12:46:19;10;;;;
303870;2;LINES_OF_CODE;2026-06-12 12:55:07;5;;;;
303871;2;LINES_OF_CODE;2026-06-12 12:59:48;5;;;;
303867;2;LINES_OF_CODE;2026-06-12 13:25:38;10;;;;
303846;2;LINES_OF_CODE;2026-06-12 13:46:26;6;;;;
303873;2;LINES_OF_CODE;2026-06-12 14:13:21;28;;;;
303852;2;LINES_OF_CODE;2026-06-12 14:15:27;9;;;;
303853;2;LINES_OF_CODE;2026-06-12 14:24:14;6;;;;
303844;2;LINES_OF_CODE;2026-06-12 14:26:12;9;;;;
303860;2;LINES_OF_CODE;2026-06-12 14:38:50;7;;;;
303851;2;LINES_OF_CODE;2026-06-12 14:41:39;10;;;;
303857;2;LINES_OF_CODE;2026-06-12 15:25:42;11;;;;
303854;2;LINES_OF_CODE;2026-06-12 15:33:09;10;;;;
303849;2;LINES_OF_CODE;2026-06-12 15:44:27;6;;;;
303856;2;LINES_OF_CODE;2026-06-12 16:13:37;12;;;;
303862;2;LINES_OF_CODE;2026-06-12 17:17:51;11;;;;
303859;2;LINES_OF_CODE;2026-06-12 17:32:04;6;;;;
303868;2;LINES_OF_CODE;2026-06-12 17:36:18;7;;;;
303872;2;LINES_OF_CODE;2026-06-12 17:46:36;9;;;;
303863;2;LINES_OF_CODE;2026-06-12 17:59:47;10;;;;
303901;2;LINES_OF_CODE;2026-06-15 08:05:24;8;;;;
303899;2;LINES_OF_CODE;2026-06-15 08:09:37;6;;;;
303882;2;LINES_OF_CODE;2026-06-15 08:21:51;32;;;;
303881;2;LINES_OF_CODE;2026-06-15 09:06:53;15;;;;
303879;2;LINES_OF_CODE;2026-06-15 09:41:28;17;;;;
303891;2;LINES_OF_CODE;2026-06-15 10:21:26;18;;;;
303888;2;LINES_OF_CODE;2026-06-15 10:41:57;13;;;;
303890;2;LINES_OF_CODE;2026-06-15 11:14:48;13;;;;
303893;2;LINES_OF_CODE;2026-06-15 11:48:40;7;;;;
303887;2;LINES_OF_CODE;2026-06-15 12:00:31;8;;;;
303896;2;LINES_OF_CODE;2026-06-15 12:01:45;10;;;;
303900;2;LINES_OF_CODE;2026-06-15 12:12:28;7;;;;
303897;2;LINES_OF_CODE;2026-06-15 13:00:59;15;;;;
303883;2;LINES_OF_CODE;2026-06-15 13:07:15;11;;;;
303895;2;LINES_OF_CODE;2026-06-15 13:29:31;11;;;;
303878;2;LINES_OF_CODE;2026-06-15 13:35:42;8;;;;
303889;2;LINES_OF_CODE;2026-06-15 14:23:36;11;;;;
303892;2;LINES_OF_CODE;2026-06-15 14:46:36;27;;;;
303898;2;LINES_OF_CODE;2026-06-15 14:49:16;8;;;;
303876;2;LINES_OF_CODE;2026-06-15 14:54:30;0;;;;
303886;2;LINES_OF_CODE;2026-06-15 15:00:58;17;;;;
303884;2;LINES_OF_CODE;2026-06-15 15:23:23;25;;;;
303894;2;LINES_OF_CODE;2026-06-15 16:27:44;22;;;;
303902;2;LINES_OF_CODE;2026-06-15 16:30:05;4;;;;
303880;2;LINES_OF_CODE;2026-06-15 16:32:57;10;;;;
303875;2;LINES_OF_CODE;2026-06-15 17:18:22;14;;;;
303885;2;LINES_OF_CODE;2026-06-15 17:19:46;12;;;;
303874;2;LINES_OF_CODE;2026-06-15 17:21:56;9;;;;
303877;2;LINES_OF_CODE;2026-06-15 17:47:46;26;;;;
303923;2;LINES_OF_CODE;2026-06-16 08:02:38;20;;;;
303925;2;LINES_OF_CODE;2026-06-16 08:03:57;17;;;;
303920;2;LINES_OF_CODE;2026-06-16 08:10:43;16;;;;
303909;2;LINES_OF_CODE;2026-06-16 08:30:29;9;;;;
303941;2;LINES_OF_CODE;2026-06-16 09:46:18;19;;;;
303931;2;LINES_OF_CODE;2026-06-16 10:07:22;16;;;;
303912;2;LINES_OF_CODE;2026-06-16 10:09:38;0;;;;
303934;2;LINES_OF_CODE;2026-06-16 10:35:32;16;;;;
303929;2;LINES_OF_CODE;2026-06-16 10:38:53;20;;;;
303918;2;LINES_OF_CODE;2026-06-16 10:46:21;12;;;;
303939;2;LINES_OF_CODE;2026-06-16 11:00:11;18;;;;
303913;2;LINES_OF_CODE;2026-06-16 11:02:37;17;;;;
303916;2;LINES_OF_CODE;2026-06-16 11:06:25;13;;;;
303927;2;LINES_OF_CODE;2026-06-16 11:14:49;15;;;;
303933;2;LINES_OF_CODE;2026-06-16 11:15:42;9;;;;
303937;2;LINES_OF_CODE;2026-06-16 11:17:27;12;;;;
303904;2;LINES_OF_CODE;2026-06-16 11:33:48;10;;;;
303915;2;LINES_OF_CODE;2026-06-16 11:48:24;12;;;;
303908;2;LINES_OF_CODE;2026-06-16 12:03:04;0;;;;
303905;2;LINES_OF_CODE;2026-06-16 12:07:21;12;;;;
303940;2;LINES_OF_CODE;2026-06-16 12:24:41;15;;;;
303922;2;LINES_OF_CODE;2026-06-16 12:54:46;11;;;;
303932;2;LINES_OF_CODE;2026-06-16 13:11:45;5;;;;
303919;2;LINES_OF_CODE;2026-06-16 13:43:03;19;;;;
303911;2;LINES_OF_CODE;2026-06-16 14:23:53;11;;;;
303928;2;LINES_OF_CODE;2026-06-16 14:33:32;8;;;;
303906;2;LINES_OF_CODE;2026-06-16 14:56:13;9;;;;
303910;2;LINES_OF_CODE;2026-06-16 14:59:52;3;;;;
303935;2;LINES_OF_CODE;2026-06-16 15:05:20;1;;;;
303930;2;LINES_OF_CODE;2026-06-16 15:26:25;15;;;;
303921;2;LINES_OF_CODE;2026-06-16 15:40:04;11;;;;
303926;2;LINES_OF_CODE;2026-06-16 15:53:36;4;;;;
303924;2;LINES_OF_CODE;2026-06-16 16:01:26;7;;;;
303903;2;LINES_OF_CODE;2026-06-16 16:35:36;8;;;;
303907;2;LINES_OF_CODE;2026-06-16 16:38:28;7;;;;
303917;2;LINES_OF_CODE;2026-06-16 16:56:32;4;;;;
303938;2;LINES_OF_CODE;2026-06-16 17:14:08;9;;;;
303936;2;LINES_OF_CODE;2026-06-16 17:17:31;15;;;;
303914;2;LINES_OF_CODE;2026-06-16 17:32:04;12;;;;
303942;2;LINES_OF_CODE;2026-06-17 08:06:49;34;;;;
303961;2;LINES_OF_CODE;2026-06-17 08:14:46;19;;;;
303969;2;LINES_OF_CODE;2026-06-17 08:15:23;17;;;;
303951;2;LINES_OF_CODE;2026-06-17 08:16:57;34;;;;
303954;2;LINES_OF_CODE;2026-06-17 08:23:44;21;;;;
303943;2;LINES_OF_CODE;2026-06-17 08:49:38;34;;;;
303966;2;LINES_OF_CODE;2026-06-17 08:56:16;38;;;;
303965;2;LINES_OF_CODE;2026-06-17 09:31:58;35;;;;
303971;2;LINES_OF_CODE;2026-06-17 09:32:19;5;;;;
303963;2;LINES_OF_CODE;2026-06-17 09:52:37;26;;;;
303959;2;LINES_OF_CODE;2026-06-17 09:57:10;37;;;;
303962;2;LINES_OF_CODE;2026-06-17 10:00:58;25;;;;
303960;2;LINES_OF_CODE;2026-06-17 10:50:50;25;;;;
303973;2;LINES_OF_CODE;2026-06-17 10:59:38;0;;;;
303952;2;LINES_OF_CODE;2026-06-17 11:13:46;16;;;;
303968;2;LINES_OF_CODE;2026-06-17 11:20:54;5;;;;
303944;2;LINES_OF_CODE;2026-06-17 11:21:19;32;;;;
303946;2;LINES_OF_CODE;2026-06-17 11:46:37;20;;;;
303967;2;LINES_OF_CODE;2026-06-17 12:05:42;25;;;;
303970;2;LINES_OF_CODE;2026-06-17 13:11:57;40;;;;
303950;2;LINES_OF_CODE;2026-06-17 13:22:15;22;;;;
303956;2;LINES_OF_CODE;2026-06-17 13:41:19;24;;;;
303955;2;LINES_OF_CODE;2026-06-17 13:48:33;26;;;;
303957;2;LINES_OF_CODE;2026-06-17 14:27:16;25;;;;
303945;2;LINES_OF_CODE;2026-06-17 14:49:10;30;;;;
303949;2;LINES_OF_CODE;2026-06-17 15:11:52;29;;;;
303953;2;LINES_OF_CODE;2026-06-17 15:16:26;8;;;;
303964;2;LINES_OF_CODE;2026-06-17 15:54:43;28;;;;
303947;2;LINES_OF_CODE;2026-06-17 16:21:27;23;;;;
303958;2;LINES_OF_CODE;2026-06-17 16:43:07;30;;;;
303948;2;LINES_OF_CODE;2026-06-17 16:45:19;29;;;;
303972;2;LINES_OF_CODE;2026-06-17 17:02:45;0;;;;
303998;2;LINES_OF_CODE;2026-06-18 08:14:37;7;;;;
303994;2;LINES_OF_CODE;2026-06-18 08:22:56;1;;;;
303986;2;LINES_OF_CODE;2026-06-18 09:12:42;14;;;;
303985;2;LINES_OF_CODE;2026-06-18 09:38:58;1;;;;
303992;2;LINES_OF_CODE;2026-06-18 09:40:56;8;;;;
303989;2;LINES_OF_CODE;2026-06-18 09:51:26;6;;;;
304001;2;LINES_OF_CODE;2026-06-18 10:34:59;16;;;;
303987;2;LINES_OF_CODE;2026-06-18 10:46:34;6;;;;
304009;2;LINES_OF_CODE;2026-06-18 10:46:46;27;;;;
303996;2;LINES_OF_CODE;2026-06-18 10:56:18;7;;;;
303978;2;LINES_OF_CODE;2026-06-18 11:35:09;13;;;;
303981;2;LINES_OF_CODE;2026-06-18 11:55:32;3;;;;
303999;2;LINES_OF_CODE;2026-06-18 12:16:17;4;;;;
304002;2;LINES_OF_CODE;2026-06-18 12:22:49;9;;;;
304003;2;LINES_OF_CODE;2026-06-18 12:45:21;5;;;;
303982;2;LINES_OF_CODE;2026-06-18 12:52:51;13;;;;
303976;2;LINES_OF_CODE;2026-06-18 12:57:10;8;;;;
303995;2;LINES_OF_CODE;2026-06-18 12:57:17;6;;;;
303974;2;LINES_OF_CODE;2026-06-18 13:20:17;3;;;;
304005;2;LINES_OF_CODE;2026-06-18 13:23:07;10;;;;
303979;2;LINES_OF_CODE;2026-06-18 13:45:08;9;;;;
303975;2;LINES_OF_CODE;2026-06-18 13:53:21;4;;;;
303997;2;LINES_OF_CODE;2026-06-18 14:06:33;12;;;;
303980;2;LINES_OF_CODE;2026-06-18 14:20:48;8;;;;
303991;2;LINES_OF_CODE;2026-06-18 14:55:06;11;;;;
304006;2;LINES_OF_CODE;2026-06-18 14:57:56;-1;;;;
303977;2;LINES_OF_CODE;2026-06-18 15:23:42;11;;;;
303993;2;LINES_OF_CODE;2026-06-18 15:55:51;5;;;;
303983;2;LINES_OF_CODE;2026-06-18 16:05:12;3;;;;
303988;2;LINES_OF_CODE;2026-06-18 16:28:41;6;;;;
303984;2;LINES_OF_CODE;2026-06-18 16:29:52;6;;;;
304008;2;LINES_OF_CODE;2026-06-18 16:30:28;9;;;;
304000;2;LINES_OF_CODE;2026-06-18 16:33:01;7;;;;
304007;2;LINES_OF_CODE;2026-06-18 17:21:48;11;;;;
304004;2;LINES_OF_CODE;2026-06-18 17:30:43;12;;;;
303990;2;LINES_OF_CODE;2026-06-18 17:50:39;4;;;;
304039;2;LINES_OF_CODE;2026-06-19 08:13:12;3;;;;
304025;2;LINES_OF_CODE;2026-06-19 08:46:36;7;;;;
304043;2;LINES_OF_CODE;2026-06-19 08:52:54;12;;;;
304036;2;LINES_OF_CODE;2026-06-19 09:34:27;12;;;;
304013;2;LINES_OF_CODE;2026-06-19 10:04:21;7;;;;
304042;2;LINES_OF_CODE;2026-06-19 10:14:58;10;;;;
304034;2;LINES_OF_CODE;2026-06-19 10:15:08;12;;;;
304030;2;LINES_OF_CODE;2026-06-19 10:26:41;5;;;;
304011;2;LINES_OF_CODE;2026-06-19 10:59:47;8;;;;
304016;2;LINES_OF_CODE;2026-06-19 11:19:42;6;;;;
304033;2;LINES_OF_CODE;2026-06-19 11:21:42;6;;;;
304038;2;LINES_OF_CODE;2026-06-19 11:33:15;8;;;;
304032;2;LINES_OF_CODE;2026-06-19 11:52:55;11;;;;
304035;2;LINES_OF_CODE;2026-06-19 11:56:27;5;;;;
304017;2;LINES_OF_CODE;2026-06-19 11:57:28;10;;;;
304019;2;LINES_OF_CODE;2026-06-19 12:04:56;6;;;;
304045;2;LINES_OF_CODE;2026-06-19 12:12:57;8;;;;
304012;2;LINES_OF_CODE;2026-06-19 13:47:20;4;;;;
304021;2;LINES_OF_CODE;2026-06-19 13:55:03;10;;;;
304031;2;LINES_OF_CODE;2026-06-19 14:00:14;6;;;;
304014;2;LINES_OF_CODE;2026-06-19 14:06:59;12;;;;
304027;2;LINES_OF_CODE;2026-06-19 14:18:29;8;;;;
304026;2;LINES_OF_CODE;2026-06-19 14:25:01;10;;;;
304024;2;LINES_OF_CODE;2026-06-19 14:33:27;3;;;;
304041;2;LINES_OF_CODE;2026-06-19 14:46:23;11;;;;
304029;2;LINES_OF_CODE;2026-06-19 15:28:09;5;;;;
304022;2;LINES_OF_CODE;2026-06-19 15:48:03;3;;;;
304018;2;LINES_OF_CODE;2026-06-19 15:49:33;7;;;;
304047;2;LINES_OF_CODE;2026-06-19 16:09:08;24;;;;
304028;2;LINES_OF_CODE;2026-06-19 16:09:17;12;;;;
304046;2;LINES_OF_CODE;2026-06-19 16:42:46;5;;;;
304037;2;LINES_OF_CODE;2026-06-19 16:44:54;8;;;;
304020;2;LINES_OF_CODE;2026-06-19 16:47:56;13;;;;
304015;2;LINES_OF_CODE;2026-06-19 17:04:14;11;;;;
304010;2;LINES_OF_CODE;2026-06-19 17:11:46;2;;;;
304023;2;LINES_OF_CODE;2026-06-19 17:36:27;8;;;;
304040;2;LINES_OF_CODE;2026-06-19 17:48:20;10;;;;
304044;2;LINES_OF_CODE;2026-06-19 17:57:09;1;;;;
304075;2;LINES_OF_CODE;2026-06-22 08:15:04;12;;;;
304055;2;LINES_OF_CODE;2026-06-22 08:35:36;11;;;;
304072;2;LINES_OF_CODE;2026-06-22 08:40:24;7;;;;
304073;2;LINES_OF_CODE;2026-06-22 09:13:52;21;;;;
304059;2;LINES_OF_CODE;2026-06-22 09:24:19;13;;;;
304071;2;LINES_OF_CODE;2026-06-22 09:28:20;6;;;;
304063;2;LINES_OF_CODE;2026-06-22 10:31:56;19;;;;
304077;2;LINES_OF_CODE;2026-06-22 10:33:29;3;;;;
304061;2;LINES_OF_CODE;2026-06-22 11:27:56;2;;;;
304064;2;LINES_OF_CODE;2026-06-22 11:36:10;9;;;;
304056;2;LINES_OF_CODE;2026-06-22 11:54:35;3;;;;
304069;2;LINES_OF_CODE;2026-06-22 12:00:02;9;;;;
304049;2;LINES_OF_CODE;2026-06-22 12:49:59;6;;;;
304048;2;LINES_OF_CODE;2026-06-22 12:51:49;20;;;;
304053;2;LINES_OF_CODE;2026-06-22 12:59:46;13;;;;
304068;2;LINES_OF_CODE;2026-06-22 13:02:21;21;;;;
304057;2;LINES_OF_CODE;2026-06-22 13:10:10;0;;;;
304065;2;LINES_OF_CODE;2026-06-22 13:41:13;13;;;;
304070;2;LINES_OF_CODE;2026-06-22 13:55:43;15;;;;
304074;2;LINES_OF_CODE;2026-06-22 14:00:05;10;;;;
304052;2;LINES_OF_CODE;2026-06-22 14:08:43;10;;;;
304058;2;LINES_OF_CODE;2026-06-22 14:08:45;14;;;;
304060;2;LINES_OF_CODE;2026-06-22 14:56:40;19;;;;
304062;2;LINES_OF_CODE;2026-06-22 15:48:03;8;;;;
304051;2;LINES_OF_CODE;2026-06-22 15:58:04;19;;;;
304050;2;LINES_OF_CODE;2026-06-22 16:40:36;3;;;;
304076;2;LINES_OF_CODE;2026-06-22 16:49:34;12;;;;
304066;2;LINES_OF_CODE;2026-06-22 16:50:28;11;;;;
304067;2;LINES_OF_CODE;2026-06-22 16:55:08;16;;;;
304054;2;LINES_OF_CODE;2026-06-22 17:02:59;18;;;;
304103;2;LINES_OF_CODE;2026-06-23 08:18:57;2;;;;
304101;2;LINES_OF_CODE;2026-06-23 08:21:22;7;;;;
304093;2;LINES_OF_CODE;2026-06-23 08:29:41;14;;;;
304108;2;LINES_OF_CODE;2026-06-23 08:36:28;5;;;;
304112;2;LINES_OF_CODE;2026-06-23 08:43:03;3;;;;
304110;2;LINES_OF_CODE;2026-06-23 08:43:11;10;;;;
304082;2;LINES_OF_CODE;2026-06-23 08:45:28;8;;;;
304102;2;LINES_OF_CODE;2026-06-23 08:45:56;11;;;;
304107;2;LINES_OF_CODE;2026-06-23 08:51:56;14;;;;
304084;2;LINES_OF_CODE;2026-06-23 08:58:11;13;;;;
304111;2;LINES_OF_CODE;2026-06-23 09:31:57;8;;;;
304091;2;LINES_OF_CODE;2026-06-23 09:40:30;3;;;;
304105;2;LINES_OF_CODE;2026-06-23 09:42:54;0;;;;
304113;2;LINES_OF_CODE;2026-06-23 09:49:43;16;;;;
304078;2;LINES_OF_CODE;2026-06-23 09:52:03;22;;;;
304085;2;LINES_OF_CODE;2026-06-23 09:53:54;10;;;;
304115;2;LINES_OF_CODE;2026-06-23 10:04:21;5;;;;
304096;2;LINES_OF_CODE;2026-06-23 10:14:44;6;;;;
304079;2;LINES_OF_CODE;2026-06-23 10:17:43;16;;;;
304098;2;LINES_OF_CODE;2026-06-23 10:53:18;11;;;;
304089;2;LINES_OF_CODE;2026-06-23 11:31:39;11;;;;
304100;2;LINES_OF_CODE;2026-06-23 12:08:36;10;;;;
304092;2;LINES_OF_CODE;2026-06-23 12:32:05;14;;;;
304114;2;LINES_OF_CODE;2026-06-23 12:38:29;7;;;;
304116;2;LINES_OF_CODE;2026-06-23 12:53:48;4;;;;
304090;2;LINES_OF_CODE;2026-06-23 12:54:04;16;;;;
304109;2;LINES_OF_CODE;2026-06-23 13:22:58;13;;;;
304094;2;LINES_OF_CODE;2026-06-23 13:24:21;10;;;;
304087;2;LINES_OF_CODE;2026-06-23 13:40:29;6;;;;
304086;2;LINES_OF_CODE;2026-06-23 13:41:07;13;;;;
304097;2;LINES_OF_CODE;2026-06-23 13:53:42;9;;;;
304081;2;LINES_OF_CODE;2026-06-23 14:10:35;12;;;;
304080;2;LINES_OF_CODE;2026-06-23 14:19:13;0;;;;
304104;2;LINES_OF_CODE;2026-06-23 15:39:57;12;;;;
304099;2;LINES_OF_CODE;2026-06-23 15:39:58;4;;;;
304095;2;LINES_OF_CODE;2026-06-23 15:59:16;10;;;;
304106;2;LINES_OF_CODE;2026-06-23 16:02:36;4;;;;
304083;2;LINES_OF_CODE;2026-06-23 17:46:25;8;;;;
304088;2;LINES_OF_CODE;2026-06-23 17:51:59;13;;;;
304119;2;LINES_OF_CODE;2026-06-24 08:10:03;22;;;;
304123;2;LINES_OF_CODE;2026-06-24 08:12:40;12;;;;
304133;2;LINES_OF_CODE;2026-06-24 09:00:15;16;;;;
304131;2;LINES_OF_CODE;2026-06-24 09:06:38;20;;;;
304132;2;LINES_OF_CODE;2026-06-24 09:08:38;21;;;;
304138;2;LINES_OF_CODE;2026-06-24 10:03:03;3;;;;
304137;2;LINES_OF_CODE;2026-06-24 10:37:07;0;;;;
304144;2;LINES_OF_CODE;2026-06-24 10:39:48;31;;;;
304135;2;LINES_OF_CODE;2026-06-24 11:09:15;6;;;;
304147;2;LINES_OF_CODE;2026-06-24 11:10:05;11;;;;
304139;2;LINES_OF_CODE;2026-06-24 11:41:45;18;;;;
304121;2;LINES_OF_CODE;2026-06-24 12:20:37;19;;;;
304142;2;LINES_OF_CODE;2026-06-24 12:24:19;31;;;;
304141;2;LINES_OF_CODE;2026-06-24 12:45:57;12;;;;
304143;2;LINES_OF_CODE;2026-06-24 12:55:24;22;;;;
304122;2;LINES_OF_CODE;2026-06-24 13:08:45;22;;;;
304151;2;LINES_OF_CODE;2026-06-24 13:25:36;6;;;;
304145;2;LINES_OF_CODE;2026-06-24 13:48:55;13;;;;
304124;2;LINES_OF_CODE;2026-06-24 13:51:14;21;;;;
304117;2;LINES_OF_CODE;2026-06-24 14:00:02;13;;;;
304140;2;LINES_OF_CODE;2026-06-24 14:01:38;17;;;;
304150;2;LINES_OF_CODE;2026-06-24 14:27:20;26;;;;
304149;2;LINES_OF_CODE;2026-06-24 14:33:26;27;;;;
304134;2;LINES_OF_CODE;2026-06-24 14:34:25;24;;;;
304148;2;LINES_OF_CODE;2026-06-24 14:42:42;16;;;;
304120;2;LINES_OF_CODE;2026-06-24 15:27:51;25;;;;
304127;2;LINES_OF_CODE;2026-06-24 15:28:33;30;;;;
304136;2;LINES_OF_CODE;2026-06-24 15:55:21;31;;;;
304118;2;LINES_OF_CODE;2026-06-24 15:58:37;11;;;;
304152;2;LINES_OF_CODE;2026-06-24 16:07:16;0;;;;
304126;2;LINES_OF_CODE;2026-06-24 16:17:19;25;;;;
304129;2;LINES_OF_CODE;2026-06-24 16:37:49;12;;;;
304125;2;LINES_OF_CODE;2026-06-24 16:41:02;11;;;;
304146;2;LINES_OF_CODE;2026-06-24 17:13:30;16;;;;
304128;2;LINES_OF_CODE;2026-06-24 17:24:50;10;;;;
304130;2;LINES_OF_CODE;2026-06-24 17:27:50;8;;;;
304182;2;LINES_OF_CODE;2026-06-25 08:22:12;14;;;;
304158;2;LINES_OF_CODE;2026-06-25 08:32:58;18;;;;
304169;2;LINES_OF_CODE;2026-06-25 08:40:52;18;;;;
304165;2;LINES_OF_CODE;2026-06-25 08:43:59;5;;;;
304164;2;LINES_OF_CODE;2026-06-25 09:39:03;12;;;;
304180;2;LINES_OF_CODE;2026-06-25 09:41:36;17;;;;
304177;2;LINES_OF_CODE;2026-06-25 09:51:58;23;;;;
304166;2;LINES_OF_CODE;2026-06-25 09:52:11;17;;;;
304160;2;LINES_OF_CODE;2026-06-25 10:05:48;8;;;;
304153;2;LINES_OF_CODE;2026-06-25 10:16:01;17;;;;
304170;2;LINES_OF_CODE;2026-06-25 10:35:18;16;;;;
304174;2;LINES_OF_CODE;2026-06-25 10:44:43;18;;;;
304178;2;LINES_OF_CODE;2026-06-25 10:46:20;5;;;;
304155;2;LINES_OF_CODE;2026-06-25 10:56:01;7;;;;
304157;2;LINES_OF_CODE;2026-06-25 11:29:39;7;;;;
304168;2;LINES_OF_CODE;2026-06-25 12:35:01;20;;;;
304171;2;LINES_OF_CODE;2026-06-25 13:06:09;20;;;;
304167;2;LINES_OF_CODE;2026-06-25 13:13:42;1;;;;
304184;2;LINES_OF_CODE;2026-06-25 13:21:24;0;;;;
304179;2;LINES_OF_CODE;2026-06-25 13:28:22;10;;;;
304156;2;LINES_OF_CODE;2026-06-25 13:35:57;9;;;;
304175;2;LINES_OF_CODE;2026-06-25 13:45:10;19;;;;
304172;2;LINES_OF_CODE;2026-06-25 14:23:02;32;;;;
304161;2;LINES_OF_CODE;2026-06-25 14:24:36;14;;;;
304163;2;LINES_OF_CODE;2026-06-25 15:05:20;8;;;;
304183;2;LINES_OF_CODE;2026-06-25 15:20:26;0;;;;
304159;2;LINES_OF_CODE;2026-06-25 15:32:41;24;;;;
304176;2;LINES_OF_CODE;2026-06-25 15:48:09;14;;;;
304173;2;LINES_OF_CODE;2026-06-25 16:32:13;26;;;;
304181;2;LINES_OF_CODE;2026-06-25 17:04:50;9;;;;
304154;2;LINES_OF_CODE;2026-06-25 17:38:47;10;;;;
304162;2;LINES_OF_CODE;2026-06-25 17:47:22;7;;;;
304186;2;LINES_OF_CODE;2026-06-26 08:25:14;26;;;;
304199;2;LINES_OF_CODE;2026-06-26 08:40:25;8;;;;
304201;2;LINES_OF_CODE;2026-06-26 09:11:41;8;;;;
304198;2;LINES_OF_CODE;2026-06-26 09:12:10;15;;;;
304203;2;LINES_OF_CODE;2026-06-26 09:27:51;28;;;;
304209;2;LINES_OF_CODE;2026-06-26 09:36:48;18;;;;
304206;2;LINES_OF_CODE;2026-06-26 10:40:23;14;;;;
304188;2;LINES_OF_CODE;2026-06-26 11:05:19;22;;;;
304196;2;LINES_OF_CODE;2026-06-26 11:39:31;10;;;;
304185;2;LINES_OF_CODE;2026-06-26 12:06:59;8;;;;
304195;2;LINES_OF_CODE;2026-06-26 12:07:28;13;;;;
304189;2;LINES_OF_CODE;2026-06-26 12:26:20;12;;;;
304207;2;LINES_OF_CODE;2026-06-26 12:30:34;10;;;;
304202;2;LINES_OF_CODE;2026-06-26 13:34:06;5;;;;
304212;2;LINES_OF_CODE;2026-06-26 13:59:09;13;;;;
304210;2;LINES_OF_CODE;2026-06-26 14:11:05;14;;;;
304200;2;LINES_OF_CODE;2026-06-26 14:44:30;16;;;;
304205;2;LINES_OF_CODE;2026-06-26 15:02:07;25;;;;
304211;2;LINES_OF_CODE;2026-06-26 15:07:28;25;;;;
304193;2;LINES_OF_CODE;2026-06-26 15:09:27;0;;;;
304194;2;LINES_OF_CODE;2026-06-26 15:16:58;17;;;;
304191;2;LINES_OF_CODE;2026-06-26 15:52:26;6;;;;
304190;2;LINES_OF_CODE;2026-06-26 16:34:32;27;;;;
304187;2;LINES_OF_CODE;2026-06-26 16:38:56;21;;;;
304192;2;LINES_OF_CODE;2026-06-26 16:40:09;12;;;;
304208;2;LINES_OF_CODE;2026-06-26 16:49:22;9;;;;
304197;2;LINES_OF_CODE;2026-06-26 17:06:25;26;;;;
304204;2;LINES_OF_CODE;2026-06-26 17:44:15;13;;;;
304238;2;LINES_OF_CODE;2026-06-29 08:43:23;1;;;;
304233;2;LINES_OF_CODE;2026-06-29 09:19:12;0;;;;
304225;2;LINES_OF_CODE;2026-06-29 09:27:08;0;;;;
304223;2;LINES_OF_CODE;2026-06-29 09:29:59;0;;;;
304232;2;LINES_OF_CODE;2026-06-29 09:30:55;1;;;;
304224;2;LINES_OF_CODE;2026-06-29 10:01:45;0;;;;
304227;2;LINES_OF_CODE;2026-06-29 10:46:02;1;;;;
304222;2;LINES_OF_CODE;2026-06-29 10:53:33;1;;;;
304234;2;LINES_OF_CODE;2026-06-29 11:52:35;1;;;;
304239;2;LINES_OF_CODE;2026-06-29 12:03:12;1;;;;
304215;2;LINES_OF_CODE;2026-06-29 12:20:19;0;;;;
304240;2;LINES_OF_CODE;2026-06-29 12:33:36;2;;;;
304237;2;LINES_OF_CODE;2026-06-29 12:39:44;1;;;;
304221;2;LINES_OF_CODE;2026-06-29 14:38:41;2;;;;
304230;2;LINES_OF_CODE;2026-06-29 14:51:10;1;;;;
304218;2;LINES_OF_CODE;2026-06-29 14:54:06;1;;;;
304216;2;LINES_OF_CODE;2026-06-29 15:45:10;1;;;;
304241;2;LINES_OF_CODE;2026-06-29 15:59:51;15;;;;
304235;2;LINES_OF_CODE;2026-06-29 16:12:21;1;;;;
304213;2;LINES_OF_CODE;2026-06-29 16:19:20;2;;;;
304217;2;LINES_OF_CODE;2026-06-29 16:22:09;2;;;;
304228;2;LINES_OF_CODE;2026-06-29 16:22:19;1;;;;
304220;2;LINES_OF_CODE;2026-06-29 16:36:41;2;;;;
304236;2;LINES_OF_CODE;2026-06-29 16:46:28;0;;;;
304229;2;LINES_OF_CODE;2026-06-29 16:53:41;1;;;;
304226;2;LINES_OF_CODE;2026-06-29 16:58:20;0;;;;
304231;2;LINES_OF_CODE;2026-06-29 17:03:12;1;;;;
304214;2;LINES_OF_CODE;2026-06-29 17:39:21;0;;;;
304219;2;LINES_OF_CODE;2026-06-29 17:42:34;0;;;;
304242;2;LINES_OF_CODE;2026-06-30 08:10:44;19;;;;
304251;2;LINES_OF_CODE;2026-06-30 08:34:58;17;;;;
304264;2;LINES_OF_CODE;2026-06-30 08:35:57;10;;;;
304243;2;LINES_OF_CODE;2026-06-30 08:48:48;21;;;;
304250;2;LINES_OF_CODE;2026-06-30 09:15:40;21;;;;
304259;2;LINES_OF_CODE;2026-06-30 09:25:05;15;;;;
304269;2;LINES_OF_CODE;2026-06-30 09:50:59;-1;;;;
304247;2;LINES_OF_CODE;2026-06-30 10:21:22;19;;;;
304245;2;LINES_OF_CODE;2026-06-30 10:28:08;7;;;;
304258;2;LINES_OF_CODE;2026-06-30 10:51:54;17;;;;
304273;2;LINES_OF_CODE;2026-06-30 11:01:18;21;;;;
304274;2;LINES_OF_CODE;2026-06-30 11:12:16;17;;;;
304267;2;LINES_OF_CODE;2026-06-30 11:26:16;20;;;;
304254;2;LINES_OF_CODE;2026-06-30 11:36:10;19;;;;
304252;2;LINES_OF_CODE;2026-06-30 12:08:37;14;;;;
304260;2;LINES_OF_CODE;2026-06-30 12:11:36;23;;;;
304249;2;LINES_OF_CODE;2026-06-30 12:56:04;21;;;;
304253;2;LINES_OF_CODE;2026-06-30 12:56:26;11;;;;
304256;2;LINES_OF_CODE;2026-06-30 13:00:31;0;;;;
304244;2;LINES_OF_CODE;2026-06-30 13:31:37;8;;;;
304268;2;LINES_OF_CODE;2026-06-30 13:40:46;12;;;;
304266;2;LINES_OF_CODE;2026-06-30 14:06:15;27;;;;
304261;2;LINES_OF_CODE;2026-06-30 14:16:07;8;;;;
304263;2;LINES_OF_CODE;2026-06-30 14:25:07;14;;;;
304265;2;LINES_OF_CODE;2026-06-30 14:51:22;3;;;;
304272;2;LINES_OF_CODE;2026-06-30 15:02:23;24;;;;
304246;2;LINES_OF_CODE;2026-06-30 15:23:41;5;;;;
304276;2;LINES_OF_CODE;2026-06-30 15:28:10;3;;;;
304257;2;LINES_OF_CODE;2026-06-30 16:16:18;22;;;;
304271;2;LINES_OF_CODE;2026-06-30 16:24:41;23;;;;
304262;2;LINES_OF_CODE;2026-06-30 16:43:17;18;;;;
304248;2;LINES_OF_CODE;2026-06-30 17:09:59;6;;;;
304270;2;LINES_OF_CODE;2026-06-30 17:31:02;0;;;;
304255;2;LINES_OF_CODE;2026-06-30 17:43:09;17;;;;
304275;2;LINES_OF_CODE;2026-06-30 17:55:36;20;;;;
304296;2;LINES_OF_CODE;2026-07-01 08:03:40;7;;;;
304281;2;LINES_OF_CODE;2026-07-01 08:16:37;9;;;;
304288;2;LINES_OF_CODE;2026-07-01 09:43:00;0;;;;
304282;2;LINES_OF_CODE;2026-07-01 10:02:52;5;;;;
304300;2;LINES_OF_CODE;2026-07-01 10:18:03;2;;;;
304286;2;LINES_OF_CODE;2026-07-01 10:26:11;11;;;;
304302;2;LINES_OF_CODE;2026-07-01 10:26:56;5;;;;
304285;2;LINES_OF_CODE;2026-07-01 10:31:05;8;;;;
304279;2;LINES_OF_CODE;2026-07-01 10:49:08;2;;;;
304305;2;LINES_OF_CODE;2026-07-01 12:13:54;1;;;;
304287;2;LINES_OF_CODE;2026-07-01 13:07:02;4;;;;
304280;2;LINES_OF_CODE;2026-07-01 13:38:21;6;;;;
304291;2;LINES_OF_CODE;2026-07-01 13:44:17;13;;;;
304278;2;LINES_OF_CODE;2026-07-01 13:56:03;7;;;;
304290;2;LINES_OF_CODE;2026-07-01 14:01:50;3;;;;
304299;2;LINES_OF_CODE;2026-07-01 14:46:00;9;;;;
304277;2;LINES_OF_CODE;2026-07-01 14:47:23;1;;;;
304303;2;LINES_OF_CODE;2026-07-01 14:55:17;10;;;;
304295;2;LINES_OF_CODE;2026-07-01 15:35:17;12;;;;
304283;2;LINES_OF_CODE;2026-07-01 15:37:02;5;;;;
304298;2;LINES_OF_CODE;2026-07-01 15:56:18;8;;;;
304304;2;LINES_OF_CODE;2026-07-01 16:12:15;10;;;;
304294;2;LINES_OF_CODE;2026-07-01 16:20:30;5;;;;
304284;2;LINES_OF_CODE;2026-07-01 16:27:14;9;;;;
304297;2;LINES_OF_CODE;2026-07-01 16:48:48;6;;;;
304301;2;LINES_OF_CODE;2026-07-01 17:21:27;0;;;;
304306;2;LINES_OF_CODE;2026-07-01 17:23:50;28;;;;
304289;2;LINES_OF_CODE;2026-07-01 17:24:14;4;;;;
304292;2;LINES_OF_CODE;2026-07-01 17:47:20;8;;;;
304293;2;LINES_OF_CODE;2026-07-01 17:49:59;6;;;;
304311;2;LINES_OF_CODE;2026-07-02 08:21:14;0;;;;
304330;2;LINES_OF_CODE;2026-07-02 08:32:04;2;;;;
304314;2;LINES_OF_CODE;2026-07-02 08:34:13;4;;;;
304308;2;LINES_OF_CODE;2026-07-02 08:44:31;2;;;;
304313;2;LINES_OF_CODE;2026-07-02 08:47:47;6;;;;
304337;2;LINES_OF_CODE;2026-07-02 09:24:03;2;;;;
304318;2;LINES_OF_CODE;2026-07-02 09:37:06;1;;;;
304315;2;LINES_OF_CODE;2026-07-02 09:38:23;0;;;;
304333;2;LINES_OF_CODE;2026-07-02 10:10:01;4;;;;
304331;2;LINES_OF_CODE;2026-07-02 10:31:03;1;;;;
304335;2;LINES_OF_CODE;2026-07-02 10:31:46;4;;;;
304334;2;LINES_OF_CODE;2026-07-02 11:20:21;5;;;;
304326;2;LINES_OF_CODE;2026-07-02 11:28:10;0;;;;
304322;2;LINES_OF_CODE;2026-07-02 12:12:10;3;;;;
304338;2;LINES_OF_CODE;2026-07-02 12:24:43;3;;;;
304340;2;LINES_OF_CODE;2026-07-02 12:35:14;25;;;;
304319;2;LINES_OF_CODE;2026-07-02 13:04:34;3;;;;
304336;2;LINES_OF_CODE;2026-07-02 13:49:54;0;;;;
304312;2;LINES_OF_CODE;2026-07-02 14:15:19;6;;;;
304320;2;LINES_OF_CODE;2026-07-02 14:17:49;3;;;;
304309;2;LINES_OF_CODE;2026-07-02 14:36:02;4;;;;
304321;2;LINES_OF_CODE;2026-07-02 14:50:34;1;;;;
304316;2;LINES_OF_CODE;2026-07-02 14:56:21;6;;;;
304317;2;LINES_OF_CODE;2026-07-02 15:12:12;4;;;;
304328;2;LINES_OF_CODE;2026-07-02 15:44:46;1;;;;
304339;2;LINES_OF_CODE;2026-07-02 15:56:23;7;;;;
304307;2;LINES_OF_CODE;2026-07-02 15:57:50;4;;;;
304329;2;LINES_OF_CODE;2026-07-02 16:25:51;1;;;;
304323;2;LINES_OF_CODE;2026-07-02 16:47:56;2;;;;
304310;2;LINES_OF_CODE;2026-07-02 16:59:40;2;;;;
304324;2;LINES_OF_CODE;2026-07-02 17:07:25;0;;;;
304327;2;LINES_OF_CODE;2026-07-02 17:08:16;5;;;;
304332;2;LINES_OF_CODE;2026-07-02 17:32:48;3;;;;
304325;2;LINES_OF_CODE;2026-07-02 17:51:53;5;;;;
304362;2;LINES_OF_CODE;2026-07-03 08:59:53;3;;;;
304352;2;LINES_OF_CODE;2026-07-03 09:06:32;5;;;;
304369;2;LINES_OF_CODE;2026-07-03 09:16:54;3;;;;
304367;2;LINES_OF_CODE;2026-07-03 09:36:05;9;;;;
304368;2;LINES_OF_CODE;2026-07-03 09:39:32;9;;;;
304358;2;LINES_OF_CODE;2026-07-03 09:42:04;7;;;;
304356;2;LINES_OF_CODE;2026-07-03 09:56:30;8;;;;
304357;2;LINES_OF_CODE;2026-07-03 10:22:27;8;;;;
304342;2;LINES_OF_CODE;2026-07-03 10:48:30;4;;;;
304372;2;LINES_OF_CODE;2026-07-03 11:10:26;7;;;;
304371;2;LINES_OF_CODE;2026-07-03 11:34:35;8;;;;
304366;2;LINES_OF_CODE;2026-07-03 11:35:00;9;;;;
304364;2;LINES_OF_CODE;2026-07-03 11:36:05;7;;;;
304360;2;LINES_OF_CODE;2026-07-03 11:56:41;6;;;;
304361;2;LINES_OF_CODE;2026-07-03 12:03:00;0;;;;
304363;2;LINES_OF_CODE;2026-07-03 12:08:32;0;;;;
304353;2;LINES_OF_CODE;2026-07-03 12:14:17;12;;;;
304355;2;LINES_OF_CODE;2026-07-03 12:29:41;11;;;;
304349;2;LINES_OF_CODE;2026-07-03 13:00:45;7;;;;
304351;2;LINES_OF_CODE;2026-07-03 13:14:25;5;;;;
304343;2;LINES_OF_CODE;2026-07-03 13:34:31;3;;;;
304341;2;LINES_OF_CODE;2026-07-03 13:55:45;4;;;;
304370;2;LINES_OF_CODE;2026-07-03 14:39:02;12;;;;
304350;2;LINES_OF_CODE;2026-07-03 14:39:17;5;;;;
304344;2;LINES_OF_CODE;2026-07-03 14:40:38;3;;;;
304354;2;LINES_OF_CODE;2026-07-03 14:45:26;3;;;;
304359;2;LINES_OF_CODE;2026-07-03 15:08:16;7;;;;
304374;2;LINES_OF_CODE;2026-07-03 15:12:11;1;;;;
304348;2;LINES_OF_CODE;2026-07-03 15:20:52;5;;;;
304346;2;LINES_OF_CODE;2026-07-03 15:48:51;5;;;;
304373;2;LINES_OF_CODE;2026-07-03 15:58:25;3;;;;
304347;2;LINES_OF_CODE;2026-07-03 16:45:15;10;;;;
304365;2;LINES_OF_CODE;2026-07-03 17:41:32;7;;;;
304345;2;LINES_OF_CODE;2026-07-03 17:51:46;5;;;;
304395;2;LINES_OF_CODE;2026-07-06 08:23:51;5;;;;
304380;2;LINES_OF_CODE;2026-07-06 09:10:02;0;;;;
304386;2;LINES_OF_CODE;2026-07-06 09:31:27;7;;;;
304377;2;LINES_OF_CODE;2026-07-06 09:54:07;5;;;;
304387;2;LINES_OF_CODE;2026-07-06 10:15:52;9;;;;
304393;2;LINES_OF_CODE;2026-07-06 10:29:52;6;;;;
304396;2;LINES_OF_CODE;2026-07-06 10:46:48;6;;;;
304388;2;LINES_OF_CODE;2026-07-06 11:08:18;0;;;;
304378;2;LINES_OF_CODE;2026-07-06 11:25:11;9;;;;
304375;2;LINES_OF_CODE;2026-07-06 11:39:52;11;;;;
304401;2;LINES_OF_CODE;2026-07-06 12:12:06;23;;;;
304384;2;LINES_OF_CODE;2026-07-06 12:14:12;6;;;;
304376;2;LINES_OF_CODE;2026-07-06 13:13:48;6;;;;
304399;2;LINES_OF_CODE;2026-07-06 14:18:10;1;;;;
304390;2;LINES_OF_CODE;2026-07-06 14:31:49;1;;;;
304379;2;LINES_OF_CODE;2026-07-06 14:58:21;6;;;;
304400;2;LINES_OF_CODE;2026-07-06 15:12:26;7;;;;
304385;2;LINES_OF_CODE;2026-07-06 15:18:32;7;;;;
304392;2;LINES_OF_CODE;2026-07-06 15:44:34;9;;;;
304391;2;LINES_OF_CODE;2026-07-06 16:26:18;1;;;;
304381;2;LINES_OF_CODE;2026-07-06 16:57:46;7;;;;
304398;2;LINES_OF_CODE;2026-07-06 17:04:18;9;;;;
304394;2;LINES_OF_CODE;2026-07-06 17:16:16;5;;;;
304383;2;LINES_OF_CODE;2026-07-06 17:26:38;7;;;;
304389;2;LINES_OF_CODE;2026-07-06 17:38:55;3;;;;
304382;2;LINES_OF_CODE;2026-07-06 17:47:44;4;;;;
304397;2;LINES_OF_CODE;2026-07-06 17:49:21;4;;;;
304414;2;LINES_OF_CODE;2026-07-07 08:49:42;4;;;;
304409;2;LINES_OF_CODE;2026-07-07 09:07:10;8;;;;
304410;2;LINES_OF_CODE;2026-07-07 09:25:20;6;;;;
304415;2;LINES_OF_CODE;2026-07-07 09:38:55;6;;;;
304408;2;LINES_OF_CODE;2026-07-07 10:40:28;4;;;;
304422;2;LINES_OF_CODE;2026-07-07 11:03:23;4;;;;
304419;2;LINES_OF_CODE;2026-07-07 11:08:27;3;;;;
304405;2;LINES_OF_CODE;2026-07-07 11:41:04;0;;;;
304416;2;LINES_OF_CODE;2026-07-07 12:10:51;2;;;;
304423;2;LINES_OF_CODE;2026-07-07 12:16:43;3;;;;
304402;2;LINES_OF_CODE;2026-07-07 12:37:28;3;;;;
304404;2;LINES_OF_CODE;2026-07-07 12:59:40;7;;;;
304407;2;LINES_OF_CODE;2026-07-07 13:04:01;9;;;;
304420;2;LINES_OF_CODE;2026-07-07 13:04:14;3;;;;
304424;2;LINES_OF_CODE;2026-07-07 13:18:28;8;;;;
304412;2;LINES_OF_CODE;2026-07-07 13:26:37;4;;;;
304426;2;LINES_OF_CODE;2026-07-07 14:24:32;31;;;;
304417;2;LINES_OF_CODE;2026-07-07 14:30:41;5;;;;
304421;2;LINES_OF_CODE;2026-07-07 15:04:30;3;;;;
304413;2;LINES_OF_CODE;2026-07-07 15:25:32;0;;;;
304403;2;LINES_OF_CODE;2026-07-07 16:41:12;6;;;;
304411;2;LINES_OF_CODE;2026-07-07 16:46:14;6;;;;
304406;2;LINES_OF_CODE;2026-07-07 16:52:14;0;;;;
304425;2;LINES_OF_CODE;2026-07-07 17:07:40;4;;;;
304418;2;LINES_OF_CODE;2026-07-07 17:08:16;4;;;;
304431;2;LINES_OF_CODE;2026-07-08 08:06:32;2;;;;
304461;2;LINES_OF_CODE;2026-07-08 08:38:01;3;;;;
304435;2;LINES_OF_CODE;2026-07-08 08:42:39;2;;;;
304430;2;LINES_OF_CODE;2026-07-08 09:51:08;1;;;;
304433;2;LINES_OF_CODE;2026-07-08 09:59:42;2;;;;
304447;2;LINES_OF_CODE;2026-07-08 10:22:12;3;;;;
304451;2;LINES_OF_CODE;2026-07-08 10:30:19;1;;;;
304452;2;LINES_OF_CODE;2026-07-08 10:50:44;1;;;;
304453;2;LINES_OF_CODE;2026-07-08 10:56:08;2;;;;
304439;2;LINES_OF_CODE;2026-07-08 10:57:18;1;;;;
304434;2;LINES_OF_CODE;2026-07-08 10:57:45;2;;;;
304444;2;LINES_OF_CODE;2026-07-08 11:02:29;2;;;;
304432;2;LINES_OF_CODE;2026-07-08 11:56:29;1;;;;
304454;2;LINES_OF_CODE;2026-07-08 11:56:42;2;;;;
304455;2;LINES_OF_CODE;2026-07-08 12:06:34;2;;;;
304441;2;LINES_OF_CODE;2026-07-08 12:08:57;1;;;;
304440;2;LINES_OF_CODE;2026-07-08 12:20:57;1;;;;
304442;2;LINES_OF_CODE;2026-07-08 12:49:56;3;;;;
304463;2;LINES_OF_CODE;2026-07-08 12:55:24;18;;;;
304428;2;LINES_OF_CODE;2026-07-08 12:58:52;1;;;;
304450;2;LINES_OF_CODE;2026-07-08 13:03:25;2;;;;
304445;2;LINES_OF_CODE;2026-07-08 13:34:10;0;;;;
304446;2;LINES_OF_CODE;2026-07-08 13:58:30;1;;;;
304429;2;LINES_OF_CODE;2026-07-08 14:14:37;1;;;;
304449;2;LINES_OF_CODE;2026-07-08 14:16:44;1;;;;
304456;2;LINES_OF_CODE;2026-07-08 14:21:08;1;;;;
304460;2;LINES_OF_CODE;2026-07-08 14:28:07;0;;;;
304438;2;LINES_OF_CODE;2026-07-08 14:37:44;1;;;;
304436;2;LINES_OF_CODE;2026-07-08 15:04:10;1;;;;
304459;2;LINES_OF_CODE;2026-07-08 15:12:49;2;;;;
304457;2;LINES_OF_CODE;2026-07-08 15:35:31;1;;;;
304458;2;LINES_OF_CODE;2026-07-08 15:45:31;2;;;;
304462;2;LINES_OF_CODE;2026-07-08 16:43:42;2;;;;
304437;2;LINES_OF_CODE;2026-07-08 16:50:52;3;;;;
304448;2;LINES_OF_CODE;2026-07-08 17:38:21;3;;;;
304443;2;LINES_OF_CODE;2026-07-08 17:44:17;2;;;;
304427;2;LINES_OF_CODE;2026-07-08 17:57:02;0;;;;
304491;2;LINES_OF_CODE;2026-07-09 08:19:57;5;;;;
304470;2;LINES_OF_CODE;2026-07-09 08:45:25;5;;;;
304490;2;LINES_OF_CODE;2026-07-09 08:50:40;1;;;;
304476;2;LINES_OF_CODE;2026-07-09 09:01:56;2;;;;
304474;2;LINES_OF_CODE;2026-07-09 09:05:14;3;;;;
304496;2;LINES_OF_CODE;2026-07-09 09:11:39;1;;;;
304480;2;LINES_OF_CODE;2026-07-09 09:54:14;5;;;;
304466;2;LINES_OF_CODE;2026-07-09 10:15:24;4;;;;
304498;2;LINES_OF_CODE;2026-07-09 10:18:56;8;;;;
304468;2;LINES_OF_CODE;2026-07-09 10:20:56;3;;;;
304492;2;LINES_OF_CODE;2026-07-09 10:40:47;2;;;;
304479;2;LINES_OF_CODE;2026-07-09 11:00:11;3;;;;
304485;2;LINES_OF_CODE;2026-07-09 11:03:58;2;;;;
304497;2;LINES_OF_CODE;2026-07-09 11:04:58;4;;;;
304473;2;LINES_OF_CODE;2026-07-09 12:03:15;3;;;;
304471;2;LINES_OF_CODE;2026-07-09 12:06:17;7;;;;
304481;2;LINES_OF_CODE;2026-07-09 12:58:54;7;;;;
304493;2;LINES_OF_CODE;2026-07-09 13:08:50;4;;;;
304475;2;LINES_OF_CODE;2026-07-09 13:29:54;3;;;;
304482;2;LINES_OF_CODE;2026-07-09 13:34:42;2;;;;
304483;2;LINES_OF_CODE;2026-07-09 14:23:42;3;;;;
304495;2;LINES_OF_CODE;2026-07-09 14:40:48;5;;;;
304464;2;LINES_OF_CODE;2026-07-09 14:42:19;5;;;;
304469;2;LINES_OF_CODE;2026-07-09 14:45:58;1;;;;
304487;2;LINES_OF_CODE;2026-07-09 14:48:48;5;;;;
304478;2;LINES_OF_CODE;2026-07-09 15:14:03;4;;;;
304472;2;LINES_OF_CODE;2026-07-09 15:45:05;1;;;;
304486;2;LINES_OF_CODE;2026-07-09 16:36:32;1;;;;
304467;2;LINES_OF_CODE;2026-07-09 16:45:30;5;;;;
304477;2;LINES_OF_CODE;2026-07-09 16:46:14;3;;;;
304488;2;LINES_OF_CODE;2026-07-09 17:02:13;5;;;;
304484;2;LINES_OF_CODE;2026-07-09 17:17:01;2;;;;
304494;2;LINES_OF_CODE;2026-07-09 17:22:55;4;;;;
304465;2;LINES_OF_CODE;2026-07-09 17:34:19;5;;;;
304489;2;LINES_OF_CODE;2026-07-09 17:55:10;2;;;;
304528;2;LINES_OF_CODE;2026-07-10 08:06:50;3;;;;
304533;2;LINES_OF_CODE;2026-07-10 08:23:16;13;;;;
304511;2;LINES_OF_CODE;2026-07-10 08:39:12;5;;;;
304517;2;LINES_OF_CODE;2026-07-10 08:41:32;1;;;;
304522;2;LINES_OF_CODE;2026-07-10 08:42:14;4;;;;
304515;2;LINES_OF_CODE;2026-07-10 09:22:24;1;;;;
304514;2;LINES_OF_CODE;2026-07-10 09:30:37;7;;;;
304509;2;LINES_OF_CODE;2026-07-10 09:38:54;4;;;;
304505;2;LINES_OF_CODE;2026-07-10 09:41:18;0;;;;
304512;2;LINES_OF_CODE;2026-07-10 09:51:42;3;;;;
304523;2;LINES_OF_CODE;2026-07-10 10:02:46;5;;;;
304499;2;LINES_OF_CODE;2026-07-10 10:52:24;3;;;;
304524;2;LINES_OF_CODE;2026-07-10 10:54:01;5;;;;
304519;2;LINES_OF_CODE;2026-07-10 10:58:11;6;;;;
304518;2;LINES_OF_CODE;2026-07-10 11:23:33;3;;;;
304536;2;LINES_OF_CODE;2026-07-10 11:23:51;25;;;;
304502;2;LINES_OF_CODE;2026-07-10 12:09:16;10;;;;
304521;2;LINES_OF_CODE;2026-07-10 12:24:33;11;;;;
304500;2;LINES_OF_CODE;2026-07-10 12:25:56;8;;;;
304529;2;LINES_OF_CODE;2026-07-10 12:49:10;8;;;;
304534;2;LINES_OF_CODE;2026-07-10 12:58:51;6;;;;
304525;2;LINES_OF_CODE;2026-07-10 13:44:58;-1;;;;
304508;2;LINES_OF_CODE;2026-07-10 14:14:20;6;;;;
304526;2;LINES_OF_CODE;2026-07-10 14:19:37;6;;;;
304504;2;LINES_OF_CODE;2026-07-10 14:20:08;2;;;;
304535;2;LINES_OF_CODE;2026-07-10 14:41:10;7;;;;
304506;2;LINES_OF_CODE;2026-07-10 14:48:36;8;;;;
304501;2;LINES_OF_CODE;2026-07-10 14:59:02;7;;;;
304503;2;LINES_OF_CODE;2026-07-10 15:43:14;4;;;;
304531;2;LINES_OF_CODE;2026-07-10 16:04:08;5;;;;
304520;2;LINES_OF_CODE;2026-07-10 16:16:40;5;;;;
304530;2;LINES_OF_CODE;2026-07-10 16:40:42;11;;;;
304510;2;LINES_OF_CODE;2026-07-10 16:45:29;10;;;;
304527;2;LINES_OF_CODE;2026-07-10 17:07:38;6;;;;
304507;2;LINES_OF_CODE;2026-07-10 17:15:42;4;;;;
304516;2;LINES_OF_CODE;2026-07-10 17:25:30;7;;;;
304532;2;LINES_OF_CODE;2026-07-10 17:29:59;2;;;;
304513;2;LINES_OF_CODE;2026-07-10 17:33:40;4;;;;
304565;2;LINES_OF_CODE;2026-07-13 08:17:46;4;;;;
304555;2;LINES_OF_CODE;2026-07-13 08:28:04;2;;;;
304570;2;LINES_OF_CODE;2026-07-13 08:33:12;1;;;;
304567;2;LINES_OF_CODE;2026-07-13 08:40:15;6;;;;
304550;2;LINES_OF_CODE;2026-07-13 08:57:16;4;;;;
304573;2;LINES_OF_CODE;2026-07-13 09:47:46;0;;;;
304548;2;LINES_OF_CODE;2026-07-13 10:18:05;2;;;;
304566;2;LINES_OF_CODE;2026-07-13 10:57:15;2;;;;
304557;2;LINES_OF_CODE;2026-07-13 11:11:10;2;;;;
304537;2;LINES_OF_CODE;2026-07-13 11:44:53;5;;;;
304556;2;LINES_OF_CODE;2026-07-13 11:53:23;5;;;;
304571;2;LINES_OF_CODE;2026-07-13 12:16:24;5;;;;
304545;2;LINES_OF_CODE;2026-07-13 12:36:02;5;;;;
304541;2;LINES_OF_CODE;2026-07-13 13:11:05;6;;;;
304563;2;LINES_OF_CODE;2026-07-13 13:11:28;3;;;;
304544;2;LINES_OF_CODE;2026-07-13 13:16:15;4;;;;
304572;2;LINES_OF_CODE;2026-07-13 13:18:53;2;;;;
304549;2;LINES_OF_CODE;2026-07-13 13:30:01;3;;;;
304575;2;LINES_OF_CODE;2026-07-13 14:02:42;20;;;;
304540;2;LINES_OF_CODE;2026-07-13 14:04:42;4;;;;
304552;2;LINES_OF_CODE;2026-07-13 14:05:56;4;;;;
304542;2;LINES_OF_CODE;2026-07-13 14:11:40;1;;;;
304561;2;LINES_OF_CODE;2026-07-13 14:48:16;7;;;;
304543;2;LINES_OF_CODE;2026-07-13 14:54:17;4;;;;
304564;2;LINES_OF_CODE;2026-07-13 15:12:39;6;;;;
304546;2;LINES_OF_CODE;2026-07-13 15:16:10;3;;;;
304538;2;LINES_OF_CODE;2026-07-13 15:24:31;4;;;;
304569;2;LINES_OF_CODE;2026-07-13 15:27:20;2;;;;
304539;2;LINES_OF_CODE;2026-07-13 15:57:08;5;;;;
304547;2;LINES_OF_CODE;2026-07-13 16:07:06;4;;;;
304558;2;LINES_OF_CODE;2026-07-13 16:20:07;3;;;;
304559;2;LINES_OF_CODE;2026-07-13 16:27:30;2;;;;
304560;2;LINES_OF_CODE;2026-07-13 16:29:12;6;;;;
304562;2;LINES_OF_CODE;2026-07-13 17:06:41;5;;;;
304551;2;LINES_OF_CODE;2026-07-13 17:16:47;1;;;;
304568;2;LINES_OF_CODE;2026-07-13 17:23:00;8;;;;
304574;2;LINES_OF_CODE;2026-07-13 17:40:32;2;;;;
304554;2;LINES_OF_CODE;2026-07-13 17:53:16;4;;;;
304553;2;LINES_OF_CODE;2026-07-13 17:56:46;2;;;;
304592;2;LINES_OF_CODE;2026-07-14 08:16:37;8;;;;
304580;2;LINES_OF_CODE;2026-07-14 08:40:20;2;;;;
304603;2;LINES_OF_CODE;2026-07-14 08:44:22;16;;;;
304585;2;LINES_OF_CODE;2026-07-14 09:08:14;3;;;;
304593;2;LINES_OF_CODE;2026-07-14 09:31:42;7;;;;
304599;2;LINES_OF_CODE;2026-07-14 09:31:45;4;;;;
304596;2;LINES_OF_CODE;2026-07-14 11:28:58;5;;;;
304584;2;LINES_OF_CODE;2026-07-14 11:31:54;4;;;;
304586;2;LINES_OF_CODE;2026-07-14 11:45:34;7;;;;
304587;2;LINES_OF_CODE;2026-07-14 11:59:49;8;;;;
304577;2;LINES_OF_CODE;2026-07-14 12:05:33;3;;;;
304581;2;LINES_OF_CODE;2026-07-14 12:06:56;5;;;;
304595;2;LINES_OF_CODE;2026-07-14 12:17:30;4;;;;
304600;2;LINES_OF_CODE;2026-07-14 13:15:14;7;;;;
304579;2;LINES_OF_CODE;2026-07-14 13:30:41;6;;;;
304590;2;LINES_OF_CODE;2026-07-14 13:57:06;3;;;;
304591;2;LINES_OF_CODE;2026-07-14 14:01:28;4;;;;
304594;2;LINES_OF_CODE;2026-07-14 14:16:11;3;;;;
304602;2;LINES_OF_CODE;2026-07-14 14:27:07;4;;;;
304589;2;LINES_OF_CODE;2026-07-14 14:28:44;2;;;;
304598;2;LINES_OF_CODE;2026-07-14 14:29:56;6;;;;
304597;2;LINES_OF_CODE;2026-07-14 15:26:53;1;;;;
304582;2;LINES_OF_CODE;2026-07-14 15:34:11;5;;;;
304576;2;LINES_OF_CODE;2026-07-14 16:18:54;4;;;;
304583;2;LINES_OF_CODE;2026-07-14 16:39:43;3;;;;
304578;2;LINES_OF_CODE;2026-07-14 16:53:37;0;;;;
304588;2;LINES_OF_CODE;2026-07-14 17:10:50;3;;;;
304601;2;LINES_OF_CODE;2026-07-14 17:59:14;5;;;;
304605;2;LINES_OF_CODE;2026-07-15 08:10:39;6;;;;
304623;2;LINES_OF_CODE;2026-07-15 09:07:09;7;;;;
304629;2;LINES_OF_CODE;2026-07-15 10:10:09;3;;;;
304633;2;LINES_OF_CODE;2026-07-15 10:10:21;9;;;;
304604;2;LINES_OF_CODE;2026-07-15 10:25:13;8;;;;
304630;2;LINES_OF_CODE;2026-07-15 10:29:02;0;;;;
304621;2;LINES_OF_CODE;2026-07-15 10:29:44;4;;;;
304628;2;LINES_OF_CODE;2026-07-15 10:37:43;6;;;;
304625;2;LINES_OF_CODE;2026-07-15 10:50:09;3;;;;
304635;2;LINES_OF_CODE;2026-07-15 11:08:06;2;;;;
304636;2;LINES_OF_CODE;2026-07-15 11:58:23;6;;;;
304627;2;LINES_OF_CODE;2026-07-15 12:19:09;4;;;;
304611;2;LINES_OF_CODE;2026-07-15 13:07:26;9;;;;
304608;2;LINES_OF_CODE;2026-07-15 13:15:43;5;;;;
304615;2;LINES_OF_CODE;2026-07-15 13:28:04;7;;;;
304637;2;LINES_OF_CODE;2026-07-15 13:28:29;17;;;;
304634;2;LINES_OF_CODE;2026-07-15 14:04:51;7;;;;
304624;2;LINES_OF_CODE;2026-07-15 14:29:32;4;;;;
304620;2;LINES_OF_CODE;2026-07-15 15:10:43;10;;;;
304616;2;LINES_OF_CODE;2026-07-15 15:21:22;2;;;;
304607;2;LINES_OF_CODE;2026-07-15 15:21:39;2;;;;
304632;2;LINES_OF_CODE;2026-07-15 15:26:02;4;;;;
304612;2;LINES_OF_CODE;2026-07-15 15:28:15;1;;;;
304622;2;LINES_OF_CODE;2026-07-15 15:38:30;6;;;;
304618;2;LINES_OF_CODE;2026-07-15 15:39:14;7;;;;
304614;2;LINES_OF_CODE;2026-07-15 15:39:33;5;;;;
304610;2;LINES_OF_CODE;2026-07-15 16:02:29;3;;;;
304613;2;LINES_OF_CODE;2026-07-15 16:52:16;4;;;;
304617;2;LINES_OF_CODE;2026-07-15 17:01:11;10;;;;
304609;2;LINES_OF_CODE;2026-07-15 17:20:43;0;;;;
304631;2;LINES_OF_CODE;2026-07-15 17:25:53;6;;;;
304606;2;LINES_OF_CODE;2026-07-15 17:26:09;3;;;;
304619;2;LINES_OF_CODE;2026-07-15 17:47:05;5;;;;
304626;2;LINES_OF_CODE;2026-07-15 17:54:53;9;;;;
304649;2;LINES_OF_CODE;2026-07-16 08:33:13;0;;;;
304639;2;LINES_OF_CODE;2026-07-16 08:49:27;4;;;;
304642;2;LINES_OF_CODE;2026-07-16 08:50:50;1;;;;
304657;2;LINES_OF_CODE;2026-07-16 09:04:14;1;;;;
304658;2;LINES_OF_CODE;2026-07-16 09:13:46;5;;;;
304648;2;LINES_OF_CODE;2026-07-16 09:32:56;3;;;;
304653;2;LINES_OF_CODE;2026-07-16 10:02:23;5;;;;
304646;2;LINES_OF_CODE;2026-07-16 10:08:48;0;;;;
304645;2;LINES_OF_CODE;2026-07-16 10:21:32;4;;;;
304660;2;LINES_OF_CODE;2026-07-16 10:29:28;2;;;;
304669;2;LINES_OF_CODE;2026-07-16 10:39:24;0;;;;
304643;2;LINES_OF_CODE;2026-07-16 10:41:03;3;;;;
304659;2;LINES_OF_CODE;2026-07-16 10:44:36;0;;;;
304672;2;LINES_OF_CODE;2026-07-16 10:47:10;3;;;;
304671;2;LINES_OF_CODE;2026-07-16 11:07:48;3;;;;
304665;2;LINES_OF_CODE;2026-07-16 11:13:04;0;;;;
304654;2;LINES_OF_CODE;2026-07-16 11:16:24;3;;;;
304641;2;LINES_OF_CODE;2026-07-16 11:45:04;1;;;;
304655;2;LINES_OF_CODE;2026-07-16 11:54:25;2;;;;
304647;2;LINES_OF_CODE;2026-07-16 12:25:09;4;;;;
304673;2;LINES_OF_CODE;2026-07-16 12:48:49;4;;;;
304656;2;LINES_OF_CODE;2026-07-16 13:11:01;3;;;;
304675;2;LINES_OF_CODE;2026-07-16 13:12:15;2;;;;
304640;2;LINES_OF_CODE;2026-07-16 13:49:23;3;;;;
304662;2;LINES_OF_CODE;2026-07-16 13:55:00;2;;;;
304638;2;LINES_OF_CODE;2026-07-16 14:25:09;5;;;;
304652;2;LINES_OF_CODE;2026-07-16 15:14:40;2;;;;
304677;2;LINES_OF_CODE;2026-07-16 15:19:13;40;;;;
304650;2;LINES_OF_CODE;2026-07-16 15:28:14;9;;;;
304668;2;LINES_OF_CODE;2026-07-16 15:33:28;2;;;;
304663;2;LINES_OF_CODE;2026-07-16 15:34:57;2;;;;
304661;2;LINES_OF_CODE;2026-07-16 15:39:32;6;;;;
304644;2;LINES_OF_CODE;2026-07-16 15:56:36;4;;;;
304674;2;LINES_OF_CODE;2026-07-16 16:40:54;4;;;;
304667;2;LINES_OF_CODE;2026-07-16 16:45:49;1;;;;
304664;2;LINES_OF_CODE;2026-07-16 17:03:45;5;;;;
304676;2;LINES_OF_CODE;2026-07-16 17:09:14;3;;;;
304666;2;LINES_OF_CODE;2026-07-16 17:22:55;6;;;;
304670;2;LINES_OF_CODE;2026-07-16 17:30:17;0;;;;
304651;2;LINES_OF_CODE;2026-07-16 17:31:58;-1;;;;
304680;2;LINES_OF_CODE;2026-07-17 08:11:38;4;;;;
304698;2;LINES_OF_CODE;2026-07-17 08:29:08;1;;;;
304690;2;LINES_OF_CODE;2026-07-17 08:31:24;7;;;;
304709;2;LINES_OF_CODE;2026-07-17 08:35:57;4;;;;
304696;2;LINES_OF_CODE;2026-07-17 08:50:38;0;;;;
304702;2;LINES_OF_CODE;2026-07-17 09:15:12;7;;;;
304695;2;LINES_OF_CODE;2026-07-17 09:17:14;6;;;;
304701;2;LINES_OF_CODE;2026-07-17 09:25:20;11;;;;
304712;2;LINES_OF_CODE;2026-07-17 10:28:46;2;;;;
304694;2;LINES_OF_CODE;2026-07-17 10:43:58;2;;;;
304708;2;LINES_OF_CODE;2026-07-17 11:27:47;8;;;;
304699;2;LINES_OF_CODE;2026-07-17 11:35:47;11;;;;
304682;2;LINES_OF_CODE;2026-07-17 11:48:57;6;;;;
304687;2;LINES_OF_CODE;2026-07-17 11:49:50;10;;;;
304711;2;LINES_OF_CODE;2026-07-17 11:50:54;6;;;;
304686;2;LINES_OF_CODE;2026-07-17 12:01:56;5;;;;
304706;2;LINES_OF_CODE;2026-07-17 12:04:11;3;;;;
304700;2;LINES_OF_CODE;2026-07-17 12:26:18;2;;;;
304693;2;LINES_OF_CODE;2026-07-17 13:03:51;3;;;;
304684;2;LINES_OF_CODE;2026-07-17 13:20:04;8;;;;
304681;2;LINES_OF_CODE;2026-07-17 13:45:44;4;;;;
304692;2;LINES_OF_CODE;2026-07-17 14:37:08;6;;;;
304710;2;LINES_OF_CODE;2026-07-17 14:37:50;2;;;;
304679;2;LINES_OF_CODE;2026-07-17 14:46:18;5;;;;
304697;2;LINES_OF_CODE;2026-07-17 15:05:01;10;;;;
304685;2;LINES_OF_CODE;2026-07-17 15:38:42;4;;;;
304688;2;LINES_OF_CODE;2026-07-17 15:47:11;4;;;;
304707;2;LINES_OF_CODE;2026-07-17 16:13:32;2;;;;
304703;2;LINES_OF_CODE;2026-07-17 16:21:57;2;;;;
304704;2;LINES_OF_CODE;2026-07-17 16:29:39;5;;;;
304705;2;LINES_OF_CODE;2026-07-17 16:39:10;0;;;;
304691;2;LINES_OF_CODE;2026-07-17 16:40:37;5;;;;
304689;2;LINES_OF_CODE;2026-07-17 17:20:13;4;;;;
304713;2;LINES_OF_CODE;2026-07-17 17:22:53;42;;;;
304683;2;LINES_OF_CODE;2026-07-17 17:31:08;4;;;;
304678;2;LINES_OF_CODE;2026-07-17 17:49:40;2;;;;
304732;2;LINES_OF_CODE;2026-07-20 08:40:47;12;;;;
304733;2;LINES_OF_CODE;2026-07-20 08:53:34;12;;;;
304719;2;LINES_OF_CODE;2026-07-20 09:16:08;2;;;;
304730;2;LINES_OF_CODE;2026-07-20 09:52:19;7;;;;
304715;2;LINES_OF_CODE;2026-07-20 10:36:14;9;;;;
304726;2;LINES_OF_CODE;2026-07-20 11:21:50;0;;;;
304717;2;LINES_OF_CODE;2026-07-20 11:30:38;6;;;;
304731;2;LINES_OF_CODE;2026-07-20 11:36:59;8;;;;
304722;2;LINES_OF_CODE;2026-07-20 11:40:24;4;;;;
304727;2;LINES_OF_CODE;2026-07-20 11:50:52;7;;;;
304721;2;LINES_OF_CODE;2026-07-20 12:03:41;3;;;;
304729;2;LINES_OF_CODE;2026-07-20 12:20:42;12;;;;
304737;2;LINES_OF_CODE;2026-07-20 12:33:48;9;;;;
304724;2;LINES_OF_CODE;2026-07-20 12:37:22;8;;;;
304738;2;LINES_OF_CODE;2026-07-20 12:44:07;33;;;;
304716;2;LINES_OF_CODE;2026-07-20 12:57:23;3;;;;
304725;2;LINES_OF_CODE;2026-07-20 13:47:11;8;;;;
304718;2;LINES_OF_CODE;2026-07-20 13:53:42;15;;;;
304720;2;LINES_OF_CODE;2026-07-20 13:57:52;6;;;;
304735;2;LINES_OF_CODE;2026-07-20 14:25:27;7;;;;
304736;2;LINES_OF_CODE;2026-07-20 14:30:44;4;;;;
304714;2;LINES_OF_CODE;2026-07-20 16:01:07;8;;;;
304723;2;LINES_OF_CODE;2026-07-20 16:07:40;6;;;;
304734;2;LINES_OF_CODE;2026-07-20 16:47:23;8;;;;
304728;2;LINES_OF_CODE;2026-07-20 17:39:25;13;;;;
304744;2;LINES_OF_CODE;2026-07-21 08:10:34;10;;;;
304761;2;LINES_OF_CODE;2026-07-21 08:43:58;4;;;;
304758;2;LINES_OF_CODE;2026-07-21 08:45:41;4;;;;
304751;2;LINES_OF_CODE;2026-07-21 08:50:20;7;;;;
304756;2;LINES_OF_CODE;2026-07-21 08:54:10;6;;;;
304750;2;LINES_OF_CODE;2026-07-21 09:17:37;6;;;;
304768;2;LINES_OF_CODE;2026-07-21 09:39:48;26;;;;
304765;2;LINES_OF_CODE;2026-07-21 09:54:56;2;;;;
304752;2;LINES_OF_CODE;2026-07-21 09:58:50;0;;;;
304745;2;LINES_OF_CODE;2026-07-21 10:04:25;2;;;;
304763;2;LINES_OF_CODE;2026-07-21 10:07:46;3;;;;
304740;2;LINES_OF_CODE;2026-07-21 10:14:45;2;;;;
304742;2;LINES_OF_CODE;2026-07-21 10:28:24;5;;;;
304749;2;LINES_OF_CODE;2026-07-21 10:39:37;1;;;;
304757;2;LINES_OF_CODE;2026-07-21 10:44:28;5;;;;
304741;2;LINES_OF_CODE;2026-07-21 11:08:26;4;;;;
304747;2;LINES_OF_CODE;2026-07-21 11:09:53;5;;;;
304743;2;LINES_OF_CODE;2026-07-21 11:11:55;5;;;;
304767;2;LINES_OF_CODE;2026-07-21 11:40:09;3;;;;
304739;2;LINES_OF_CODE;2026-07-21 11:48:02;6;;;;
304746;2;LINES_OF_CODE;2026-07-21 12:08:07;6;;;;
304764;2;LINES_OF_CODE;2026-07-21 12:33:35;10;;;;
304755;2;LINES_OF_CODE;2026-07-21 12:40:45;2;;;;
304766;2;LINES_OF_CODE;2026-07-21 12:58:34;9;;;;
304748;2;LINES_OF_CODE;2026-07-21 13:41:09;7;;;;
304759;2;LINES_OF_CODE;2026-07-21 13:59:16;7;;;;
304762;2;LINES_OF_CODE;2026-07-21 15:14:14;8;;;;
304753;2;LINES_OF_CODE;2026-07-21 15:24:00;10;;;;
304760;2;LINES_OF_CODE;2026-07-21 15:47:57;2;;;;
304754;2;LINES_OF_CODE;2026-07-21 16:50:36;3;;;;
304788;2;LINES_OF_CODE;2026-07-22 09:01:34;16;;;;
304779;2;LINES_OF_CODE;2026-07-22 09:08:56;7;;;;
304775;2;LINES_OF_CODE;2026-07-22 09:12:15;11;;;;
304778;2;LINES_OF_CODE;2026-07-22 09:16:36;3;;;;
304799;2;LINES_OF_CODE;2026-07-22 09:59:03;6;;;;
304770;2;LINES_OF_CODE;2026-07-22 10:27:04;9;;;;
304771;2;LINES_OF_CODE;2026-07-22 10:38:20;1;;;;
304790;2;LINES_OF_CODE;2026-07-22 10:44:33;8;;;;
304772;2;LINES_OF_CODE;2026-07-22 10:56:43;9;;;;
304781;2;LINES_OF_CODE;2026-07-22 11:19:28;14;;;;
304800;2;LINES_OF_CODE;2026-07-22 11:27:47;10;;;;
304776;2;LINES_OF_CODE;2026-07-22 12:00:22;10;;;;
304774;2;LINES_OF_CODE;2026-07-22 12:12:34;7;;;;
304782;2;LINES_OF_CODE;2026-07-22 12:28:33;9;;;;
304784;2;LINES_OF_CODE;2026-07-22 12:52:35;10;;;;
304792;2;LINES_OF_CODE;2026-07-22 13:22:07;9;;;;
304791;2;LINES_OF_CODE;2026-07-22 13:38:40;14;;;;
304783;2;LINES_OF_CODE;2026-07-22 13:41:17;5;;;;
304787;2;LINES_OF_CODE;2026-07-22 13:48:33;6;;;;
304780;2;LINES_OF_CODE;2026-07-22 14:03:48;9;;;;
304777;2;LINES_OF_CODE;2026-07-22 14:15:28;11;;;;
304773;2;LINES_OF_CODE;2026-07-22 14:23:03;5;;;;
304786;2;LINES_OF_CODE;2026-07-22 14:45:18;16;;;;
304798;2;LINES_OF_CODE;2026-07-22 14:53:20;7;;;;
304795;2;LINES_OF_CODE;2026-07-22 14:58:40;10;;;;
304797;2;LINES_OF_CODE;2026-07-22 15:45:25;1;;;;
304793;2;LINES_OF_CODE;2026-07-22 16:06:28;11;;;;
304769;2;LINES_OF_CODE;2026-07-22 16:12:59;8;;;;
304785;2;LINES_OF_CODE;2026-07-22 16:15:16;7;;;;
304801;2;LINES_OF_CODE;2026-07-22 16:41:27;47;;;;
304794;2;LINES_OF_CODE;2026-07-22 16:53:07;0;;;;
304796;2;LINES_OF_CODE;2026-07-22 17:17:08;11;;;;
304789;2;LINES_OF_CODE;2026-07-22 17:43:13;13;;;;
304818;2;LINES_OF_CODE;2026-07-23 08:04:21;6;;;;
304802;2;LINES_OF_CODE;2026-07-23 08:07:42;8;;;;
304814;2;LINES_OF_CODE;2026-07-23 08:11:04;9;;;;
304827;2;LINES_OF_CODE;2026-07-23 08:15:02;0;;;;
304829;2;LINES_OF_CODE;2026-07-23 08:35:57;12;;;;
304807;2;LINES_OF_CODE;2026-07-23 09:09:03;10;;;;
304821;2;LINES_OF_CODE;2026-07-23 10:16:51;-3;;;;
304822;2;LINES_OF_CODE;2026-07-23 10:39:18;11;;;;
304820;2;LINES_OF_CODE;2026-07-23 10:55:24;5;;;;
304816;2;LINES_OF_CODE;2026-07-23 11:26:17;7;;;;
304806;2;LINES_OF_CODE;2026-07-23 11:43:29;14;;;;
304815;2;LINES_OF_CODE;2026-07-23 11:52:50;25;;;;
304804;2;LINES_OF_CODE;2026-07-23 11:58:51;2;;;;
304809;2;LINES_OF_CODE;2026-07-23 12:02:21;10;;;;
304828;2;LINES_OF_CODE;2026-07-23 12:24:59;13;;;;
304808;2;LINES_OF_CODE;2026-07-23 12:26:38;15;;;;
304826;2;LINES_OF_CODE;2026-07-23 12:39:10;9;;;;
304813;2;LINES_OF_CODE;2026-07-23 13:04:17;15;;;;
304825;2;LINES_OF_CODE;2026-07-23 13:28:53;11;;;;
304811;2;LINES_OF_CODE;2026-07-23 13:41:00;14;;;;
304819;2;LINES_OF_CODE;2026-07-23 14:35:28;14;;;;
304824;2;LINES_OF_CODE;2026-07-23 14:38:18;4;;;;
304810;2;LINES_OF_CODE;2026-07-23 14:53:20;13;;;;
304831;2;LINES_OF_CODE;2026-07-23 14:58:16;18;;;;
304812;2;LINES_OF_CODE;2026-07-23 15:04:32;18;;;;
304805;2;LINES_OF_CODE;2026-07-23 15:36:09;9;;;;
304803;2;LINES_OF_CODE;2026-07-23 15:57:18;8;;;;
304830;2;LINES_OF_CODE;2026-07-23 16:38:53;13;;;;
304823;2;LINES_OF_CODE;2026-07-23 17:05:55;9;;;;
304817;2;LINES_OF_CODE;2026-07-23 17:55:44;16;;;;
304850;2;LINES_OF_CODE;2026-07-24 08:04:33;4;;;;
304838;2;LINES_OF_CODE;2026-07-24 08:33:39;12;;;;
304845;2;LINES_OF_CODE;2026-07-24 09:00:14;11;;;;
304839;2;LINES_OF_CODE;2026-07-24 09:11:41;9;;;;
304841;2;LINES_OF_CODE;2026-07-24 09:20:56;10;;;;
304832;2;LINES_OF_CODE;2026-07-24 09:24:09;6;;;;
304836;2;LINES_OF_CODE;2026-07-24 09:32:11;2;;;;
304844;2;LINES_OF_CODE;2026-07-24 09:40:29;8;;;;
304857;2;LINES_OF_CODE;2026-07-24 09:53:08;23;;;;
304846;2;LINES_OF_CODE;2026-07-24 10:10:09;8;;;;
304837;2;LINES_OF_CODE;2026-07-24 10:11:16;6;;;;
304851;2;LINES_OF_CODE;2026-07-24 10:22:53;10;;;;
304852;2;LINES_OF_CODE;2026-07-24 11:48:35;3;;;;
304843;2;LINES_OF_CODE;2026-07-24 12:38:51;1;;;;
304849;2;LINES_OF_CODE;2026-07-24 12:54:20;12;;;;
304854;2;LINES_OF_CODE;2026-07-24 13:02:18;8;;;;
304842;2;LINES_OF_CODE;2026-07-24 13:07:24;6;;;;
304833;2;LINES_OF_CODE;2026-07-24 13:16:08;6;;;;
304840;2;LINES_OF_CODE;2026-07-24 13:27:09;7;;;;
304856;2;LINES_OF_CODE;2026-07-24 14:00:47;2;;;;
304847;2;LINES_OF_CODE;2026-07-24 14:04:05;3;;;;
304848;2;LINES_OF_CODE;2026-07-24 14:08:34;4;;;;
304853;2;LINES_OF_CODE;2026-07-24 14:13:56;6;;;;
304855;2;LINES_OF_CODE;2026-07-24 14:34:49;0;;;;
304835;2;LINES_OF_CODE;2026-07-24 15:23:53;1;;;;
304834;2;LINES_OF_CODE;2026-07-24 16:16:43;3;;;;
304860;2;LINES_OF_CODE;2026-07-27 08:18:09;8;;;;
304866;2;LINES_OF_CODE;2026-07-27 08:22:16;-2;;;;
304877;2;LINES_OF_CODE;2026-07-27 08:46:35;-1;;;;
304886;2;LINES_OF_CODE;2026-07-27 08:58:22;2;;;;
304862;2;LINES_OF_CODE;2026-07-27 09:23:10;10;;;;
304864;2;LINES_OF_CODE;2026-07-27 09:47:26;5;;;;
304865;2;LINES_OF_CODE;2026-07-27 10:34:10;18;;;;
304878;2;LINES_OF_CODE;2026-07-27 10:35:03;13;;;;
304884;2;LINES_OF_CODE;2026-07-27 12:04:39;7;;;;
304871;2;LINES_OF_CODE;2026-07-27 12:05:00;5;;;;
304868;2;LINES_OF_CODE;2026-07-27 12:11:51;12;;;;
304885;2;LINES_OF_CODE;2026-07-27 12:22:15;3;;;;
304888;2;LINES_OF_CODE;2026-07-27 12:37:10;5;;;;
304861;2;LINES_OF_CODE;2026-07-27 12:59:57;6;;;;
304869;2;LINES_OF_CODE;2026-07-27 13:03:21;3;;;;
304891;2;LINES_OF_CODE;2026-07-27 13:14:03;35;;;;
304863;2;LINES_OF_CODE;2026-07-27 13:14:19;7;;;;
304882;2;LINES_OF_CODE;2026-07-27 13:15:28;11;;;;
304890;2;LINES_OF_CODE;2026-07-27 13:34:26;9;;;;
304870;2;LINES_OF_CODE;2026-07-27 13:40:05;3;;;;
304879;2;LINES_OF_CODE;2026-07-27 13:44:56;9;;;;
304859;2;LINES_OF_CODE;2026-07-27 13:56:49;2;;;;
304873;2;LINES_OF_CODE;2026-07-27 14:08:26;8;;;;
304867;2;LINES_OF_CODE;2026-07-27 14:35:46;4;;;;
304883;2;LINES_OF_CODE;2026-07-27 14:37:00;13;;;;
304872;2;LINES_OF_CODE;2026-07-27 14:49:33;4;;;;
304880;2;LINES_OF_CODE;2026-07-27 14:51:29;12;;;;
304874;2;LINES_OF_CODE;2026-07-27 15:23:20;9;;;;
304875;2;LINES_OF_CODE;2026-07-27 16:43:13;7;;;;
304887;2;LINES_OF_CODE;2026-07-27 16:43:26;4;;;;
304876;2;LINES_OF_CODE;2026-07-27 16:53:01;12;;;;
304889;2;LINES_OF_CODE;2026-07-27 17:06:32;10;;;;
304881;2;LINES_OF_CODE;2026-07-27 17:12:31;5;;;;
304858;2;LINES_OF_CODE;2026-07-27 17:43:42;11;;;;
304921;2;LINES_OF_CODE;2026-07-28 08:23:50;1;;;;
304900;2;LINES_OF_CODE;2026-07-28 08:44:36;4;;;;
304927;2;LINES_OF_CODE;2026-07-28 09:09:23;4;;;;
304919;2;LINES_OF_CODE;2026-07-28 09:12:28;5;;;;
304920;2;LINES_OF_CODE;2026-07-28 09:17:56;1;;;;
304917;2;LINES_OF_CODE;2026-07-28 09:36:33;2;;;;
304893;2;LINES_OF_CODE;2026-07-28 09:55:26;3;;;;
304896;2;LINES_OF_CODE;2026-07-28 10:06:03;-1;;;;
304907;2;LINES_OF_CODE;2026-07-28 10:28:31;0;;;;
304904;2;LINES_OF_CODE;2026-07-28 10:50:27;1;;;;
304911;2;LINES_OF_CODE;2026-07-28 11:41:14;1;;;;
304905;2;LINES_OF_CODE;2026-07-28 11:56:00;4;;;;
304926;2;LINES_OF_CODE;2026-07-28 12:02:21;3;;;;
304910;2;LINES_OF_CODE;2026-07-28 12:28:01;2;;;;
304897;2;LINES_OF_CODE;2026-07-28 12:36:55;2;;;;
304899;2;LINES_OF_CODE;2026-07-28 12:45:15;4;;;;
304928;2;LINES_OF_CODE;2026-07-28 13:15:34;2;;;;
304909;2;LINES_OF_CODE;2026-07-28 13:19:11;3;;;;
304915;2;LINES_OF_CODE;2026-07-28 13:48:03;2;;;;
304894;2;LINES_OF_CODE;2026-07-28 14:29:37;1;;;;
304908;2;LINES_OF_CODE;2026-07-28 14:48:39;3;;;;
304895;2;LINES_OF_CODE;2026-07-28 15:10:54;2;;;;
304925;2;LINES_OF_CODE;2026-07-28 15:49:24;3;;;;
304898;2;LINES_OF_CODE;2026-07-28 15:50:30;1;;;;
304930;2;LINES_OF_CODE;2026-07-28 15:50:32;35;;;;
304902;2;LINES_OF_CODE;2026-07-28 15:54:27;3;;;;
304914;2;LINES_OF_CODE;2026-07-28 16:14:11;2;;;;
304901;2;LINES_OF_CODE;2026-07-28 16:25:40;4;;;;
304892;2;LINES_OF_CODE;2026-07-28 16:27:39;1;;;;
304929;2;LINES_OF_CODE;2026-07-28 16:34:59;4;;;;
304918;2;LINES_OF_CODE;2026-07-28 17:00:40;3;;;;
304916;2;LINES_OF_CODE;2026-07-28 17:18:18;2;;;;
304922;2;LINES_OF_CODE;2026-07-28 17:26:18;0;;;;
304923;2;LINES_OF_CODE;2026-07-28 17:32:29;3;;;;
304913;2;LINES_OF_CODE;2026-07-28 17:32:44;2;;;;
304903;2;LINES_OF_CODE;2026-07-28 17:35:21;2;;;;
304906;2;LINES_OF_CODE;2026-07-28 17:43:21;1;;;;
304924;2;LINES_OF_CODE;2026-07-28 17:47:02;4;;;;
304912;2;LINES_OF_CODE;2026-07-28 17:53:32;0;;;;
304944;2;LINES_OF_CODE;2026-07-29 08:33:18;1;;;;
304935;2;LINES_OF_CODE;2026-07-29 08:47:39;2;;;;
304946;2;LINES_OF_CODE;2026-07-29 09:31:53;1;;;;
304950;2;LINES_OF_CODE;2026-07-29 10:01:39;1;;;;
304956;2;LINES_OF_CODE;2026-07-29 10:21:28;4;;;;
304957;2;LINES_OF_CODE;2026-07-29 10:30:25;1;;;;
304942;2;LINES_OF_CODE;2026-07-29 10:44:46;2;;;;
304937;2;LINES_OF_CODE;2026-07-29 11:23:12;1;;;;
304932;2;LINES_OF_CODE;2026-07-29 11:31:07;1;;;;
304958;2;LINES_OF_CODE;2026-07-29 11:50:55;1;;;;
304931;2;LINES_OF_CODE;2026-07-29 11:56:39;2;;;;
304953;2;LINES_OF_CODE;2026-07-29 12:05:37;2;;;;
304938;2;LINES_OF_CODE;2026-07-29 12:08:14;2;;;;
304947;2;LINES_OF_CODE;2026-07-29 12:32:40;3;;;;
304933;2;LINES_OF_CODE;2026-07-29 12:54:25;2;;;;
304945;2;LINES_OF_CODE;2026-07-29 13:37:37;2;;;;
304954;2;LINES_OF_CODE;2026-07-29 13:46:16;3;;;;
304949;2;LINES_OF_CODE;2026-07-29 14:06:13;0;;;;
304952;2;LINES_OF_CODE;2026-07-29 14:36:26;2;;;;
304951;2;LINES_OF_CODE;2026-07-29 14:57:35;1;;;;
304955;2;LINES_OF_CODE;2026-07-29 15:16:57;2;;;;
304934;2;LINES_OF_CODE;2026-07-29 15:17:09;1;;;;
304940;2;LINES_OF_CODE;2026-07-29 15:24:16;0;;;;
304936;2;LINES_OF_CODE;2026-07-29 15:29:28;1;;;;
304943;2;LINES_OF_CODE;2026-07-29 15:39:49;0;;;;
304948;2;LINES_OF_CODE;2026-07-29 15:43:10;3;;;;
304959;2;LINES_OF_CODE;2026-07-29 16:00:57;2;;;;
304941;2;LINES_OF_CODE;2026-07-29 16:10:47;3;;;;
304960;2;LINES_OF_CODE;2026-07-29 16:47:53;15;;;;
304939;2;LINES_OF_CODE;2026-07-29 17:13:21;3;;;;
304971;2;LINES_OF_CODE;2026-07-30 08:40:11;4;;;;
304980;2;LINES_OF_CODE;2026-07-30 08:57:15;6;;;;
304981;2;LINES_OF_CODE;2026-07-30 09:24:58;5;;;;
304976;2;LINES_OF_CODE;2026-07-30 10:40:58;6;;;;
304966;2;LINES_OF_CODE;2026-07-30 10:53:59;5;;;;
304962;2;LINES_OF_CODE;2026-07-30 11:47:38;7;;;;
304968;2;LINES_OF_CODE;2026-07-30 11:59:27;4;;;;
304982;2;LINES_OF_CODE;2026-07-30 12:15:19;9;;;;
304967;2;LINES_OF_CODE;2026-07-30 12:37:58;8;;;;
304975;2;LINES_OF_CODE;2026-07-30 12:45:57;14;;;;
304974;2;LINES_OF_CODE;2026-07-30 13:06:29;1;;;;
304965;2;LINES_OF_CODE;2026-07-30 13:37:44;5;;;;
304979;2;LINES_OF_CODE;2026-07-30 14:00:01;4;;;;
304963;2;LINES_OF_CODE;2026-07-30 14:00:09;6;;;;
304964;2;LINES_OF_CODE;2026-07-30 14:21:00;6;;;;
304983;2;LINES_OF_CODE;2026-07-30 14:30:24;3;;;;
304977;2;LINES_OF_CODE;2026-07-30 14:35:30;5;;;;
304970;2;LINES_OF_CODE;2026-07-30 14:49:56;4;;;;
304978;2;LINES_OF_CODE;2026-07-30 15:12:08;2;;;;
304985;2;LINES_OF_CODE;2026-07-30 15:48:55;5;;;;
304986;2;LINES_OF_CODE;2026-07-30 16:20:14;6;;;;
304973;2;LINES_OF_CODE;2026-07-30 16:29:37;8;;;;
304987;2;LINES_OF_CODE;2026-07-30 17:13:45;3;;;;
304984;2;LINES_OF_CODE;2026-07-30 17:38:39;7;;;;
304961;2;LINES_OF_CODE;2026-07-30 17:39:45;8;;;;
304972;2;LINES_OF_CODE;2026-07-30 17:40:37;7;;;;
304969;2;LINES_OF_CODE;2026-07-30 17:50:53;4;;;;
305008;2;LINES_OF_CODE;2026-07-31 08:17:49;0;;;;
305017;2;LINES_OF_CODE;2026-07-31 08:18:43;9;;;;
305007;2;LINES_OF_CODE;2026-07-31 08:22:09;9;;;;
305011;2;LINES_OF_CODE;2026-07-31 09:05:51;8;;;;
305015;2;LINES_OF_CODE;2026-07-31 09:23:46;1;;;;
304990;2;LINES_OF_CODE;2026-07-31 09:39:18;4;;;;
305006;2;LINES_OF_CODE;2026-07-31 09:44:16;1;;;;
304992;2;LINES_OF_CODE;2026-07-31 09:44:38;5;;;;
305001;2;LINES_OF_CODE;2026-07-31 09:59:23;6;;;;
305003;2;LINES_OF_CODE;2026-07-31 10:08:12;8;;;;
304989;2;LINES_OF_CODE;2026-07-31 10:54:48;9;;;;
305005;2;LINES_OF_CODE;2026-07-31 11:02:36;5;;;;
305013;2;LINES_OF_CODE;2026-07-31 11:19:08;5;;;;
304998;2;LINES_OF_CODE;2026-07-31 11:36:07;3;;;;
304988;2;LINES_OF_CODE;2026-07-31 11:39:25;11;;;;
304995;2;LINES_OF_CODE;2026-07-31 11:46:10;3;;;;
305018;2;LINES_OF_CODE;2026-07-31 11:57:18;8;;;;
305020;2;LINES_OF_CODE;2026-07-31 12:09:46;5;;;;
305002;2;LINES_OF_CODE;2026-07-31 13:01:16;3;;;;
305000;2;LINES_OF_CODE;2026-07-31 13:04:31;5;;;;
304996;2;LINES_OF_CODE;2026-07-31 13:28:12;6;;;;
304991;2;LINES_OF_CODE;2026-07-31 13:33:15;3;;;;
305019;2;LINES_OF_CODE;2026-07-31 13:37:14;4;;;;
304999;2;LINES_OF_CODE;2026-07-31 13:58:57;1;;;;
305012;2;LINES_OF_CODE;2026-07-31 14:20:12;4;;;;
305009;2;LINES_OF_CODE;2026-07-31 14:43:10;9;;;;
305016;2;LINES_OF_CODE;2026-07-31 14:51:29;0;;;;
304993;2;LINES_OF_CODE;2026-07-31 15:12:53;8;;;;
305010;2;LINES_OF_CODE;2026-07-31 15:22:48;2;;;;
305004;2;LINES_OF_CODE;2026-07-31 15:55:24;4;;;;
305014;2;LINES_OF_CODE;2026-07-31 16:12:44;1;;;;
304997;2;LINES_OF_CODE;2026-07-31 16:42:19;3;;;;
305021;2;LINES_OF_CODE;2026-07-31 17:24:18;31;;;;
304994;2;LINES_OF_CODE;2026-07-31 17:47:51;7;;;;
305039;2;LINES_OF_CODE;2026-08-03 08:14:59;6;;;;
305043;2;LINES_OF_CODE;2026-08-03 08:54:11;0;;;;
305024;2;LINES_OF_CODE;2026-08-03 08:57:44;7;;;;
305026;2;LINES_OF_CODE;2026-08-03 09:10:51;6;;;;
305034;2;LINES_OF_CODE;2026-08-03 09:32:25;5;;;;
305047;2;LINES_OF_CODE;2026-08-03 09:45:03;21;;;;
305033;2;LINES_OF_CODE;2026-08-03 10:00:25;1;;;;
305044;2;LINES_OF_CODE;2026-08-03 10:03:27;4;;;;
305025;2;LINES_OF_CODE;2026-08-03 10:54:18;0;;;;
305040;2;LINES_OF_CODE;2026-08-03 10:57:05;5;;;;
305027;2;LINES_OF_CODE;2026-08-03 12:01:37;6;;;;
305028;2;LINES_OF_CODE;2026-08-03 12:55:20;6;;;;
305042;2;LINES_OF_CODE;2026-08-03 13:12:07;7;;;;
305031;2;LINES_OF_CODE;2026-08-03 13:25:34;4;;;;
305041;2;LINES_OF_CODE;2026-08-03 13:32:35;4;;;;
305029;2;LINES_OF_CODE;2026-08-03 13:48:29;5;;;;
305046;2;LINES_OF_CODE;2026-08-03 14:11:17;5;;;;
305032;2;LINES_OF_CODE;2026-08-03 14:31:59;2;;;;
305045;2;LINES_OF_CODE;2026-08-03 14:36:31;2;;;;
305037;2;LINES_OF_CODE;2026-08-03 14:46:21;2;;;;
305035;2;LINES_OF_CODE;2026-08-03 15:37:54;7;;;;
305030;2;LINES_OF_CODE;2026-08-03 15:52:12;3;;;;
305036;2;LINES_OF_CODE;2026-08-03 16:58:15;3;;;;
305023;2;LINES_OF_CODE;2026-08-03 17:10:15;-1;;;;
305022;2;LINES_OF_CODE;2026-08-03 17:10:25;3;;;;
305038;2;LINES_OF_CODE;2026-08-03 17:21:53;3;;;;
305048;2;LINES_OF_CODE;2026-08-04 08:04:23;0;;;;
305086;2;LINES_OF_CODE;2026-08-04 08:20:19;2;;;;
305064;2;LINES_OF_CODE;2026-08-04 08:27:36;0;;;;
305087;2;LINES_OF_CODE;2026-08-04 08:43:11;28;;;;
305058;2;LINES_OF_CODE;2026-08-04 09:49:43;2;;;;
305060;2;LINES_OF_CODE;2026-08-04 09:54:36;0;;;;
305051;2;LINES_OF_CODE;2026-08-04 10:31:14;1;;;;
305083;2;LINES_OF_CODE;2026-08-04 10:34:58;2;;;;
305072;2;LINES_OF_CODE;2026-08-04 10:58:02;4;;;;
305059;2;LINES_OF_CODE;2026-08-04 11:04:22;3;;;;
305075;2;LINES_OF_CODE;2026-08-04 11:05:47;1;;;;
305054;2;LINES_OF_CODE;2026-08-04 11:10:12;2;;;;
305062;2;LINES_OF_CODE;2026-08-04 11:13:37;2;;;;
305073;2;LINES_OF_CODE;2026-08-04 11:31:30;1;;;;
305071;2;LINES_OF_CODE;2026-08-04 11:42:19;1;;;;
305055;2;LINES_OF_CODE;2026-08-04 12:22:21;2;;;;
305079;2;LINES_OF_CODE;2026-08-04 12:56:57;2;;;;
305061;2;LINES_OF_CODE;2026-08-04 12:59:02;2;;;;
305052;2;LINES_OF_CODE;2026-08-04 13:41:10;3;;;;
305074;2;LINES_OF_CODE;2026-08-04 13:47:55;3;;;;
305066;2;LINES_OF_CODE;2026-08-04 13:50:18;3;;;;
305067;2;LINES_OF_CODE;2026-08-04 13:53:38;2;;;;
305081;2;LINES_OF_CODE;2026-08-04 14:01:23;1;;;;
305080;2;LINES_OF_CODE;2026-08-04 14:02:48;2;;;;
305063;2;LINES_OF_CODE;2026-08-04 14:19:38;0;;;;
305070;2;LINES_OF_CODE;2026-08-04 14:39:11;3;;;;
305085;2;LINES_OF_CODE;2026-08-04 14:43:50;1;;;;
305065;2;LINES_OF_CODE;2026-08-04 15:05:58;2;;;;
305082;2;LINES_OF_CODE;2026-08-04 15:33:38;0;;;;
305057;2;LINES_OF_CODE;2026-08-04 15:36:33;1;;;;
305049;2;LINES_OF_CODE;2026-08-04 15:41:46;1;;;;
305068;2;LINES_OF_CODE;2026-08-04 15:51:42;2;;;;
305069;2;LINES_OF_CODE;2026-08-04 16:02:01;0;;;;
305078;2;LINES_OF_CODE;2026-08-04 16:12:01;1;;;;
305056;2;LINES_OF_CODE;2026-08-04 16:20:35;1;;;;
305084;2;LINES_OF_CODE;2026-08-04 16:37:48;1;;;;
305050;2;LINES_OF_CODE;2026-08-04 17:18:29;1;;;;
305076;2;LINES_OF_CODE;2026-08-04 17:44:19;2;;;;
305077;2;LINES_OF_CODE;2026-08-04 17:52:43;1;;;;
305053;2;LINES_OF_CODE;2026-08-04 17:58:50;2;;;;
305108;2;LINES_OF_CODE;2026-08-05 08:02:21;10;;;;
305111;2;LINES_OF_CODE;2026-08-05 08:59:34;10;;;;
305098;2;LINES_OF_CODE;2026-08-05 09:02:10;11;;;;
305109;2;LINES_OF_CODE;2026-08-05 09:59:43;8;;;;
305120;2;LINES_OF_CODE;2026-08-05 10:12:55;10;;;;
305114;2;LINES_OF_CODE;2026-08-05 11:40:16;5;;;;
305089;2;LINES_OF_CODE;2026-08-05 12:01:05;4;;;;
305107;2;LINES_OF_CODE;2026-08-05 12:09:32;2;;;;
305104;2;LINES_OF_CODE;2026-08-05 12:13:45;0;;;;
305092;2;LINES_OF_CODE;2026-08-05 12:27:09;12;;;;
305117;2;LINES_OF_CODE;2026-08-05 12:38:58;10;;;;
305113;2;LINES_OF_CODE;2026-08-05 12:39:30;9;;;;
305103;2;LINES_OF_CODE;2026-08-05 12:39:51;2;;;;
305088;2;LINES_OF_CODE;2026-08-05 12:43:45;10;;;;
305096;2;LINES_OF_CODE;2026-08-05 12:55:26;3;;;;
305119;2;LINES_OF_CODE;2026-08-05 13:18:13;4;;;;
305106;2;LINES_OF_CODE;2026-08-05 13:18:38;13;;;;
305099;2;LINES_OF_CODE;2026-08-05 13:58:12;4;;;;
305100;2;LINES_OF_CODE;2026-08-05 14:20:59;0;;;;
305097;2;LINES_OF_CODE;2026-08-05 14:25:20;9;;;;
305110;2;LINES_OF_CODE;2026-08-05 14:35:04;10;;;;
305091;2;LINES_OF_CODE;2026-08-05 14:54:31;7;;;;
305105;2;LINES_OF_CODE;2026-08-05 14:57:59;3;;;;
305112;2;LINES_OF_CODE;2026-08-05 15:00:23;6;;;;
305116;2;LINES_OF_CODE;2026-08-05 15:08:10;5;;;;
305102;2;LINES_OF_CODE;2026-08-05 15:19:11;11;;;;
305118;2;LINES_OF_CODE;2026-08-05 15:33:41;4;;;;
305093;2;LINES_OF_CODE;2026-08-05 16:37:37;7;;;;
305101;2;LINES_OF_CODE;2026-08-05 17:03:04;1;;;;
305094;2;LINES_OF_CODE;2026-08-05 17:05:19;8;;;;
305115;2;LINES_OF_CODE;2026-08-05 17:14:38;3;;;;
305095;2;LINES_OF_CODE;2026-08-05 17:23:32;7;;;;
305090;2;LINES_OF_CODE;2026-08-05 17:26:58;1;;;;
305127;2;LINES_OF_CODE;2026-08-06 08:47:21;3;;;;
305124;2;LINES_OF_CODE;2026-08-06 09:02:13;0;;;;
305121;2;LINES_OF_CODE;2026-08-06 09:05:16;3;;;;
305147;2;LINES_OF_CODE;2026-08-06 09:14:30;0;;;;
305138;2;LINES_OF_CODE;2026-08-06 09:36:41;4;;;;
305133;2;LINES_OF_CODE;2026-08-06 10:29:02;1;;;;
305135;2;LINES_OF_CODE;2026-08-06 10:58:59;1;;;;
305130;2;LINES_OF_CODE;2026-08-06 11:09:15;4;;;;
305144;2;LINES_OF_CODE;2026-08-06 11:20:54;1;;;;
305148;2;LINES_OF_CODE;2026-08-06 11:34:12;1;;;;
305125;2;LINES_OF_CODE;2026-08-06 12:10:52;4;;;;
305132;2;LINES_OF_CODE;2026-08-06 12:13:01;0;;;;
305137;2;LINES_OF_CODE;2026-08-06 12:29:53;1;;;;
305126;2;LINES_OF_CODE;2026-08-06 12:30:40;1;;;;
305151;2;LINES_OF_CODE;2026-08-06 12:39:37;1;;;;
305131;2;LINES_OF_CODE;2026-08-06 12:52:17;1;;;;
305143;2;LINES_OF_CODE;2026-08-06 13:04:58;4;;;;
305153;2;LINES_OF_CODE;2026-08-06 13:17:07;27;;;;
305128;2;LINES_OF_CODE;2026-08-06 13:26:27;3;;;;
305134;2;LINES_OF_CODE;2026-08-06 13:30:13;3;;;;
305145;2;LINES_OF_CODE;2026-08-06 14:05:22;2;;;;
305139;2;LINES_OF_CODE;2026-08-06 14:08:26;4;;;;
305129;2;LINES_OF_CODE;2026-08-06 14:19:16;3;;;;
305146;2;LINES_OF_CODE;2026-08-06 14:23:39;4;;;;
305150;2;LINES_OF_CODE;2026-08-06 14:44:26;4;;;;
305141;2;LINES_OF_CODE;2026-08-06 15:08:44;2;;;;
305123;2;LINES_OF_CODE;2026-08-06 15:45:43;4;;;;
305140;2;LINES_OF_CODE;2026-08-06 15:55:59;1;;;;
305142;2;LINES_OF_CODE;2026-08-06 15:59:11;4;;;;
305149;2;LINES_OF_CODE;2026-08-06 16:41:26;4;;;;
305136;2;LINES_OF_CODE;2026-08-06 16:50:34;4;;;;
305122;2;LINES_OF_CODE;2026-08-06 17:17:43;1;;;;
305152;2;LINES_OF_CODE;2026-08-06 17:44:44;2;;;;
305156;2;LINES_OF_CODE;2026-08-07 08:12:16;5;;;;
305159;2;LINES_OF_CODE;2026-08-07 09:44:47;8;;;;
305161;2;LINES_OF_CODE;2026-08-07 09:45:42;5;;;;
305180;2;LINES_OF_CODE;2026-08-07 09:46:45;3;;;;
305160;2;LINES_OF_CODE;2026-08-07 09:47:06;7;;;;
305163;2;LINES_OF_CODE;2026-08-07 10:02:50;8;;;;
305181;2;LINES_OF_CODE;2026-08-07 10:04:20;0;;;;
305179;2;LINES_OF_CODE;2026-08-07 10:30:47;17;;;;
305170;2;LINES_OF_CODE;2026-08-07 11:02:15;9;;;;
305183;2;LINES_OF_CODE;2026-08-07 11:28:16;9;;;;
305184;2;LINES_OF_CODE;2026-08-07 11:42:55;10;;;;
305178;2;LINES_OF_CODE;2026-08-07 12:06:08;7;;;;
305174;2;LINES_OF_CODE;2026-08-07 12:58:10;5;;;;
305169;2;LINES_OF_CODE;2026-08-07 13:28:09;4;;;;
305172;2;LINES_OF_CODE;2026-08-07 13:34:20;13;;;;
305185;2;LINES_OF_CODE;2026-08-07 14:21:24;29;;;;
305175;2;LINES_OF_CODE;2026-08-07 14:27:02;8;;;;
305155;2;LINES_OF_CODE;2026-08-07 14:42:08;4;;;;
305164;2;LINES_OF_CODE;2026-08-07 14:59:12;8;;;;
305168;2;LINES_OF_CODE;2026-08-07 15:32:36;3;;;;
305158;2;LINES_OF_CODE;2026-08-07 15:33:00;11;;;;
305176;2;LINES_OF_CODE;2026-08-07 15:47:17;2;;;;
305166;2;LINES_OF_CODE;2026-08-07 15:50:12;15;;;;
305173;2;LINES_OF_CODE;2026-08-07 16:09:31;9;;;;
305177;2;LINES_OF_CODE;2026-08-07 16:33:45;8;;;;
305182;2;LINES_OF_CODE;2026-08-07 16:36:46;6;;;;
305162;2;LINES_OF_CODE;2026-08-07 16:38:15;6;;;;
305167;2;LINES_OF_CODE;2026-08-07 16:51:30;4;;;;
305171;2;LINES_OF_CODE;2026-08-07 16:52:13;10;;;;
305157;2;LINES_OF_CODE;2026-08-07 16:54:50;6;;;;
305165;2;LINES_OF_CODE;2026-08-07 17:13:50;10;;;;
305154;2;LINES_OF_CODE;2026-08-07 17:26:58;9;;;;
305191;2;LINES_OF_CODE;2026-08-10 08:22:40;2;;;;
305192;2;LINES_OF_CODE;2026-08-10 08:29:36;3;;;;
305207;2;LINES_OF_CODE;2026-08-10 08:52:36;5;;;;
305195;2;LINES_OF_CODE;2026-08-10 09:04:30;4;;;;
305198;2;LINES_OF_CODE;2026-08-10 09:34:09;6;;;;
305217;2;LINES_OF_CODE;2026-08-10 09:40:34;4;;;;
305200;2;LINES_OF_CODE;2026-08-10 09:44:41;3;;;;
305221;2;LINES_OF_CODE;2026-08-10 09:47:08;22;;;;
305206;2;LINES_OF_CODE;2026-08-10 09:53:38;5;;;;
305188;2;LINES_OF_CODE;2026-08-10 09:56:12;0;;;;
305187;2;LINES_OF_CODE;2026-08-10 09:58:08;0;;;;
305203;2;LINES_OF_CODE;2026-08-10 11:17:26;3;;;;
305214;2;LINES_OF_CODE;2026-08-10 11:42:22;4;;;;
305209;2;LINES_OF_CODE;2026-08-10 11:49:40;5;;;;
305186;2;LINES_OF_CODE;2026-08-10 12:02:48;5;;;;
305193;2;LINES_OF_CODE;2026-08-10 12:09:23;3;;;;
305213;2;LINES_OF_CODE;2026-08-10 12:22:25;1;;;;
305199;2;LINES_OF_CODE;2026-08-10 12:28:18;8;;;;
305210;2;LINES_OF_CODE;2026-08-10 13:37:36;5;;;;
305204;2;LINES_OF_CODE;2026-08-10 14:07:27;6;;;;
305212;2;LINES_OF_CODE;2026-08-10 14:11:23;2;;;;
305196;2;LINES_OF_CODE;2026-08-10 14:12:13;6;;;;
305219;2;LINES_OF_CODE;2026-08-10 14:30:55;2;;;;
305190;2;LINES_OF_CODE;2026-08-10 14:53:49;4;;;;
305197;2;LINES_OF_CODE;2026-08-10 15:21:50;4;;;;
305205;2;LINES_OF_CODE;2026-08-10 15:28:16;7;;;;
305201;2;LINES_OF_CODE;2026-08-10 15:35:18;1;;;;
305216;2;LINES_OF_CODE;2026-08-10 16:00:10;1;;;;
305220;2;LINES_OF_CODE;2026-08-10 16:04:46;6;;;;
305211;2;LINES_OF_CODE;2026-08-10 16:06:58;2;;;;
305202;2;LINES_OF_CODE;2026-08-10 16:13:15;5;;;;
305194;2;LINES_OF_CODE;2026-08-10 16:41:53;3;;;;
305189;2;LINES_OF_CODE;2026-08-10 16:54:47;8;;;;
305208;2;LINES_OF_CODE;2026-08-10 16:58:13;3;;;;
305215;2;LINES_OF_CODE;2026-08-10 16:58:15;0;;;;
305218;2;LINES_OF_CODE;2026-08-10 17:18:17;6;;;;
305230;2;LINES_OF_CODE;2026-08-11 08:06:12;3;;;;
305251;2;LINES_OF_CODE;2026-08-11 08:11:42;1;;;;
305228;2;LINES_OF_CODE;2026-08-11 08:28:04;2;;;;
305254;2;LINES_OF_CODE;2026-08-11 08:32:24;0;;;;
305231;2;LINES_OF_CODE;2026-08-11 08:44:23;2;;;;
305237;2;LINES_OF_CODE;2026-08-11 08:51:10;1;;;;
305236;2;LINES_OF_CODE;2026-08-11 09:11:07;2;;;;
305253;2;LINES_OF_CODE;2026-08-11 09:22:03;3;;;;
305227;2;LINES_OF_CODE;2026-08-11 09:43:59;0;;;;
305225;2;LINES_OF_CODE;2026-08-11 09:46:56;1;;;;
305244;2;LINES_OF_CODE;2026-08-11 10:08:28;3;;;;
305222;2;LINES_OF_CODE;2026-08-11 10:34:37;2;;;;
305247;2;LINES_OF_CODE;2026-08-11 10:47:29;3;;;;
305250;2;LINES_OF_CODE;2026-08-11 10:56:02;2;;;;
305234;2;LINES_OF_CODE;2026-08-11 11:29:44;0;;;;
305226;2;LINES_OF_CODE;2026-08-11 11:33:39;3;;;;
305252;2;LINES_OF_CODE;2026-08-11 11:42:44;0;;;;
305249;2;LINES_OF_CODE;2026-08-11 11:52:47;3;;;;
305238;2;LINES_OF_CODE;2026-08-11 12:00:10;2;;;;
305248;2;LINES_OF_CODE;2026-08-11 13:06:46;2;;;;
305232;2;LINES_OF_CODE;2026-08-11 13:10:09;3;;;;
305246;2;LINES_OF_CODE;2026-08-11 13:35:11;2;;;;
305223;2;LINES_OF_CODE;2026-08-11 13:59:52;2;;;;
305233;2;LINES_OF_CODE;2026-08-11 14:43:22;0;;;;
305229;2;LINES_OF_CODE;2026-08-11 14:50:17;2;;;;
305224;2;LINES_OF_CODE;2026-08-11 15:13:07;1;;;;
305245;2;LINES_OF_CODE;2026-08-11 15:38:19;3;;;;
305243;2;LINES_OF_CODE;2026-08-11 15:54:11;1;;;;
305240;2;LINES_OF_CODE;2026-08-11 16:11:54;2;;;;
305242;2;LINES_OF_CODE;2026-08-11 16:37:56;1;;;;
305235;2;LINES_OF_CODE;2026-08-11 17:26:04;2;;;;
305241;2;LINES_OF_CODE;2026-08-11 17:43:15;3;;;;
305239;2;LINES_OF_CODE;2026-08-11 17:47:05;0;;;;
305255;2;LINES_OF_CODE;2026-08-11 17:53:43;22;;;;
305280;2;LINES_OF_CODE;2026-08-12 09:00:51;4;;;;
305259;2;LINES_OF_CODE;2026-08-12 09:05:25;2;;;;
305268;2;LINES_OF_CODE;2026-08-12 09:45:26;3;;;;
305264;2;LINES_OF_CODE;2026-08-12 09:55:04;3;;;;
305267;2;LINES_OF_CODE;2026-08-12 10:29:52;4;;;;
305262;2;LINES_OF_CODE;2026-08-12 10:39:34;1;;;;
305275;2;LINES_OF_CODE;2026-08-12 11:08:34;8;;;;
305271;2;LINES_OF_CODE;2026-08-12 11:57:02;4;;;;
305265;2;LINES_OF_CODE;2026-08-12 12:00:56;6;;;;
305278;2;LINES_OF_CODE;2026-08-12 12:17:29;4;;;;
305282;2;LINES_OF_CODE;2026-08-12 12:32:29;23;;;;
305269;2;LINES_OF_CODE;2026-08-12 12:48:14;3;;;;
305266;2;LINES_OF_CODE;2026-08-12 13:06:13;3;;;;
305272;2;LINES_OF_CODE;2026-08-12 13:15:30;8;;;;
305261;2;LINES_OF_CODE;2026-08-12 13:47:15;6;;;;
305260;2;LINES_OF_CODE;2026-08-12 13:50:34;3;;;;
305276;2;LINES_OF_CODE;2026-08-12 14:17:52;4;;;;
305257;2;LINES_OF_CODE;2026-08-12 14:19:08;1;;;;
305281;2;LINES_OF_CODE;2026-08-12 15:41:23;2;;;;
305273;2;LINES_OF_CODE;2026-08-12 16:01:46;0;;;;
305256;2;LINES_OF_CODE;2026-08-12 16:43:18;7;;;;
305258;2;LINES_OF_CODE;2026-08-12 16:58:00;5;;;;
305274;2;LINES_OF_CODE;2026-08-12 17:01:15;5;;;;
305277;2;LINES_OF_CODE;2026-08-12 17:12:41;4;;;;
305263;2;LINES_OF_CODE;2026-08-12 17:33:37;3;;;;
305279;2;LINES_OF_CODE;2026-08-12 17:41:23;2;;;;
305270;2;LINES_OF_CODE;2026-08-12 17:45:13;6;;;;
305288;2;LINES_OF_CODE;2026-08-13 08:20:16;4;;;;
305294;2;LINES_OF_CODE;2026-08-13 08:30:09;6;;;;
305291;2;LINES_OF_CODE;2026-08-13 09:19:23;4;;;;
305284;2;LINES_OF_CODE;2026-08-13 10:17:19;17;;;;
305303;2;LINES_OF_CODE;2026-08-13 10:22:19;9;;;;
305283;2;LINES_OF_CODE;2026-08-13 10:35:12;7;;;;
305286;2;LINES_OF_CODE;2026-08-13 10:41:08;7;;;;
305298;2;LINES_OF_CODE;2026-08-13 10:51:52;4;;;;
305305;2;LINES_OF_CODE;2026-08-13 11:43:41;11;;;;
305299;2;LINES_OF_CODE;2026-08-13 11:45:39;7;;;;
305297;2;LINES_OF_CODE;2026-08-13 12:11:09;11;;;;
305290;2;LINES_OF_CODE;2026-08-13 12:32:20;15;;;;
305307;2;LINES_OF_CODE;2026-08-13 13:15:23;4;;;;
305302;2;LINES_OF_CODE;2026-08-13 13:28:50;6;;;;
305287;2;LINES_OF_CODE;2026-08-13 13:31:25;3;;;;
305304;2;LINES_OF_CODE;2026-08-13 13:58:32;3;;;;
305301;2;LINES_OF_CODE;2026-08-13 14:26:03;2;;;;
305308;2;LINES_OF_CODE;2026-08-13 15:16:55;0;;;;
305289;2;LINES_OF_CODE;2026-08-13 15:22:38;9;;;;
305295;2;LINES_OF_CODE;2026-08-13 15:23:10;5;;;;
305300;2;LINES_OF_CODE;2026-08-13 15:44:24;6;;;;
305292;2;LINES_OF_CODE;2026-08-13 16:13:28;19;;;;
305285;2;LINES_OF_CODE;2026-08-13 16:36:34;9;;;;
305293;2;LINES_OF_CODE;2026-08-13 16:56:17;5;;;;
305309;2;LINES_OF_CODE;2026-08-13 16:57:02;0;;;;
305306;2;LINES_OF_CODE;2026-08-13 16:57:48;10;;;;
305296;2;LINES_OF_CODE;2026-08-13 17:50:43;4;;;;
305310;2;LINES_OF_CODE;2026-08-14 08:35:02;5;;;;
305343;2;LINES_OF_CODE;2026-08-14 09:30:36;10;;;;
305324;2;LINES_OF_CODE;2026-08-14 09:37:18;3;;;;
305322;2;LINES_OF_CODE;2026-08-14 09:39:05;5;;;;
305337;2;LINES_OF_CODE;2026-08-14 09:44:51;5;;;;
305325;2;LINES_OF_CODE;2026-08-14 09:59:12;4;;;;
305326;2;LINES_OF_CODE;2026-08-14 10:00:19;1;;;;
305342;2;LINES_OF_CODE;2026-08-14 10:01:35;9;;;;
305330;2;LINES_OF_CODE;2026-08-14 10:04:10;9;;;;
305319;2;LINES_OF_CODE;2026-08-14 10:09:30;2;;;;
305323;2;LINES_OF_CODE;2026-08-14 10:18:11;6;;;;
305315;2;LINES_OF_CODE;2026-08-14 11:09:11;8;;;;
305318;2;LINES_OF_CODE;2026-08-14 11:40:19;5;;;;
305320;2;LINES_OF_CODE;2026-08-14 11:48:07;8;;;;
305332;2;LINES_OF_CODE;2026-08-14 12:02:50;1;;;;
305334;2;LINES_OF_CODE;2026-08-14 12:09:52;5;;;;
305317;2;LINES_OF_CODE;2026-08-14 12:17:42;9;;;;
305331;2;LINES_OF_CODE;2026-08-14 12:37:19;1;;;;
305313;2;LINES_OF_CODE;2026-08-14 12:45:29;3;;;;
305329;2;LINES_OF_CODE;2026-08-14 13:25:47;6;;;;
305336;2;LINES_OF_CODE;2026-08-14 13:29:31;4;;;;
305312;2;LINES_OF_CODE;2026-08-14 13:43:17;2;;;;
305341;2;LINES_OF_CODE;2026-08-14 14:30:45;-1;;;;
305340;2;LINES_OF_CODE;2026-08-14 14:36:49;7;;;;
305339;2;LINES_OF_CODE;2026-08-14 14:41:41;3;;;;
305321;2;LINES_OF_CODE;2026-08-14 15:11:06;5;;;;
305335;2;LINES_OF_CODE;2026-08-14 15:32:06;2;;;;
305311;2;LINES_OF_CODE;2026-08-14 15:38:14;3;;;;
305338;2;LINES_OF_CODE;2026-08-14 15:50:13;6;;;;
305316;2;LINES_OF_CODE;2026-08-14 15:57:39;5;;;;
305314;2;LINES_OF_CODE;2026-08-14 16:21:13;3;;;;
305328;2;LINES_OF_CODE;2026-08-14 16:37:01;0;;;;
305327;2;LINES_OF_CODE;2026-08-14 17:21:06;4;;;;
305333;2;LINES_OF_CODE;2026-08-14 17:22:10;4;;;;
305344;2;LINES_OF_CODE;2026-08-14 17:37:20;40;;;;
305381;2;LINES_OF_CODE;2026-08-17 08:09:36;5;;;;
305372;2;LINES_OF_CODE;2026-08-17 09:08:32;3;;;;
305356;2;LINES_OF_CODE;2026-08-17 09:26:16;2;;;;
305379;2;LINES_OF_CODE;2026-08-17 09:30:37;8;;;;
305354;2;LINES_OF_CODE;2026-08-17 09:35:16;2;;;;
305345;2;LINES_OF_CODE;2026-08-17 10:07:53;3;;;;
305357;2;LINES_OF_CODE;2026-08-17 10:09:44;6;;;;
305380;2;LINES_OF_CODE;2026-08-17 10:11:05;5;;;;
305352;2;LINES_OF_CODE;2026-08-17 10:14:10;6;;;;
305368;2;LINES_OF_CODE;2026-08-17 10:17:22;6;;;;
305378;2;LINES_OF_CODE;2026-08-17 10:32:32;8;;;;
305351;2;LINES_OF_CODE;2026-08-17 10:40:02;2;;;;
305369;2;LINES_OF_CODE;2026-08-17 10:46:35;2;;;;
305364;2;LINES_OF_CODE;2026-08-17 11:03:09;4;;;;
305353;2;LINES_OF_CODE;2026-08-17 11:18:26;5;;;;
305371;2;LINES_OF_CODE;2026-08-17 11:21:01;3;;;;
305376;2;LINES_OF_CODE;2026-08-17 11:30:38;5;;;;
305370;2;LINES_OF_CODE;2026-08-17 11:33:48;4;;;;
305365;2;LINES_OF_CODE;2026-08-17 12:04:10;5;;;;
305348;2;LINES_OF_CODE;2026-08-17 13:07:38;0;;;;
305349;2;LINES_OF_CODE;2026-08-17 13:29:03;6;;;;
305350;2;LINES_OF_CODE;2026-08-17 13:51:37;7;;;;
305382;2;LINES_OF_CODE;2026-08-17 14:04:12;6;;;;
305363;2;LINES_OF_CODE;2026-08-17 14:25:46;4;;;;
305367;2;LINES_OF_CODE;2026-08-17 14:35:21;3;;;;
305355;2;LINES_OF_CODE;2026-08-17 14:42:00;4;;;;
305346;2;LINES_OF_CODE;2026-08-17 14:46:01;4;;;;
305360;2;LINES_OF_CODE;2026-08-17 15:14:06;4;;;;
305374;2;LINES_OF_CODE;2026-08-17 15:38:17;6;;;;
305373;2;LINES_OF_CODE;2026-08-17 16:21:26;5;;;;
305366;2;LINES_OF_CODE;2026-08-17 16:25:27;7;;;;
305361;2;LINES_OF_CODE;2026-08-17 16:35:58;5;;;;
305362;2;LINES_OF_CODE;2026-08-17 17:07:03;6;;;;
305359;2;LINES_OF_CODE;2026-08-17 17:07:05;3;;;;
305377;2;LINES_OF_CODE;2026-08-17 17:18:53;6;;;;
305347;2;LINES_OF_CODE;2026-08-17 17:33:08;6;;;;
305358;2;LINES_OF_CODE;2026-08-17 17:33:10;4;;;;
305375;2;LINES_OF_CODE;2026-08-17 17:53:27;8;;;;
305394;2;LINES_OF_CODE;2026-08-18 08:36:19;0;;;;
305395;2;LINES_OF_CODE;2026-08-18 09:05:17;1;;;;
305401;2;LINES_OF_CODE;2026-08-18 09:08:44;2;;;;
305402;2;LINES_OF_CODE;2026-08-18 09:31:52;1;;;;
305406;2;LINES_OF_CODE;2026-08-18 09:32:36;2;;;;
305412;2;LINES_OF_CODE;2026-08-18 09:54:11;21;;;;
305408;2;LINES_OF_CODE;2026-08-18 09:56:06;3;;;;
305386;2;LINES_OF_CODE;2026-08-18 10:42:48;2;;;;
305403;2;LINES_OF_CODE;2026-08-18 10:56:47;1;;;;
305384;2;LINES_OF_CODE;2026-08-18 12:06:37;2;;;;
305396;2;LINES_OF_CODE;2026-08-18 12:09:19;4;;;;
305393;2;LINES_OF_CODE;2026-08-18 12:19:23;1;;;;
305404;2;LINES_OF_CODE;2026-08-18 12:32:44;3;;;;
305392;2;LINES_OF_CODE;2026-08-18 12:47:02;3;;;;
305388;2;LINES_OF_CODE;2026-08-18 12:51:57;3;;;;
305407;2;LINES_OF_CODE;2026-08-18 13:14:06;3;;;;
305397;2;LINES_OF_CODE;2026-08-18 13:16:38;2;;;;
305400;2;LINES_OF_CODE;2026-08-18 13:50:36;2;;;;
305390;2;LINES_OF_CODE;2026-08-18 13:54:54;3;;;;
305398;2;LINES_OF_CODE;2026-08-18 13:56:02;0;;;;
305409;2;LINES_OF_CODE;2026-08-18 13:56:22;3;;;;
305389;2;LINES_OF_CODE;2026-08-18 14:06:29;2;;;;
305410;2;LINES_OF_CODE;2026-08-18 15:15:16;3;;;;
305391;2;LINES_OF_CODE;2026-08-18 15:45:24;3;;;;
305383;2;LINES_OF_CODE;2026-08-18 15:47:06;0;;;;
305411;2;LINES_OF_CODE;2026-08-18 16:07:44;0;;;;
305387;2;LINES_OF_CODE;2026-08-18 16:28:36;0;;;;
305385;2;LINES_OF_CODE;2026-08-18 16:51:00;3;;;;
305399;2;LINES_OF_CODE;2026-08-18 17:42:26;3;;;;
305405;2;LINES_OF_CODE;2026-08-18 17:47:39;3;;;;
305425;2;LINES_OF_CODE;2026-08-19 08:01:10;5;;;;
305433;2;LINES_OF_CODE;2026-08-19 08:22:20;7;;;;
305416;2;LINES_OF_CODE;2026-08-19 08:51:48;3;;;;
305435;2;LINES_OF_CODE;2026-08-19 09:34:20;6;;;;
305427;2;LINES_OF_CODE;2026-08-19 10:11:03;8;;;;
305426;2;LINES_OF_CODE;2026-08-19 10:13:44;6;;;;
305432;2;LINES_OF_CODE;2026-08-19 10:46:21;9;;;;
305430;2;LINES_OF_CODE;2026-08-19 12:04:49;0;;;;
305414;2;LINES_OF_CODE;2026-08-19 12:07:50;8;;;;
305428;2;LINES_OF_CODE;2026-08-19 12:18:51;6;;;;
305417;2;LINES_OF_CODE;2026-08-19 12:26:02;4;;;;
305434;2;LINES_OF_CODE;2026-08-19 12:31:06;10;;;;
305419;2;LINES_OF_CODE;2026-08-19 12:46:00;3;;;;
305418;2;LINES_OF_CODE;2026-08-19 13:01:52;11;;;;
305415;2;LINES_OF_CODE;2026-08-19 13:05:11;6;;;;
305422;2;LINES_OF_CODE;2026-08-19 14:14:49;10;;;;
305436;2;LINES_OF_CODE;2026-08-19 14:35:23;5;;;;
305424;2;LINES_OF_CODE;2026-08-19 14:52:09;8;;;;
305413;2;LINES_OF_CODE;2026-08-19 15:02:30;9;;;;
305423;2;LINES_OF_CODE;2026-08-19 15:03:36;0;;;;
305420;2;LINES_OF_CODE;2026-08-19 15:07:01;3;;;;
305429;2;LINES_OF_CODE;2026-08-19 15:14:00;13;;;;
305438;2;LINES_OF_CODE;2026-08-19 15:28:26;25;;;;
305431;2;LINES_OF_CODE;2026-08-19 15:49:51;3;;;;
305421;2;LINES_OF_CODE;2026-08-19 16:03:14;9;;;;
305437;2;LINES_OF_CODE;2026-08-19 17:02:36;4;;;;
305467;2;LINES_OF_CODE;2026-08-20 08:33:55;39;;;;
305447;2;LINES_OF_CODE;2026-08-20 09:15:02;3;;;;
305457;2;LINES_OF_CODE;2026-08-20 09:19:27;6;;;;
305442;2;LINES_OF_CODE;2026-08-20 09:28:08;2;;;;
305460;2;LINES_OF_CODE;2026-08-20 10:12:07;9;;;;
305452;2;LINES_OF_CODE;2026-08-20 10:42:17;3;;;;
305448;2;LINES_OF_CODE;2026-08-20 10:44:50;8;;;;
305464;2;LINES_OF_CODE;2026-08-20 11:54:46;6;;;;
305444;2;LINES_OF_CODE;2026-08-20 12:31:49;7;;;;
305450;2;LINES_OF_CODE;2026-08-20 12:32:31;2;;;;
305462;2;LINES_OF_CODE;2026-08-20 12:34:41;1;;;;
305459;2;LINES_OF_CODE;2026-08-20 12:54:38;6;;;;
305445;2;LINES_OF_CODE;2026-08-20 13:14:02;6;;;;
305451;2;LINES_OF_CODE;2026-08-20 13:53:54;6;;;;
305439;2;LINES_OF_CODE;2026-08-20 14:21:14;6;;;;
305463;2;LINES_OF_CODE;2026-08-20 14:21:19;2;;;;
305446;2;LINES_OF_CODE;2026-08-20 14:22:58;11;;;;
305440;2;LINES_OF_CODE;2026-08-20 14:38:08;8;;;;
305453;2;LINES_OF_CODE;2026-08-20 14:44:37;4;;;;
305465;2;LINES_OF_CODE;2026-08-20 14:45:39;1;;;;
305455;2;LINES_OF_CODE;2026-08-20 14:55:16;3;;;;
305441;2;LINES_OF_CODE;2026-08-20 15:42:35;1;;;;
305461;2;LINES_OF_CODE;2026-08-20 15:42:44;7;;;;
305454;2;LINES_OF_CODE;2026-08-20 16:18:56;0;;;;
305458;2;LINES_OF_CODE;2026-08-20 16:25:40;2;;;;
305443;2;LINES_OF_CODE;2026-08-20 16:30:35;11;;;;
305449;2;LINES_OF_CODE;2026-08-20 17:15:29;6;;;;
305466;2;LINES_OF_CODE;2026-08-20 17:19:56;1;;;;
305456;2;LINES_OF_CODE;2026-08-20 17:52:18;3;;;;
305488;2;LINES_OF_CODE;2026-08-21 08:30:58;7;;;;
305481;2;LINES_OF_CODE;2026-08-21 08:41:18;10;;;;
305491;2;LINES_OF_CODE;2026-08-21 09:09:41;11;;;;
305494;2;LINES_OF_CODE;2026-08-21 09:13:16;8;;;;
305471;2;LINES_OF_CODE;2026-08-21 09:41:13;3;;;;
305489;2;LINES_OF_CODE;2026-08-21 09:48:15;4;;;;
305486;2;LINES_OF_CODE;2026-08-21 10:31:45;11;;;;
305473;2;LINES_OF_CODE;2026-08-21 11:14:47;9;;;;
305480;2;LINES_OF_CODE;2026-08-21 12:07:17;13;;;;
305499;2;LINES_OF_CODE;2026-08-21 12:43:42;7;;;;
305484;2;LINES_OF_CODE;2026-08-21 12:48:43;3;;;;
305498;2;LINES_OF_CODE;2026-08-21 13:03:49;5;;;;
305497;2;LINES_OF_CODE;2026-08-21 13:15:58;9;;;;
305476;2;LINES_OF_CODE;2026-08-21 13:21:13;3;;;;
305482;2;LINES_OF_CODE;2026-08-21 13:21:42;6;;;;
305493;2;LINES_OF_CODE;2026-08-21 13:48:19;4;;;;
305490;2;LINES_OF_CODE;2026-08-21 14:22:34;6;;;;
305483;2;LINES_OF_CODE;2026-08-21 14:23:06;6;;;;
305492;2;LINES_OF_CODE;2026-08-21 14:30:24;9;;;;
305468;2;LINES_OF_CODE;2026-08-21 15:07:33;11;;;;
305474;2;LINES_OF_CODE;2026-08-21 15:18:21;11;;;;
305496;2;LINES_OF_CODE;2026-08-21 15:29:06;8;;;;
305478;2;LINES_OF_CODE;2026-08-21 15:30:11;7;;;;
305500;2;LINES_OF_CODE;2026-08-21 15:39:38;0;;;;
305495;2;LINES_OF_CODE;2026-08-21 16:16:36;8;;;;
305501;2;LINES_OF_CODE;2026-08-21 16:17:17;0;;;;
305485;2;LINES_OF_CODE;2026-08-21 16:26:44;5;;;;
305475;2;LINES_OF_CODE;2026-08-21 16:42:12;10;;;;
305469;2;LINES_OF_CODE;2026-08-21 16:59:57;7;;;;
305479;2;LINES_OF_CODE;2026-08-21 17:03:00;16;;;;
305472;2;LINES_OF_CODE;2026-08-21 17:30:31;12;;;;
305477;2;LINES_OF_CODE;2026-08-21 17:55:50;2;;;;
305470;2;LINES_OF_CODE;2026-08-21 17:57:23;16;;;;
305487;2;LINES_OF_CODE;2026-08-21 17:57:41;5;;;;
305510;2;LINES_OF_CODE;2026-08-24 08:07:20;10;;;;
305522;2;LINES_OF_CODE;2026-08-24 08:19:37;11;;;;
305528;2;LINES_OF_CODE;2026-08-24 08:27:53;4;;;;
305521;2;LINES_OF_CODE;2026-08-24 08:39:48;9;;;;
305508;2;LINES_OF_CODE;2026-08-24 09:44:52;2;;;;
305503;2;LINES_OF_CODE;2026-08-24 09:57:32;7;;;;
305507;2;LINES_OF_CODE;2026-08-24 09:58:21;8;;;;
305519;2;LINES_OF_CODE;2026-08-24 10:22:02;7;;;;
305504;2;LINES_OF_CODE;2026-08-24 10:35:33;10;;;;
305514;2;LINES_OF_CODE;2026-08-24 11:01:28;6;;;;
305530;2;LINES_OF_CODE;2026-08-24 11:05:44;6;;;;
305516;2;LINES_OF_CODE;2026-08-24 12:28:06;6;;;;
305525;2;LINES_OF_CODE;2026-08-24 12:31:25;6;;;;
305509;2;LINES_OF_CODE;2026-08-24 12:35:51;5;;;;
305531;2;LINES_OF_CODE;2026-08-24 12:40:10;24;;;;
305527;2;LINES_OF_CODE;2026-08-24 13:05:31;5;;;;
305502;2;LINES_OF_CODE;2026-08-24 14:44:46;5;;;;
305505;2;LINES_OF_CODE;2026-08-24 14:52:53;4;;;;
305512;2;LINES_OF_CODE;2026-08-24 15:05:13;0;;;;
305518;2;LINES_OF_CODE;2026-08-24 15:19:48;12;;;;
305515;2;LINES_OF_CODE;2026-08-24 15:46:14;9;;;;
305513;2;LINES_OF_CODE;2026-08-24 15:47:59;0;;;;
305526;2;LINES_OF_CODE;2026-08-24 16:05:31;9;;;;
305520;2;LINES_OF_CODE;2026-08-24 16:29:36;8;;;;
305529;2;LINES_OF_CODE;2026-08-24 16:30:25;6;;;;
305506;2;LINES_OF_CODE;2026-08-24 16:34:08;6;;;;
305524;2;LINES_OF_CODE;2026-08-24 16:38:37;9;;;;
305511;2;LINES_OF_CODE;2026-08-24 16:46:30;5;;;;
305517;2;LINES_OF_CODE;2026-08-24 17:23:14;10;;;;
305523;2;LINES_OF_CODE;2026-08-24 17:45:22;9;;;;
305557;2;LINES_OF_CODE;2026-08-25 08:00:39;1;;;;
305555;2;LINES_OF_CODE;2026-08-25 08:05:58;8;;;;
305551;2;LINES_OF_CODE;2026-08-25 08:06:49;6;;;;
305559;2;LINES_OF_CODE;2026-08-25 08:30:20;1;;;;
305541;2;LINES_OF_CODE;2026-08-25 08:47:53;4;;;;
305564;2;LINES_OF_CODE;2026-08-25 09:35:27;5;;;;
305532;2;LINES_OF_CODE;2026-08-25 09:39:16;1;;;;
305567;2;LINES_OF_CODE;2026-08-25 10:08:26;6;;;;
305550;2;LINES_OF_CODE;2026-08-25 10:21:48;5;;;;
305548;2;LINES_OF_CODE;2026-08-25 10:50:33;4;;;;
305540;2;LINES_OF_CODE;2026-08-25 10:58:21;7;;;;
305546;2;LINES_OF_CODE;2026-08-25 11:04:22;2;;;;
305535;2;LINES_OF_CODE;2026-08-25 11:15:29;5;;;;
305565;2;LINES_OF_CODE;2026-08-25 11:22:14;3;;;;
305545;2;LINES_OF_CODE;2026-08-25 11:41:00;6;;;;
305566;2;LINES_OF_CODE;2026-08-25 11:44:44;3;;;;
305563;2;LINES_OF_CODE;2026-08-25 11:49:13;10;;;;
305542;2;LINES_OF_CODE;2026-08-25 11:50:19;4;;;;
305560;2;LINES_OF_CODE;2026-08-25 11:51:50;9;;;;
305549;2;LINES_OF_CODE;2026-08-25 12:38:27;5;;;;
305554;2;LINES_OF_CODE;2026-08-25 12:41:16;3;;;;
305547;2;LINES_OF_CODE;2026-08-25 13:12:58;2;;;;
305544;2;LINES_OF_CODE;2026-08-25 13:35:14;5;;;;
305561;2;LINES_OF_CODE;2026-08-25 14:14:11;3;;;;
305537;2;LINES_OF_CODE;2026-08-25 14:42:09;5;;;;
305562;2;LINES_OF_CODE;2026-08-25 15:08:52;2;;;;
305538;2;LINES_OF_CODE;2026-08-25 15:18:14;7;;;;
305569;2;LINES_OF_CODE;2026-08-25 15:40:51;16;;;;
305568;2;LINES_OF_CODE;2026-08-25 16:13:07;4;;;;
305553;2;LINES_OF_CODE;2026-08-25 16:20:45;3;;;;
305558;2;LINES_OF_CODE;2026-08-25 16:32:24;5;;;;
305543;2;LINES_OF_CODE;2026-08-25 16:41:12;8;;;;
305552;2;LINES_OF_CODE;2026-08-25 16:46:42;5;;;;
305539;2;LINES_OF_CODE;2026-08-25 16:57:04;5;;;;
305536;2;LINES_OF_CODE;2026-08-25 17:14:14;7;;;;
305556;2;LINES_OF_CODE;2026-08-25 17:32:59;7;;;;
305534;2;LINES_OF_CODE;2026-08-25 17:33:15;5;;;;
305533;2;LINES_OF_CODE;2026-08-25 17:56:32;5;;;;
305591;2;LINES_OF_CODE;2026-08-26 08:02:22;7;;;;
305600;2;LINES_OF_CODE;2026-08-26 08:59:56;15;;;;
305588;2;LINES_OF_CODE;2026-08-26 09:36:13;7;;;;
305592;2;LINES_OF_CODE;2026-08-26 09:53:28;9;;;;
305572;2;LINES_OF_CODE;2026-08-26 10:06:56;2;;;;
305574;2;LINES_OF_CODE;2026-08-26 10:29:57;4;;;;
305597;2;LINES_OF_CODE;2026-08-26 10:44:53;7;;;;
305586;2;LINES_OF_CODE;2026-08-26 10:51:56;6;;;;
305585;2;LINES_OF_CODE;2026-08-26 11:26:28;7;;;;
305579;2;LINES_OF_CODE;2026-08-26 11:33:39;10;;;;
305573;2;LINES_OF_CODE;2026-08-26 11:41:32;2;;;;
305584;2;LINES_OF_CODE;2026-08-26 11:46:54;5;;;;
305594;2;LINES_OF_CODE;2026-08-26 11:57:51;7;;;;
305596;2;LINES_OF_CODE;2026-08-26 12:07:39;3;;;;
305589;2;LINES_OF_CODE;2026-08-26 13:10:54;5;;;;
305577;2;LINES_OF_CODE;2026-08-26 13:35:40;6;;;;
305593;2;LINES_OF_CODE;2026-08-26 13:52:31;7;;;;
305590;2;LINES_OF_CODE;2026-08-26 14:16:20;7;;;;
305583;2;LINES_OF_CODE;2026-08-26 14:37:13;3;;;;
305595;2;LINES_OF_CODE;2026-08-26 14:43:04;3;;;;
305582;2;LINES_OF_CODE;2026-08-26 15:19:51;5;;;;
305578;2;LINES_OF_CODE;2026-08-26 15:37:38;2;;;;
305598;2;LINES_OF_CODE;2026-08-26 15:51:27;9;;;;
305576;2;LINES_OF_CODE;2026-08-26 16:44:35;6;;;;
305599;2;LINES_OF_CODE;2026-08-26 17:03:06;10;;;;
305587;2;LINES_OF_CODE;2026-08-26 17:03:12;-1;;;;
305570;2;LINES_OF_CODE;2026-08-26 17:04:29;8;;;;
305580;2;LINES_OF_CODE;2026-08-26 17:11:14;6;;;;
305575;2;LINES_OF_CODE;2026-08-26 17:12:53;7;;;;
305581;2;LINES_OF_CODE;2026-08-26 17:33:34;13;;;;
305571;2;LINES_OF_CODE;2026-08-26 17:56:00;4;;;;
305629;2;LINES_OF_CODE;2026-08-27 08:03:28;6;;;;
305609;2;LINES_OF_CODE;2026-08-27 08:49:47;7;;;;
305631;2;LINES_OF_CODE;2026-08-27 08:55:13;4;;;;
305628;2;LINES_OF_CODE;2026-08-27 09:03:37;4;;;;
305613;2;LINES_OF_CODE;2026-08-27 09:05:07;4;;;;
305616;2;LINES_OF_CODE;2026-08-27 09:49:07;7;;;;
305623;2;LINES_OF_CODE;2026-08-27 09:49:33;3;;;;
305602;2;LINES_OF_CODE;2026-08-27 10:21:42;1;;;;
305604;2;LINES_OF_CODE;2026-08-27 10:22:28;11;;;;
305603;2;LINES_OF_CODE;2026-08-27 10:56:11;1;;;;
305612;2;LINES_OF_CODE;2026-08-27 11:02:41;9;;;;
305627;2;LINES_OF_CODE;2026-08-27 11:19:46;9;;;;
305625;2;LINES_OF_CODE;2026-08-27 11:28:54;5;;;;
305622;2;LINES_OF_CODE;2026-08-27 11:35:45;4;;;;
305605;2;LINES_OF_CODE;2026-08-27 12:27:13;0;;;;
305619;2;LINES_OF_CODE;2026-08-27 12:41:54;8;;;;
305624;2;LINES_OF_CODE;2026-08-27 12:44:01;4;;;;
305611;2;LINES_OF_CODE;2026-08-27 13:07:24;8;;;;
305621;2;LINES_OF_CODE;2026-08-27 13:17:34;2;;;;
305618;2;LINES_OF_CODE;2026-08-27 13:28:59;4;;;;
305601;2;LINES_OF_CODE;2026-08-27 14:47:22;3;;;;
305633;2;LINES_OF_CODE;2026-08-27 14:55:30;5;;;;
305632;2;LINES_OF_CODE;2026-08-27 15:17:37;1;;;;
305608;2;LINES_OF_CODE;2026-08-27 15:29:25;3;;;;
305620;2;LINES_OF_CODE;2026-08-27 15:33:22;1;;;;
305610;2;LINES_OF_CODE;2026-08-27 15:49:06;3;;;;
305606;2;LINES_OF_CODE;2026-08-27 15:55:38;7;;;;
305607;2;LINES_OF_CODE;2026-08-27 16:01:18;2;;;;
305615;2;LINES_OF_CODE;2026-08-27 16:03:26;2;;;;
305634;2;LINES_OF_CODE;2026-08-27 16:25:32;35;;;;
305614;2;LINES_OF_CODE;2026-08-27 17:08:33;1;;;;
305630;2;LINES_OF_CODE;2026-08-27 17:09:13;0;;;;
305626;2;LINES_OF_CODE;2026-08-27 17:13:33;6;;;;
305617;2;LINES_OF_CODE;2026-08-27 17:43:48;1;;;;
305665;2;LINES_OF_CODE;2026-08-28 08:00:03;9;;;;
305671;2;LINES_OF_CODE;2026-08-28 08:12:13;4;;;;
305661;2;LINES_OF_CODE;2026-08-28 08:16:49;3;;;;
305645;2;LINES_OF_CODE;2026-08-28 08:54:25;0;;;;
305669;2;LINES_OF_CODE;2026-08-28 09:17:49;3;;;;
305655;2;LINES_OF_CODE;2026-08-28 09:31:30;6;;;;
305660;2;LINES_OF_CODE;2026-08-28 09:52:48;10;;;;
305637;2;LINES_OF_CODE;2026-08-28 09:53:21;10;;;;
305638;2;LINES_OF_CODE;2026-08-28 10:00:47;3;;;;
305658;2;LINES_OF_CODE;2026-08-28 10:03:28;14;;;;
305651;2;LINES_OF_CODE;2026-08-28 10:22:20;6;;;;
305636;2;LINES_OF_CODE;2026-08-28 10:57:01;6;;;;
305647;2;LINES_OF_CODE;2026-08-28 11:00:09;9;;;;
305649;2;LINES_OF_CODE;2026-08-28 11:14:01;5;;;;
305635;2;LINES_OF_CODE;2026-08-28 11:30:22;6;;;;
305644;2;LINES_OF_CODE;2026-08-28 11:42:47;4;;;;
305646;2;LINES_OF_CODE;2026-08-28 12:11:15;12;;;;
305641;2;LINES_OF_CODE;2026-08-28 12:32:41;4;;;;
305648;2;LINES_OF_CODE;2026-08-28 12:58:27;7;;;;
305672;2;LINES_OF_CODE;2026-08-28 13:41:09;7;;;;
305640;2;LINES_OF_CODE;2026-08-28 13:58:53;6;;;;
305663;2;LINES_OF_CODE;2026-08-28 13:59:00;12;;;;
305643;2;LINES_OF_CODE;2026-08-28 14:19:09;1;;;;
305659;2;LINES_OF_CODE;2026-08-28 14:46:21;6;;;;
305642;2;LINES_OF_CODE;2026-08-28 14:51:44;1;;;;
305668;2;LINES_OF_CODE;2026-08-28 15:17:23;6;;;;
305666;2;LINES_OF_CODE;2026-08-28 16:04:20;8;;;;
305657;2;LINES_OF_CODE;2026-08-28 16:06:28;6;;;;
305653;2;LINES_OF_CODE;2026-08-28 16:13:46;7;;;;
305650;2;LINES_OF_CODE;2026-08-28 16:26:16;8;;;;
305667;2;LINES_OF_CODE;2026-08-28 16:42:34;8;;;;
305662;2;LINES_OF_CODE;2026-08-28 16:47:20;1;;;;
305664;2;LINES_OF_CODE;2026-08-28 16:51:38;9;;;;
305654;2;LINES_OF_CODE;2026-08-28 16:56:01;8;;;;
305652;2;LINES_OF_CODE;2026-08-28 17:27:56;10;;;;
305670;2;LINES_OF_CODE;2026-08-28 17:32:16;6;;;;
305656;2;LINES_OF_CODE;2026-08-28 17:39:16;5;;;;
305639;2;LINES_OF_CODE;2026-08-28 17:44:02;11;;;;
305691;2;LINES_OF_CODE;2026-08-31 08:18:21;2;;;;
305690;2;LINES_OF_CODE;2026-08-31 08:56:04;1;;;;
305674;2;LINES_OF_CODE;2026-08-31 09:02:00;1;;;;
305698;2;LINES_OF_CODE;2026-08-31 09:50:29;2;;;;
305701;2;LINES_OF_CODE;2026-08-31 09:56:18;3;;;;
305694;2;LINES_OF_CODE;2026-08-31 09:57:06;4;;;;
305681;2;LINES_OF_CODE;2026-08-31 10:00:29;2;;;;
305688;2;LINES_OF_CODE;2026-08-31 10:16:14;2;;;;
305699;2;LINES_OF_CODE;2026-08-31 10:47:21;2;;;;
305703;2;LINES_OF_CODE;2026-08-31 10:49:19;14;;;;
305682;2;LINES_OF_CODE;2026-08-31 10:56:15;1;;;;
305680;2;LINES_OF_CODE;2026-08-31 11:13:03;0;;;;
305692;2;LINES_OF_CODE;2026-08-31 11:27:34;2;;;;
305697;2;LINES_OF_CODE;2026-08-31 11:38:41;1;;;;
305679;2;LINES_OF_CODE;2026-08-31 12:00:54;2;;;;
305702;2;LINES_OF_CODE;2026-08-31 12:45:33;0;;;;
305689;2;LINES_OF_CODE;2026-08-31 13:55:11;0;;;;
305695;2;LINES_OF_CODE;2026-08-31 14:13:54;1;;;;
305684;2;LINES_OF_CODE;2026-08-31 14:16:11;2;;;;
305677;2;LINES_OF_CODE;2026-08-31 14:58:46;1;;;;
305676;2;LINES_OF_CODE;2026-08-31 15:20:44;2;;;;
305675;2;LINES_OF_CODE;2026-08-31 15:26:41;2;;;;
305685;2;LINES_OF_CODE;2026-08-31 15:36:57;2;;;;
305696;2;LINES_OF_CODE;2026-08-31 16:08:53;2;;;;
305700;2;LINES_OF_CODE;2026-08-31 16:26:05;0;;;;
305673;2;LINES_OF_CODE;2026-08-31 16:32:58;1;;;;
305693;2;LINES_OF_CODE;2026-08-31 16:43:59;0;;;;
305683;2;LINES_OF_CODE;2026-08-31 16:49:58;3;;;;
305678;2;LINES_OF_CODE;2026-08-31 17:36:19;1;;;;
305687;2;LINES_OF_CODE;2026-08-31 17:42:31;1;;;;
305686;2;LINES_OF_CODE;2026-08-31 17:43:04;2;;;;
305711;2;LINES_OF_CODE;2026-09-01 08:01:36;9;;;;
305719;2;LINES_OF_CODE;2026-09-01 08:49:09;8;;;;
305721;2;LINES_OF_CODE;2026-09-01 08:57:15;1;;;;
305730;2;LINES_OF_CODE;2026-09-01 09:13:20;0;;;;
305724;2;LINES_OF_CODE;2026-09-01 09:32:32;8;;;;
305720;2;LINES_OF_CODE;2026-09-01 10:23:15;9;;;;
305709;2;LINES_OF_CODE;2026-09-01 10:45:32;7;;;;
305718;2;LINES_OF_CODE;2026-09-01 10:49:29;6;;;;
305717;2;LINES_OF_CODE;2026-09-01 10:54:15;7;;;;
305705;2;LINES_OF_CODE;2026-09-01 10:55:10;6;;;;
305722;2;LINES_OF_CODE;2026-09-01 10:56:26;7;;;;
305713;2;LINES_OF_CODE;2026-09-01 11:30:37;8;;;;
305715;2;LINES_OF_CODE;2026-09-01 11:33:19;8;;;;
305726;2;LINES_OF_CODE;2026-09-01 11:48:29;10;;;;
305727;2;LINES_OF_CODE;2026-09-01 12:56:45;5;;;;
305704;2;LINES_OF_CODE;2026-09-01 13:35:20;8;;;;
305728;2;LINES_OF_CODE;2026-09-01 13:39:31;10;;;;
305714;2;LINES_OF_CODE;2026-09-01 13:49:27;10;;;;
305707;2;LINES_OF_CODE;2026-09-01 14:29:04;8;;;;
305716;2;LINES_OF_CODE;2026-09-01 14:29:38;6;;;;
305708;2;LINES_OF_CODE;2026-09-01 15:38:50;8;;;;
305729;2;LINES_OF_CODE;2026-09-01 16:51:25;3;;;;
305710;2;LINES_OF_CODE;2026-09-01 17:13:09;7;;;;
305725;2;LINES_OF_CODE;2026-09-01 17:22:20;1;;;;
305723;2;LINES_OF_CODE;2026-09-01 17:51:20;4;;;;
305712;2;LINES_OF_CODE;2026-09-01 17:53:12;5;;;;
305706;2;LINES_OF_CODE;2026-09-01 17:57:26;6;;;;
305745;2;LINES_OF_CODE;2026-09-02 08:09:54;3;;;;
305748;2;LINES_OF_CODE;2026-09-02 08:44:12;2;;;;
305754;2;LINES_OF_CODE;2026-09-02 09:20:07;0;;;;
305751;2;LINES_OF_CODE;2026-09-02 09:35:41;0;;;;
305740;2;LINES_OF_CODE;2026-09-02 09:46:35;2;;;;
305755;2;LINES_OF_CODE;2026-09-02 10:04:10;2;;;;
305737;2;LINES_OF_CODE;2026-09-02 10:16:35;4;;;;
305735;2;LINES_OF_CODE;2026-09-02 10:29:14;4;;;;
305750;2;LINES_OF_CODE;2026-09-02 10:33:46;6;;;;
305758;2;LINES_OF_CODE;2026-09-02 10:37:57;1;;;;
305767;2;LINES_OF_CODE;2026-09-02 11:01:46;-1;;;;
305747;2;LINES_OF_CODE;2026-09-02 11:07:55;5;;;;
305770;2;LINES_OF_CODE;2026-09-02 11:17:56;36;;;;
305736;2;LINES_OF_CODE;2026-09-02 11:21:33;2;;;;
305733;2;LINES_OF_CODE;2026-09-02 11:54:14;7;;;;
305759;2;LINES_OF_CODE;2026-09-02 12:10:38;5;;;;
305731;2;LINES_OF_CODE;2026-09-02 12:28:00;3;;;;
305761;2;LINES_OF_CODE;2026-09-02 12:35:37;9;;;;
305757;2;LINES_OF_CODE;2026-09-02 12:40:40;4;;;;
305738;2;LINES_OF_CODE;2026-09-02 13:04:52;1;;;;
305752;2;LINES_OF_CODE;2026-09-02 13:15:28;4;;;;
305763;2;LINES_OF_CODE;2026-09-02 13:43:43;5;;;;
305739;2;LINES_OF_CODE;2026-09-02 14:17:10;2;;;;
305741;2;LINES_OF_CODE;2026-09-02 14:41:16;0;;;;
305768;2;LINES_OF_CODE;2026-09-02 14:51:35;0;;;;
305764;2;LINES_OF_CODE;2026-09-02 14:58:42;2;;;;
305762;2;LINES_OF_CODE;2026-09-02 15:15:49;3;;;;
305753;2;LINES_OF_CODE;2026-09-02 15:48:56;5;;;;
305756;2;LINES_OF_CODE;2026-09-02 15:53:08;5;;;;
305766;2;LINES_OF_CODE;2026-09-02 16:21:52;4;;;;
305765;2;LINES_OF_CODE;2026-09-02 16:24:18;3;;;;
305749;2;LINES_OF_CODE;2026-09-02 16:24:26;0;;;;
305742;2;LINES_OF_CODE;2026-09-02 16:29:21;1;;;;
305743;2;LINES_OF_CODE;2026-09-02 16:44:06;2;;;;
305746;2;LINES_OF_CODE;2026-09-02 16:55:32;5;;;;
305769;2;LINES_OF_CODE;2026-09-02 16:59:30;3;;;;
305732;2;LINES_OF_CODE;2026-09-02 17:11:55;2;;;;
305760;2;LINES_OF_CODE;2026-09-02 17:28:35;5;;;;
305744;2;LINES_OF_CODE;2026-09-02 17:34:29;4;;;;
305734;2;LINES_OF_CODE;2026-09-02 17:45:17;5;;;;
305776;2;LINES_OF_CODE;2026-09-03 08:04:55;6;;;;
305777;2;LINES_OF_CODE;2026-09-03 08:07:30;3;;;;
305791;2;LINES_OF_CODE;2026-09-03 08:13:37;1;;;;
305799;2;LINES_OF_CODE;2026-09-03 08:38:44;3;;;;
305772;2;LINES_OF_CODE;2026-09-03 09:21:33;2;;;;
305800;2;LINES_OF_CODE;2026-09-03 09:41:42;20;;;;
305780;2;LINES_OF_CODE;2026-09-03 10:38:03;3;;;;
305794;2;LINES_OF_CODE;2026-09-03 10:40:51;9;;;;
305778;2;LINES_OF_CODE;2026-09-03 10:50:30;4;;;;
305790;2;LINES_OF_CODE;2026-09-03 10:54:15;1;;;;
305796;2;LINES_OF_CODE;2026-09-03 11:02:30;4;;;;
305797;2;LINES_OF_CODE;2026-09-03 11:09:15;8;;;;
305795;2;LINES_OF_CODE;2026-09-03 11:15:55;5;;;;
305773;2;LINES_OF_CODE;2026-09-03 11:28:31;4;;;;
305785;2;LINES_OF_CODE;2026-09-03 11:57:52;0;;;;
305793;2;LINES_OF_CODE;2026-09-03 12:23:26;4;;;;
305789;2;LINES_OF_CODE;2026-09-03 12:42:15;6;;;;
305784;2;LINES_OF_CODE;2026-09-03 12:44:01;1;;;;
305792;2;LINES_OF_CODE;2026-09-03 12:55:46;4;;;;
305774;2;LINES_OF_CODE;2026-09-03 13:14:38;6;;;;
305779;2;LINES_OF_CODE;2026-09-03 13:24:02;6;;;;
305775;2;LINES_OF_CODE;2026-09-03 14:12:02;0;;;;
305798;2;LINES_OF_CODE;2026-09-03 14:21:43;7;;;;
305783;2;LINES_OF_CODE;2026-09-03 14:48:20;5;;;;
305788;2;LINES_OF_CODE;2026-09-03 15:54:34;4;;;;
305787;2;LINES_OF_CODE;2026-09-03 16:40:01;3;;;;
305771;2;LINES_OF_CODE;2026-09-03 16:52:49;5;;;;
305782;2;LINES_OF_CODE;2026-09-03 17:22:41;7;;;;
305781;2;LINES_OF_CODE;2026-09-03 17:27:53;3;;;;
305786;2;LINES_OF_CODE;2026-09-03 17:49:32;0;;;;
305823;2;LINES_OF_CODE;2026-09-04 08:12:12;4;;;;
305811;2;LINES_OF_CODE;2026-09-04 08:46:16;2;;;;
305816;2;LINES_OF_CODE;2026-09-04 09:04:41;1;;;;
305803;2;LINES_OF_CODE;2026-09-04 09:53:03;2;;;;
305807;2;LINES_OF_CODE;2026-09-04 09:53:07;1;;;;
305825;2;LINES_OF_CODE;2026-09-04 10:04:52;2;;;;
305827;2;LINES_OF_CODE;2026-09-04 10:09:15;1;;;;
305814;2;LINES_OF_CODE;2026-09-04 10:27:25;3;;;;
305812;2;LINES_OF_CODE;2026-09-04 10:29:16;2;;;;
305817;2;LINES_OF_CODE;2026-09-04 10:31:30;2;;;;
305831;2;LINES_OF_CODE;2026-09-04 10:47:12;1;;;;
305805;2;LINES_OF_CODE;2026-09-04 10:53:06;4;;;;
305830;2;LINES_OF_CODE;2026-09-04 10:53:12;1;;;;
305802;2;LINES_OF_CODE;2026-09-04 10:53:48;0;;;;
305804;2;LINES_OF_CODE;2026-09-04 11:50:22;2;;;;
305822;2;LINES_OF_CODE;2026-09-04 11:53:24;2;;;;
305808;2;LINES_OF_CODE;2026-09-04 12:00:03;3;;;;
305826;2;LINES_OF_CODE;2026-09-04 12:33:47;2;;;;
305824;2;LINES_OF_CODE;2026-09-04 12:40:46;2;;;;
305819;2;LINES_OF_CODE;2026-09-04 12:44:45;2;;;;
305833;2;LINES_OF_CODE;2026-09-04 12:56:36;1;;;;
305820;2;LINES_OF_CODE;2026-09-04 13:50:49;1;;;;
305834;2;LINES_OF_CODE;2026-09-04 13:56:49;10;;;;
305806;2;LINES_OF_CODE;2026-09-04 13:58:19;3;;;;
305828;2;LINES_OF_CODE;2026-09-04 14:02:31;1;;;;
305813;2;LINES_OF_CODE;2026-09-04 14:09:30;1;;;;
305829;2;LINES_OF_CODE;2026-09-04 14:14:01;3;;;;
305810;2;LINES_OF_CODE;2026-09-04 14:58:34;3;;;;
305821;2;LINES_OF_CODE;2026-09-04 15:41:24;1;;;;
305809;2;LINES_OF_CODE;2026-09-04 16:13:39;1;;;;
305818;2;LINES_OF_CODE;2026-09-04 16:22:09;1;;;;
305815;2;LINES_OF_CODE;2026-09-04 16:55:58;2;;;;
305832;2;LINES_OF_CODE;2026-09-04 17:18:56;1;;;;
305801;2;LINES_OF_CODE;2026-09-04 17:42:11;1;;;;
305854;2;LINES_OF_CODE;2026-09-07 08:20:39;4;;;;
305861;2;LINES_OF_CODE;2026-09-07 08:40:20;1;;;;
305847;2;LINES_OF_CODE;2026-09-07 08:47:07;1;;;;
305856;2;LINES_OF_CODE;2026-09-07 09:07:15;3;;;;
305840;2;LINES_OF_CODE;2026-09-07 09:22:16;4;;;;
305845;2;LINES_OF_CODE;2026-09-07 10:35:12;5;;;;
305860;2;LINES_OF_CODE;2026-09-07 11:01:24;4;;;;
305864;2;LINES_OF_CODE;2026-09-07 11:08:36;0;;;;
305836;2;LINES_OF_CODE;2026-09-07 11:21:56;2;;;;
305863;2;LINES_OF_CODE;2026-09-07 11:26:03;5;;;;
305857;2;LINES_OF_CODE;2026-09-07 11:43:10;5;;;;
305851;2;LINES_OF_CODE;2026-09-07 11:53:15;0;;;;
305848;2;LINES_OF_CODE;2026-09-07 12:10:38;7;;;;
305837;2;LINES_OF_CODE;2026-09-07 12:12:08;4;;;;
305867;2;LINES_OF_CODE;2026-09-07 13:00:45;3;;;;
305852;2;LINES_OF_CODE;2026-09-07 13:11:26;3;;;;
305866;2;LINES_OF_CODE;2026-09-07 13:21:36;1;;;;
305841;2;LINES_OF_CODE;2026-09-07 13:26:12;0;;;;
305838;2;LINES_OF_CODE;2026-09-07 14:02:55;7;;;;
305850;2;LINES_OF_CODE;2026-09-07 14:11:28;1;;;;
305859;2;LINES_OF_CODE;2026-09-07 14:14:07;5;;;;
305843;2;LINES_OF_CODE;2026-09-07 14:28:01;6;;;;
305846;2;LINES_OF_CODE;2026-09-07 14:37:34;8;;;;
305865;2;LINES_OF_CODE;2026-09-07 14:55:48;4;;;;
305835;2;LINES_OF_CODE;2026-09-07 15:05:54;5;;;;
305839;2;LINES_OF_CODE;2026-09-07 15:08:25;-1;;;;
305844;2;LINES_OF_CODE;2026-09-07 15:13:17;2;;;;
305855;2;LINES_OF_CODE;2026-09-07 15:53:09;3;;;;
305842;2;LINES_OF_CODE;2026-09-07 15:55:27;7;;;;
305862;2;LINES_OF_CODE;2026-09-07 16:26:10;9;;;;
305868;2;LINES_OF_CODE;2026-09-07 16:46:15;38;;;;
305858;2;LINES_OF_CODE;2026-09-07 17:11:39;3;;;;
305849;2;LINES_OF_CODE;2026-09-07 17:33:57;1;;;;
305853;2;LINES_OF_CODE;2026-09-07 17:53:43;2;;;;
305881;2;LINES_OF_CODE;2026-09-08 08:21:37;4;;;;
305879;2;LINES_OF_CODE;2026-09-08 08:28:31;1;;;;
305880;2;LINES_OF_CODE;2026-09-08 08:28:34;2;;;;
305870;2;LINES_OF_CODE;2026-09-08 08:32:57;1;;;;
305894;2;LINES_OF_CODE;2026-09-08 08:39:43;4;;;;
305897;2;LINES_OF_CODE;2026-09-08 09:48:45;2;;;;
305889;2;LINES_OF_CODE;2026-09-08 10:03:56;1;;;;
305884;2;LINES_OF_CODE;2026-09-08 10:27:38;0;;;;
305869;2;LINES_OF_CODE;2026-09-08 10:44:51;1;;;;
305893;2;LINES_OF_CODE;2026-09-08 10:50:50;1;;;;
305876;2;LINES_OF_CODE;2026-09-08 10:57:18;2;;;;
305873;2;LINES_OF_CODE;2026-09-08 11:13:32;1;;;;
305875;2;LINES_OF_CODE;2026-09-08 11:50:25;1;;;;
305890;2;LINES_OF_CODE;2026-09-08 11:54:41;3;;;;
305892;2;LINES_OF_CODE;2026-09-08 11:56:55;2;;;;
305871;2;LINES_OF_CODE;2026-09-08 12:53:11;2;;;;
305888;2;LINES_OF_CODE;2026-09-08 12:53:25;2;;;;
305896;2;LINES_OF_CODE;2026-09-08 13:00:05;1;;;;
305887;2;LINES_OF_CODE;2026-09-08 13:15:30;2;;;;
305898;2;LINES_OF_CODE;2026-09-08 13:26:27;3;;;;
305872;2;LINES_OF_CODE;2026-09-08 13:27:43;0;;;;
305891;2;LINES_OF_CODE;2026-09-08 14:30:23;3;;;;
305877;2;LINES_OF_CODE;2026-09-08 14:53:09;1;;;;
305883;2;LINES_OF_CODE;2026-09-08 14:56:28;1;;;;
305895;2;LINES_OF_CODE;2026-09-08 14:58:13;2;;;;
305885;2;LINES_OF_CODE;2026-09-08 15:45:58;1;;;;
305899;2;LINES_OF_CODE;2026-09-08 16:12:19;10;;;;
305886;2;LINES_OF_CODE;2026-09-08 16:13:28;1;;;;
305882;2;LINES_OF_CODE;2026-09-08 17:05:35;3;;;;
305878;2;LINES_OF_CODE;2026-09-08 17:26:08;2;;;;
305874;2;LINES_OF_CODE;2026-09-08 17:52:51;2;;;;
305916;2;LINES_OF_CODE;2026-09-09 09:02:28;0;;;;
305918;2;LINES_OF_CODE;2026-09-09 09:16:11;1;;;;
305901;2;LINES_OF_CODE;2026-09-09 09:30:00;3;;;;
305909;2;LINES_OF_CODE;2026-09-09 10:25:00;1;;;;
305922;2;LINES_OF_CODE;2026-09-09 10:25:48;3;;;;
305913;2;LINES_OF_CODE;2026-09-09 10:34:42;4;;;;
305915;2;LINES_OF_CODE;2026-09-09 11:08:02;2;;;;
305904;2;LINES_OF_CODE;2026-09-09 11:10:57;3;;;;
305920;2;LINES_OF_CODE;2026-09-09 11:13:32;1;;;;
305900;2;LINES_OF_CODE;2026-09-09 11:24:02;3;;;;
305902;2;LINES_OF_CODE;2026-09-09 11:29:04;1;;;;
305912;2;LINES_OF_CODE;2026-09-09 11:44:15;0;;;;
305925;2;LINES_OF_CODE;2026-09-09 13:27:24;14;;;;
305914;2;LINES_OF_CODE;2026-09-09 13:50:32;1;;;;
305917;2;LINES_OF_CODE;2026-09-09 14:11:18;0;;;;
305907;2;LINES_OF_CODE;2026-09-09 14:15:49;1;;;;
305924;2;LINES_OF_CODE;2026-09-09 14:31:06;0;;;;
305911;2;LINES_OF_CODE;2026-09-09 14:50:52;2;;;;
305923;2;LINES_OF_CODE;2026-09-09 14:54:54;2;;;;
305906;2;LINES_OF_CODE;2026-09-09 15:04:57;2;;;;
305910;2;LINES_OF_CODE;2026-09-09 15:07:12;1;;;;
305921;2;LINES_OF_CODE;2026-09-09 15:33:07;1;;;;
305903;2;LINES_OF_CODE;2026-09-09 15:43:24;4;;;;
305905;2;LINES_OF_CODE;2026-09-09 16:04:47;2;;;;
305908;2;LINES_OF_CODE;2026-09-09 17:06:02;4;;;;
305919;2;LINES_OF_CODE;2026-09-09 17:44:44;1;;;;
305957;2;LINES_OF_CODE;2026-09-10 08:00:10;1;;;;
305956;2;LINES_OF_CODE;2026-09-10 08:40:20;3;;;;
305941;2;LINES_OF_CODE;2026-09-10 08:50:44;0;;;;
305934;2;LINES_OF_CODE;2026-09-10 09:24:19;3;;;;
305955;2;LINES_OF_CODE;2026-09-10 09:35:41;4;;;;
305926;2;LINES_OF_CODE;2026-09-10 09:43:39;3;;;;
305937;2;LINES_OF_CODE;2026-09-10 09:44:12;1;;;;
305948;2;LINES_OF_CODE;2026-09-10 09:52:17;4;;;;
305959;2;LINES_OF_CODE;2026-09-10 10:27:40;13;;;;
305930;2;LINES_OF_CODE;2026-09-10 10:41:19;0;;;;
305935;2;LINES_OF_CODE;2026-09-10 10:49:57;5;;;;
305929;2;LINES_OF_CODE;2026-09-10 11:05:26;3;;;;
305953;2;LINES_OF_CODE;2026-09-10 11:06:15;2;;;;
305950;2;LINES_OF_CODE;2026-09-10 11:19:09;1;;;;
305945;2;LINES_OF_CODE;2026-09-10 11:26:03;3;;;;
305938;2;LINES_OF_CODE;2026-09-10 11:34:58;4;;;;
305944;2;LINES_OF_CODE;2026-09-10 11:38:29;3;;;;
305947;2;LINES_OF_CODE;2026-09-10 11:51:11;3;;;;
305931;2;LINES_OF_CODE;2026-09-10 12:28:38;1;;;;
305927;2;LINES_OF_CODE;2026-09-10 12:34:08;1;;;;
305932;2;LINES_OF_CODE;2026-09-10 12:46:19;1;;;;
305958;2;LINES_OF_CODE;2026-09-10 13:16:13;2;;;;
305942;2;LINES_OF_CODE;2026-09-10 14:35:06;2;;;;
305939;2;LINES_OF_CODE;2026-09-10 14:38:32;4;;;;
305940;2;LINES_OF_CODE;2026-09-10 14:45:28;4;;;;
305943;2;LINES_OF_CODE;2026-09-10 15:09:13;1;;;;
305946;2;LINES_OF_CODE;2026-09-10 16:06:43;6;;;;
305933;2;LINES_OF_CODE;2026-09-10 16:15:25;4;;;;
305954;2;LINES_OF_CODE;2026-09-10 16:34:56;2;;;;
305936;2;LINES_OF_CODE;2026-09-10 16:44:10;4;;;;
305951;2;LINES_OF_CODE;2026-09-10 17:02:59;6;;;;
305928;2;LINES_OF_CODE;2026-09-10 17:11:07;4;;;;
305949;2;LINES_OF_CODE;2026-09-10 17:28:07;1;;;;
305952;2;LINES_OF_CODE;2026-09-10 17:55:41;1;;;;
305972;2;LINES_OF_CODE;2026-09-11 08:15:00;1;;;;
305976;2;LINES_OF_CODE;2026-09-11 08:45:37;5;;;;
305975;2;LINES_OF_CODE;2026-09-11 09:03:54;4;;;;
305965;2;LINES_OF_CODE;2026-09-11 09:29:30;4;;;;
305987;2;LINES_OF_CODE;2026-09-11 09:38:40;5;;;;
305967;2;LINES_OF_CODE;2026-09-11 09:38:48;5;;;;
305961;2;LINES_OF_CODE;2026-09-11 09:43:33;6;;;;
305984;2;LINES_OF_CODE;2026-09-11 09:50:20;5;;;;
305988;2;LINES_OF_CODE;2026-09-11 10:52:41;3;;;;
305973;2;LINES_OF_CODE;2026-09-11 11:03:28;5;;;;
305970;2;LINES_OF_CODE;2026-09-11 11:06:30;3;;;;
305994;2;LINES_OF_CODE;2026-09-11 11:11:27;1;;;;
305982;2;LINES_OF_CODE;2026-09-11 11:14:14;6;;;;
305979;2;LINES_OF_CODE;2026-09-11 11:14:19;2;;;;
305977;2;LINES_OF_CODE;2026-09-11 11:53:11;2;;;;
305974;2;LINES_OF_CODE;2026-09-11 12:11:43;4;;;;
305969;2;LINES_OF_CODE;2026-09-11 12:12:14;4;;;;
305989;2;LINES_OF_CODE;2026-09-11 12:19:14;5;;;;
305964;2;LINES_OF_CODE;2026-09-11 12:28:10;2;;;;
305985;2;LINES_OF_CODE;2026-09-11 12:48:06;5;;;;
305966;2;LINES_OF_CODE;2026-09-11 14:21:02;2;;;;
305991;2;LINES_OF_CODE;2026-09-11 14:48:37;2;;;;
305997;2;LINES_OF_CODE;2026-09-11 14:51:44;0;;;;
305986;2;LINES_OF_CODE;2026-09-11 15:10:03;5;;;;
305962;2;LINES_OF_CODE;2026-09-11 15:36:02;3;;;;
305980;2;LINES_OF_CODE;2026-09-11 15:45:22;6;;;;
305971;2;LINES_OF_CODE;2026-09-11 15:46:22;4;;;;
305978;2;LINES_OF_CODE;2026-09-11 15:48:47;3;;;;
305983;2;LINES_OF_CODE;2026-09-11 15:51:52;4;;;;
305993;2;LINES_OF_CODE;2026-09-11 16:33:55;4;;;;
305990;2;LINES_OF_CODE;2026-09-11 16:34:02;6;;;;
305981;2;LINES_OF_CODE;2026-09-11 16:37:54;2;;;;
305995;2;LINES_OF_CODE;2026-09-11 16:39:07;0;;;;
305960;2;LINES_OF_CODE;2026-09-11 16:44:10;3;;;;
305968;2;LINES_OF_CODE;2026-09-11 16:54:29;6;;;;
305963;2;LINES_OF_CODE;2026-09-11 17:18:33;3;;;;
305992;2;LINES_OF_CODE;2026-09-11 17:28:00;0;;;;
305996;2;LINES_OF_CODE;2026-09-11 17:47:21;0;;;;
306009;2;LINES_OF_CODE;2026-09-14 08:26:15;6;;;;
306003;2;LINES_OF_CODE;2026-09-14 08:29:35;2;;;;
306010;2;LINES_OF_CODE;2026-09-14 08:30:57;3;;;;
306015;2;LINES_OF_CODE;2026-09-14 08:35:17;5;;;;
306025;2;LINES_OF_CODE;2026-09-14 09:10:38;2;;;;
306017;2;LINES_OF_CODE;2026-09-14 09:16:05;2;;;;
306002;2;LINES_OF_CODE;2026-09-14 09:47:12;4;;;;
306018;2;LINES_OF_CODE;2026-09-14 10:24:50;4;;;;
306006;2;LINES_OF_CODE;2026-09-14 11:36:00;4;;;;
306001;2;LINES_OF_CODE;2026-09-14 11:40:16;1;;;;
306008;2;LINES_OF_CODE;2026-09-14 12:00:19;0;;;;
306013;2;LINES_OF_CODE;2026-09-14 12:03:42;1;;;;
306027;2;LINES_OF_CODE;2026-09-14 12:13:45;3;;;;
306022;2;LINES_OF_CODE;2026-09-14 12:24:15;2;;;;
306024;2;LINES_OF_CODE;2026-09-14 12:28:26;2;;;;
306012;2;LINES_OF_CODE;2026-09-14 13:13:21;2;;;;
306016;2;LINES_OF_CODE;2026-09-14 13:17:54;5;;;;
306007;2;LINES_OF_CODE;2026-09-14 13:18:06;2;;;;
306028;2;LINES_OF_CODE;2026-09-14 13:58:50;1;;;;
306021;2;LINES_OF_CODE;2026-09-14 14:45:14;0;;;;
306014;2;LINES_OF_CODE;2026-09-14 16:20:10;2;;;;
306005;2;LINES_OF_CODE;2026-09-14 16:41:49;4;;;;
306026;2;LINES_OF_CODE;2026-09-14 16:57:36;3;;;;
306011;2;LINES_OF_CODE;2026-09-14 17:04:31;4;;;;
306004;2;LINES_OF_CODE;2026-09-14 17:07:28;2;;;;
306019;2;LINES_OF_CODE;2026-09-14 17:09:59;0;;;;
306020;2;LINES_OF_CODE;2026-09-14 17:24:11;2;;;;
306023;2;LINES_OF_CODE;2026-09-14 17:39:20;3;;;;
306029;2;LINES_OF_CODE;2026-09-14 17:46:19;22;;;;
305998;2;LINES_OF_CODE;2026-09-14 17:46:26;0;;;;
305999;2;LINES_OF_CODE;2026-09-14 17:51:40;2;;;;
306000;2;LINES_OF_CODE;2026-09-14 17:54:48;0;;;;
306035;2;LINES_OF_CODE;2026-09-15 08:23:56;2;;;;
306047;2;LINES_OF_CODE;2026-09-15 08:25:52;0;;;;
306039;2;LINES_OF_CODE;2026-09-15 08:39:17;1;;;;
306038;2;LINES_OF_CODE;2026-09-15 08:39:32;2;;;;
306037;2;LINES_OF_CODE;2026-09-15 08:46:55;2;;;;
306032;2;LINES_OF_CODE;2026-09-15 09:00:25;3;;;;
306057;2;LINES_OF_CODE;2026-09-15 09:46:22;1;;;;
306040;2;LINES_OF_CODE;2026-09-15 09:58:53;1;;;;
306030;2;LINES_OF_CODE;2026-09-15 10:14:05;2;;;;
306065;2;LINES_OF_CODE;2026-09-15 10:25:20;2;;;;
306061;2;LINES_OF_CODE;2026-09-15 10:41:55;4;;;;
306036;2;LINES_OF_CODE;2026-09-15 11:18:28;5;;;;
306066;2;LINES_OF_CODE;2026-09-15 11:34:09;3;;;;
306067;2;LINES_OF_CODE;2026-09-15 11:35:27;19;;;;
306042;2;LINES_OF_CODE;2026-09-15 11:44:05;3;;;;
306050;2;LINES_OF_CODE;2026-09-15 11:55:19;3;;;;
306063;2;LINES_OF_CODE;2026-09-15 12:37:54;4;;;;
306053;2;LINES_OF_CODE;2026-09-15 12:43:04;3;;;;
306058;2;LINES_OF_CODE;2026-09-15 12:49:17;2;;;;
306045;2;LINES_OF_CODE;2026-09-15 12:58:58;1;;;;
306043;2;LINES_OF_CODE;2026-09-15 13:33:49;2;;;;
306060;2;LINES_OF_CODE;2026-09-15 13:53:41;2;;;;
306062;2;LINES_OF_CODE;2026-09-15 13:57:56;1;;;;
306044;2;LINES_OF_CODE;2026-09-15 14:07:03;2;;;;
306041;2;LINES_OF_CODE;2026-09-15 14:21:46;3;;;;
306064;2;LINES_OF_CODE;2026-09-15 15:22:07;2;;;;
306048;2;LINES_OF_CODE;2026-09-15 15:30:28;1;;;;
306051;2;LINES_OF_CODE;2026-09-15 15:42:10;1;;;;
306059;2;LINES_OF_CODE;2026-09-15 15:49:00;2;;;;
306031;2;LINES_OF_CODE;2026-09-15 15:59:15;3;;;;
306049;2;LINES_OF_CODE;2026-09-15 16:03:38;3;;;;
306052;2;LINES_OF_CODE;2026-09-15 16:29:54;2;;;;
306046;2;LINES_OF_CODE;2026-09-15 16:51:04;1;;;;
306054;2;LINES_OF_CODE;2026-09-15 16:52:29;2;;;;
306034;2;LINES_OF_CODE;2026-09-15 17:20:59;4;;;;
306033;2;LINES_OF_CODE;2026-09-15 17:21:10;4;;;;
306056;2;LINES_OF_CODE;2026-09-15 17:23:01;1;;;;
306055;2;LINES_OF_CODE;2026-09-15 17:51:07;2;;;;
306097;2;LINES_OF_CODE;2026-09-16 08:07:17;3;;;;
306098;2;LINES_OF_CODE;2026-09-16 08:07:21;4;;;;
306086;2;LINES_OF_CODE;2026-09-16 08:56:19;2;;;;
306105;2;LINES_OF_CODE;2026-09-16 08:58:54;3;;;;
306093;2;LINES_OF_CODE;2026-09-16 09:06:55;2;;;;
306072;2;LINES_OF_CODE;2026-09-16 09:20:56;1;;;;
306101;2;LINES_OF_CODE;2026-09-16 09:29:48;4;;;;
306089;2;LINES_OF_CODE;2026-09-16 10:10:15;0;;;;
306070;2;LINES_OF_CODE;2026-09-16 10:37:14;5;;;;
306099;2;LINES_OF_CODE;2026-09-16 10:38:59;4;;;;
306103;2;LINES_OF_CODE;2026-09-16 10:39:53;0;;;;
306102;2;LINES_OF_CODE;2026-09-16 10:56:04;0;;;;
306106;2;LINES_OF_CODE;2026-09-16 12:03:31;3;;;;
306071;2;LINES_OF_CODE;2026-09-16 12:09:54;1;;;;
306073;2;LINES_OF_CODE;2026-09-16 12:31:06;3;;;;
306068;2;LINES_OF_CODE;2026-09-16 13:17:23;2;;;;
306083;2;LINES_OF_CODE;2026-09-16 13:35:22;1;;;;
306069;2;LINES_OF_CODE;2026-09-16 13:41:18;0;;;;
306087;2;LINES_OF_CODE;2026-09-16 13:43:23;0;;;;
306080;2;LINES_OF_CODE;2026-09-16 13:45:39;1;;;;
306090;2;LINES_OF_CODE;2026-09-16 13:54:57;4;;;;
306076;2;LINES_OF_CODE;2026-09-16 14:02:07;3;;;;
306092;2;LINES_OF_CODE;2026-09-16 14:11:35;5;;;;
306100;2;LINES_OF_CODE;2026-09-16 14:41:33;2;;;;
306074;2;LINES_OF_CODE;2026-09-16 14:47:22;1;;;;
306075;2;LINES_OF_CODE;2026-09-16 14:48:19;3;;;;
306081;2;LINES_OF_CODE;2026-09-16 14:48:20;2;;;;
306094;2;LINES_OF_CODE;2026-09-16 15:06:00;5;;;;
306104;2;LINES_OF_CODE;2026-09-16 15:11:54;3;;;;
306088;2;LINES_OF_CODE;2026-09-16 15:21:32;3;;;;
306079;2;LINES_OF_CODE;2026-09-16 15:29:36;2;;;;
306082;2;LINES_OF_CODE;2026-09-16 15:50:41;2;;;;
306084;2;LINES_OF_CODE;2026-09-16 16:00:45;2;;;;
306078;2;LINES_OF_CODE;2026-09-16 16:10:36;2;;;;
306107;2;LINES_OF_CODE;2026-09-16 16:40:41;41;;;;
306096;2;LINES_OF_CODE;2026-09-16 16:45:30;1;;;;
306091;2;LINES_OF_CODE;2026-09-16 16:51:43;3;;;;
306095;2;LINES_OF_CODE;2026-09-16 16:52:09;0;;;;
306085;2;LINES_OF_CODE;2026-09-16 17:08:51;2;;;;
306077;2;LINES_OF_CODE;2026-09-16 17:53:59;2;;;;
306132;2;LINES_OF_CODE;2026-09-17 08:21:16;8;;;;
306115;2;LINES_OF_CODE;2026-09-17 09:35:24;3;;;;
306123;2;LINES_OF_CODE;2026-09-17 09:37:02;4;;;;
306117;2;LINES_OF_CODE;2026-09-17 09:57:02;3;;;;
306113;2;LINES_OF_CODE;2026-09-17 10:03:12;4;;;;
306112;2;LINES_OF_CODE;2026-09-17 11:18:45;2;;;;
306116;2;LINES_OF_CODE;2026-09-17 11:19:17;1;;;;
306126;2;LINES_OF_CODE;2026-09-17 12:39:50;1;;;;
306119;2;LINES_OF_CODE;2026-09-17 13:26:48;4;;;;
306127;2;LINES_OF_CODE;2026-09-17 13:34:00;2;;;;
306108;2;LINES_OF_CODE;2026-09-17 13:40:52;4;;;;
306131;2;LINES_OF_CODE;2026-09-17 14:11:17;5;;;;
306121;2;LINES_OF_CODE;2026-09-17 14:27:05;2;;;;
306129;2;LINES_OF_CODE;2026-09-17 14:28:26;3;;;;
306110;2;LINES_OF_CODE;2026-09-17 14:41:39;4;;;;
306130;2;LINES_OF_CODE;2026-09-17 14:46:20;1;;;;
306128;2;LINES_OF_CODE;2026-09-17 14:48:08;3;;;;
306118;2;LINES_OF_CODE;2026-09-17 15:18:36;2;;;;
306114;2;LINES_OF_CODE;2026-09-17 15:28:05;1;;;;
306124;2;LINES_OF_CODE;2026-09-17 16:53:11;1;;;;
306109;2;LINES_OF_CODE;2026-09-17 16:58:59;0;;;;
306120;2;LINES_OF_CODE;2026-09-17 17:16:42;0;;;;
306122;2;LINES_OF_CODE;2026-09-17 17:41:45;1;;;;
306111;2;LINES_OF_CODE;2026-09-17 17:45:03;5;;;;
306125;2;LINES_OF_CODE;2026-09-17 17:46:24;4;;;;
306136;2;LINES_OF_CODE;2026-09-18 08:00:39;1;;;;
306153;2;LINES_OF_CODE;2026-09-18 08:04:36;1;;;;
306142;2;LINES_OF_CODE;2026-09-18 08:13:08;1;;;;
306160;2;LINES_OF_CODE;2026-09-18 08:19:58;0;;;;
306147;2;LINES_OF_CODE;2026-09-18 08:55:14;1;;;;
306151;2;LINES_OF_CODE;2026-09-18 10:16:26;1;;;;
306152;2;LINES_OF_CODE;2026-09-18 10:16:48;1;;;;
306159;2;LINES_OF_CODE;2026-09-18 10:23:13;2;;;;
306140;2;LINES_OF_CODE;2026-09-18 10:34:03;1;;;;
306150;2;LINES_OF_CODE;2026-09-18 10:36:06;1;;;;
306149;2;LINES_OF_CODE;2026-09-18 10:43:44;1;;;;
306161;2;LINES_OF_CODE;2026-09-18 10:57:20;0;;;;
306133;2;LINES_OF_CODE;2026-09-18 10:58:42;1;;;;
306139;2;LINES_OF_CODE;2026-09-18 11:10:52;1;;;;
306148;2;LINES_OF_CODE;2026-09-18 11:15:09;0;;;;
306158;2;LINES_OF_CODE;2026-09-18 11:22:35;1;;;;
306156;2;LINES_OF_CODE;2026-09-18 12:02:11;1;;;;
306134;2;LINES_OF_CODE;2026-09-18 13:03:48;0;;;;
306141;2;LINES_OF_CODE;2026-09-18 13:23:06;2;;;;
306154;2;LINES_OF_CODE;2026-09-18 13:27:47;1;;;;
306155;2;LINES_OF_CODE;2026-09-18 13:55:48;0;;;;
306145;2;LINES_OF_CODE;2026-09-18 14:30:16;1;;;;
306137;2;LINES_OF_CODE;2026-09-18 14:44:06;1;;;;
306138;2;LINES_OF_CODE;2026-09-18 16:17:29;0;;;;
306143;2;LINES_OF_CODE;2026-09-18 16:31:52;0;;;;
306163;2;LINES_OF_CODE;2026-09-18 16:57:36;15;;;;
306162;2;LINES_OF_CODE;2026-09-18 17:01:35;1;;;;
306144;2;LINES_OF_CODE;2026-09-18 17:09:47;1;;;;
306157;2;LINES_OF_CODE;2026-09-18 17:27:18;0;;;;
306146;2;LINES_OF_CODE;2026-09-18 17:52:25;1;;;;
306135;2;LINES_OF_CODE;2026-09-18 17:59:35;0;;;;
306182;2;LINES_OF_CODE;2026-09-21 08:35:19;2;;;;
306183;2;LINES_OF_CODE;2026-09-21 08:44:48;1;;;;
306179;2;LINES_OF_CODE;2026-09-21 09:09:34;3;;;;
306176;2;LINES_OF_CODE;2026-09-21 09:20:15;2;;;;
306190;2;LINES_OF_CODE;2026-09-21 09:39:57;2;;;;
306194;2;LINES_OF_CODE;2026-09-21 10:08:38;1;;;;
306171;2;LINES_OF_CODE;2026-09-21 10:51:43;2;;;;
306170;2;LINES_OF_CODE;2026-09-21 11:01:04;0;;;;
306197;2;LINES_OF_CODE;2026-09-21 11:18:20;10;;;;
306188;2;LINES_OF_CODE;2026-09-21 11:19:21;2;;;;
306167;2;LINES_OF_CODE;2026-09-21 12:15:42;2;;;;
306186;2;LINES_OF_CODE;2026-09-21 12:20:35;2;;;;
306169;2;LINES_OF_CODE;2026-09-21 13:04:06;3;;;;
306173;2;LINES_OF_CODE;2026-09-21 13:55:56;2;;;;
306180;2;LINES_OF_CODE;2026-09-21 13:57:47;1;;;;
306192;2;LINES_OF_CODE;2026-09-21 14:16:03;3;;;;
306189;2;LINES_OF_CODE;2026-09-21 14:27:29;2;;;;
306166;2;LINES_OF_CODE;2026-09-21 14:28:43;1;;;;
306185;2;LINES_OF_CODE;2026-09-21 15:19:22;1;;;;
306195;2;LINES_OF_CODE;2026-09-21 15:51:52;1;;;;
306181;2;LINES_OF_CODE;2026-09-21 15:58:09;2;;;;
306187;2;LINES_OF_CODE;2026-09-21 16:00:26;0;;;;
306191;2;LINES_OF_CODE;2026-09-21 16:19:00;0;;;;
306174;2;LINES_OF_CODE;2026-09-21 16:32:48;3;;;;
306168;2;LINES_OF_CODE;2026-09-21 16:37:05;2;;;;
306184;2;LINES_OF_CODE;2026-09-21 16:55:02;4;;;;
306193;2;LINES_OF_CODE;2026-09-21 16:57:42;1;;;;
306172;2;LINES_OF_CODE;2026-09-21 17:07:15;2;;;;
306177;2;LINES_OF_CODE;2026-09-21 17:08:24;1;;;;
306196;2;LINES_OF_CODE;2026-09-21 17:48:01;1;;;;
306175;2;LINES_OF_CODE;2026-09-21 17:49:54;3;;;;
306178;2;LINES_OF_CODE;2026-09-21 17:51:54;3;;;;
306165;2;LINES_OF_CODE;2026-09-21 17:58:19;1;;;;
306164;2;LINES_OF_CODE;2026-09-21 17:58:41;1;;;;
306217;2;LINES_OF_CODE;2026-09-22 08:03:47;1;;;;
306230;2;LINES_OF_CODE;2026-09-22 08:06:53;0;;;;
306215;2;LINES_OF_CODE;2026-09-22 08:24:08;0;;;;
306200;2;LINES_OF_CODE;2026-09-22 08:28:52;3;;;;
306234;2;LINES_OF_CODE;2026-09-22 08:29:57;21;;;;
306218;2;LINES_OF_CODE;2026-09-22 08:53:32;2;;;;
306213;2;LINES_OF_CODE;2026-09-22 08:59:33;2;;;;
306233;2;LINES_OF_CODE;2026-09-22 09:05:36;3;;;;
306229;2;LINES_OF_CODE;2026-09-22 09:09:06;0;;;;
306208;2;LINES_OF_CODE;2026-09-22 09:17:11;3;;;;
306206;2;LINES_OF_CODE;2026-09-22 09:53:57;3;;;;
306219;2;LINES_OF_CODE;2026-09-22 10:20:31;2;;;;
306199;2;LINES_OF_CODE;2026-09-22 10:22:23;0;;;;
306228;2;LINES_OF_CODE;2026-09-22 10:26:18;2;;;;
306232;2;LINES_OF_CODE;2026-09-22 10:53:49;1;;;;
306222;2;LINES_OF_CODE;2026-09-22 11:12:49;1;;;;
306209;2;LINES_OF_CODE;2026-09-22 11:40:05;5;;;;
306207;2;LINES_OF_CODE;2026-09-22 12:21:18;2;;;;
306227;2;LINES_OF_CODE;2026-09-22 12:36:13;3;;;;
306205;2;LINES_OF_CODE;2026-09-22 12:45:46;3;;;;
306214;2;LINES_OF_CODE;2026-09-22 12:46:11;2;;;;
306224;2;LINES_OF_CODE;2026-09-22 12:53:21;2;;;;
306202;2;LINES_OF_CODE;2026-09-22 13:11:37;1;;;;
306204;2;LINES_OF_CODE;2026-09-22 13:28:18;1;;;;
306210;2;LINES_OF_CODE;2026-09-22 13:40:09;3;;;;
306223;2;LINES_OF_CODE;2026-09-22 13:44:21;1;;;;
306226;2;LINES_OF_CODE;2026-09-22 14:42:23;2;;;;
306220;2;LINES_OF_CODE;2026-09-22 15:06:33;0;;;;
306198;2;LINES_OF_CODE;2026-09-22 15:18:31;2;;;;
306221;2;LINES_OF_CODE;2026-09-22 15:22:32;2;;;;
306203;2;LINES_OF_CODE;2026-09-22 15:32:38;2;;;;
306212;2;LINES_OF_CODE;2026-09-22 15:36:41;0;;;;
306231;2;LINES_OF_CODE;2026-09-22 16:15:05;1;;;;
306216;2;LINES_OF_CODE;2026-09-22 16:24:30;1;;;;
306225;2;LINES_OF_CODE;2026-09-22 17:21:47;2;;;;
306201;2;LINES_OF_CODE;2026-09-22 17:38:57;1;;;;
306211;2;LINES_OF_CODE;2026-09-22 17:51:30;1;;;;
306247;2;LINES_OF_CODE;2026-09-23 08:22:41;1;;;;
306259;2;LINES_OF_CODE;2026-09-23 08:37:24;2;;;;
306249;2;LINES_OF_CODE;2026-09-23 08:41:56;0;;;;
306244;2;LINES_OF_CODE;2026-09-23 09:04:59;1;;;;
306250;2;LINES_OF_CODE;2026-09-23 09:10:41;2;;;;
306240;2;LINES_OF_CODE;2026-09-23 09:34:46;0;;;;
306246;2;LINES_OF_CODE;2026-09-23 09:52:08;2;;;;
306251;2;LINES_OF_CODE;2026-09-23 10:00:12;1;;;;
306267;2;LINES_OF_CODE;2026-09-23 10:12:31;2;;;;
306271;2;LINES_OF_CODE;2026-09-23 10:33:25;16;;;;
306245;2;LINES_OF_CODE;2026-09-23 10:45:19;1;;;;
306264;2;LINES_OF_CODE;2026-09-23 11:02:40;0;;;;
306248;2;LINES_OF_CODE;2026-09-23 11:17:50;0;;;;
306266;2;LINES_OF_CODE;2026-09-23 11:37:13;1;;;;
306236;2;LINES_OF_CODE;2026-09-23 11:38:48;2;;;;
306270;2;LINES_OF_CODE;2026-09-23 11:42:17;1;;;;
306262;2;LINES_OF_CODE;2026-09-23 12:30:38;1;;;;
306258;2;LINES_OF_CODE;2026-09-23 12:39:13;3;;;;
306254;2;LINES_OF_CODE;2026-09-23 13:07:00;1;;;;
306243;2;LINES_OF_CODE;2026-09-23 13:20:47;0;;;;
306269;2;LINES_OF_CODE;2026-09-23 13:46:18;2;;;;
306253;2;LINES_OF_CODE;2026-09-23 14:13:16;1;;;;
306252;2;LINES_OF_CODE;2026-09-23 14:18:05;1;;;;
306260;2;LINES_OF_CODE;2026-09-23 14:20:23;2;;;;
306263;2;LINES_OF_CODE;2026-09-23 14:33:34;1;;;;
306237;2;LINES_OF_CODE;2026-09-23 14:39:20;2;;;;
306268;2;LINES_OF_CODE;2026-09-23 14:42:43;1;;;;
306265;2;LINES_OF_CODE;2026-09-23 14:45:28;2;;;;
306256;2;LINES_OF_CODE;2026-09-23 15:14:03;2;;;;
306261;2;LINES_OF_CODE;2026-09-23 15:35:25;1;;;;
306242;2;LINES_OF_CODE;2026-09-23 15:40:52;2;;;;
306239;2;LINES_OF_CODE;2026-09-23 15:55:05;1;;;;
306241;2;LINES_OF_CODE;2026-09-23 15:58:34;1;;;;
306255;2;LINES_OF_CODE;2026-09-23 16:11:11;1;;;;
306235;2;LINES_OF_CODE;2026-09-23 16:18:17;1;;;;
306257;2;LINES_OF_CODE;2026-09-23 16:36:37;1;;;;
306238;2;LINES_OF_CODE;2026-09-23 17:47:45;2;;;;
306280;2;LINES_OF_CODE;2026-09-24 08:42:08;4;;;;
306295;2;LINES_OF_CODE;2026-09-24 08:44:24;2;;;;
306277;2;LINES_OF_CODE;2026-09-24 08:59:29;3;;;;
306278;2;LINES_OF_CODE;2026-09-24 09:09:41;4;;;;
306292;2;LINES_OF_CODE;2026-09-24 09:27:08;2;;;;
306276;2;LINES_OF_CODE;2026-09-24 10:51:01;4;;;;
306279;2;LINES_OF_CODE;2026-09-24 11:04:23;4;;;;
306283;2;LINES_OF_CODE;2026-09-24 11:05:36;2;;;;
306288;2;LINES_OF_CODE;2026-09-24 12:12:24;2;;;;
306273;2;LINES_OF_CODE;2026-09-24 12:20:54;5;;;;
306293;2;LINES_OF_CODE;2026-09-24 12:32:06;6;;;;
306296;2;LINES_OF_CODE;2026-09-24 12:56:16;8;;;;
306291;2;LINES_OF_CODE;2026-09-24 12:59:04;3;;;;
306282;2;LINES_OF_CODE;2026-09-24 13:17:35;5;;;;
306281;2;LINES_OF_CODE;2026-09-24 14:47:11;5;;;;
306272;2;LINES_OF_CODE;2026-09-24 15:01:54;1;;;;
306275;2;LINES_OF_CODE;2026-09-24 15:12:08;4;;;;
306289;2;LINES_OF_CODE;2026-09-24 16:07:38;3;;;;
306286;2;LINES_OF_CODE;2026-09-24 16:13:15;3;;;;
306290;2;LINES_OF_CODE;2026-09-24 16:14:15;4;;;;
306285;2;LINES_OF_CODE;2026-09-24 16:59:17;3;;;;
306287;2;LINES_OF_CODE;2026-09-24 17:13:11;4;;;;
306274;2;LINES_OF_CODE;2026-09-24 17:14:09;1;;;;
306284;2;LINES_OF_CODE;2026-09-24 17:15:37;2;;;;
306294;2;LINES_OF_CODE;2026-09-24 17:40:11;4;;;;
306317;2;LINES_OF_CODE;2026-09-25 08:04:42;0;;;;
306325;2;LINES_OF_CODE;2026-09-25 08:07:14;0;;;;
306297;2;LINES_OF_CODE;2026-09-25 08:09:42;2;;;;
306308;2;LINES_OF_CODE;2026-09-25 08:24:14;5;;;;
306300;2;LINES_OF_CODE;2026-09-25 08:29:34;3;;;;
306311;2;LINES_OF_CODE;2026-09-25 08:30:23;7;;;;
306320;2;LINES_OF_CODE;2026-09-25 08:38:23;3;;;;
306305;2;LINES_OF_CODE;2026-09-25 09:04:18;1;;;;
306319;2;LINES_OF_CODE;2026-09-25 09:27:12;6;;;;
306312;2;LINES_OF_CODE;2026-09-25 09:49:25;0;;;;
306322;2;LINES_OF_CODE;2026-09-25 10:08:07;0;;;;
306321;2;LINES_OF_CODE;2026-09-25 10:08:49;4;;;;
306304;2;LINES_OF_CODE;2026-09-25 10:41:42;3;;;;
306328;2;LINES_OF_CODE;2026-09-25 10:51:43;2;;;;
306329;2;LINES_OF_CODE;2026-09-25 10:53:20;40;;;;
306310;2;LINES_OF_CODE;2026-09-25 11:53:55;6;;;;
306313;2;LINES_OF_CODE;2026-09-25 12:31:00;4;;;;
306326;2;LINES_OF_CODE;2026-09-25 12:46:12;6;;;;
306302;2;LINES_OF_CODE;2026-09-25 13:05:13;2;;;;
306301;2;LINES_OF_CODE;2026-09-25 13:18:27;5;;;;
306298;2;LINES_OF_CODE;2026-09-25 13:40:58;4;;;;
306324;2;LINES_OF_CODE;2026-09-25 13:56:25;3;;;;
306315;2;LINES_OF_CODE;2026-09-25 14:03:59;3;;;;
306327;2;LINES_OF_CODE;2026-09-25 14:09:27;6;;;;
306314;2;LINES_OF_CODE;2026-09-25 14:25:14;1;;;;
306323;2;LINES_OF_CODE;2026-09-25 14:39:23;7;;;;
306318;2;LINES_OF_CODE;2026-09-25 15:01:27;3;;;;
306306;2;LINES_OF_CODE;2026-09-25 15:37:06;5;;;;
306299;2;LINES_OF_CODE;2026-09-25 15:57:16;4;;;;
306303;2;LINES_OF_CODE;2026-09-25 16:11:08;0;;;;
306307;2;LINES_OF_CODE;2026-09-25 16:44:16;0;;;;
306309;2;LINES_OF_CODE;2026-09-25 17:12:52;1;;;;
306316;2;LINES_OF_CODE;2026-09-25 17:13:29;-1;;;;
306339;2;LINES_OF_CODE;2026-09-28 08:38:52;1;;;;
306343;2;LINES_OF_CODE;2026-09-28 09:19:41;2;;;;
306341;2;LINES_OF_CODE;2026-09-28 09:21:35;2;;;;
306345;2;LINES_OF_CODE;2026-09-28 09:52:12;1;;;;
306363;2;LINES_OF_CODE;2026-09-28 10:06:57;23;;;;
306348;2;LINES_OF_CODE;2026-09-28 10:12:52;1;;;;
306358;2;LINES_OF_CODE;2026-09-28 10:17:09;1;;;;
306350;2;LINES_OF_CODE;2026-09-28 10:23:16;2;;;;
306352;2;LINES_OF_CODE;2026-09-28 10:53:57;0;;;;
306347;2;LINES_OF_CODE;2026-09-28 10:55:24;0;;;;
306335;2;LINES_OF_CODE;2026-09-28 11:26:55;1;;;;
306344;2;LINES_OF_CODE;2026-09-28 11:33:07;0;;;;
306360;2;LINES_OF_CODE;2026-09-28 11:51:16;1;;;;
306351;2;LINES_OF_CODE;2026-09-28 12:15:16;0;;;;
306342;2;LINES_OF_CODE;2026-09-28 12:48:32;0;;;;
306353;2;LINES_OF_CODE;2026-09-28 12:50:57;0;;;;
306356;2;LINES_OF_CODE;2026-09-28 13:04:58;2;;;;
306337;2;LINES_OF_CODE;2026-09-28 13:07:38;0;;;;
306330;2;LINES_OF_CODE;2026-09-28 13:47:33;2;;;;
306338;2;LINES_OF_CODE;2026-09-28 14:04:35;0;;;;
306359;2;LINES_OF_CODE;2026-09-28 14:17:38;2;;;;
306334;2;LINES_OF_CODE;2026-09-28 14:37:59;2;;;;
306340;2;LINES_OF_CODE;2026-09-28 14:42:42;1;;;;
306354;2;LINES_OF_CODE;2026-09-28 15:15:40;0;;;;
306331;2;LINES_OF_CODE;2026-09-28 15:29:06;1;;;;
306349;2;LINES_OF_CODE;2026-09-28 15:41:38;1;;;;
306346;2;LINES_OF_CODE;2026-09-28 15:58:10;0;;;;
306361;2;LINES_OF_CODE;2026-09-28 16:04:59;1;;;;
306333;2;LINES_OF_CODE;2026-09-28 16:10:27;1;;;;
306336;2;LINES_OF_CODE;2026-09-28 16:10:48;0;;;;
306355;2;LINES_OF_CODE;2026-09-28 16:12:17;2;;;;
306357;2;LINES_OF_CODE;2026-09-28 17:30:34;1;;;;
306362;2;LINES_OF_CODE;2026-09-28 17:33:21;1;;;;
306332;2;LINES_OF_CODE;2026-09-28 17:42:43;0;;;;
306375;2;LINES_OF_CODE;2026-09-29 08:06:35;3;;;;
306378;2;LINES_OF_CODE;2026-09-29 08:16:16;0;;;;
306394;2;LINES_OF_CODE;2026-09-29 08:24:05;4;;;;
306389;2;LINES_OF_CODE;2026-09-29 08:42:07;3;;;;
306382;2;LINES_OF_CODE;2026-09-29 08:54:06;3;;;;
306374;2;LINES_OF_CODE;2026-09-29 09:09:25;4;;;;
306383;2;LINES_OF_CODE;2026-09-29 09:20:15;1;;;;
306377;2;LINES_OF_CODE;2026-09-29 09:22:35;3;;;;
306381;2;LINES_OF_CODE;2026-09-29 09:35:09;2;;;;
306402;2;LINES_OF_CODE;2026-09-29 09:51:52;18;;;;
306364;2;LINES_OF_CODE;2026-09-29 10:01:54;3;;;;
306369;2;LINES_OF_CODE;2026-09-29 10:25:03;4;;;;
306372;2;LINES_OF_CODE;2026-09-29 10:29:02;2;;;;
306380;2;LINES_OF_CODE;2026-09-29 10:31:05;0;;;;
306392;2;LINES_OF_CODE;2026-09-29 10:33:08;3;;;;
306390;2;LINES_OF_CODE;2026-09-29 10:33:48;3;;;;
306401;2;LINES_OF_CODE;2026-09-29 10:34:24;3;;;;
306399;2;LINES_OF_CODE;2026-09-29 10:39:46;2;;;;
306393;2;LINES_OF_CODE;2026-09-29 11:11:25;2;;;;
306365;2;LINES_OF_CODE;2026-09-29 11:21:35;4;;;;
306371;2;LINES_OF_CODE;2026-09-29 11:51:01;6;;;;
306385;2;LINES_OF_CODE;2026-09-29 13:08:40;4;;;;
306395;2;LINES_OF_CODE;2026-09-29 13:17:52;5;;;;
306384;2;LINES_OF_CODE;2026-09-29 13:28:18;5;;;;
306379;2;LINES_OF_CODE;2026-09-29 13:37:04;5;;;;
306400;2;LINES_OF_CODE;2026-09-29 14:43:05;5;;;;
306370;2;LINES_OF_CODE;2026-09-29 14:53:08;3;;;;
306373;2;LINES_OF_CODE;2026-09-29 14:57:16;3;;;;
306368;2;LINES_OF_CODE;2026-09-29 15:14:04;3;;;;
306386;2;LINES_OF_CODE;2026-09-29 15:45:38;2;;;;
306396;2;LINES_OF_CODE;2026-09-29 15:57:11;1;;;;
306376;2;LINES_OF_CODE;2026-09-29 17:05:33;2;;;;
306388;2;LINES_OF_CODE;2026-09-29 17:10:58;4;;;;
306387;2;LINES_OF_CODE;2026-09-29 17:12:49;0;;;;
306391;2;LINES_OF_CODE;2026-09-29 17:13:20;2;;;;
306367;2;LINES_OF_CODE;2026-09-29 17:20:50;5;;;;
306398;2;LINES_OF_CODE;2026-09-29 17:29:17;3;;;;
306366;2;LINES_OF_CODE;2026-09-29 17:29:37;4;;;;
306397;2;LINES_OF_CODE;2026-09-29 17:53:36;3;;;;
306427;2;LINES_OF_CODE;2026-09-30 08:06:25;0;;;;
306420;2;LINES_OF_CODE;2026-09-30 08:18:30;0;;;;
306408;2;LINES_OF_CODE;2026-09-30 08:23:21;0;;;;
306422;2;LINES_OF_CODE;2026-09-30 08:32:18;0;;;;
306423;2;LINES_OF_CODE;2026-09-30 08:42:48;0;;;;
306417;2;LINES_OF_CODE;2026-09-30 09:10:53;0;;;;
306437;2;LINES_OF_CODE;2026-09-30 09:15:48;0;;;;
306418;2;LINES_OF_CODE;2026-09-30 09:23:24;0;;;;
306440;2;LINES_OF_CODE;2026-09-30 09:29:48;10;;;;
306425;2;LINES_OF_CODE;2026-09-30 09:57:26;0;;;;
306421;2;LINES_OF_CODE;2026-09-30 10:29:15;0;;;;
306411;2;LINES_OF_CODE;2026-09-30 10:34:44;0;;;;
306409;2;LINES_OF_CODE;2026-09-30 10:39:08;0;;;;
306434;2;LINES_OF_CODE;2026-09-30 10:48:16;0;;;;
306414;2;LINES_OF_CODE;2026-09-30 10:52:50;0;;;;
306428;2;LINES_OF_CODE;2026-09-30 10:57:21;0;;;;
306436;2;LINES_OF_CODE;2026-09-30 11:16:54;0;;;;
306412;2;LINES_OF_CODE;2026-09-30 11:25:28;0;;;;
306429;2;LINES_OF_CODE;2026-09-30 11:35:34;0;;;;
306416;2;LINES_OF_CODE;2026-09-30 11:36:15;0;;;;
306419;2;LINES_OF_CODE;2026-09-30 11:39:26;0;;;;
306430;2;LINES_OF_CODE;2026-09-30 12:16:26;0;;;;
306431;2;LINES_OF_CODE;2026-09-30 13:04:43;0;;;;
306406;2;LINES_OF_CODE;2026-09-30 13:11:54;0;;;;
306433;2;LINES_OF_CODE;2026-09-30 13:24:44;0;;;;
306439;2;LINES_OF_CODE;2026-09-30 14:14:23;0;;;;
306432;2;LINES_OF_CODE;2026-09-30 14:32:01;0;;;;
306415;2;LINES_OF_CODE;2026-09-30 14:41:27;0;;;;
306438;2;LINES_OF_CODE;2026-09-30 15:06:22;0;;;;
306426;2;LINES_OF_CODE;2026-09-30 15:12:07;0;;;;
306404;2;LINES_OF_CODE;2026-09-30 15:46:39;0;;;;
306435;2;LINES_OF_CODE;2026-09-30 16:07:22;0;;;;
306424;2;LINES_OF_CODE;2026-09-30 16:33:12;0;;;;
306405;2;LINES_OF_CODE;2026-09-30 16:49:31;0;;;;
306407;2;LINES_OF_CODE;2026-09-30 17:13:43;0;;;;
306413;2;LINES_OF_CODE;2026-09-30 17:40:12;0;;;;
306403;2;LINES_OF_CODE;2026-09-30 17:43:20;0;;;;
306410;2;LINES_OF_CODE;2026-09-30 17:57:26;0;;;;
306459;2;LINES_OF_CODE;2026-10-01 08:12:21;3;;;;
306445;2;LINES_OF_CODE;2026-10-01 08:15:32;-1;;;;
306451;2;LINES_OF_CODE;2026-10-01 08:23:20;3;;;;
306460;2;LINES_OF_CODE;2026-10-01 08:24:47;3;;;;
306446;2;LINES_OF_CODE;2026-10-01 08:32:06;4;;;;
306468;2;LINES_OF_CODE;2026-10-01 08:35:12;5;;;;
306452;2;LINES_OF_CODE;2026-10-01 08:45:45;5;;;;
306462;2;LINES_OF_CODE;2026-10-01 08:51:15;4;;;;
306469;2;LINES_OF_CODE;2026-10-01 08:51:42;3;;;;
306476;2;LINES_OF_CODE;2026-10-01 09:22:20;31;;;;
306454;2;LINES_OF_CODE;2026-10-01 09:50:14;3;;;;
306456;2;LINES_OF_CODE;2026-10-01 09:56:40;2;;;;
306449;2;LINES_OF_CODE;2026-10-01 10:05:19;4;;;;
306458;2;LINES_OF_CODE;2026-10-01 10:34:08;3;;;;
306444;2;LINES_OF_CODE;2026-10-01 10:49:05;2;;;;
306474;2;LINES_OF_CODE;2026-10-01 11:01:29;4;;;;
306475;2;LINES_OF_CODE;2026-10-01 11:05:13;4;;;;
306461;2;LINES_OF_CODE;2026-10-01 11:16:48;1;;;;
306442;2;LINES_OF_CODE;2026-10-01 11:22:21;7;;;;
306466;2;LINES_OF_CODE;2026-10-01 11:58:38;0;;;;
306457;2;LINES_OF_CODE;2026-10-01 13:04:33;2;;;;
306443;2;LINES_OF_CODE;2026-10-01 13:22:29;1;;;;
306463;2;LINES_OF_CODE;2026-10-01 13:28:01;2;;;;
306472;2;LINES_OF_CODE;2026-10-01 13:29:58;5;;;;
306448;2;LINES_OF_CODE;2026-10-01 13:57:15;1;;;;
306453;2;LINES_OF_CODE;2026-10-01 13:58:18;3;;;;
306473;2;LINES_OF_CODE;2026-10-01 14:07:58;6;;;;
306467;2;LINES_OF_CODE;2026-10-01 14:28:04;7;;;;
306470;2;LINES_OF_CODE;2026-10-01 14:38:17;2;;;;
306464;2;LINES_OF_CODE;2026-10-01 15:03:39;5;;;;
306471;2;LINES_OF_CODE;2026-10-01 15:30:00;0;;;;
306447;2;LINES_OF_CODE;2026-10-01 15:49:12;-2;;;;
306465;2;LINES_OF_CODE;2026-10-01 17:01:54;2;;;;
306455;2;LINES_OF_CODE;2026-10-01 17:54:46;4;;;;
306450;2;LINES_OF_CODE;2026-10-01 17:58:23;3;;;;
306441;2;LINES_OF_CODE;2026-10-01 17:58:50;4;;;;
306498;2;LINES_OF_CODE;2026-10-02 08:03:49;3;;;;
306483;2;LINES_OF_CODE;2026-10-02 08:11:51;3;;;;
306501;2;LINES_OF_CODE;2026-10-02 08:22:05;5;;;;
306489;2;LINES_OF_CODE;2026-10-02 08:23:18;2;;;;
306499;2;LINES_OF_CODE;2026-10-02 08:28:00;3;;;;
306480;2;LINES_OF_CODE;2026-10-02 08:54:31;5;;;;
306484;2;LINES_OF_CODE;2026-10-02 09:14:15;1;;;;
306490;2;LINES_OF_CODE;2026-10-02 09:24:57;3;;;;
306495;2;LINES_OF_CODE;2026-10-02 09:43:45;2;;;;
306482;2;LINES_OF_CODE;2026-10-02 11:22:43;0;;;;
306491;2;LINES_OF_CODE;2026-10-02 11:51:04;3;;;;
306479;2;LINES_OF_CODE;2026-10-02 11:54:54;1;;;;
306494;2;LINES_OF_CODE;2026-10-02 13:40:58;3;;;;
306487;2;LINES_OF_CODE;2026-10-02 13:44:34;2;;;;
306492;2;LINES_OF_CODE;2026-10-02 13:45:50;1;;;;
306477;2;LINES_OF_CODE;2026-10-02 13:51:46;4;;;;
306497;2;LINES_OF_CODE;2026-10-02 13:52:21;3;;;;
306500;2;LINES_OF_CODE;2026-10-02 14:10:30;1;;;;
306481;2;LINES_OF_CODE;2026-10-02 15:04:37;6;;;;
306493;2;LINES_OF_CODE;2026-10-02 15:29:27;3;;;;
306488;2;LINES_OF_CODE;2026-10-02 16:35:14;2;;;;
306496;2;LINES_OF_CODE;2026-10-02 16:43:44;3;;;;
306486;2;LINES_OF_CODE;2026-10-02 16:45:16;1;;;;
306485;2;LINES_OF_CODE;2026-10-02 17:23:45;2;;;;
306478;2;LINES_OF_CODE;2026-10-02 17:50:21;5;;;;
306504;2;LINES_OF_CODE;2026-10-05 08:39:09;11;;;;
306516;2;LINES_OF_CODE;2026-10-05 08:41:31;10;;;;
306507;2;LINES_OF_CODE;2026-10-05 08:45:37;11;;;;
306514;2;LINES_OF_CODE;2026-10-05 10:22:50;14;;;;
306512;2;LINES_OF_CODE;2026-10-05 11:24:36;13;;;;
306506;2;LINES_OF_CODE;2026-10-05 11:45:03;8;;;;
306524;2;LINES_OF_CODE;2026-10-05 11:49:39;5;;;;
306525;2;LINES_OF_CODE;2026-10-05 11:53:42;0;;;;
306522;2;LINES_OF_CODE;2026-10-05 11:54:06;8;;;;
306526;2;LINES_OF_CODE;2026-10-05 12:00:55;0;;;;
306511;2;LINES_OF_CODE;2026-10-05 12:15:32;16;;;;
306513;2;LINES_OF_CODE;2026-10-05 12:58:33;14;;;;
306515;2;LINES_OF_CODE;2026-10-05 14:04:33;14;;;;
306527;2;LINES_OF_CODE;2026-10-05 14:08:42;0;;;;
306502;2;LINES_OF_CODE;2026-10-05 14:15:04;13;;;;
306519;2;LINES_OF_CODE;2026-10-05 14:38:47;10;;;;
306517;2;LINES_OF_CODE;2026-10-05 15:10:35;17;;;;
306508;2;LINES_OF_CODE;2026-10-05 15:26:44;4;;;;
306520;2;LINES_OF_CODE;2026-10-05 15:32:19;11;;;;
306509;2;LINES_OF_CODE;2026-10-05 15:39:47;3;;;;
306518;2;LINES_OF_CODE;2026-10-05 15:40:25;8;;;;
306503;2;LINES_OF_CODE;2026-10-05 15:58:26;9;;;;
306521;2;LINES_OF_CODE;2026-10-05 16:24:26;14;;;;
306510;2;LINES_OF_CODE;2026-10-05 16:55:20;9;;;;
306505;2;LINES_OF_CODE;2026-10-05 17:21:45;7;;;;
306523;2;LINES_OF_CODE;2026-10-05 17:51:33;16;;;;
306560;2;LINES_OF_CODE;2026-10-06 08:18:11;8;;;;
306551;2;LINES_OF_CODE;2026-10-06 08:33:42;6;;;;
306558;2;LINES_OF_CODE;2026-10-06 08:58:04;3;;;;
306530;2;LINES_OF_CODE;2026-10-06 09:05:53;0;;;;
306537;2;LINES_OF_CODE;2026-10-06 09:21:53;5;;;;
306557;2;LINES_OF_CODE;2026-10-06 09:52:04;4;;;;
306541;2;LINES_OF_CODE;2026-10-06 10:00:55;3;;;;
306552;2;LINES_OF_CODE;2026-10-06 10:03:08;7;;;;
306535;2;LINES_OF_CODE;2026-10-06 10:14:35;8;;;;
306540;2;LINES_OF_CODE;2026-10-06 10:20:40;5;;;;
306531;2;LINES_OF_CODE;2026-10-06 10:39:51;4;;;;
306528;2;LINES_OF_CODE;2026-10-06 10:41:54;6;;;;
306549;2;LINES_OF_CODE;2026-10-06 10:42:59;3;;;;
306542;2;LINES_OF_CODE;2026-10-06 10:54:12;5;;;;
306550;2;LINES_OF_CODE;2026-10-06 10:57:16;3;;;;
306556;2;LINES_OF_CODE;2026-10-06 12:03:59;11;;;;
306538;2;LINES_OF_CODE;2026-10-06 12:22:38;-1;;;;
306529;2;LINES_OF_CODE;2026-10-06 12:23:21;5;;;;
306543;2;LINES_OF_CODE;2026-10-06 12:45:41;3;;;;
306536;2;LINES_OF_CODE;2026-10-06 13:15:26;8;;;;
306548;2;LINES_OF_CODE;2026-10-06 13:23:02;0;;;;
306553;2;LINES_OF_CODE;2026-10-06 13:46:59;4;;;;
306539;2;LINES_OF_CODE;2026-10-06 14:13:23;2;;;;
306532;2;LINES_OF_CODE;2026-10-06 14:48:11;3;;;;
306554;2;LINES_OF_CODE;2026-10-06 15:26:29;11;;;;
306547;2;LINES_OF_CODE;2026-10-06 15:36:47;6;;;;
306555;2;LINES_OF_CODE;2026-10-06 15:57:20;5;;;;
306545;2;LINES_OF_CODE;2026-10-06 16:48:24;5;;;;
306546;2;LINES_OF_CODE;2026-10-06 17:01:18;6;;;;
306561;2;LINES_OF_CODE;2026-10-06 17:01:27;18;;;;
306544;2;LINES_OF_CODE;2026-10-06 17:14:27;6;;;;
306533;2;LINES_OF_CODE;2026-10-06 17:25:13;6;;;;
306534;2;LINES_OF_CODE;2026-10-06 17:47:52;8;;;;
306559;2;LINES_OF_CODE;2026-10-06 17:48:36;10;;;;
306585;2;LINES_OF_CODE;2026-10-07 08:32:28;6;;;;
306579;2;LINES_OF_CODE;2026-10-07 09:38:14;2;;;;
306575;2;LINES_OF_CODE;2026-10-07 09:38:47;8;;;;
306567;2;LINES_OF_CODE;2026-10-07 10:13:02;4;;;;
306584;2;LINES_OF_CODE;2026-10-07 10:21:26;8;;;;
306580;2;LINES_OF_CODE;2026-10-07 11:06:49;2;;;;
306578;2;LINES_OF_CODE;2026-10-07 12:21:37;8;;;;
306582;2;LINES_OF_CODE;2026-10-07 12:29:50;2;;;;
306568;2;LINES_OF_CODE;2026-10-07 12:34:34;0;;;;
306572;2;LINES_OF_CODE;2026-10-07 12:47:01;4;;;;
306571;2;LINES_OF_CODE;2026-10-07 13:57:06;6;;;;
306565;2;LINES_OF_CODE;2026-10-07 14:15:39;9;;;;
306566;2;LINES_OF_CODE;2026-10-07 14:18:56;7;;;;
306576;2;LINES_OF_CODE;2026-10-07 14:24:44;7;;;;
306573;2;LINES_OF_CODE;2026-10-07 15:03:39;0;;;;
306564;2;LINES_OF_CODE;2026-10-07 15:10:49;5;;;;
306586;2;LINES_OF_CODE;2026-10-07 15:22:22;3;;;;
306570;2;LINES_OF_CODE;2026-10-07 15:39:14;8;;;;
306574;2;LINES_OF_CODE;2026-10-07 15:57:20;3;;;;
306581;2;LINES_OF_CODE;2026-10-07 15:59:58;7;;;;
306563;2;LINES_OF_CODE;2026-10-07 16:03:15;-1;;;;
306577;2;LINES_OF_CODE;2026-10-07 16:13:42;3;;;;
306587;2;LINES_OF_CODE;2026-10-07 16:17:47;30;;;;
306583;2;LINES_OF_CODE;2026-10-07 16:44:29;9;;;;
306562;2;LINES_OF_CODE;2026-10-07 17:05:26;3;;;;
306569;2;LINES_OF_CODE;2026-10-07 17:45:58;0;;;;
306588;2;LINES_OF_CODE;2026-10-08 08:38:26;5;;;;
306608;2;LINES_OF_CODE;2026-10-08 08:48:16;-1;;;;
306607;2;LINES_OF_CODE;2026-10-08 09:23:58;0;;;;
306616;2;LINES_OF_CODE;2026-10-08 09:24:50;6;;;;
306591;2;LINES_OF_CODE;2026-10-08 09:33:24;1;;;;
306595;2;LINES_OF_CODE;2026-10-08 09:42:59;10;;;;
306589;2;LINES_OF_CODE;2026-10-08 10:17:50;0;;;;
306594;2;LINES_OF_CODE;2026-10-08 10:51:36;6;;;;
306598;2;LINES_OF_CODE;2026-10-08 11:08:02;1;;;;
306611;2;LINES_OF_CODE;2026-10-08 11:09:53;1;;;;
306612;2;LINES_OF_CODE;2026-10-08 11:21:53;5;;;;
306601;2;LINES_OF_CODE;2026-10-08 12:04:08;5;;;;
306609;2;LINES_OF_CODE;2026-10-08 12:06:56;8;;;;
306615;2;LINES_OF_CODE;2026-10-08 12:23:40;2;;;;
306617;2;LINES_OF_CODE;2026-10-08 12:37:51;8;;;;
306596;2;LINES_OF_CODE;2026-10-08 13:20:49;7;;;;
306610;2;LINES_OF_CODE;2026-10-08 13:25:32;16;;;;
306613;2;LINES_OF_CODE;2026-10-08 14:05:35;5;;;;
306592;2;LINES_OF_CODE;2026-10-08 14:17:44;8;;;;
306619;2;LINES_OF_CODE;2026-10-08 14:30:46;5;;;;
306593;2;LINES_OF_CODE;2026-10-08 14:57:36;6;;;;
306602;2;LINES_OF_CODE;2026-10-08 15:09:20;3;;;;
306590;2;LINES_OF_CODE;2026-10-08 15:16:08;4;;;;
306614;2;LINES_OF_CODE;2026-10-08 15:22:37;3;;;;
306620;2;LINES_OF_CODE;2026-10-08 15:34:09;28;;;;
306603;2;LINES_OF_CODE;2026-10-08 15:38:25;6;;;;
306604;2;LINES_OF_CODE;2026-10-08 16:07:47;10;;;;
306599;2;LINES_OF_CODE;2026-10-08 16:13:41;7;;;;
306597;2;LINES_OF_CODE;2026-10-08 16:42:41;3;;;;
306606;2;LINES_OF_CODE;2026-10-08 16:53:54;5;;;;
306600;2;LINES_OF_CODE;2026-10-08 17:35:31;1;;;;
306605;2;LINES_OF_CODE;2026-10-08 17:54:10;6;;;;
306618;2;LINES_OF_CODE;2026-10-08 17:54:52;9;;;;
306659;2;LINES_OF_CODE;2026-10-09 08:05:59;0;;;;
306654;2;LINES_OF_CODE;2026-10-09 08:41:47;2;;;;
306651;2;LINES_OF_CODE;2026-10-09 09:25:39;2;;;;
306657;2;LINES_OF_CODE;2026-10-09 09:41:28;2;;;;
306653;2;LINES_OF_CODE;2026-10-09 09:56:29;3;;;;
306625;2;LINES_OF_CODE;2026-10-09 10:10:48;2;;;;
306635;2;LINES_OF_CODE;2026-10-09 10:33:25;1;;;;
306644;2;LINES_OF_CODE;2026-10-09 10:45:58;1;;;;
306637;2;LINES_OF_CODE;2026-10-09 11:05:31;0;;;;
306623;2;LINES_OF_CODE;2026-10-09 11:24:34;1;;;;
306650;2;LINES_OF_CODE;2026-10-09 11:37:01;1;;;;
306660;2;LINES_OF_CODE;2026-10-09 11:50:38;18;;;;
306645;2;LINES_OF_CODE;2026-10-09 11:52:07;3;;;;
306640;2;LINES_OF_CODE;2026-10-09 12:07:54;3;;;;
306626;2;LINES_OF_CODE;2026-10-09 12:12:44;5;;;;
306621;2;LINES_OF_CODE;2026-10-09 12:16:43;4;;;;
306655;2;LINES_OF_CODE;2026-10-09 12:22:51;2;;;;
306631;2;LINES_OF_CODE;2026-10-09 12:28:50;2;;;;
306638;2;LINES_OF_CODE;2026-10-09 12:42:31;2;;;;
306622;2;LINES_OF_CODE;2026-10-09 13:15:42;2;;;;
306658;2;LINES_OF_CODE;2026-10-09 13:25:35;4;;;;
306652;2;LINES_OF_CODE;2026-10-09 13:51:14;0;;;;
306632;2;LINES_OF_CODE;2026-10-09 14:24:24;2;;;;
306634;2;LINES_OF_CODE;2026-10-09 14:31:27;1;;;;
306641;2;LINES_OF_CODE;2026-10-09 14:41:00;3;;;;
306624;2;LINES_OF_CODE;2026-10-09 15:39:16;2;;;;
306647;2;LINES_OF_CODE;2026-10-09 15:40:22;2;;;;
306642;2;LINES_OF_CODE;2026-10-09 15:50:34;1;;;;
306629;2;LINES_OF_CODE;2026-10-09 15:58:39;2;;;;
306627;2;LINES_OF_CODE;2026-10-09 16:46:48;3;;;;
306633;2;LINES_OF_CODE;2026-10-09 16:49:12;2;;;;
306643;2;LINES_OF_CODE;2026-10-09 16:50:11;2;;;;
306649;2;LINES_OF_CODE;2026-10-09 17:00:55;2;;;;
306630;2;LINES_OF_CODE;2026-10-09 17:05:30;2;;;;
306646;2;LINES_OF_CODE;2026-10-09 17:07:14;3;;;;
306628;2;LINES_OF_CODE;2026-10-09 17:33:42;3;;;;
306636;2;LINES_OF_CODE;2026-10-09 17:38:59;2;;;;
306648;2;LINES_OF_CODE;2026-10-09 17:46:34;4;;;;
306656;2;LINES_OF_CODE;2026-10-09 17:47:56;3;;;;
306639;2;LINES_OF_CODE;2026-10-09 17:53:20;3;;;;
306675;2;LINES_OF_CODE;2026-10-12 08:12:44;7;;;;
306681;2;LINES_OF_CODE;2026-10-12 08:34:07;12;;;;
306682;2;LINES_OF_CODE;2026-10-12 08:45:43;13;;;;
306679;2;LINES_OF_CODE;2026-10-12 08:56:33;0;;;;
306661;2;LINES_OF_CODE;2026-10-12 09:06:13;9;;;;
306662;2;LINES_OF_CODE;2026-10-12 09:32:51;7;;;;
306669;2;LINES_OF_CODE;2026-10-12 09:47:27;5;;;;
306684;2;LINES_OF_CODE;2026-10-12 10:23:06;7;;;;
306672;2;LINES_OF_CODE;2026-10-12 10:45:56;3;;;;
306677;2;LINES_OF_CODE;2026-10-12 10:52:10;16;;;;
306671;2;LINES_OF_CODE;2026-10-12 11:05:43;8;;;;
306667;2;LINES_OF_CODE;2026-10-12 11:23:17;12;;;;
306674;2;LINES_OF_CODE;2026-10-12 11:46:57;13;;;;
306686;2;LINES_OF_CODE;2026-10-12 12:13:17;6;;;;
306685;2;LINES_OF_CODE;2026-10-12 12:36:47;7;;;;
306680;2;LINES_OF_CODE;2026-10-12 12:37:18;7;;;;
306664;2;LINES_OF_CODE;2026-10-12 13:21:52;6;;;;
306668;2;LINES_OF_CODE;2026-10-12 14:00:33;9;;;;
306666;2;LINES_OF_CODE;2026-10-12 14:12:19;3;;;;
306673;2;LINES_OF_CODE;2026-10-12 14:13:23;6;;;;
306670;2;LINES_OF_CODE;2026-10-12 14:17:43;4;;;;
306683;2;LINES_OF_CODE;2026-10-12 14:46:33;14;;;;
306676;2;LINES_OF_CODE;2026-10-12 14:47:21;7;;;;
306665;2;LINES_OF_CODE;2026-10-12 15:39:19;8;;;;
306663;2;LINES_OF_CODE;2026-10-12 15:58:47;9;;;;
306678;2;LINES_OF_CODE;2026-10-12 16:19:32;16;;;;
306719;2;LINES_OF_CODE;2026-10-13 08:02:20;6;;;;
306706;2;LINES_OF_CODE;2026-10-13 08:31:04;5;;;;
306715;2;LINES_OF_CODE;2026-10-13 08:42:09;3;;;;
306687;2;LINES_OF_CODE;2026-10-13 09:01:50;2;;;;
306720;2;LINES_OF_CODE;2026-10-13 09:18:28;9;;;;
306698;2;LINES_OF_CODE;2026-10-13 09:21:10;6;;;;
306699;2;LINES_OF_CODE;2026-10-13 09:31:00;7;;;;
306688;2;LINES_OF_CODE;2026-10-13 09:38:49;10;;;;
306697;2;LINES_OF_CODE;2026-10-13 09:48:02;5;;;;
306710;2;LINES_OF_CODE;2026-10-13 09:48:44;4;;;;
306693;2;LINES_OF_CODE;2026-10-13 10:07:08;3;;;;
306695;2;LINES_OF_CODE;2026-10-13 10:36:15;2;;;;
306692;2;LINES_OF_CODE;2026-10-13 12:04:39;6;;;;
306696;2;LINES_OF_CODE;2026-10-13 12:24:57;12;;;;
306705;2;LINES_OF_CODE;2026-10-13 12:39:30;7;;;;
306702;2;LINES_OF_CODE;2026-10-13 13:11:56;4;;;;
306718;2;LINES_OF_CODE;2026-10-13 13:26:17;4;;;;
306700;2;LINES_OF_CODE;2026-10-13 13:34:18;8;;;;
306721;2;LINES_OF_CODE;2026-10-13 13:59:07;4;;;;
306708;2;LINES_OF_CODE;2026-10-13 14:31:44;10;;;;
306703;2;LINES_OF_CODE;2026-10-13 14:40:32;6;;;;
306713;2;LINES_OF_CODE;2026-10-13 14:59:34;3;;;;
306716;2;LINES_OF_CODE;2026-10-13 15:05:32;10;;;;
306722;2;LINES_OF_CODE;2026-10-13 15:17:55;2;;;;
306701;2;LINES_OF_CODE;2026-10-13 15:30:17;5;;;;
306690;2;LINES_OF_CODE;2026-10-13 15:43:47;3;;;;
306714;2;LINES_OF_CODE;2026-10-13 15:51:43;0;;;;
306691;2;LINES_OF_CODE;2026-10-13 15:54:13;9;;;;
306712;2;LINES_OF_CODE;2026-10-13 15:55:52;8;;;;
306711;2;LINES_OF_CODE;2026-10-13 16:30:37;12;;;;
306717;2;LINES_OF_CODE;2026-10-13 16:36:38;7;;;;
306707;2;LINES_OF_CODE;2026-10-13 16:47:14;12;;;;
306694;2;LINES_OF_CODE;2026-10-13 16:49:16;2;;;;
306689;2;LINES_OF_CODE;2026-10-13 17:16:05;4;;;;
306704;2;LINES_OF_CODE;2026-10-13 17:50:01;5;;;;
306709;2;LINES_OF_CODE;2026-10-13 17:54:07;3;;;;
306752;2;LINES_OF_CODE;2026-10-14 08:00:17;6;;;;
306741;2;LINES_OF_CODE;2026-10-14 08:18:14;4;;;;
306724;2;LINES_OF_CODE;2026-10-14 08:42:24;3;;;;
306742;2;LINES_OF_CODE;2026-10-14 08:47:30;11;;;;
306727;2;LINES_OF_CODE;2026-10-14 08:57:15;0;;;;
306733;2;LINES_OF_CODE;2026-10-14 09:16:00;6;;;;
306735;2;LINES_OF_CODE;2026-10-14 09:23:42;5;;;;
306738;2;LINES_OF_CODE;2026-10-14 09:37:50;4;;;;
306751;2;LINES_OF_CODE;2026-10-14 10:01:01;2;;;;
306748;2;LINES_OF_CODE;2026-10-14 10:03:58;0;;;;
306754;2;LINES_OF_CODE;2026-10-14 10:08:52;8;;;;
306732;2;LINES_OF_CODE;2026-10-14 10:45:40;6;;;;
306746;2;LINES_OF_CODE;2026-10-14 10:50:06;5;;;;
306728;2;LINES_OF_CODE;2026-10-14 11:37:44;5;;;;
306736;2;LINES_OF_CODE;2026-10-14 11:48:27;3;;;;
306745;2;LINES_OF_CODE;2026-10-14 11:53:59;5;;;;
306726;2;LINES_OF_CODE;2026-10-14 12:14:03;2;;;;
306747;2;LINES_OF_CODE;2026-10-14 12:34:30;2;;;;
306734;2;LINES_OF_CODE;2026-10-14 13:04:08;3;;;;
306740;2;LINES_OF_CODE;2026-10-14 13:34:46;5;;;;
306755;2;LINES_OF_CODE;2026-10-14 13:48:21;21;;;;
306753;2;LINES_OF_CODE;2026-10-14 14:07:26;7;;;;
306750;2;LINES_OF_CODE;2026-10-14 14:19:01;6;;;;
306744;2;LINES_OF_CODE;2026-10-14 14:20:28;6;;;;
306725;2;LINES_OF_CODE;2026-10-14 14:25:41;10;;;;
306729;2;LINES_OF_CODE;2026-10-14 15:34:01;7;;;;
306731;2;LINES_OF_CODE;2026-10-14 16:27:40;2;;;;
306730;2;LINES_OF_CODE;2026-10-14 16:34:20;5;;;;
306739;2;LINES_OF_CODE;2026-10-14 16:38:51;2;;;;
306743;2;LINES_OF_CODE;2026-10-14 16:58:38;0;;;;
306749;2;LINES_OF_CODE;2026-10-14 17:43:36;0;;;;
306737;2;LINES_OF_CODE;2026-10-14 17:45:33;5;;;;
306723;2;LINES_OF_CODE;2026-10-14 17:50:11;5;;;;
306771;2;LINES_OF_CODE;2026-10-15 08:05:15;3;;;;
306770;2;LINES_OF_CODE;2026-10-15 08:05:37;2;;;;
306776;2;LINES_OF_CODE;2026-10-15 08:28:46;6;;;;
306783;2;LINES_OF_CODE;2026-10-15 09:20:52;4;;;;
306780;2;LINES_OF_CODE;2026-10-15 09:37:40;4;;;;
306759;2;LINES_OF_CODE;2026-10-15 09:39:35;3;;;;
306779;2;LINES_OF_CODE;2026-10-15 09:40:25;4;;;;
306769;2;LINES_OF_CODE;2026-10-15 09:44:40;6;;;;
306778;2;LINES_OF_CODE;2026-10-15 10:08:33;5;;;;
306760;2;LINES_OF_CODE;2026-10-15 10:10:56;7;;;;
306764;2;LINES_OF_CODE;2026-10-15 10:12:35;9;;;;
306758;2;LINES_OF_CODE;2026-10-15 10:39:05;2;;;;
306789;2;LINES_OF_CODE;2026-10-15 10:53:27;7;;;;
306786;2;LINES_OF_CODE;2026-10-15 11:33:48;5;;;;
306762;2;LINES_OF_CODE;2026-10-15 12:18:35;5;;;;
306765;2;LINES_OF_CODE;2026-10-15 12:39:27;0;;;;
306768;2;LINES_OF_CODE;2026-10-15 12:41:30;5;;;;
306774;2;LINES_OF_CODE;2026-10-15 12:47:01;2;;;;
306767;2;LINES_OF_CODE;2026-10-15 12:57:12;6;;;;
306784;2;LINES_OF_CODE;2026-10-15 13:15:23;6;;;;
306773;2;LINES_OF_CODE;2026-10-15 13:16:13;1;;;;
306777;2;LINES_OF_CODE;2026-10-15 13:18:12;3;;;;
306756;2;LINES_OF_CODE;2026-10-15 13:28:04;7;;;;
306772;2;LINES_OF_CODE;2026-10-15 13:34:21;3;;;;
306787;2;LINES_OF_CODE;2026-10-15 13:46:17;4;;;;
306781;2;LINES_OF_CODE;2026-10-15 14:16:20;2;;;;
306782;2;LINES_OF_CODE;2026-10-15 14:21:31;4;;;;
306785;2;LINES_OF_CODE;2026-10-15 14:46:01;7;;;;
306757;2;LINES_OF_CODE;2026-10-15 15:16:17;4;;;;
306761;2;LINES_OF_CODE;2026-10-15 16:00:34;4;;;;
306790;2;LINES_OF_CODE;2026-10-15 16:04:19;3;;;;
306763;2;LINES_OF_CODE;2026-10-15 16:43:37;1;;;;
306791;2;LINES_OF_CODE;2026-10-15 17:25:18;55;;;;
306788;2;LINES_OF_CODE;2026-10-15 17:27:46;6;;;;
306775;2;LINES_OF_CODE;2026-10-15 17:44:17;4;;;;
306766;2;LINES_OF_CODE;2026-10-15 17:48:17;3;;;;
306803;2;LINES_OF_CODE;2026-10-16 08:30:59;0;;;;
306823;2;LINES_OF_CODE;2026-10-16 08:43:57;0;;;;
306799;2;LINES_OF_CODE;2026-10-16 08:48:34;1;;;;
306797;2;LINES_OF_CODE;2026-10-16 08:50:41;1;;;;
306824;2;LINES_OF_CODE;2026-10-16 08:58:11;23;;;;
306801;2;LINES_OF_CODE;2026-10-16 09:25:31;2;;;;
306821;2;LINES_OF_CODE;2026-10-16 09:32:30;2;;;;
306812;2;LINES_OF_CODE;2026-10-16 09:33:33;0;;;;
306804;2;LINES_OF_CODE;2026-10-16 10:03:09;0;;;;
306793;2;LINES_OF_CODE;2026-10-16 10:13:39;2;;;;
306795;2;LINES_OF_CODE;2026-10-16 10:30:14;0;;;;
306794;2;LINES_OF_CODE;2026-10-16 11:00:06;2;;;;
306802;2;LINES_OF_CODE;2026-10-16 11:54:03;2;;;;
306798;2;LINES_OF_CODE;2026-10-16 12:17:42;1;;;;
306805;2;LINES_OF_CODE;2026-10-16 12:25:46;0;;;;
306811;2;LINES_OF_CODE;2026-10-16 12:49:57;2;;;;
306808;2;LINES_OF_CODE;2026-10-16 12:52:20;2;;;;
306814;2;LINES_OF_CODE;2026-10-16 13:03:17;0;;;;
306792;2;LINES_OF_CODE;2026-10-16 13:27:24;1;;;;
306822;2;LINES_OF_CODE;2026-10-16 13:31:52;2;;;;
306809;2;LINES_OF_CODE;2026-10-16 13:31:57;3;;;;
306806;2;LINES_OF_CODE;2026-10-16 13:34:14;0;;;;
306800;2;LINES_OF_CODE;2026-10-16 14:42:54;-1;;;;
306818;2;LINES_OF_CODE;2026-10-16 15:10:50;1;;;;
306810;2;LINES_OF_CODE;2026-10-16 15:13:15;2;;;;
306815;2;LINES_OF_CODE;2026-10-16 15:23:31;1;;;;
306817;2;LINES_OF_CODE;2026-10-16 15:27:15;2;;;;
306796;2;LINES_OF_CODE;2026-10-16 15:40:25;1;;;;
306816;2;LINES_OF_CODE;2026-10-16 15:49:01;1;;;;
306813;2;LINES_OF_CODE;2026-10-16 16:12:21;3;;;;
306820;2;LINES_OF_CODE;2026-10-16 16:12:39;1;;;;
306807;2;LINES_OF_CODE;2026-10-16 16:46:34;2;;;;
306819;2;LINES_OF_CODE;2026-10-16 17:24:07;1;;;;
306840;2;LINES_OF_CODE;2026-10-19 08:10:16;2;;;;
306835;2;LINES_OF_CODE;2026-10-19 08:34:27;0;;;;
306838;2;LINES_OF_CODE;2026-10-19 11:01:11;5;;;;
306828;2;LINES_OF_CODE;2026-10-19 11:09:29;2;;;;
306825;2;LINES_OF_CODE;2026-10-19 11:21:31;2;;;;
306844;2;LINES_OF_CODE;2026-10-19 11:56:17;4;;;;
306834;2;LINES_OF_CODE;2026-10-19 11:57:08;4;;;;
306832;2;LINES_OF_CODE;2026-10-19 11:57:12;2;;;;
306842;2;LINES_OF_CODE;2026-10-19 11:58:21;1;;;;
306826;2;LINES_OF_CODE;2026-10-19 12:01:38;3;;;;
306851;2;LINES_OF_CODE;2026-10-19 12:15:51;2;;;;
306853;2;LINES_OF_CODE;2026-10-19 12:16:30;29;;;;
306848;2;LINES_OF_CODE;2026-10-19 12:42:23;3;;;;
306830;2;LINES_OF_CODE;2026-10-19 13:04:19;3;;;;
306849;2;LINES_OF_CODE;2026-10-19 13:09:14;2;;;;
306829;2;LINES_OF_CODE;2026-10-19 13:20:29;3;;;;
306852;2;LINES_OF_CODE;2026-10-19 13:44:50;2;;;;
306841;2;LINES_OF_CODE;2026-10-19 13:47:06;2;;;;
306827;2;LINES_OF_CODE;2026-10-19 14:06:36;2;;;;
306850;2;LINES_OF_CODE;2026-10-19 14:11:11;2;;;;
306843;2;LINES_OF_CODE;2026-10-19 14:21:07;3;;;;
306847;2;LINES_OF_CODE;2026-10-19 15:09:56;6;;;;
306845;2;LINES_OF_CODE;2026-10-19 15:22:40;5;;;;
306836;2;LINES_OF_CODE;2026-10-19 15:30:05;3;;;;
306831;2;LINES_OF_CODE;2026-10-19 15:41:29;1;;;;
306833;2;LINES_OF_CODE;2026-10-19 15:50:34;2;;;;
306839;2;LINES_OF_CODE;2026-10-19 15:52:10;3;;;;
306837;2;LINES_OF_CODE;2026-10-19 16:47:26;2;;;;
306846;2;LINES_OF_CODE;2026-10-19 17:04:11;5;;;;
306869;2;LINES_OF_CODE;2026-10-20 08:18:07;6;;;;
306867;2;LINES_OF_CODE;2026-10-20 08:46:35;5;;;;
306870;2;LINES_OF_CODE;2026-10-20 09:46:28;3;;;;
306871;2;LINES_OF_CODE;2026-10-20 10:28:23;0;;;;
306856;2;LINES_OF_CODE;2026-10-20 10:34:26;5;;;;
306878;2;LINES_OF_CODE;2026-10-20 11:16:57;7;;;;
306876;2;LINES_OF_CODE;2026-10-20 11:30:04;3;;;;
306877;2;LINES_OF_CODE;2026-10-20 11:34:21;7;;;;
306884;2;LINES_OF_CODE;2026-10-20 11:36:10;3;;;;
306872;2;LINES_OF_CODE;2026-10-20 11:43:31;6;;;;
306886;2;LINES_OF_CODE;2026-10-20 11:52:25;6;;;;
306864;2;LINES_OF_CODE;2026-10-20 12:20:55;4;;;;
306880;2;LINES_OF_CODE;2026-10-20 12:22:15;6;;;;
306879;2;LINES_OF_CODE;2026-10-20 12:40:29;4;;;;
306855;2;LINES_OF_CODE;2026-10-20 13:20:46;4;;;;
306868;2;LINES_OF_CODE;2026-10-20 13:23:19;4;;;;
306875;2;LINES_OF_CODE;2026-10-20 13:28:20;5;;;;
306885;2;LINES_OF_CODE;2026-10-20 13:33:40;7;;;;
306863;2;LINES_OF_CODE;2026-10-20 13:51:24;4;;;;
306859;2;LINES_OF_CODE;2026-10-20 15:02:02;3;;;;
306882;2;LINES_OF_CODE;2026-10-20 15:05:51;5;;;;
306865;2;LINES_OF_CODE;2026-10-20 15:12:33;3;;;;
306874;2;LINES_OF_CODE;2026-10-20 15:14:08;3;;;;
306883;2;LINES_OF_CODE;2026-10-20 15:52:49;4;;;;
306866;2;LINES_OF_CODE;2026-10-20 16:54:27;3;;;;
306873;2;LINES_OF_CODE;2026-10-20 16:59:22;0;;;;
306860;2;LINES_OF_CODE;2026-10-20 16:59:35;0;;;;
306854;2;LINES_OF_CODE;2026-10-20 17:00:26;3;;;;
306862;2;LINES_OF_CODE;2026-10-20 17:12:10;4;;;;
306861;2;LINES_OF_CODE;2026-10-20 17:12:31;3;;;;
306858;2;LINES_OF_CODE;2026-10-20 17:18:57;4;;;;
306881;2;LINES_OF_CODE;2026-10-20 17:19:25;6;;;;
306857;2;LINES_OF_CODE;2026-10-20 17:27:26;3;;;;
306897;2;LINES_OF_CODE;2026-10-21 08:05:33;13;;;;
306896;2;LINES_OF_CODE;2026-10-21 09:01:52;2;;;;
306911;2;LINES_OF_CODE;2026-10-21 09:11:14;50;;;;
306890;2;LINES_OF_CODE;2026-10-21 09:17:19;8;;;;
306889;2;LINES_OF_CODE;2026-10-21 09:23:55;5;;;;
306910;2;LINES_OF_CODE;2026-10-21 09:32:43;8;;;;
306898;2;LINES_OF_CODE;2026-10-21 09:41:57;3;;;;
306895;2;LINES_OF_CODE;2026-10-21 10:16:36;3;;;;
306888;2;LINES_OF_CODE;2026-10-21 10:57:43;0;;;;
306908;2;LINES_OF_CODE;2026-10-21 11:15:36;4;;;;
306909;2;LINES_OF_CODE;2026-10-21 11:17:01;12;;;;
306905;2;LINES_OF_CODE;2026-10-21 11:53:19;1;;;;
306903;2;LINES_OF_CODE;2026-10-21 12:16:16;10;;;;
306906;2;LINES_OF_CODE;2026-10-21 13:15:32;8;;;;
306887;2;LINES_OF_CODE;2026-10-21 13:16:50;14;;;;
306907;2;LINES_OF_CODE;2026-10-21 13:41:06;2;;;;
306901;2;LINES_OF_CODE;2026-10-21 14:07:57;12;;;;
306902;2;LINES_OF_CODE;2026-10-21 14:11:01;8;;;;
306893;2;LINES_OF_CODE;2026-10-21 14:18:30;14;;;;
306899;2;LINES_OF_CODE;2026-10-21 14:39:11;9;;;;
306900;2;LINES_OF_CODE;2026-10-21 15:16:26;-1;;;;
306892;2;LINES_OF_CODE;2026-10-21 15:55:04;0;;;;
306894;2;LINES_OF_CODE;2026-10-21 16:37:11;0;;;;
306904;2;LINES_OF_CODE;2026-10-21 16:52:49;13;;;;
306891;2;LINES_OF_CODE;2026-10-21 17:28:02;11;;;;
306943;2;LINES_OF_CODE;2026-10-22 08:11:47;4;;;;
306935;2;LINES_OF_CODE;2026-10-22 08:17:03;7;;;;
306928;2;LINES_OF_CODE;2026-10-22 08:21:51;2;;;;
306913;2;LINES_OF_CODE;2026-10-22 08:42:43;6;;;;
306920;2;LINES_OF_CODE;2026-10-22 08:47:02;0;;;;
306930;2;LINES_OF_CODE;2026-10-22 09:21:10;6;;;;
306944;2;LINES_OF_CODE;2026-10-22 09:29:36;8;;;;
306929;2;LINES_OF_CODE;2026-10-22 09:45:49;7;;;;
306919;2;LINES_OF_CODE;2026-10-22 09:55:46;7;;;;
306917;2;LINES_OF_CODE;2026-10-22 09:59:14;9;;;;
306932;2;LINES_OF_CODE;2026-10-22 10:00:32;11;;;;
306949;2;LINES_OF_CODE;2026-10-22 10:07:07;12;;;;
306934;2;LINES_OF_CODE;2026-10-22 10:38:23;4;;;;
306942;2;LINES_OF_CODE;2026-10-22 10:54:48;8;;;;
306937;2;LINES_OF_CODE;2026-10-22 11:01:32;5;;;;
306948;2;LINES_OF_CODE;2026-10-22 11:07:59;2;;;;
306921;2;LINES_OF_CODE;2026-10-22 11:32:54;2;;;;
306931;2;LINES_OF_CODE;2026-10-22 11:36:15;6;;;;
306927;2;LINES_OF_CODE;2026-10-22 11:59:58;5;;;;
306941;2;LINES_OF_CODE;2026-10-22 12:11:37;5;;;;
306924;2;LINES_OF_CODE;2026-10-22 12:12:01;2;;;;
306936;2;LINES_OF_CODE;2026-10-22 12:44:18;8;;;;
306925;2;LINES_OF_CODE;2026-10-22 13:19:31;4;;;;
306923;2;LINES_OF_CODE;2026-10-22 13:22:47;5;;;;
306915;2;LINES_OF_CODE;2026-10-22 13:44:14;6;;;;
306922;2;LINES_OF_CODE;2026-10-22 13:47:52;9;;;;
306940;2;LINES_OF_CODE;2026-10-22 13:52:18;6;;;;
306914;2;LINES_OF_CODE;2026-10-22 14:25:10;8;;;;
306939;2;LINES_OF_CODE;2026-10-22 15:40:02;3;;;;
306945;2;LINES_OF_CODE;2026-10-22 16:02:01;4;;;;
306916;2;LINES_OF_CODE;2026-10-22 16:02:14;5;;;;
306918;2;LINES_OF_CODE;2026-10-22 16:12:00;8;;;;
306938;2;LINES_OF_CODE;2026-10-22 16:18:23;2;;;;
306947;2;LINES_OF_CODE;2026-10-22 16:29:27;8;;;;
306933;2;LINES_OF_CODE;2026-10-22 16:45:48;0;;;;
306912;2;LINES_OF_CODE;2026-10-22 17:27:41;9;;;;
306926;2;LINES_OF_CODE;2026-10-22 17:32:30;7;;;;
306946;2;LINES_OF_CODE;2026-10-22 17:56:19;5;;;;
306960;2;LINES_OF_CODE;2026-10-23 08:00:49;4;;;;
306983;2;LINES_OF_CODE;2026-10-23 08:12:12;3;;;;
306958;2;LINES_OF_CODE;2026-10-23 08:39:59;4;;;;
306984;2;LINES_OF_CODE;2026-10-23 08:49:43;24;;;;
306963;2;LINES_OF_CODE;2026-10-23 09:15:12;2;;;;
306961;2;LINES_OF_CODE;2026-10-23 09:25:58;2;;;;
306954;2;LINES_OF_CODE;2026-10-23 09:28:51;4;;;;
306969;2;LINES_OF_CODE;2026-10-23 09:42:07;2;;;;
306957;2;LINES_OF_CODE;2026-10-23 10:10:54;0;;;;
306951;2;LINES_OF_CODE;2026-10-23 10:41:15;2;;;;
306981;2;LINES_OF_CODE;2026-10-23 10:41:48;2;;;;
306970;2;LINES_OF_CODE;2026-10-23 11:49:37;3;;;;
306978;2;LINES_OF_CODE;2026-10-23 12:16:43;2;;;;
306953;2;LINES_OF_CODE;2026-10-23 12:35:37;2;;;;
306964;2;LINES_OF_CODE;2026-10-23 12:48:13;2;;;;
306968;2;LINES_OF_CODE;2026-10-23 13:01:09;3;;;;
306956;2;LINES_OF_CODE;2026-10-23 13:21:44;3;;;;
306962;2;LINES_OF_CODE;2026-10-23 13:25:52;4;;;;
306973;2;LINES_OF_CODE;2026-10-23 13:29:33;2;;;;
306950;2;LINES_OF_CODE;2026-10-23 13:36:00;1;;;;
306955;2;LINES_OF_CODE;2026-10-23 14:01:43;2;;;;
306967;2;LINES_OF_CODE;2026-10-23 14:47:59;3;;;;
306980;2;LINES_OF_CODE;2026-10-23 14:52:42;2;;;;
306952;2;LINES_OF_CODE;2026-10-23 14:59:29;1;;;;
306965;2;LINES_OF_CODE;2026-10-23 15:07:28;3;;;;
306959;2;LINES_OF_CODE;2026-10-23 15:14:25;1;;;;
306977;2;LINES_OF_CODE;2026-10-23 15:24:17;3;;;;
306975;2;LINES_OF_CODE;2026-10-23 15:59:58;1;;;;
306974;2;LINES_OF_CODE;2026-10-23 16:26:50;3;;;;
306971;2;LINES_OF_CODE;2026-10-23 16:59:46;3;;;;
306976;2;LINES_OF_CODE;2026-10-23 17:05:26;4;;;;
306982;2;LINES_OF_CODE;2026-10-23 17:06:55;3;;;;
306979;2;LINES_OF_CODE;2026-10-23 17:09:28;4;;;;
306972;2;LINES_OF_CODE;2026-10-23 17:35:09;2;;;;
306966;2;LINES_OF_CODE;2026-10-23 17:44:52;6;;;;
307012;2;LINES_OF_CODE;2026-10-26 08:22:13;26;;;;
307010;2;LINES_OF_CODE;2026-10-26 08:28:02;4;;;;
306986;2;LINES_OF_CODE;2026-10-26 08:42:38;2;;;;
307005;2;LINES_OF_CODE;2026-10-26 09:15:04;9;;;;
306987;2;LINES_OF_CODE;2026-10-26 09:18:18;9;;;;
307000;2;LINES_OF_CODE;2026-10-26 09:21:04;2;;;;
306991;2;LINES_OF_CODE;2026-10-26 09:22:20;15;;;;
307003;2;LINES_OF_CODE;2026-10-26 09:30:02;11;;;;
306996;2;LINES_OF_CODE;2026-10-26 09:36:43;0;;;;
306988;2;LINES_OF_CODE;2026-10-26 10:46:54;2;;;;
306989;2;LINES_OF_CODE;2026-10-26 10:49:52;9;;;;
307006;2;LINES_OF_CODE;2026-10-26 11:00:03;6;;;;
307009;2;LINES_OF_CODE;2026-10-26 11:11:31;12;;;;
307007;2;LINES_OF_CODE;2026-10-26 11:16:02;4;;;;
306994;2;LINES_OF_CODE;2026-10-26 11:27:33;9;;;;
307008;2;LINES_OF_CODE;2026-10-26 11:35:54;3;;;;
307011;2;LINES_OF_CODE;2026-10-26 12:32:36;8;;;;
306995;2;LINES_OF_CODE;2026-10-26 12:38:10;5;;;;
307001;2;LINES_OF_CODE;2026-10-26 12:51:54;6;;;;
306997;2;LINES_OF_CODE;2026-10-26 13:37:11;5;;;;
306990;2;LINES_OF_CODE;2026-10-26 14:14:25;5;;;;
307002;2;LINES_OF_CODE;2026-10-26 14:27:50;11;;;;
306993;2;LINES_OF_CODE;2026-10-26 15:04:32;3;;;;
306992;2;LINES_OF_CODE;2026-10-26 15:18:34;15;;;;
307004;2;LINES_OF_CODE;2026-10-26 15:25:27;9;;;;
306998;2;LINES_OF_CODE;2026-10-26 17:06:32;8;;;;
306999;2;LINES_OF_CODE;2026-10-26 17:11:50;10;;;;
306985;2;LINES_OF_CODE;2026-10-26 17:35:41;14;;;;
307038;2;LINES_OF_CODE;2026-10-27 08:03:59;1;;;;
307019;2;LINES_OF_CODE;2026-10-27 08:49:37;3;;;;
307033;2;LINES_OF_CODE;2026-10-27 09:31:19;4;;;;
307021;2;LINES_OF_CODE;2026-10-27 09:32:07;2;;;;
307026;2;LINES_OF_CODE;2026-10-27 09:35:55;2;;;;
307023;2;LINES_OF_CODE;2026-10-27 10:02:45;4;;;;
307027;2;LINES_OF_CODE;2026-10-27 10:17:31;0;;;;
307016;2;LINES_OF_CODE;2026-10-27 10:52:09;2;;;;
307017;2;LINES_OF_CODE;2026-10-27 11:06:31;4;;;;
307039;2;LINES_OF_CODE;2026-10-27 11:08:37;1;;;;
307031;2;LINES_OF_CODE;2026-10-27 11:18:13;1;;;;
307018;2;LINES_OF_CODE;2026-10-27 11:27:28;2;;;;
307029;2;LINES_OF_CODE;2026-10-27 11:36:14;4;;;;
307020;2;LINES_OF_CODE;2026-10-27 11:51:28;2;;;;
307037;2;LINES_OF_CODE;2026-10-27 11:55:51;2;;;;
307022;2;LINES_OF_CODE;2026-10-27 12:23:26;1;;;;
307024;2;LINES_OF_CODE;2026-10-27 12:38:16;2;;;;
307036;2;LINES_OF_CODE;2026-10-27 14:57:27;3;;;;
307028;2;LINES_OF_CODE;2026-10-27 14:57:57;5;;;;
307040;2;LINES_OF_CODE;2026-10-27 15:24:14;20;;;;
307014;2;LINES_OF_CODE;2026-10-27 15:29:14;8;;;;
307025;2;LINES_OF_CODE;2026-10-27 15:57:50;0;;;;
307030;2;LINES_OF_CODE;2026-10-27 15:59:15;2;;;;
307035;2;LINES_OF_CODE;2026-10-27 16:26:01;2;;;;
307034;2;LINES_OF_CODE;2026-10-27 17:07:19;7;;;;
307013;2;LINES_OF_CODE;2026-10-27 17:10:20;4;;;;
307032;2;LINES_OF_CODE;2026-10-27 17:17:32;5;;;;
307015;2;LINES_OF_CODE;2026-10-27 17:45:21;1;;;;
307052;2;LINES_OF_CODE;2026-10-28 08:29:38;0;;;;
307060;2;LINES_OF_CODE;2026-10-28 09:08:16;0;;;;
307063;2;LINES_OF_CODE;2026-10-28 09:17:42;0;;;;
307061;2;LINES_OF_CODE;2026-10-28 09:41:11;0;;;;
307058;2;LINES_OF_CODE;2026-10-28 09:41:32;0;;;;
307050;2;LINES_OF_CODE;2026-10-28 09:51:06;0;;;;
307054;2;LINES_OF_CODE;2026-10-28 10:46:19;0;;;;
307053;2;LINES_OF_CODE;2026-10-28 10:46:50;0;;;;
307041;2;LINES_OF_CODE;2026-10-28 11:58:15;0;;;;
307065;2;LINES_OF_CODE;2026-10-28 12:32:53;10;;;;
307042;2;LINES_OF_CODE;2026-10-28 13:01:55;0;;;;
307051;2;LINES_OF_CODE;2026-10-28 13:14:20;0;;;;
307045;2;LINES_OF_CODE;2026-10-28 13:26:05;0;;;;
307056;2;LINES_OF_CODE;2026-10-28 13:38:44;0;;;;
307044;2;LINES_OF_CODE;2026-10-28 13:40:54;0;;;;
307057;2;LINES_OF_CODE;2026-10-28 14:18:57;0;;;;
307062;2;LINES_OF_CODE;2026-10-28 14:58:08;0;;;;
307049;2;LINES_OF_CODE;2026-10-28 15:32:52;0;;;;
307047;2;LINES_OF_CODE;2026-10-28 16:04:56;0;;;;
307064;2;LINES_OF_CODE;2026-10-28 16:07:41;0;;;;
307059;2;LINES_OF_CODE;2026-10-28 16:32:50;0;;;;
307055;2;LINES_OF_CODE;2026-10-28 16:35:12;0;;;;
307043;2;LINES_OF_CODE;2026-10-28 16:48:14;0;;;;
307048;2;LINES_OF_CODE;2026-10-28 16:49:47;0;;;;
307046;2;LINES_OF_CODE;2026-10-28 17:14:58;0;;;;
307070;2;LINES_OF_CODE;2026-10-29 08:00:46;6;;;;
307096;2;LINES_OF_CODE;2026-10-29 08:05:38;4;;;;
307066;2;LINES_OF_CODE;2026-10-29 08:07:03;4;;;;
307094;2;LINES_OF_CODE;2026-10-29 08:13:24;19;;;;
307085;2;LINES_OF_CODE;2026-10-29 09:05:37;10;;;;
307093;2;LINES_OF_CODE;2026-10-29 09:14:33;8;;;;
307074;2;LINES_OF_CODE;2026-10-29 09:14:53;10;;;;
307090;2;LINES_OF_CODE;2026-10-29 09:23:56;8;;;;
307088;2;LINES_OF_CODE;2026-10-29 09:33:41;8;;;;
307091;2;LINES_OF_CODE;2026-10-29 09:49:25;9;;;;
307067;2;LINES_OF_CODE;2026-10-29 10:02:06;13;;;;
307087;2;LINES_OF_CODE;2026-10-29 10:25:01;4;;;;
307084;2;LINES_OF_CODE;2026-10-29 10:32:31;11;;;;
307086;2;LINES_OF_CODE;2026-10-29 10:51:00;9;;;;
307076;2;LINES_OF_CODE;2026-10-29 10:55:20;6;;;;
307083;2;LINES_OF_CODE;2026-10-29 11:07:40;5;;;;
307072;2;LINES_OF_CODE;2026-10-29 11:16:24;6;;;;
307099;2;LINES_OF_CODE;2026-10-29 11:27:34;6;;;;
307092;2;LINES_OF_CODE;2026-10-29 12:27:22;8;;;;
307095;2;LINES_OF_CODE;2026-10-29 12:59:40;6;;;;
307082;2;LINES_OF_CODE;2026-10-29 13:11:11;12;;;;
307069;2;LINES_OF_CODE;2026-10-29 13:12:54;5;;;;
307078;2;LINES_OF_CODE;2026-10-29 13:13:56;7;;;;
307080;2;LINES_OF_CODE;2026-10-29 13:28:26;12;;;;
307089;2;LINES_OF_CODE;2026-10-29 14:33:07;10;;;;
307077;2;LINES_OF_CODE;2026-10-29 14:51:33;11;;;;
307097;2;LINES_OF_CODE;2026-10-29 15:12:22;1;;;;
307073;2;LINES_OF_CODE;2026-10-29 15:14:13;4;;;;
307079;2;LINES_OF_CODE;2026-10-29 15:28:47;4;;;;
307081;2;LINES_OF_CODE;2026-10-29 16:05:21;5;;;;
307068;2;LINES_OF_CODE;2026-10-29 16:07:02;2;;;;
307071;2;LINES_OF_CODE;2026-10-29 16:27:13;2;;;;
307098;2;LINES_OF_CODE;2026-10-29 16:42:30;5;;;;
307075;2;LINES_OF_CODE;2026-10-29 17:29:41;4;;;;
307110;2;LINES_OF_CODE;2026-10-30 08:09:02;1;;;;
307109;2;LINES_OF_CODE;2026-10-30 08:13:56;5;;;;
307107;2;LINES_OF_CODE;2026-10-30 09:15:51;3;;;;
307114;2;LINES_OF_CODE;2026-10-30 09:35:14;7;;;;
307126;2;LINES_OF_CODE;2026-10-30 09:37:58;2;;;;
307125;2;LINES_OF_CODE;2026-10-30 09:44:18;4;;;;
307118;2;LINES_OF_CODE;2026-10-30 09:59:44;4;;;;
307105;2;LINES_OF_CODE;2026-10-30 10:11:10;7;;;;
307103;2;LINES_OF_CODE;2026-10-30 10:25:18;3;;;;
307102;2;LINES_OF_CODE;2026-10-30 10:29:39;4;;;;
307133;2;LINES_OF_CODE;2026-10-30 11:31:38;5;;;;
307104;2;LINES_OF_CODE;2026-10-30 11:50:34;8;;;;
307128;2;LINES_OF_CODE;2026-10-30 12:10:13;5;;;;
307120;2;LINES_OF_CODE;2026-10-30 12:31:45;8;;;;
307121;2;LINES_OF_CODE;2026-10-30 12:32:15;11;;;;
307115;2;LINES_OF_CODE;2026-10-30 12:39:54;9;;;;
307112;2;LINES_OF_CODE;2026-10-30 12:57:30;3;;;;
307122;2;LINES_OF_CODE;2026-10-30 13:19:56;7;;;;
307119;2;LINES_OF_CODE;2026-10-30 13:56:09;5;;;;
307113;2;LINES_OF_CODE;2026-10-30 13:58:04;3;;;;
307134;2;LINES_OF_CODE;2026-10-30 14:02:39;2;;;;
307101;2;LINES_OF_CODE;2026-10-30 14:12:47;5;;;;
307117;2;LINES_OF_CODE;2026-10-30 14:19:10;4;;;;
307111;2;LINES_OF_CODE;2026-10-30 14:53:07;7;;;;
307108;2;LINES_OF_CODE;2026-10-30 15:01:21;15;;;;
307129;2;LINES_OF_CODE;2026-10-30 15:02:40;5;;;;
307127;2;LINES_OF_CODE;2026-10-30 15:06:16;6;;;;
307123;2;LINES_OF_CODE;2026-10-30 15:20:33;9;;;;
307100;2;LINES_OF_CODE;2026-10-30 15:38:11;4;;;;
307135;2;LINES_OF_CODE;2026-10-30 15:39:41;24;;;;
307131;2;LINES_OF_CODE;2026-10-30 16:50:27;8;;;;
307116;2;LINES_OF_CODE;2026-10-30 17:01:08;6;;;;
307124;2;LINES_OF_CODE;2026-10-30 17:10:47;3;;;;
307106;2;LINES_OF_CODE;2026-10-30 17:22:10;7;;;;
307130;2;LINES_OF_CODE;2026-10-30 17:38:07;5;;;;
307132;2;LINES_OF_CODE;2026-10-30 17:46:02;12;;;;
307164;2;LINES_OF_CODE;2026-11-02 08:02:30;1;;;;
307142;2;LINES_OF_CODE;2026-11-02 09:04:48;1;;;;
307145;2;LINES_OF_CODE;2026-11-02 10:04:18;3;;;;
307157;2;LINES_OF_CODE;2026-11-02 10:38:12;2;;;;
307156;2;LINES_OF_CODE;2026-11-02 10:39:45;3;;;;
307146;2;LINES_OF_CODE;2026-11-02 10:58:08;2;;;;
307148;2;LINES_OF_CODE;2026-11-02 11:28:01;4;;;;
307139;2;LINES_OF_CODE;2026-11-02 11:44:44;1;;;;
307147;2;LINES_OF_CODE;2026-11-02 12:17:52;4;;;;
307151;2;LINES_OF_CODE;2026-11-02 12:34:30;5;;;;
307150;2;LINES_OF_CODE;2026-11-02 12:39:31;1;;;;
307141;2;LINES_OF_CODE;2026-11-02 12:56:59;2;;;;
307155;2;LINES_OF_CODE;2026-11-02 13:02:06;3;;;;
307161;2;LINES_OF_CODE;2026-11-02 13:07:54;3;;;;
307138;2;LINES_OF_CODE;2026-11-02 13:42:44;2;;;;
307165;2;LINES_OF_CODE;2026-11-02 14:01:58;2;;;;
307140;2;LINES_OF_CODE;2026-11-02 14:14:38;1;;;;
307143;2;LINES_OF_CODE;2026-11-02 14:44:30;2;;;;
307149;2;LINES_OF_CODE;2026-11-02 14:48:28;4;;;;
307154;2;LINES_OF_CODE;2026-11-02 15:07:53;2;;;;
307167;2;LINES_OF_CODE;2026-11-02 16:05:51;5;;;;
307159;2;LINES_OF_CODE;2026-11-02 16:06:18;4;;;;
307163;2;LINES_OF_CODE;2026-11-02 16:17:44;0;;;;
307168;2;LINES_OF_CODE;2026-11-02 16:19:08;13;;;;
307166;2;LINES_OF_CODE;2026-11-02 16:25:52;3;;;;
307153;2;LINES_OF_CODE;2026-11-02 16:42:42;4;;;;
307136;2;LINES_OF_CODE;2026-11-02 16:45:46;6;;;;
307144;2;LINES_OF_CODE;2026-11-02 16:55:12;3;;;;
307158;2;LINES_OF_CODE;2026-11-02 17:05:39;2;;;;
307137;2;LINES_OF_CODE;2026-11-02 17:20:44;4;;;;
307152;2;LINES_OF_CODE;2026-11-02 17:24:18;3;;;;
307162;2;LINES_OF_CODE;2026-11-02 17:31:04;4;;;;
307160;2;LINES_OF_CODE;2026-11-02 17:31:58;1;;;;
307188;2;LINES_OF_CODE;2026-11-03 08:10:17;4;;;;
307180;2;LINES_OF_CODE;2026-11-03 08:13:53;0;;;;
307182;2;LINES_OF_CODE;2026-11-03 08:50:31;5;;;;
307183;2;LINES_OF_CODE;2026-11-03 08:52:54;5;;;;
307179;2;LINES_OF_CODE;2026-11-03 09:06:18;4;;;;
307184;2;LINES_OF_CODE;2026-11-03 09:50:52;4;;;;
307172;2;LINES_OF_CODE;2026-11-03 10:06:09;0;;;;
307176;2;LINES_OF_CODE;2026-11-03 10:07:44;6;;;;
307185;2;LINES_OF_CODE;2026-11-03 11:14:55;7;;;;
307178;2;LINES_OF_CODE;2026-11-03 11:27:59;5;;;;
307192;2;LINES_OF_CODE;2026-11-03 11:52:57;6;;;;
307189;2;LINES_OF_CODE;2026-11-03 12:07:45;1;;;;
307170;2;LINES_OF_CODE;2026-11-03 13:31:35;8;;;;
307177;2;LINES_OF_CODE;2026-11-03 13:37:03;4;;;;
307186;2;LINES_OF_CODE;2026-11-03 15:04:28;7;;;;
307175;2;LINES_OF_CODE;2026-11-03 15:11:47;4;;;;
307194;2;LINES_OF_CODE;2026-11-03 15:19:07;13;;;;
307187;2;LINES_OF_CODE;2026-11-03 15:20:53;4;;;;
307171;2;LINES_OF_CODE;2026-11-03 15:56:24;4;;;;
307191;2;LINES_OF_CODE;2026-11-03 15:56:53;5;;;;
307193;2;LINES_OF_CODE;2026-11-03 16:08:31;0;;;;
307174;2;LINES_OF_CODE;2026-11-03 16:22:10;5;;;;
307190;2;LINES_OF_CODE;2026-11-03 16:29:09;4;;;;
307181;2;LINES_OF_CODE;2026-11-03 16:39:58;5;;;;
307169;2;LINES_OF_CODE;2026-11-03 17:07:14;1;;;;
307173;2;LINES_OF_CODE;2026-11-03 17:09:44;7;;;;
307230;2;LINES_OF_CODE;2026-11-04 08:16:51;3;;;;
307228;2;LINES_OF_CODE;2026-11-04 08:21:24;13;;;;
307198;2;LINES_OF_CODE;2026-11-04 08:22:21;4;;;;
307227;2;LINES_OF_CODE;2026-11-04 08:33:47;6;;;;
307223;2;LINES_OF_CODE;2026-11-04 08:38:13;5;;;;
307201;2;LINES_OF_CODE;2026-11-04 09:01:16;8;;;;
307220;2;LINES_OF_CODE;2026-11-04 09:16:42;7;;;;
307216;2;LINES_OF_CODE;2026-11-04 09:24:27;5;;;;
307202;2;LINES_OF_CODE;2026-11-04 09:24:28;11;;;;
307213;2;LINES_OF_CODE;2026-11-04 09:34:06;6;;;;
307234;2;LINES_OF_CODE;2026-11-04 10:07:06;15;;;;
307225;2;LINES_OF_CODE;2026-11-04 10:18:36;5;;;;
307210;2;LINES_OF_CODE;2026-11-04 10:33:10;5;;;;
307222;2;LINES_OF_CODE;2026-11-04 10:42:12;6;;;;
307226;2;LINES_OF_CODE;2026-11-04 10:57:27;7;;;;
307209;2;LINES_OF_CODE;2026-11-04 12:06:31;4;;;;
307196;2;LINES_OF_CODE;2026-11-04 12:08:10;7;;;;
307197;2;LINES_OF_CODE;2026-11-04 12:10:31;5;;;;
307211;2;LINES_OF_CODE;2026-11-04 12:45:08;5;;;;
307212;2;LINES_OF_CODE;2026-11-04 12:46:29;9;;;;
307214;2;LINES_OF_CODE;2026-11-04 12:46:39;5;;;;
307199;2;LINES_OF_CODE;2026-11-04 13:10:08;7;;;;
307229;2;LINES_OF_CODE;2026-11-04 13:44:37;2;;;;
307204;2;LINES_OF_CODE;2026-11-04 15:03:32;10;;;;
307200;2;LINES_OF_CODE;2026-11-04 15:10:28;4;;;;
307233;2;LINES_OF_CODE;2026-11-04 15:17:42;0;;;;
307221;2;LINES_OF_CODE;2026-11-04 15:54:07;5;;;;
307205;2;LINES_OF_CODE;2026-11-04 16:04:13;-2;;;;
307206;2;LINES_OF_CODE;2026-11-04 16:10:20;9;;;;
307224;2;LINES_OF_CODE;2026-11-04 16:10:48;4;;;;
307215;2;LINES_OF_CODE;2026-11-04 16:12:23;7;;;;
307207;2;LINES_OF_CODE;2026-11-04 16:20:23;4;;;;
307219;2;LINES_OF_CODE;2026-11-04 16:34:09;11;;;;
307195;2;LINES_OF_CODE;2026-11-04 16:48:12;10;;;;
307203;2;LINES_OF_CODE;2026-11-04 16:57:23;11;;;;
307232;2;LINES_OF_CODE;2026-11-04 17:10:33;4;;;;
307217;2;LINES_OF_CODE;2026-11-04 17:37:47;6;;;;
307208;2;LINES_OF_CODE;2026-11-04 17:39:00;0;;;;
307231;2;LINES_OF_CODE;2026-11-04 17:43:41;5;;;;
307218;2;LINES_OF_CODE;2026-11-04 17:57:03;3;;;;
307257;2;LINES_OF_CODE;2026-11-05 08:15:30;2;;;;
307245;2;LINES_OF_CODE;2026-11-05 08:28:09;3;;;;
307246;2;LINES_OF_CODE;2026-11-05 08:56:10;1;;;;
307238;2;LINES_OF_CODE;2026-11-05 08:58:40;3;;;;
307244;2;LINES_OF_CODE;2026-11-05 09:39:12;4;;;;
307242;2;LINES_OF_CODE;2026-11-05 09:43:02;2;;;;
307247;2;LINES_OF_CODE;2026-11-05 09:43:36;4;;;;
307236;2;LINES_OF_CODE;2026-11-05 09:55:43;5;;;;
307251;2;LINES_OF_CODE;2026-11-05 10:04:38;2;;;;
307254;2;LINES_OF_CODE;2026-11-05 10:07:54;1;;;;
307253;2;LINES_OF_CODE;2026-11-05 10:51:53;1;;;;
307258;2;LINES_OF_CODE;2026-11-05 12:08:27;4;;;;
307239;2;LINES_OF_CODE;2026-11-05 12:11:58;5;;;;
307249;2;LINES_OF_CODE;2026-11-05 12:14:25;2;;;;
307259;2;LINES_OF_CODE;2026-11-05 12:25:33;3;;;;
307243;2;LINES_OF_CODE;2026-11-05 14:01:55;3;;;;
307235;2;LINES_OF_CODE;2026-11-05 14:17:24;4;;;;
307250;2;LINES_OF_CODE;2026-11-05 14:28:41;3;;;;
307240;2;LINES_OF_CODE;2026-11-05 14:50:52;5;;;;
307248;2;LINES_OF_CODE;2026-11-05 15:32:19;10;;;;
307255;2;LINES_OF_CODE;2026-11-05 15:38:00;3;;;;
307252;2;LINES_OF_CODE;2026-11-05 16:11:02;6;;;;
307237;2;LINES_OF_CODE;2026-11-05 16:35:35;6;;;;
307256;2;LINES_OF_CODE;2026-11-05 16:59:43;3;;;;
307241;2;LINES_OF_CODE;2026-11-05 17:10:24;6;;;;
307260;2;LINES_OF_CODE;2026-11-05 17:53:17;15;;;;
307270;2;LINES_OF_CODE;2026-11-06 08:05:13;9;;;;
307284;2;LINES_OF_CODE;2026-11-06 08:08:10;11;;;;
307271;2;LINES_OF_CODE;2026-11-06 08:11:26;12;;;;
307266;2;LINES_OF_CODE;2026-11-06 08:33:52;10;;;;
307285;2;LINES_OF_CODE;2026-11-06 08:53:25;4;;;;
307278;2;LINES_OF_CODE;2026-11-06 08:59:14;0;;;;
307263;2;LINES_OF_CODE;2026-11-06 09:00:53;6;;;;
307265;2;LINES_OF_CODE;2026-11-06 09:04:50;7;;;;
307281;2;LINES_OF_CODE;2026-11-06 09:16:10;9;;;;
307262;2;LINES_OF_CODE;2026-11-06 09:58:21;8;;;;
307282;2;LINES_OF_CODE;2026-11-06 10:08:45;7;;;;
307280;2;LINES_OF_CODE;2026-11-06 10:30:13;4;;;;
307267;2;LINES_OF_CODE;2026-11-06 11:05:16;3;;;;
307273;2;LINES_OF_CODE;2026-11-06 11:30:44;6;;;;
307276;2;LINES_OF_CODE;2026-11-06 11:48:07;10;;;;
307286;2;LINES_OF_CODE;2026-11-06 11:52:37;8;;;;
307275;2;LINES_OF_CODE;2026-11-06 13:03:18;4;;;;
307269;2;LINES_OF_CODE;2026-11-06 13:15:03;4;;;;
307261;2;LINES_OF_CODE;2026-11-06 13:47:05;3;;;;
307268;2;LINES_OF_CODE;2026-11-06 13:59:05;3;;;;
307279;2;LINES_OF_CODE;2026-11-06 14:38:39;5;;;;
307274;2;LINES_OF_CODE;2026-11-06 14:46:13;10;;;;
307272;2;LINES_OF_CODE;2026-11-06 14:57:27;11;;;;
307264;2;LINES_OF_CODE;2026-11-06 15:59:03;4;;;;
307277;2;LINES_OF_CODE;2026-11-06 16:35:46;6;;;;
307283;2;LINES_OF_CODE;2026-11-06 17:44:37;7;;;;
307309;2;LINES_OF_CODE;2026-11-09 08:04:05;2;;;;
307296;2;LINES_OF_CODE;2026-11-09 08:17:48;6;;;;
307316;2;LINES_OF_CODE;2026-11-09 08:23:16;5;;;;
307288;2;LINES_OF_CODE;2026-11-09 08:33:23;2;;;;
307312;2;LINES_OF_CODE;2026-11-09 08:47:02;5;;;;
307301;2;LINES_OF_CODE;2026-11-09 09:17:10;4;;;;
307295;2;LINES_OF_CODE;2026-11-09 09:20:22;8;;;;
307297;2;LINES_OF_CODE;2026-11-09 09:27:02;7;;;;
307306;2;LINES_OF_CODE;2026-11-09 09:34:47;5;;;;
307290;2;LINES_OF_CODE;2026-11-09 09:52:26;4;;;;
307319;2;LINES_OF_CODE;2026-11-09 09:53:20;3;;;;
307311;2;LINES_OF_CODE;2026-11-09 10:31:06;5;;;;
307293;2;LINES_OF_CODE;2026-11-09 10:42:06;5;;;;
307291;2;LINES_OF_CODE;2026-11-09 10:47:00;4;;;;
307294;2;LINES_OF_CODE;2026-11-09 10:51:48;2;;;;
307308;2;LINES_OF_CODE;2026-11-09 11:31:52;2;;;;
307317;2;LINES_OF_CODE;2026-11-09 12:00:09;2;;;;
307299;2;LINES_OF_CODE;2026-11-09 12:06:12;3;;;;
307314;2;LINES_OF_CODE;2026-11-09 12:30:47;3;;;;
307303;2;LINES_OF_CODE;2026-11-09 12:36:36;-1;;;;
307321;2;LINES_OF_CODE;2026-11-09 12:54:05;26;;;;
307289;2;LINES_OF_CODE;2026-11-09 12:58:57;6;;;;
307292;2;LINES_OF_CODE;2026-11-09 13:00:46;3;;;;
307313;2;LINES_OF_CODE;2026-11-09 13:45:19;0;;;;
307315;2;LINES_OF_CODE;2026-11-09 14:09:48;2;;;;
307287;2;LINES_OF_CODE;2026-11-09 14:37:17;1;;;;
307302;2;LINES_OF_CODE;2026-11-09 14:45:15;4;;;;
307300;2;LINES_OF_CODE;2026-11-09 14:46:14;9;;;;
307304;2;LINES_OF_CODE;2026-11-09 14:54:32;8;;;;
307318;2;LINES_OF_CODE;2026-11-09 15:12:03;2;;;;
307320;2;LINES_OF_CODE;2026-11-09 15:25:09;0;;;;
307298;2;LINES_OF_CODE;2026-11-09 15:47:42;1;;;;
307307;2;LINES_OF_CODE;2026-11-09 16:28:29;5;;;;
307305;2;LINES_OF_CODE;2026-11-09 16:57:18;3;;;;
307310;2;LINES_OF_CODE;2026-11-09 17:45:31;5;;;;
307350;2;LINES_OF_CODE;2026-11-10 09:09:24;0;;;;
307329;2;LINES_OF_CODE;2026-11-10 09:10:15;3;;;;
307360;2;LINES_OF_CODE;2026-11-10 09:13:00;22;;;;
307331;2;LINES_OF_CODE;2026-11-10 09:13:37;2;;;;
307347;2;LINES_OF_CODE;2026-11-10 09:26:17;6;;;;
307330;2;LINES_OF_CODE;2026-11-10 09:31:31;4;;;;
307339;2;LINES_OF_CODE;2026-11-10 09:46:29;6;;;;
307325;2;LINES_OF_CODE;2026-11-10 09:59:16;3;;;;
307349;2;LINES_OF_CODE;2026-11-10 10:28:05;2;;;;
307354;2;LINES_OF_CODE;2026-11-10 10:29:05;4;;;;
307356;2;LINES_OF_CODE;2026-11-10 10:47:37;2;;;;
307343;2;LINES_OF_CODE;2026-11-10 10:55:11;4;;;;
307359;2;LINES_OF_CODE;2026-11-10 10:56:01;2;;;;
307328;2;LINES_OF_CODE;2026-11-10 10:56:09;3;;;;
307333;2;LINES_OF_CODE;2026-11-10 11:13:11;3;;;;
307344;2;LINES_OF_CODE;2026-11-10 11:13:27;2;;;;
307357;2;LINES_OF_CODE;2026-11-10 11:23:13;3;;;;
307348;2;LINES_OF_CODE;2026-11-10 11:29:44;0;;;;
307336;2;LINES_OF_CODE;2026-11-10 11:36:29;3;;;;
307345;2;LINES_OF_CODE;2026-11-10 11:55:17;2;;;;
307340;2;LINES_OF_CODE;2026-11-10 12:03:29;4;;;;
307353;2;LINES_OF_CODE;2026-11-10 12:40:13;3;;;;
307358;2;LINES_OF_CODE;2026-11-10 12:56:37;3;;;;
307341;2;LINES_OF_CODE;2026-11-10 12:58:06;2;;;;
307332;2;LINES_OF_CODE;2026-11-10 13:01:16;4;;;;
307335;2;LINES_OF_CODE;2026-11-10 13:20:37;3;;;;
307346;2;LINES_OF_CODE;2026-11-10 13:50:21;2;;;;
307322;2;LINES_OF_CODE;2026-11-10 13:55:17;5;;;;
307327;2;LINES_OF_CODE;2026-11-10 14:47:15;5;;;;
307337;2;LINES_OF_CODE;2026-11-10 15:14:30;4;;;;
307338;2;LINES_OF_CODE;2026-11-10 15:17:38;2;;;;
307355;2;LINES_OF_CODE;2026-11-10 15:24:12;2;;;;
307342;2;LINES_OF_CODE;2026-11-10 16:11:55;3;;;;
307351;2;LINES_OF_CODE;2026-11-10 16:19:18;2;;;;
307326;2;LINES_OF_CODE;2026-11-10 17:15:43;2;;;;
307324;2;LINES_OF_CODE;2026-11-10 17:17:24;3;;;;
307352;2;LINES_OF_CODE;2026-11-10 17:34:14;5;;;;
307323;2;LINES_OF_CODE;2026-11-10 17:34:20;2;;;;
307334;2;LINES_OF_CODE;2026-11-10 17:46:15;4;;;;
307373;2;LINES_OF_CODE;2026-11-11 08:04:19;7;;;;
307378;2;LINES_OF_CODE;2026-11-11 08:15:05;4;;;;
307388;2;LINES_OF_CODE;2026-11-11 09:06:57;0;;;;
307364;2;LINES_OF_CODE;2026-11-11 09:38:40;3;;;;
307376;2;LINES_OF_CODE;2026-11-11 09:57:53;3;;;;
307386;2;LINES_OF_CODE;2026-11-11 10:10:13;5;;;;
307361;2;LINES_OF_CODE;2026-11-11 10:12:42;3;;;;
307382;2;LINES_OF_CODE;2026-11-11 11:00:08;1;;;;
307374;2;LINES_OF_CODE;2026-11-11 11:08:40;3;;;;
307367;2;LINES_OF_CODE;2026-11-11 11:29:09;0;;;;
307372;2;LINES_OF_CODE;2026-11-11 12:26:58;5;;;;
307381;2;LINES_OF_CODE;2026-11-11 12:29:00;5;;;;
307387;2;LINES_OF_CODE;2026-11-11 12:48:23;1;;;;
307385;2;LINES_OF_CODE;2026-11-11 12:51:54;4;;;;
307379;2;LINES_OF_CODE;2026-11-11 13:04:07;6;;;;
307363;2;LINES_OF_CODE;2026-11-11 13:23:35;5;;;;
307362;2;LINES_OF_CODE;2026-11-11 13:26:59;3;;;;
307371;2;LINES_OF_CODE;2026-11-11 13:53:50;7;;;;
307380;2;LINES_OF_CODE;2026-11-11 14:05:38;8;;;;
307383;2;LINES_OF_CODE;2026-11-11 14:19:15;2;;;;
307377;2;LINES_OF_CODE;2026-11-11 14:32:01;3;;;;
307390;2;LINES_OF_CODE;2026-11-11 14:53:51;13;;;;
307370;2;LINES_OF_CODE;2026-11-11 15:29:47;9;;;;
307389;2;LINES_OF_CODE;2026-11-11 15:59:26;4;;;;
307384;2;LINES_OF_CODE;2026-11-11 16:59:17;0;;;;
307368;2;LINES_OF_CODE;2026-11-11 17:08:01;5;;;;
307369;2;LINES_OF_CODE;2026-11-11 17:28:11;7;;;;
307375;2;LINES_OF_CODE;2026-11-11 17:45:53;8;;;;
307366;2;LINES_OF_CODE;2026-11-11 17:53:59;4;;;;
307365;2;LINES_OF_CODE;2026-11-11 17:58:05;3;;;;
307408;2;LINES_OF_CODE;2026-11-12 09:29:19;2;;;;
307413;2;LINES_OF_CODE;2026-11-12 09:29:32;7;;;;
307391;2;LINES_OF_CODE;2026-11-12 09:49:42;7;;;;
307412;2;LINES_OF_CODE;2026-11-12 10:14:27;4;;;;
307394;2;LINES_OF_CODE;2026-11-12 10:34:40;5;;;;
307392;2;LINES_OF_CODE;2026-11-12 11:19:07;5;;;;
307399;2;LINES_OF_CODE;2026-11-12 11:41:31;9;;;;
307405;2;LINES_OF_CODE;2026-11-12 12:12:05;2;;;;
307395;2;LINES_OF_CODE;2026-11-12 12:54:43;5;;;;
307401;2;LINES_OF_CODE;2026-11-12 12:56:23;2;;;;
307397;2;LINES_OF_CODE;2026-11-12 13:04:24;10;;;;
307398;2;LINES_OF_CODE;2026-11-12 13:38:03;0;;;;
307407;2;LINES_OF_CODE;2026-11-12 13:45:13;8;;;;
307403;2;LINES_OF_CODE;2026-11-12 13:45:27;9;;;;
307393;2;LINES_OF_CODE;2026-11-12 13:57:45;1;;;;
307410;2;LINES_OF_CODE;2026-11-12 14:03:18;3;;;;
307402;2;LINES_OF_CODE;2026-11-12 14:06:11;4;;;;
307416;2;LINES_OF_CODE;2026-11-12 15:41:35;6;;;;
307414;2;LINES_OF_CODE;2026-11-12 16:05:31;1;;;;
307400;2;LINES_OF_CODE;2026-11-12 16:14:56;1;;;;
307396;2;LINES_OF_CODE;2026-11-12 16:52:37;7;;;;
307409;2;LINES_OF_CODE;2026-11-12 17:22:26;9;;;;
307404;2;LINES_OF_CODE;2026-11-12 17:37:02;6;;;;
307411;2;LINES_OF_CODE;2026-11-12 17:39:45;5;;;;
307415;2;LINES_OF_CODE;2026-11-12 17:47:36;10;;;;
307406;2;LINES_OF_CODE;2026-11-12 17:50:57;6;;;;
307446;2;LINES_OF_CODE;2026-11-13 08:02:10;7;;;;
307442;2;LINES_OF_CODE;2026-11-13 08:17:16;21;;;;
307420;2;LINES_OF_CODE;2026-11-13 08:40:20;5;;;;
307439;2;LINES_OF_CODE;2026-11-13 09:50:14;9;;;;
307424;2;LINES_OF_CODE;2026-11-13 10:29:56;2;;;;
307437;2;LINES_OF_CODE;2026-11-13 10:37:28;11;;;;
307419;2;LINES_OF_CODE;2026-11-13 10:40:36;6;;;;
307425;2;LINES_OF_CODE;2026-11-13 10:48:08;15;;;;
307417;2;LINES_OF_CODE;2026-11-13 10:59:43;4;;;;
307441;2;LINES_OF_CODE;2026-11-13 11:10:09;7;;;;
307443;2;LINES_OF_CODE;2026-11-13 11:25:48;8;;;;
307440;2;LINES_OF_CODE;2026-11-13 11:39:51;18;;;;
307428;2;LINES_OF_CODE;2026-11-13 12:11:32;11;;;;
307433;2;LINES_OF_CODE;2026-11-13 12:57:12;11;;;;
307434;2;LINES_OF_CODE;2026-11-13 13:16:04;5;;;;
307429;2;LINES_OF_CODE;2026-11-13 13:37:40;18;;;;
307445;2;LINES_OF_CODE;2026-11-13 13:48:24;2;;;;
307421;2;LINES_OF_CODE;2026-11-13 13:50:56;11;;;;
307423;2;LINES_OF_CODE;2026-11-13 14:15:01;7;;;;
307430;2;LINES_OF_CODE;2026-11-13 14:24:38;8;;;;
307438;2;LINES_OF_CODE;2026-11-13 14:46:49;-4;;;;
307431;2;LINES_OF_CODE;2026-11-13 14:54:10;12;;;;
307435;2;LINES_OF_CODE;2026-11-13 15:09:40;5;;;;
307418;2;LINES_OF_CODE;2026-11-13 15:10:57;9;;;;
307436;2;LINES_OF_CODE;2026-11-13 15:35:27;14;;;;
307427;2;LINES_OF_CODE;2026-11-13 15:37:28;10;;;;
307432;2;LINES_OF_CODE;2026-11-13 16:17:03;4;;;;
307426;2;LINES_OF_CODE;2026-11-13 16:25:35;3;;;;
307447;2;LINES_OF_CODE;2026-11-13 17:04:56;92;;;;
307444;2;LINES_OF_CODE;2026-11-13 17:17:33;12;;;;
307422;2;LINES_OF_CODE;2026-11-13 17:51:06;1;;;;
307464;2;LINES_OF_CODE;2026-11-16 08:28:02;6;;;;
307449;2;LINES_OF_CODE;2026-11-16 08:30:26;6;;;;
307461;2;LINES_OF_CODE;2026-11-16 08:33:15;4;;;;
307471;2;LINES_OF_CODE;2026-11-16 08:36:00;3;;;;
307475;2;LINES_OF_CODE;2026-11-16 09:06:14;3;;;;
307450;2;LINES_OF_CODE;2026-11-16 09:13:56;3;;;;
307467;2;LINES_OF_CODE;2026-11-16 09:45:22;1;;;;
307476;2;LINES_OF_CODE;2026-11-16 10:03:03;7;;;;
307481;2;LINES_OF_CODE;2026-11-16 10:09:06;1;;;;
307480;2;LINES_OF_CODE;2026-11-16 10:19:58;3;;;;
307469;2;LINES_OF_CODE;2026-11-16 10:20:50;7;;;;
307448;2;LINES_OF_CODE;2026-11-16 10:31:05;2;;;;
307478;2;LINES_OF_CODE;2026-11-16 10:57:10;1;;;;
307472;2;LINES_OF_CODE;2026-11-16 11:08:19;11;;;;
307453;2;LINES_OF_CODE;2026-11-16 11:22:46;4;;;;
307468;2;LINES_OF_CODE;2026-11-16 11:36:58;6;;;;
307479;2;LINES_OF_CODE;2026-11-16 12:14:46;6;;;;
307473;2;LINES_OF_CODE;2026-11-16 12:15:42;3;;;;
307465;2;LINES_OF_CODE;2026-11-16 12:18:05;6;;;;
307458;2;LINES_OF_CODE;2026-11-16 12:26:30;1;;;;
307460;2;LINES_OF_CODE;2026-11-16 12:34:07;3;;;;
307457;2;LINES_OF_CODE;2026-11-16 13:43:00;3;;;;
307463;2;LINES_OF_CODE;2026-11-16 14:24:00;3;;;;
307454;2;LINES_OF_CODE;2026-11-16 14:26:02;4;;;;
307474;2;LINES_OF_CODE;2026-11-16 15:16:27;5;;;;
307459;2;LINES_OF_CODE;2026-11-16 15:31:42;5;;;;
307462;2;LINES_OF_CODE;2026-11-16 15:33:01;1;;;;
307451;2;LINES_OF_CODE;2026-11-16 15:39:34;6;;;;
307456;2;LINES_OF_CODE;2026-11-16 15:44:25;3;;;;
307470;2;LINES_OF_CODE;2026-11-16 16:22:57;8;;;;
307477;2;LINES_OF_CODE;2026-11-16 16:28:14;6;;;;
307455;2;LINES_OF_CODE;2026-11-16 17:09:12;5;;;;
307482;2;LINES_OF_CODE;2026-11-16 17:32:14;22;;;;
307452;2;LINES_OF_CODE;2026-11-16 17:40:41;1;;;;
307466;2;LINES_OF_CODE;2026-11-16 17:45:04;3;;;;
307496;2;LINES_OF_CODE;2026-11-17 08:04:18;12;;;;
307509;2;LINES_OF_CODE;2026-11-17 08:10:02;6;;;;
307511;2;LINES_OF_CODE;2026-11-17 08:37:47;5;;;;
307490;2;LINES_OF_CODE;2026-11-17 08:43:09;4;;;;
307491;2;LINES_OF_CODE;2026-11-17 09:27:05;12;;;;
307512;2;LINES_OF_CODE;2026-11-17 09:27:15;7;;;;
307502;2;LINES_OF_CODE;2026-11-17 09:36:49;2;;;;
307498;2;LINES_OF_CODE;2026-11-17 10:37:07;6;;;;
307489;2;LINES_OF_CODE;2026-11-17 11:30:01;4;;;;
307487;2;LINES_OF_CODE;2026-11-17 12:17:20;11;;;;
307501;2;LINES_OF_CODE;2026-11-17 12:33:21;3;;;;
307495;2;LINES_OF_CODE;2026-11-17 13:05:34;11;;;;
307507;2;LINES_OF_CODE;2026-11-17 13:25:02;8;;;;
307485;2;LINES_OF_CODE;2026-11-17 13:26:59;13;;;;
307504;2;LINES_OF_CODE;2026-11-17 13:32:37;2;;;;
307500;2;LINES_OF_CODE;2026-11-17 13:42:44;13;;;;
307508;2;LINES_OF_CODE;2026-11-17 15:28:47;9;;;;
307492;2;LINES_OF_CODE;2026-11-17 16:14:43;2;;;;
307488;2;LINES_OF_CODE;2026-11-17 16:28:40;6;;;;
307497;2;LINES_OF_CODE;2026-11-17 16:30:54;9;;;;
307505;2;LINES_OF_CODE;2026-11-17 16:35:44;3;;;;
307499;2;LINES_OF_CODE;2026-11-17 16:39:08;6;;;;
307484;2;LINES_OF_CODE;2026-11-17 16:45:33;12;;;;
307506;2;LINES_OF_CODE;2026-11-17 16:49:00;4;;;;
307503;2;LINES_OF_CODE;2026-11-17 17:07:13;9;;;;
307494;2;LINES_OF_CODE;2026-11-17 17:15:45;7;;;;
307486;2;LINES_OF_CODE;2026-11-17 17:21:24;10;;;;
307493;2;LINES_OF_CODE;2026-11-17 17:44:55;15;;;;
307483;2;LINES_OF_CODE;2026-11-17 17:47:34;3;;;;
307510;2;LINES_OF_CODE;2026-11-17 17:59:28;14;;;;
307546;2;LINES_OF_CODE;2026-11-18 08:21:44;3;;;;
307536;2;LINES_OF_CODE;2026-11-18 08:23:12;5;;;;
307539;2;LINES_OF_CODE;2026-11-18 08:40:30;4;;;;
307530;2;LINES_OF_CODE;2026-11-18 08:42:31;2;;;;
307541;2;LINES_OF_CODE;2026-11-18 08:47:36;4;;;;
307538;2;LINES_OF_CODE;2026-11-18 08:51:23;3;;;;
307548;2;LINES_OF_CODE;2026-11-18 09:08:19;6;;;;
307514;2;LINES_OF_CODE;2026-11-18 09:25:48;5;;;;
307542;2;LINES_OF_CODE;2026-11-18 09:26:35;5;;;;
307551;2;LINES_OF_CODE;2026-11-18 09:37:40;4;;;;
307518;2;LINES_OF_CODE;2026-11-18 09:54:25;6;;;;
307545;2;LINES_OF_CODE;2026-11-18 10:06:47;5;;;;
307526;2;LINES_OF_CODE;2026-11-18 10:24:56;0;;;;
307550;2;LINES_OF_CODE;2026-11-18 11:14:48;1;;;;
307532;2;LINES_OF_CODE;2026-11-18 11:24:02;0;;;;
307523;2;LINES_OF_CODE;2026-11-18 11:47:10;7;;;;
307549;2;LINES_OF_CODE;2026-11-18 11:51:56;2;;;;
307537;2;LINES_OF_CODE;2026-11-18 11:52:36;5;;;;
307552;2;LINES_OF_CODE;2026-11-18 12:01:50;22;;;;
307519;2;LINES_OF_CODE;2026-11-18 12:45:13;6;;;;
307540;2;LINES_OF_CODE;2026-11-18 12:50:39;5;;;;
307527;2;LINES_OF_CODE;2026-11-18 13:00:32;4;;;;
307531;2;LINES_OF_CODE;2026-11-18 13:15:28;2;;;;
307533;2;LINES_OF_CODE;2026-11-18 13:32:52;0;;;;
307543;2;LINES_OF_CODE;2026-11-18 13:39:50;8;;;;
307521;2;LINES_OF_CODE;2026-11-18 14:07:25;0;;;;
307513;2;LINES_OF_CODE;2026-11-18 14:15:58;8;;;;
307520;2;LINES_OF_CODE;2026-11-18 14:21:58;3;;;;
307515;2;LINES_OF_CODE;2026-11-18 14:43:19;2;;;;
307524;2;LINES_OF_CODE;2026-11-18 15:04:41;2;;;;
307535;2;LINES_OF_CODE;2026-11-18 15:08:13;4;;;;
307547;2;LINES_OF_CODE;2026-11-18 15:47:14;3;;;;
307517;2;LINES_OF_CODE;2026-11-18 16:27:32;8;;;;
307522;2;LINES_OF_CODE;2026-11-18 16:35:47;7;;;;
307528;2;LINES_OF_CODE;2026-11-18 16:38:07;5;;;;
307544;2;LINES_OF_CODE;2026-11-18 16:43:57;3;;;;
307529;2;LINES_OF_CODE;2026-11-18 17:07:55;3;;;;
307534;2;LINES_OF_CODE;2026-11-18 17:14:18;1;;;;
307516;2;LINES_OF_CODE;2026-11-18 17:27:44;3;;;;
307525;2;LINES_OF_CODE;2026-11-18 17:42:20;5;;;;
307555;2;LINES_OF_CODE;2026-11-19 08:02:57;10;;;;
307558;2;LINES_OF_CODE;2026-11-19 08:22:51;4;;;;
307580;2;LINES_OF_CODE;2026-11-19 08:23:59;3;;;;
307573;2;LINES_OF_CODE;2026-11-19 08:39:54;4;;;;
307575;2;LINES_OF_CODE;2026-11-19 09:15:54;1;;;;
307559;2;LINES_OF_CODE;2026-11-19 09:59:53;4;;;;
307571;2;LINES_OF_CODE;2026-11-19 10:02:20;6;;;;
307576;2;LINES_OF_CODE;2026-11-19 10:19:26;4;;;;
307567;2;LINES_OF_CODE;2026-11-19 10:23:53;6;;;;
307569;2;LINES_OF_CODE;2026-11-19 10:27:05;3;;;;
307562;2;LINES_OF_CODE;2026-11-19 10:39:02;3;;;;
307572;2;LINES_OF_CODE;2026-11-19 10:55:40;7;;;;
307557;2;LINES_OF_CODE;2026-11-19 11:19:04;5;;;;
307585;2;LINES_OF_CODE;2026-11-19 11:19:27;27;;;;
307582;2;LINES_OF_CODE;2026-11-19 11:36:00;0;;;;
307583;2;LINES_OF_CODE;2026-11-19 12:04:28;0;;;;
307570;2;LINES_OF_CODE;2026-11-19 12:27:40;4;;;;
307578;2;LINES_OF_CODE;2026-11-19 12:34:30;4;;;;
307565;2;LINES_OF_CODE;2026-11-19 13:06:58;2;;;;
307553;2;LINES_OF_CODE;2026-11-19 13:29:39;7;;;;
307564;2;LINES_OF_CODE;2026-11-19 13:43:47;6;;;;
307574;2;LINES_OF_CODE;2026-11-19 13:45:07;4;;;;
307581;2;LINES_OF_CODE;2026-11-19 13:56:49;1;;;;
307560;2;LINES_OF_CODE;2026-11-19 14:48:04;7;;;;
307584;2;LINES_OF_CODE;2026-11-19 15:25:37;9;;;;
307568;2;LINES_OF_CODE;2026-11-19 15:38:12;3;;;;
307554;2;LINES_OF_CODE;2026-11-19 16:21:05;5;;;;
307561;2;LINES_OF_CODE;2026-11-19 16:38:43;5;;;;
307566;2;LINES_OF_CODE;2026-11-19 16:50:59;4;;;;
307577;2;LINES_OF_CODE;2026-11-19 16:53:28;6;;;;
307563;2;LINES_OF_CODE;2026-11-19 16:57:53;3;;;;
307556;2;LINES_OF_CODE;2026-11-19 16:58:11;0;;;;
307579;2;LINES_OF_CODE;2026-11-19 17:44:59;4;;;;
307598;2;LINES_OF_CODE;2026-11-20 08:38:07;6;;;;
307613;2;LINES_OF_CODE;2026-11-20 09:12:59;3;;;;
307590;2;LINES_OF_CODE;2026-11-20 09:33:49;3;;;;
307599;2;LINES_OF_CODE;2026-11-20 10:00:01;6;;;;
307602;2;LINES_OF_CODE;2026-11-20 10:00:01;6;;;;
307594;2;LINES_OF_CODE;2026-11-20 10:19:51;9;;;;
307600;2;LINES_OF_CODE;2026-11-20 11:11:33;3;;;;
307603;2;LINES_OF_CODE;2026-11-20 11:15:30;6;;;;
307606;2;LINES_OF_CODE;2026-11-20 11:18:21;6;;;;
307615;2;LINES_OF_CODE;2026-11-20 11:19:02;0;;;;
307589;2;LINES_OF_CODE;2026-11-20 11:20:52;5;;;;
307592;2;LINES_OF_CODE;2026-11-20 11:28:27;5;;;;
307586;2;LINES_OF_CODE;2026-11-20 11:48:16;4;;;;
307609;2;LINES_OF_CODE;2026-11-20 11:48:29;5;;;;
307587;2;LINES_OF_CODE;2026-11-20 12:08:47;5;;;;
307610;2;LINES_OF_CODE;2026-11-20 12:09:49;5;;;;
307616;2;LINES_OF_CODE;2026-11-20 12:31:14;0;;;;
307601;2;LINES_OF_CODE;2026-11-20 12:38:38;6;;;;
307605;2;LINES_OF_CODE;2026-11-20 12:51:23;5;;;;
307597;2;LINES_OF_CODE;2026-11-20 13:23:21;2;;;;
307614;2;LINES_OF_CODE;2026-11-20 14:13:45;1;;;;
307595;2;LINES_OF_CODE;2026-11-20 14:43:33;2;;;;
307612;2;LINES_OF_CODE;2026-11-20 14:58:23;6;;;;
307596;2;LINES_OF_CODE;2026-11-20 14:58:43;7;;;;
307593;2;LINES_OF_CODE;2026-11-20 15:57:05;5;;;;
307611;2;LINES_OF_CODE;2026-11-20 16:06:39;0;;;;
307607;2;LINES_OF_CODE;2026-11-20 16:21:06;7;;;;
307608;2;LINES_OF_CODE;2026-11-20 16:43:39;6;;;;
307591;2;LINES_OF_CODE;2026-11-20 17:13:05;4;;;;
307588;2;LINES_OF_CODE;2026-11-20 17:50:40;5;;;;
307604;2;LINES_OF_CODE;2026-11-20 17:53:37;4;;;;
307628;2;LINES_OF_CODE;2026-11-23 08:03:43;4;;;;
307633;2;LINES_OF_CODE;2026-11-23 08:24:52;4;;;;
307644;2;LINES_OF_CODE;2026-11-23 08:46:54;5;;;;
307638;2;LINES_OF_CODE;2026-11-23 09:08:31;1;;;;
307629;2;LINES_OF_CODE;2026-11-23 09:14:54;8;;;;
307639;2;LINES_OF_CODE;2026-11-23 09:17:07;9;;;;
307636;2;LINES_OF_CODE;2026-11-23 09:38:35;2;;;;
307634;2;LINES_OF_CODE;2026-11-23 09:50:24;5;;;;
307623;2;LINES_OF_CODE;2026-11-23 11:09:28;8;;;;
307620;2;LINES_OF_CODE;2026-11-23 11:23:18;6;;;;
307618;2;LINES_OF_CODE;2026-11-23 11:55:31;1;;;;
307625;2;LINES_OF_CODE;2026-11-23 12:04:30;7;;;;
307635;2;LINES_OF_CODE;2026-11-23 12:07:08;6;;;;
307617;2;LINES_OF_CODE;2026-11-23 12:53:10;6;;;;
307642;2;LINES_OF_CODE;2026-11-23 12:59:49;3;;;;
307641;2;LINES_OF_CODE;2026-11-23 13:21:10;5;;;;
307645;2;LINES_OF_CODE;2026-11-23 13:38:17;40;;;;
307637;2;LINES_OF_CODE;2026-11-23 13:38:31;3;;;;
307640;2;LINES_OF_CODE;2026-11-23 14:06:08;7;;;;
307631;2;LINES_OF_CODE;2026-11-23 14:14:57;7;;;;
307627;2;LINES_OF_CODE;2026-11-23 14:25:47;4;;;;
307619;2;LINES_OF_CODE;2026-11-23 15:14:21;3;;;;
307624;2;LINES_OF_CODE;2026-11-23 15:48:33;3;;;;
307621;2;LINES_OF_CODE;2026-11-23 16:01:13;5;;;;
307643;2;LINES_OF_CODE;2026-11-23 16:35:34;3;;;;
307630;2;LINES_OF_CODE;2026-11-23 16:38:10;5;;;;
307622;2;LINES_OF_CODE;2026-11-23 16:50:54;1;;;;
307626;2;LINES_OF_CODE;2026-11-23 17:28:27;5;;;;
307632;2;LINES_OF_CODE;2026-11-23 17:31:28;5;;;;
307667;2;LINES_OF_CODE;2026-11-24 08:08:37;5;;;;
307656;2;LINES_OF_CODE;2026-11-24 08:56:27;7;;;;
307652;2;LINES_OF_CODE;2026-11-24 09:00:53;4;;;;
307668;2;LINES_OF_CODE;2026-11-24 09:09:07;4;;;;
307651;2;LINES_OF_CODE;2026-11-24 09:28:24;5;;;;
307657;2;LINES_OF_CODE;2026-11-24 09:35:53;9;;;;
307661;2;LINES_OF_CODE;2026-11-24 09:52:00;9;;;;
307649;2;LINES_OF_CODE;2026-11-24 09:58:49;5;;;;
307664;2;LINES_OF_CODE;2026-11-24 10:25:24;6;;;;
307654;2;LINES_OF_CODE;2026-11-24 10:27:54;9;;;;
307663;2;LINES_OF_CODE;2026-11-24 11:04:25;4;;;;
307646;2;LINES_OF_CODE;2026-11-24 11:07:51;4;;;;
307655;2;LINES_OF_CODE;2026-11-24 11:28:25;6;;;;
307648;2;LINES_OF_CODE;2026-11-24 11:58:19;8;;;;
307659;2;LINES_OF_CODE;2026-11-24 12:43:15;6;;;;
307647;2;LINES_OF_CODE;2026-11-24 13:00:53;5;;;;
307670;2;LINES_OF_CODE;2026-11-24 13:02:23;0;;;;
307660;2;LINES_OF_CODE;2026-11-24 13:14:48;9;;;;
307671;2;LINES_OF_CODE;2026-11-24 13:33:34;0;;;;
307650;2;LINES_OF_CODE;2026-11-24 13:58:33;5;;;;
307665;2;LINES_OF_CODE;2026-11-24 14:14:46;10;;;;
307662;2;LINES_OF_CODE;2026-11-24 14:50:34;9;;;;
307658;2;LINES_OF_CODE;2026-11-24 14:51:04;5;;;;
307666;2;LINES_OF_CODE;2026-11-24 15:19:06;7;;;;
307653;2;LINES_OF_CODE;2026-11-24 15:40:42;5;;;;
307669;2;LINES_OF_CODE;2026-11-24 15:43:10;0;;;;
307685;2;LINES_OF_CODE;2026-11-25 08:12:36;5;;;;
307705;2;LINES_OF_CODE;2026-11-25 08:20:09;7;;;;
307674;2;LINES_OF_CODE;2026-11-25 08:36:15;4;;;;
307688;2;LINES_OF_CODE;2026-11-25 09:10:15;7;;;;
307696;2;LINES_OF_CODE;2026-11-25 09:14:17;7;;;;
307702;2;LINES_OF_CODE;2026-11-25 09:17:47;4;;;;
307673;2;LINES_OF_CODE;2026-11-25 09:42:03;7;;;;
307675;2;LINES_OF_CODE;2026-11-25 10:14:17;9;;;;
307690;2;LINES_OF_CODE;2026-11-25 10:14:31;8;;;;
307682;2;LINES_OF_CODE;2026-11-25 10:28:58;0;;;;
307679;2;LINES_OF_CODE;2026-11-25 10:32:41;7;;;;
307698;2;LINES_OF_CODE;2026-11-25 10:38:00;6;;;;
307681;2;LINES_OF_CODE;2026-11-25 11:00:21;6;;;;
307686;2;LINES_OF_CODE;2026-11-25 11:26:49;0;;;;
307676;2;LINES_OF_CODE;2026-11-25 11:28:01;6;;;;
307699;2;LINES_OF_CODE;2026-11-25 11:59:09;6;;;;
307691;2;LINES_OF_CODE;2026-11-25 12:19:51;7;;;;
307687;2;LINES_OF_CODE;2026-11-25 12:47:28;6;;;;
307692;2;LINES_OF_CODE;2026-11-25 13:27:30;2;;;;
307707;2;LINES_OF_CODE;2026-11-25 13:35:55;4;;;;
307694;2;LINES_OF_CODE;2026-11-25 13:41:30;10;;;;
307701;2;LINES_OF_CODE;2026-11-25 14:05:25;7;;;;
307708;2;LINES_OF_CODE;2026-11-25 14:17:05;35;;;;
307672;2;LINES_OF_CODE;2026-11-25 14:17:07;7;;;;
307684;2;LINES_OF_CODE;2026-11-25 14:41:55;5;;;;
307697;2;LINES_OF_CODE;2026-11-25 15:09:40;6;;;;
307700;2;LINES_OF_CODE;2026-11-25 15:20:43;4;;;;
307683;2;LINES_OF_CODE;2026-11-25 15:30:42;2;;;;
307706;2;LINES_OF_CODE;2026-11-25 15:34:17;7;;;;
307693;2;LINES_OF_CODE;2026-11-25 16:28:24;9;;;;
307677;2;LINES_OF_CODE;2026-11-25 16:55:40;6;;;;
307680;2;LINES_OF_CODE;2026-11-25 17:09:58;4;;;;
307704;2;LINES_OF_CODE;2026-11-25 17:15:32;2;;;;
307678;2;LINES_OF_CODE;2026-11-25 17:17:20;6;;;;
307703;2;LINES_OF_CODE;2026-11-25 17:19:19;7;;;;
307695;2;LINES_OF_CODE;2026-11-25 17:25:39;8;;;;
307689;2;LINES_OF_CODE;2026-11-25 17:37:07;2;;;;
307709;2;LINES_OF_CODE;2026-11-26 08:31:43;4;;;;
307739;2;LINES_OF_CODE;2026-11-26 08:43:22;5;;;;
307717;2;LINES_OF_CODE;2026-11-26 09:03:15;4;;;;
307720;2;LINES_OF_CODE;2026-11-26 09:25:29;6;;;;
307732;2;LINES_OF_CODE;2026-11-26 09:29:34;1;;;;
307737;2;LINES_OF_CODE;2026-11-26 09:31:52;6;;;;
307733;2;LINES_OF_CODE;2026-11-26 09:45:11;5;;;;
307716;2;LINES_OF_CODE;2026-11-26 09:45:51;1;;;;
307721;2;LINES_OF_CODE;2026-11-26 09:48:43;5;;;;
307715;2;LINES_OF_CODE;2026-11-26 10:30:00;1;;;;
307745;2;LINES_OF_CODE;2026-11-26 10:39:54;2;;;;
307728;2;LINES_OF_CODE;2026-11-26 10:59:42;3;;;;
307744;2;LINES_OF_CODE;2026-11-26 11:34:44;3;;;;
307710;2;LINES_OF_CODE;2026-11-26 11:55:55;4;;;;
307729;2;LINES_OF_CODE;2026-11-26 12:04:18;1;;;;
307714;2;LINES_OF_CODE;2026-11-26 12:08:08;3;;;;
307736;2;LINES_OF_CODE;2026-11-26 12:15:11;5;;;;
307724;2;LINES_OF_CODE;2026-11-26 12:15:37;0;;;;
307730;2;LINES_OF_CODE;2026-11-26 12:47:09;2;;;;
307727;2;LINES_OF_CODE;2026-11-26 12:48:32;3;;;;
307731;2;LINES_OF_CODE;2026-11-26 12:51:58;2;;;;
307743;2;LINES_OF_CODE;2026-11-26 12:58:50;4;;;;
307725;2;LINES_OF_CODE;2026-11-26 13:05:15;1;;;;
307711;2;LINES_OF_CODE;2026-11-26 13:37:32;2;;;;
307723;2;LINES_OF_CODE;2026-11-26 13:44:48;7;;;;
307726;2;LINES_OF_CODE;2026-11-26 13:46:53;3;;;;
307712;2;LINES_OF_CODE;2026-11-26 13:56:48;5;;;;
307722;2;LINES_OF_CODE;2026-11-26 14:26:36;5;;;;
307740;2;LINES_OF_CODE;2026-11-26 14:35:15;4;;;;
307734;2;LINES_OF_CODE;2026-11-26 14:53:44;1;;;;
307719;2;LINES_OF_CODE;2026-11-26 15:42:52;2;;;;
307713;2;LINES_OF_CODE;2026-11-26 15:44:15;2;;;;
307746;2;LINES_OF_CODE;2026-11-26 15:57:03;13;;;;
307741;2;LINES_OF_CODE;2026-11-26 16:30:30;4;;;;
307718;2;LINES_OF_CODE;2026-11-26 17:27:12;1;;;;
307738;2;LINES_OF_CODE;2026-11-26 17:29:33;4;;;;
307742;2;LINES_OF_CODE;2026-11-26 17:30:48;0;;;;
307735;2;LINES_OF_CODE;2026-11-26 17:39:08;3;;;;
307750;2;LINES_OF_CODE;2026-11-27 08:05:07;2;;;;
307769;2;LINES_OF_CODE;2026-11-27 08:28:21;2;;;;
307763;2;LINES_OF_CODE;2026-11-27 08:50:51;6;;;;
307770;2;LINES_OF_CODE;2026-11-27 09:05:24;9;;;;
307762;2;LINES_OF_CODE;2026-11-27 09:36:14;3;;;;
307758;2;LINES_OF_CODE;2026-11-27 10:21:51;6;;;;
307766;2;LINES_OF_CODE;2026-11-27 10:36:00;8;;;;
307771;2;LINES_OF_CODE;2026-11-27 10:50:31;4;;;;
307764;2;LINES_OF_CODE;2026-11-27 11:10:29;7;;;;
307759;2;LINES_OF_CODE;2026-11-27 11:58:28;1;;;;
307772;2;LINES_OF_CODE;2026-11-27 12:06:55;0;;;;
307749;2;LINES_OF_CODE;2026-11-27 12:11:20;7;;;;
307748;2;LINES_OF_CODE;2026-11-27 12:14:48;10;;;;
307768;2;LINES_OF_CODE;2026-11-27 13:15:28;2;;;;
307767;2;LINES_OF_CODE;2026-11-27 13:27:57;11;;;;
307755;2;LINES_OF_CODE;2026-11-27 13:33:59;10;;;;
307765;2;LINES_OF_CODE;2026-11-27 13:45:22;3;;;;
307757;2;LINES_OF_CODE;2026-11-27 13:46:37;9;;;;
307754;2;LINES_OF_CODE;2026-11-27 13:59:41;8;;;;
307774;2;LINES_OF_CODE;2026-11-27 14:03:44;0;;;;
307761;2;LINES_OF_CODE;2026-11-27 14:20:24;12;;;;
307752;2;LINES_OF_CODE;2026-11-27 15:10:00;6;;;;
307756;2;LINES_OF_CODE;2026-11-27 15:46:09;7;;;;
307751;2;LINES_OF_CODE;2026-11-27 16:05:06;8;;;;
307747;2;LINES_OF_CODE;2026-11-27 16:20:19;4;;;;
307760;2;LINES_OF_CODE;2026-11-27 16:29:20;10;;;;
307753;2;LINES_OF_CODE;2026-11-27 17:27:55;7;;;;
307773;2;LINES_OF_CODE;2026-11-27 17:40:38;0;;;;
307783;2;LINES_OF_CODE;2026-11-30 08:22:40;4;;;;
307805;2;LINES_OF_CODE;2026-11-30 08:39:38;4;;;;
307801;2;LINES_OF_CODE;2026-11-30 09:30:07;1;;;;
307775;2;LINES_OF_CODE;2026-11-30 10:11:22;4;;;;
307799;2;LINES_OF_CODE;2026-11-30 10:59:43;7;;;;
307793;2;LINES_OF_CODE;2026-11-30 11:33:48;1;;;;
307779;2;LINES_OF_CODE;2026-11-30 11:41:23;9;;;;
307802;2;LINES_OF_CODE;2026-11-30 11:43:12;3;;;;
307806;2;LINES_OF_CODE;2026-11-30 11:47:38;4;;;;
307810;2;LINES_OF_CODE;2026-11-30 11:58:16;5;;;;
307777;2;LINES_OF_CODE;2026-11-30 12:04:00;7;;;;
307809;2;LINES_OF_CODE;2026-11-30 12:22:54;4;;;;
307778;2;LINES_OF_CODE;2026-11-30 12:39:01;3;;;;
307798;2;LINES_OF_CODE;2026-11-30 12:48:34;8;;;;
307787;2;LINES_OF_CODE;2026-11-30 13:02:11;5;;;;
307788;2;LINES_OF_CODE;2026-11-30 13:02:13;7;;;;
307811;2;LINES_OF_CODE;2026-11-30 13:11:35;3;;;;
307776;2;LINES_OF_CODE;2026-11-30 13:17:54;8;;;;
307781;2;LINES_OF_CODE;2026-11-30 13:34:19;5;;;;
307789;2;LINES_OF_CODE;2026-11-30 13:47:04;6;;;;
307782;2;LINES_OF_CODE;2026-11-30 13:49:18;6;;;;
307784;2;LINES_OF_CODE;2026-11-30 14:01:46;2;;;;
307807;2;LINES_OF_CODE;2026-11-30 14:23:31;1;;;;
307785;2;LINES_OF_CODE;2026-11-30 14:27:07;4;;;;
307795;2;LINES_OF_CODE;2026-11-30 14:27:51;3;;;;
307797;2;LINES_OF_CODE;2026-11-30 14:39:54;5;;;;
307808;2;LINES_OF_CODE;2026-11-30 15:15:53;6;;;;
307791;2;LINES_OF_CODE;2026-11-30 15:17:20;1;;;;
307803;2;LINES_OF_CODE;2026-11-30 15:46:20;5;;;;
307792;2;LINES_OF_CODE;2026-11-30 16:00:11;6;;;;
307790;2;LINES_OF_CODE;2026-11-30 16:27:35;0;;;;
307796;2;LINES_OF_CODE;2026-11-30 16:37:16;3;;;;
307786;2;LINES_OF_CODE;2026-11-30 16:38:46;2;;;;
307780;2;LINES_OF_CODE;2026-11-30 16:46:03;3;;;;
307804;2;LINES_OF_CODE;2026-11-30 16:49:34;8;;;;
307794;2;LINES_OF_CODE;2026-11-30 17:00:32;3;;;;
307800;2;LINES_OF_CODE;2026-11-30 17:33:55;5;;;;
307823;2;LINES_OF_CODE;2026-12-01 08:32:19;2;;;;
307812;2;LINES_OF_CODE;2026-12-01 08:47:32;5;;;;
307818;2;LINES_OF_CODE;2026-12-01 08:59:10;3;;;;
307815;2;LINES_OF_CODE;2026-12-01 09:30:47;7;;;;
307822;2;LINES_OF_CODE;2026-12-01 09:38:31;6;;;;
307829;2;LINES_OF_CODE;2026-12-01 11:10:58;4;;;;
307819;2;LINES_OF_CODE;2026-12-01 11:17:50;1;;;;
307836;2;LINES_OF_CODE;2026-12-01 11:31:56;9;;;;
307813;2;LINES_OF_CODE;2026-12-01 11:38:10;3;;;;
307833;2;LINES_OF_CODE;2026-12-01 12:21:31;2;;;;
307830;2;LINES_OF_CODE;2026-12-01 12:28:35;4;;;;
307821;2;LINES_OF_CODE;2026-12-01 12:39:23;7;;;;
307837;2;LINES_OF_CODE;2026-12-01 13:47:01;11;;;;
307817;2;LINES_OF_CODE;2026-12-01 14:20:22;3;;;;
307831;2;LINES_OF_CODE;2026-12-01 14:23:30;6;;;;
307824;2;LINES_OF_CODE;2026-12-01 15:37:36;11;;;;
307835;2;LINES_OF_CODE;2026-12-01 15:42:10;6;;;;
307827;2;LINES_OF_CODE;2026-12-01 15:48:28;0;;;;
307814;2;LINES_OF_CODE;2026-12-01 15:59:26;7;;;;
307834;2;LINES_OF_CODE;2026-12-01 16:03:54;4;;;;
307816;2;LINES_OF_CODE;2026-12-01 16:05:45;4;;;;
307832;2;LINES_OF_CODE;2026-12-01 16:24:23;6;;;;
307828;2;LINES_OF_CODE;2026-12-01 16:44:56;4;;;;
307820;2;LINES_OF_CODE;2026-12-01 16:46:25;5;;;;
307826;2;LINES_OF_CODE;2026-12-01 16:47:27;5;;;;
307825;2;LINES_OF_CODE;2026-12-01 17:27:28;4;;;;
307841;2;LINES_OF_CODE;2026-12-02 08:03:30;0;;;;
307856;2;LINES_OF_CODE;2026-12-02 08:09:05;3;;;;
307864;2;LINES_OF_CODE;2026-12-02 08:56:39;13;;;;
307843;2;LINES_OF_CODE;2026-12-02 09:04:08;2;;;;
307845;2;LINES_OF_CODE;2026-12-02 09:39:10;6;;;;
307855;2;LINES_OF_CODE;2026-12-02 09:39:24;10;;;;
307851;2;LINES_OF_CODE;2026-12-02 09:43:25;4;;;;
307849;2;LINES_OF_CODE;2026-12-02 10:20:38;10;;;;
307846;2;LINES_OF_CODE;2026-12-02 11:00:51;4;;;;
307839;2;LINES_OF_CODE;2026-12-02 11:06:13;4;;;;
307862;2;LINES_OF_CODE;2026-12-02 11:41:00;5;;;;
307859;2;LINES_OF_CODE;2026-12-02 12:08:10;2;;;;
307853;2;LINES_OF_CODE;2026-12-02 12:25:55;4;;;;
307857;2;LINES_OF_CODE;2026-12-02 12:31:08;2;;;;
307866;2;LINES_OF_CODE;2026-12-02 12:51:25;41;;;;
307838;2;LINES_OF_CODE;2026-12-02 13:11:47;6;;;;
307850;2;LINES_OF_CODE;2026-12-02 13:12:41;10;;;;
307847;2;LINES_OF_CODE;2026-12-02 13:17:26;3;;;;
307840;2;LINES_OF_CODE;2026-12-02 13:36:14;2;;;;
307861;2;LINES_OF_CODE;2026-12-02 13:42:37;2;;;;
307863;2;LINES_OF_CODE;2026-12-02 13:52:25;7;;;;
307858;2;LINES_OF_CODE;2026-12-02 14:07:43;7;;;;
307860;2;LINES_OF_CODE;2026-12-02 15:15:59;11;;;;
307854;2;LINES_OF_CODE;2026-12-02 15:42:13;5;;;;
307844;2;LINES_OF_CODE;2026-12-02 15:53:12;6;;;;
307848;2;LINES_OF_CODE;2026-12-02 16:56:49;6;;;;
307852;2;LINES_OF_CODE;2026-12-02 17:01:45;7;;;;
307842;2;LINES_OF_CODE;2026-12-02 17:19:34;2;;;;
307865;2;LINES_OF_CODE;2026-12-02 17:44:12;7;;;;
307875;2;LINES_OF_CODE;2026-12-03 08:04:14;1;;;;
307895;2;LINES_OF_CODE;2026-12-03 08:06:58;1;;;;
307900;2;LINES_OF_CODE;2026-12-03 08:19:08;1;;;;
307888;2;LINES_OF_CODE;2026-12-03 08:28:11;1;;;;
307869;2;LINES_OF_CODE;2026-12-03 08:44:46;2;;;;
307883;2;LINES_OF_CODE;2026-12-03 08:47:44;1;;;;
307898;2;LINES_OF_CODE;2026-12-03 09:32:53;2;;;;
307902;2;LINES_OF_CODE;2026-12-03 09:44:23;1;;;;
307873;2;LINES_OF_CODE;2026-12-03 09:47:11;1;;;;
307890;2;LINES_OF_CODE;2026-12-03 10:27:35;1;;;;
307893;2;LINES_OF_CODE;2026-12-03 10:57:55;1;;;;
307872;2;LINES_OF_CODE;2026-12-03 11:16:50;2;;;;
307881;2;LINES_OF_CODE;2026-12-03 11:33:18;2;;;;
307899;2;LINES_OF_CODE;2026-12-03 11:54:15;3;;;;
307874;2;LINES_OF_CODE;2026-12-03 12:12:39;2;;;;
307880;2;LINES_OF_CODE;2026-12-03 12:17:40;4;;;;
307903;2;LINES_OF_CODE;2026-12-03 12:24:25;18;;;;
307896;2;LINES_OF_CODE;2026-12-03 12:25:43;0;;;;
307892;2;LINES_OF_CODE;2026-12-03 13:03:35;3;;;;
307882;2;LINES_OF_CODE;2026-12-03 13:10:33;2;;;;
307871;2;LINES_OF_CODE;2026-12-03 13:17:28;0;;;;
307887;2;LINES_OF_CODE;2026-12-03 14:17:06;2;;;;
307867;2;LINES_OF_CODE;2026-12-03 14:38:52;2;;;;
307901;2;LINES_OF_CODE;2026-12-03 14:48:50;1;;;;
307868;2;LINES_OF_CODE;2026-12-03 15:28:57;3;;;;
307876;2;LINES_OF_CODE;2026-12-03 15:53:26;3;;;;
307870;2;LINES_OF_CODE;2026-12-03 15:55:41;1;;;;
307894;2;LINES_OF_CODE;2026-12-03 16:01:59;3;;;;
307886;2;LINES_OF_CODE;2026-12-03 16:17:25;0;;;;
307891;2;LINES_OF_CODE;2026-12-03 16:32:20;1;;;;
307884;2;LINES_OF_CODE;2026-12-03 16:48:47;1;;;;
307878;2;LINES_OF_CODE;2026-12-03 17:00:54;4;;;;
307879;2;LINES_OF_CODE;2026-12-03 17:09:35;2;;;;
307889;2;LINES_OF_CODE;2026-12-03 17:15:24;1;;;;
307897;2;LINES_OF_CODE;2026-12-03 17:17:53;0;;;;
307877;2;LINES_OF_CODE;2026-12-03 17:28:48;2;;;;
307885;2;LINES_OF_CODE;2026-12-03 17:37:43;1;;;;
307917;2;LINES_OF_CODE;2026-12-04 08:48:57;2;;;;
307911;2;LINES_OF_CODE;2026-12-04 09:41:12;2;;;;
307925;2;LINES_OF_CODE;2026-12-04 10:09:37;1;;;;
307920;2;LINES_OF_CODE;2026-12-04 10:19:30;2;;;;
307907;2;LINES_OF_CODE;2026-12-04 10:22:38;4;;;;
307906;2;LINES_OF_CODE;2026-12-04 10:47:07;2;;;;
307927;2;LINES_OF_CODE;2026-12-04 10:51:24;1;;;;
307908;2;LINES_OF_CODE;2026-12-04 11:15:10;4;;;;
307912;2;LINES_OF_CODE;2026-12-04 11:28:10;3;;;;
307916;2;LINES_OF_CODE;2026-12-04 12:03:22;2;;;;
307904;2;LINES_OF_CODE;2026-12-04 12:49:32;2;;;;
307921;2;LINES_OF_CODE;2026-12-04 12:50:28;2;;;;
307909;2;LINES_OF_CODE;2026-12-04 12:57:37;3;;;;
307923;2;LINES_OF_CODE;2026-12-04 13:10:06;2;;;;
307913;2;LINES_OF_CODE;2026-12-04 13:12:32;1;;;;
307915;2;LINES_OF_CODE;2026-12-04 13:29:36;0;;;;
307928;2;LINES_OF_CODE;2026-12-04 13:29:39;14;;;;
307919;2;LINES_OF_CODE;2026-12-04 13:39:01;3;;;;
307910;2;LINES_OF_CODE;2026-12-04 14:11:19;2;;;;
307924;2;LINES_OF_CODE;2026-12-04 14:46:13;2;;;;
307926;2;LINES_OF_CODE;2026-12-04 15:22:45;1;;;;
307914;2;LINES_OF_CODE;2026-12-04 15:23:08;4;;;;
307905;2;LINES_OF_CODE;2026-12-04 15:58:01;5;;;;
307922;2;LINES_OF_CODE;2026-12-04 16:46:24;5;;;;
307918;2;LINES_OF_CODE;2026-12-04 17:03:42;3;;;;
307938;2;LINES_OF_CODE;2026-12-07 08:09:41;5;;;;
307941;2;LINES_OF_CODE;2026-12-07 08:23:02;4;;;;
307951;2;LINES_OF_CODE;2026-12-07 09:00:47;4;;;;
307944;2;LINES_OF_CODE;2026-12-07 10:12:06;7;;;;
307930;2;LINES_OF_CODE;2026-12-07 10:19:17;3;;;;
307953;2;LINES_OF_CODE;2026-12-07 11:15:43;13;;;;
307940;2;LINES_OF_CODE;2026-12-07 11:22:45;11;;;;
307931;2;LINES_OF_CODE;2026-12-07 11:42:12;7;;;;
307929;2;LINES_OF_CODE;2026-12-07 12:02:11;8;;;;
307935;2;LINES_OF_CODE;2026-12-07 12:23:14;11;;;;
307936;2;LINES_OF_CODE;2026-12-07 12:40:01;7;;;;
307942;2;LINES_OF_CODE;2026-12-07 13:00:14;11;;;;
307949;2;LINES_OF_CODE;2026-12-07 13:52:28;4;;;;
307934;2;LINES_OF_CODE;2026-12-07 14:00:59;3;;;;
307948;2;LINES_OF_CODE;2026-12-07 14:28:23;5;;;;
307937;2;LINES_OF_CODE;2026-12-07 14:37:03;5;;;;
307933;2;LINES_OF_CODE;2026-12-07 14:57:45;5;;;;
307952;2;LINES_OF_CODE;2026-12-07 15:05:33;8;;;;
307946;2;LINES_OF_CODE;2026-12-07 15:09:39;6;;;;
307947;2;LINES_OF_CODE;2026-12-07 15:28:46;11;;;;
307943;2;LINES_OF_CODE;2026-12-07 15:36:23;1;;;;
307939;2;LINES_OF_CODE;2026-12-07 15:51:40;9;;;;
307932;2;LINES_OF_CODE;2026-12-07 16:07:27;10;;;;
307950;2;LINES_OF_CODE;2026-12-07 16:09:35;8;;;;
307945;2;LINES_OF_CODE;2026-12-07 16:25:50;3;;;;
307961;2;LINES_OF_CODE;2026-12-08 08:11:48;14;;;;
307957;2;LINES_OF_CODE;2026-12-08 08:19:56;8;;;;
307954;2;LINES_OF_CODE;2026-12-08 08:38:06;7;;;;
307959;2;LINES_OF_CODE;2026-12-08 08:50:58;6;;;;
307981;2;LINES_OF_CODE;2026-12-08 08:58:17;11;;;;
307963;2;LINES_OF_CODE;2026-12-08 09:15:55;3;;;;
307985;2;LINES_OF_CODE;2026-12-08 09:19:14;7;;;;
307966;2;LINES_OF_CODE;2026-12-08 10:05:08;8;;;;
307980;2;LINES_OF_CODE;2026-12-08 10:29:36;5;;;;
307970;2;LINES_OF_CODE;2026-12-08 10:36:00;7;;;;
307960;2;LINES_OF_CODE;2026-12-08 10:40:35;11;;;;
307971;2;LINES_OF_CODE;2026-12-08 10:41:56;8;;;;
307974;2;LINES_OF_CODE;2026-12-08 11:20:56;9;;;;
307982;2;LINES_OF_CODE;2026-12-08 11:23:06;7;;;;
307976;2;LINES_OF_CODE;2026-12-08 11:26:30;12;;;;
307983;2;LINES_OF_CODE;2026-12-08 11:46:25;0;;;;
307975;2;LINES_OF_CODE;2026-12-08 11:50:20;13;;;;
307977;2;LINES_OF_CODE;2026-12-08 11:54:05;5;;;;
307967;2;LINES_OF_CODE;2026-12-08 12:03:39;5;;;;
307962;2;LINES_OF_CODE;2026-12-08 12:07:55;6;;;;
307968;2;LINES_OF_CODE;2026-12-08 12:13:23;14;;;;
307972;2;LINES_OF_CODE;2026-12-08 12:25:25;10;;;;
307964;2;LINES_OF_CODE;2026-12-08 12:28:30;1;;;;
307973;2;LINES_OF_CODE;2026-12-08 13:24:28;10;;;;
307965;2;LINES_OF_CODE;2026-12-08 13:29:17;11;;;;
307979;2;LINES_OF_CODE;2026-12-08 13:41:45;7;;;;
307978;2;LINES_OF_CODE;2026-12-08 13:50:11;7;;;;
307958;2;LINES_OF_CODE;2026-12-08 14:03:26;12;;;;
307969;2;LINES_OF_CODE;2026-12-08 14:09:08;2;;;;
307984;2;LINES_OF_CODE;2026-12-08 14:22:46;3;;;;
307986;2;LINES_OF_CODE;2026-12-08 14:37:42;1;;;;
307955;2;LINES_OF_CODE;2026-12-08 15:15:33;5;;;;
307956;2;LINES_OF_CODE;2026-12-08 15:17:02;13;;;;
307993;2;LINES_OF_CODE;2026-12-09 08:27:46;5;;;;
307996;2;LINES_OF_CODE;2026-12-09 08:45:06;4;;;;
308007;2;LINES_OF_CODE;2026-12-09 09:04:34;3;;;;
307991;2;LINES_OF_CODE;2026-12-09 09:18:22;2;;;;
308005;2;LINES_OF_CODE;2026-12-09 09:31:12;4;;;;
307998;2;LINES_OF_CODE;2026-12-09 09:59:06;4;;;;
308011;2;LINES_OF_CODE;2026-12-09 09:59:15;4;;;;
307989;2;LINES_OF_CODE;2026-12-09 11:00:14;6;;;;
308009;2;LINES_OF_CODE;2026-12-09 11:45:10;4;;;;
308018;2;LINES_OF_CODE;2026-12-09 12:30:35;16;;;;
307999;2;LINES_OF_CODE;2026-12-09 12:40:15;7;;;;
308002;2;LINES_OF_CODE;2026-12-09 13:08:47;4;;;;
307990;2;LINES_OF_CODE;2026-12-09 13:14:00;3;;;;
308008;2;LINES_OF_CODE;2026-12-09 13:19:35;4;;;;
307987;2;LINES_OF_CODE;2026-12-09 13:28:28;4;;;;
308014;2;LINES_OF_CODE;2026-12-09 13:29:03;4;;;;
308004;2;LINES_OF_CODE;2026-12-09 13:37:53;2;;;;
308012;2;LINES_OF_CODE;2026-12-09 13:39:13;4;;;;
308016;2;LINES_OF_CODE;2026-12-09 14:30:08;5;;;;
307988;2;LINES_OF_CODE;2026-12-09 14:35:40;3;;;;
307994;2;LINES_OF_CODE;2026-12-09 14:49:25;2;;;;
307995;2;LINES_OF_CODE;2026-12-09 15:39:10;7;;;;
308010;2;LINES_OF_CODE;2026-12-09 16:03:32;5;;;;
308013;2;LINES_OF_CODE;2026-12-09 16:05:31;4;;;;
307997;2;LINES_OF_CODE;2026-12-09 16:08:10;5;;;;
308015;2;LINES_OF_CODE;2026-12-09 16:09:41;7;;;;
308003;2;LINES_OF_CODE;2026-12-09 16:11:39;1;;;;
308006;2;LINES_OF_CODE;2026-12-09 16:52:26;1;;;;
308001;2;LINES_OF_CODE;2026-12-09 16:54:04;5;;;;
308017;2;LINES_OF_CODE;2026-12-09 17:05:46;8;;;;
308000;2;LINES_OF_CODE;2026-12-09 17:11:01;5;;;;
307992;2;LINES_OF_CODE;2026-12-09 17:59:42;4;;;;
308030;2;LINES_OF_CODE;2026-12-10 08:15:47;1;;;;
308028;2;LINES_OF_CODE;2026-12-10 08:30:43;1;;;;
308024;2;LINES_OF_CODE;2026-12-10 09:05:40;1;;;;
308041;2;LINES_OF_CODE;2026-12-10 10:36:01;1;;;;
308048;2;LINES_OF_CODE;2026-12-10 10:37:42;0;;;;
308038;2;LINES_OF_CODE;2026-12-10 10:54:27;1;;;;
308044;2;LINES_OF_CODE;2026-12-10 10:56:52;0;;;;
308021;2;LINES_OF_CODE;2026-12-10 11:09:46;1;;;;
308031;2;LINES_OF_CODE;2026-12-10 11:11:36;1;;;;
308049;2;LINES_OF_CODE;2026-12-10 11:23:08;15;;;;
308025;2;LINES_OF_CODE;2026-12-10 11:34:41;0;;;;
308035;2;LINES_OF_CODE;2026-12-10 11:35:23;0;;;;
308033;2;LINES_OF_CODE;2026-12-10 12:06:29;0;;;;
308042;2;LINES_OF_CODE;2026-12-10 12:47:10;1;;;;
308020;2;LINES_OF_CODE;2026-12-10 12:54:09;0;;;;
308027;2;LINES_OF_CODE;2026-12-10 13:15:31;0;;;;
308022;2;LINES_OF_CODE;2026-12-10 13:17:14;0;;;;
308023;2;LINES_OF_CODE;2026-12-10 13:26:06;1;;;;
308029;2;LINES_OF_CODE;2026-12-10 13:47:47;1;;;;
308036;2;LINES_OF_CODE;2026-12-10 13:49:39;1;;;;
308045;2;LINES_OF_CODE;2026-12-10 13:55:46;2;;;;
308043;2;LINES_OF_CODE;2026-12-10 14:06:49;1;;;;
308026;2;LINES_OF_CODE;2026-12-10 14:21:50;1;;;;
308019;2;LINES_OF_CODE;2026-12-10 14:34:54;1;;;;
308039;2;LINES_OF_CODE;2026-12-10 15:39:18;2;;;;
308047;2;LINES_OF_CODE;2026-12-10 16:02:05;0;;;;
308040;2;LINES_OF_CODE;2026-12-10 17:04:51;0;;;;
308032;2;LINES_OF_CODE;2026-12-10 17:09:57;0;;;;
308037;2;LINES_OF_CODE;2026-12-10 17:10:06;0;;;;
308034;2;LINES_OF_CODE;2026-12-10 17:14:49;1;;;;
308046;2;LINES_OF_CODE;2026-12-10 17:50:22;1;;;;
308068;2;LINES_OF_CODE;2026-12-11 08:19:53;4;;;;
308066;2;LINES_OF_CODE;2026-12-11 08:57:09;5;;;;
308069;2;LINES_OF_CODE;2026-12-11 09:20:50;3;;;;
308070;2;LINES_OF_CODE;2026-12-11 09:39:50;3;;;;
308052;2;LINES_OF_CODE;2026-12-11 09:50:26;8;;;;
308075;2;LINES_OF_CODE;2026-12-11 10:20:36;8;;;;
308054;2;LINES_OF_CODE;2026-12-11 10:33:38;9;;;;
308072;2;LINES_OF_CODE;2026-12-11 10:40:47;3;;;;
308073;2;LINES_OF_CODE;2026-12-11 10:58:41;4;;;;
308051;2;LINES_OF_CODE;2026-12-11 11:24:53;5;;;;
308050;2;LINES_OF_CODE;2026-12-11 11:26:42;2;;;;
308080;2;LINES_OF_CODE;2026-12-11 12:05:38;11;;;;
308077;2;LINES_OF_CODE;2026-12-11 12:16:49;3;;;;
308055;2;LINES_OF_CODE;2026-12-11 12:35:28;2;;;;
308074;2;LINES_OF_CODE;2026-12-11 12:45:59;5;;;;
308078;2;LINES_OF_CODE;2026-12-11 12:55:55;2;;;;
308065;2;LINES_OF_CODE;2026-12-11 13:11:03;4;;;;
308067;2;LINES_OF_CODE;2026-12-11 13:35:54;3;;;;
308053;2;LINES_OF_CODE;2026-12-11 13:56:25;10;;;;
308076;2;LINES_OF_CODE;2026-12-11 14:59:51;6;;;;
308062;2;LINES_OF_CODE;2026-12-11 15:13:32;2;;;;
308063;2;LINES_OF_CODE;2026-12-11 15:33:52;3;;;;
308060;2;LINES_OF_CODE;2026-12-11 15:40:21;7;;;;
308059;2;LINES_OF_CODE;2026-12-11 15:47:25;8;;;;
308058;2;LINES_OF_CODE;2026-12-11 16:20:04;6;;;;
308061;2;LINES_OF_CODE;2026-12-11 16:29:39;4;;;;
308056;2;LINES_OF_CODE;2026-12-11 16:46:58;0;;;;
308057;2;LINES_OF_CODE;2026-12-11 16:55:40;5;;;;
308071;2;LINES_OF_CODE;2026-12-11 17:04:43;2;;;;
308064;2;LINES_OF_CODE;2026-12-11 17:10:26;2;;;;
308079;2;LINES_OF_CODE;2026-12-11 17:11:30;5;;;;
308107;2;LINES_OF_CODE;2026-12-14 08:11:58;4;;;;
308090;2;LINES_OF_CODE;2026-12-14 08:24:23;17;;;;
308100;2;LINES_OF_CODE;2026-12-14 08:50:05;6;;;;
308101;2;LINES_OF_CODE;2026-12-14 08:56:08;17;;;;
308102;2;LINES_OF_CODE;2026-12-14 09:01:32;6;;;;
308086;2;LINES_OF_CODE;2026-12-14 09:05:57;11;;;;
308104;2;LINES_OF_CODE;2026-12-14 09:44:51;11;;;;
308098;2;LINES_OF_CODE;2026-12-14 10:07:56;6;;;;
308097;2;LINES_OF_CODE;2026-12-14 10:37:02;6;;;;
308083;2;LINES_OF_CODE;2026-12-14 10:56:38;6;;;;
308109;2;LINES_OF_CODE;2026-12-14 11:58:52;0;;;;
308088;2;LINES_OF_CODE;2026-12-14 12:09:12;7;;;;
308108;2;LINES_OF_CODE;2026-12-14 12:16:46;0;;;;
308082;2;LINES_OF_CODE;2026-12-14 12:35:26;13;;;;
308103;2;LINES_OF_CODE;2026-12-14 12:39:24;7;;;;
308095;2;LINES_OF_CODE;2026-12-14 12:50:03;9;;;;
308092;2;LINES_OF_CODE;2026-12-14 12:55:15;16;;;;
308096;2;LINES_OF_CODE;2026-12-14 14:02:25;6;;;;
308081;2;LINES_OF_CODE;2026-12-14 14:54:36;12;;;;
308093;2;LINES_OF_CODE;2026-12-14 14:55:46;8;;;;
308110;2;LINES_OF_CODE;2026-12-14 15:09:42;0;;;;
308091;2;LINES_OF_CODE;2026-12-14 15:12:26;12;;;;
308094;2;LINES_OF_CODE;2026-12-14 15:16:21;10;;;;
308111;2;LINES_OF_CODE;2026-12-14 15:23:07;0;;;;
308084;2;LINES_OF_CODE;2026-12-14 15:43:28;18;;;;
308106;2;LINES_OF_CODE;2026-12-14 16:03:28;11;;;;
308089;2;LINES_OF_CODE;2026-12-14 16:31:58;17;;;;
308112;2;LINES_OF_CODE;2026-12-14 16:33:54;0;;;;
308087;2;LINES_OF_CODE;2026-12-14 16:41:35;6;;;;
308099;2;LINES_OF_CODE;2026-12-14 17:08:21;15;;;;
308105;2;LINES_OF_CODE;2026-12-14 17:14:07;13;;;;
308085;2;LINES_OF_CODE;2026-12-14 17:34:13;2;;;;
308145;2;LINES_OF_CODE;2026-12-15 08:46:51;8;;;;
308117;2;LINES_OF_CODE;2026-12-15 09:03:33;3;;;;
308127;2;LINES_OF_CODE;2026-12-15 09:05:03;7;;;;
308138;2;LINES_OF_CODE;2026-12-15 09:17:55;5;;;;
308141;2;LINES_OF_CODE;2026-12-15 09:25:21;1;;;;
308116;2;LINES_OF_CODE;2026-12-15 09:33:59;6;;;;
308143;2;LINES_OF_CODE;2026-12-15 09:55:44;3;;;;
308120;2;LINES_OF_CODE;2026-12-15 09:56:15;7;;;;
308135;2;LINES_OF_CODE;2026-12-15 10:00:57;10;;;;
308122;2;LINES_OF_CODE;2026-12-15 10:19:52;9;;;;
308119;2;LINES_OF_CODE;2026-12-15 10:22:41;2;;;;
308137;2;LINES_OF_CODE;2026-12-15 10:53:04;4;;;;
308146;2;LINES_OF_CODE;2026-12-15 11:24:18;6;;;;
308132;2;LINES_OF_CODE;2026-12-15 11:40:54;7;;;;
308147;2;LINES_OF_CODE;2026-12-15 12:26:37;21;;;;
308139;2;LINES_OF_CODE;2026-12-15 12:30:00;4;;;;
308123;2;LINES_OF_CODE;2026-12-15 12:36:53;1;;;;
308118;2;LINES_OF_CODE;2026-12-15 13:02:29;0;;;;
308129;2;LINES_OF_CODE;2026-12-15 13:04:34;2;;;;
308140;2;LINES_OF_CODE;2026-12-15 13:27:50;3;;;;
308142;2;LINES_OF_CODE;2026-12-15 13:28:58;12;;;;
308121;2;LINES_OF_CODE;2026-12-15 14:07:56;6;;;;
308133;2;LINES_OF_CODE;2026-12-15 14:13:32;6;;;;
308144;2;LINES_OF_CODE;2026-12-15 14:20:42;7;;;;
308114;2;LINES_OF_CODE;2026-12-15 14:23:23;9;;;;
308134;2;LINES_OF_CODE;2026-12-15 14:24:59;9;;;;
308131;2;LINES_OF_CODE;2026-12-15 15:30:26;5;;;;
308130;2;LINES_OF_CODE;2026-12-15 15:35:40;5;;;;
308115;2;LINES_OF_CODE;2026-12-15 15:46:23;10;;;;
308113;2;LINES_OF_CODE;2026-12-15 15:59:12;11;;;;
308128;2;LINES_OF_CODE;2026-12-15 16:13:50;2;;;;
308124;2;LINES_OF_CODE;2026-12-15 16:19:29;3;;;;
308125;2;LINES_OF_CODE;2026-12-15 16:26:17;10;;;;
308136;2;LINES_OF_CODE;2026-12-15 16:44:35;2;;;;
308126;2;LINES_OF_CODE;2026-12-15 16:50:29;11;;;;
308164;2;LINES_OF_CODE;2026-12-16 08:22:18;3;;;;
308151;2;LINES_OF_CODE;2026-12-16 08:24:44;2;;;;
308159;2;LINES_OF_CODE;2026-12-16 08:30:04;3;;;;
308167;2;LINES_OF_CODE;2026-12-16 08:31:49;2;;;;
308171;2;LINES_OF_CODE;2026-12-16 08:37:59;0;;;;
308173;2;LINES_OF_CODE;2026-12-16 08:56:05;3;;;;
308170;2;LINES_OF_CODE;2026-12-16 09:51:26;3;;;;
308158;2;LINES_OF_CODE;2026-12-16 10:08:48;6;;;;
308166;2;LINES_OF_CODE;2026-12-16 10:15:26;3;;;;
308154;2;LINES_OF_CODE;2026-12-16 10:21:38;2;;;;
308165;2;LINES_OF_CODE;2026-12-16 10:22:13;2;;;;
308153;2;LINES_OF_CODE;2026-12-16 10:22:36;1;;;;
308152;2;LINES_OF_CODE;2026-12-16 11:06:47;1;;;;
308149;2;LINES_OF_CODE;2026-12-16 11:12:15;1;;;;
308161;2;LINES_OF_CODE;2026-12-16 11:23:26;0;;;;
308162;2;LINES_OF_CODE;2026-12-16 11:28:55;2;;;;
308150;2;LINES_OF_CODE;2026-12-16 12:25:56;3;;;;
308155;2;LINES_OF_CODE;2026-12-16 12:31:14;3;;;;
308148;2;LINES_OF_CODE;2026-12-16 12:41:04;3;;;;
308156;2;LINES_OF_CODE;2026-12-16 14:43:18;1;;;;
308168;2;LINES_OF_CODE;2026-12-16 15:07:50;2;;;;
308157;2;LINES_OF_CODE;2026-12-16 16:12:41;0;;;;
308174;2;LINES_OF_CODE;2026-12-16 16:17:30;13;;;;
308169;2;LINES_OF_CODE;2026-12-16 16:33:44;4;;;;
308163;2;LINES_OF_CODE;2026-12-16 17:17:11;2;;;;
308172;2;LINES_OF_CODE;2026-12-16 17:27:08;1;;;;
308160;2;LINES_OF_CODE;2026-12-16 17:40:03;3;;;;
308212;2;LINES_OF_CODE;2026-12-17 08:05:41;8;;;;
308182;2;LINES_OF_CODE;2026-12-17 08:37:45;2;;;;
308195;2;LINES_OF_CODE;2026-12-17 08:43:02;4;;;;
308203;2;LINES_OF_CODE;2026-12-17 08:44:28;1;;;;
308191;2;LINES_OF_CODE;2026-12-17 09:18:12;6;;;;
308187;2;LINES_OF_CODE;2026-12-17 09:23:51;3;;;;
308185;2;LINES_OF_CODE;2026-12-17 09:34:24;9;;;;
308199;2;LINES_OF_CODE;2026-12-17 09:40:13;6;;;;
308175;2;LINES_OF_CODE;2026-12-17 09:40:47;5;;;;
308202;2;LINES_OF_CODE;2026-12-17 09:56:38;4;;;;
308186;2;LINES_OF_CODE;2026-12-17 10:01:52;10;;;;
308206;2;LINES_OF_CODE;2026-12-17 11:11:54;1;;;;
308213;2;LINES_OF_CODE;2026-12-17 11:24:29;2;;;;
308183;2;LINES_OF_CODE;2026-12-17 11:26:13;9;;;;
308184;2;LINES_OF_CODE;2026-12-17 11:42:02;0;;;;
308198;2;LINES_OF_CODE;2026-12-17 11:44:01;4;;;;
308188;2;LINES_OF_CODE;2026-12-17 11:57:23;7;;;;
308177;2;LINES_OF_CODE;2026-12-17 12:09:02;9;;;;
308181;2;LINES_OF_CODE;2026-12-17 12:09:06;7;;;;
308201;2;LINES_OF_CODE;2026-12-17 12:14:56;3;;;;
308196;2;LINES_OF_CODE;2026-12-17 12:20:11;8;;;;
308208;2;LINES_OF_CODE;2026-12-17 12:21:18;0;;;;
308180;2;LINES_OF_CODE;2026-12-17 12:26:56;3;;;;
308197;2;LINES_OF_CODE;2026-12-17 12:34:24;3;;;;
308211;2;LINES_OF_CODE;2026-12-17 12:46:18;7;;;;
308200;2;LINES_OF_CODE;2026-12-17 13:05:36;2;;;;
308176;2;LINES_OF_CODE;2026-12-17 13:09:43;11;;;;
308214;2;LINES_OF_CODE;2026-12-17 13:14:56;27;;;;
308205;2;LINES_OF_CODE;2026-12-17 13:38:58;10;;;;
308207;2;LINES_OF_CODE;2026-12-17 13:49:55;9;;;;
308192;2;LINES_OF_CODE;2026-12-17 14:26:25;6;;;;
308178;2;LINES_OF_CODE;2026-12-17 14:28:04;10;;;;
308209;2;LINES_OF_CODE;2026-12-17 15:03:24;2;;;;
308210;2;LINES_OF_CODE;2026-12-17 15:08:37;0;;;;
308193;2;LINES_OF_CODE;2026-12-17 15:14:54;5;;;;
308179;2;LINES_OF_CODE;2026-12-17 15:26:39;3;;;;
308189;2;LINES_OF_CODE;2026-12-17 15:39:47;7;;;;
308204;2;LINES_OF_CODE;2026-12-17 15:42:19;5;;;;
308190;2;LINES_OF_CODE;2026-12-17 17:08:02;6;;;;
308194;2;LINES_OF_CODE;2026-12-17 17:45:08;4;;;;
308228;2;LINES_OF_CODE;2026-12-18 08:02:13;0;;;;
308252;2;LINES_OF_CODE;2026-12-18 08:30:13;5;;;;
308250;2;LINES_OF_CODE;2026-12-18 08:41:56;5;;;;
308216;2;LINES_OF_CODE;2026-12-18 09:01:38;4;;;;
308236;2;LINES_OF_CODE;2026-12-18 09:09:33;4;;;;
308241;2;LINES_OF_CODE;2026-12-18 09:37:49;7;;;;
308217;2;LINES_OF_CODE;2026-12-18 09:43:27;4;;;;
308245;2;LINES_OF_CODE;2026-12-18 10:02:09;4;;;;
308246;2;LINES_OF_CODE;2026-12-18 10:13:23;7;;;;
308224;2;LINES_OF_CODE;2026-12-18 10:28:25;1;;;;
308231;2;LINES_OF_CODE;2026-12-18 10:36:21;3;;;;
308221;2;LINES_OF_CODE;2026-12-18 10:46:01;2;;;;
308248;2;LINES_OF_CODE;2026-12-18 10:56:40;7;;;;
308251;2;LINES_OF_CODE;2026-12-18 10:56:49;6;;;;
308234;2;LINES_OF_CODE;2026-12-18 11:12:18;1;;;;
308227;2;LINES_OF_CODE;2026-12-18 11:22:09;5;;;;
308222;2;LINES_OF_CODE;2026-12-18 11:23:35;3;;;;
308247;2;LINES_OF_CODE;2026-12-18 11:43:34;4;;;;
308253;2;LINES_OF_CODE;2026-12-18 11:55:08;19;;;;
308240;2;LINES_OF_CODE;2026-12-18 12:02:25;1;;;;
308225;2;LINES_OF_CODE;2026-12-18 12:07:34;9;;;;
308249;2;LINES_OF_CODE;2026-12-18 12:11:00;7;;;;
308235;2;LINES_OF_CODE;2026-12-18 12:20:29;5;;;;
308230;2;LINES_OF_CODE;2026-12-18 12:22:10;2;;;;
308223;2;LINES_OF_CODE;2026-12-18 12:52:04;6;;;;
308239;2;LINES_OF_CODE;2026-12-18 13:38:06;3;;;;
308242;2;LINES_OF_CODE;2026-12-18 13:45:27;4;;;;
308244;2;LINES_OF_CODE;2026-12-18 13:46:09;3;;;;
308238;2;LINES_OF_CODE;2026-12-18 13:59:47;6;;;;
308229;2;LINES_OF_CODE;2026-12-18 14:03:16;3;;;;
308226;2;LINES_OF_CODE;2026-12-18 15:14:26;8;;;;
308218;2;LINES_OF_CODE;2026-12-18 15:16:04;7;;;;
308233;2;LINES_OF_CODE;2026-12-18 16:13:27;5;;;;
308237;2;LINES_OF_CODE;2026-12-18 17:01:16;6;;;;
308215;2;LINES_OF_CODE;2026-12-18 17:02:07;7;;;;
308232;2;LINES_OF_CODE;2026-12-18 17:13:29;5;;;;
308243;2;LINES_OF_CODE;2026-12-18 17:23:13;6;;;;
308219;2;LINES_OF_CODE;2026-12-18 17:51:48;9;;;;
308220;2;LINES_OF_CODE;2026-12-18 17:55:29;5;;;;
308265;2;LINES_OF_CODE;2026-12-21 08:07:36;10;;;;
308254;2;LINES_OF_CODE;2026-12-21 08:24:51;3;;;;
308285;2;LINES_OF_CODE;2026-12-21 09:02:16;3;;;;
308278;2;LINES_OF_CODE;2026-12-21 09:38:48;6;;;;
308271;2;LINES_OF_CODE;2026-12-21 10:03:29;4;;;;
308273;2;LINES_OF_CODE;2026-12-21 10:04:10;8;;;;
308279;2;LINES_OF_CODE;2026-12-21 10:26:57;6;;;;
308257;2;LINES_OF_CODE;2026-12-21 11:08:03;5;;;;
308268;2;LINES_OF_CODE;2026-12-21 11:11:46;1;;;;
308276;2;LINES_OF_CODE;2026-12-21 11:13:35;6;;;;
308282;2;LINES_OF_CODE;2026-12-21 11:44:44;4;;;;
308255;2;LINES_OF_CODE;2026-12-21 12:22:15;1;;;;
308262;2;LINES_OF_CODE;2026-12-21 12:22:32;2;;;;
308256;2;LINES_OF_CODE;2026-12-21 12:27:00;9;;;;
308258;2;LINES_OF_CODE;2026-12-21 12:53:47;1;;;;
308272;2;LINES_OF_CODE;2026-12-21 12:54:08;5;;;;
308264;2;LINES_OF_CODE;2026-12-21 13:31:36;6;;;;
308286;2;LINES_OF_CODE;2026-12-21 13:43:03;18;;;;
308263;2;LINES_OF_CODE;2026-12-21 13:57:58;4;;;;
308284;2;LINES_OF_CODE;2026-12-21 14:21:21;9;;;;
308283;2;LINES_OF_CODE;2026-12-21 14:22:49;5;;;;
308274;2;LINES_OF_CODE;2026-12-21 14:43:12;6;;;;
308259;2;LINES_OF_CODE;2026-12-21 14:53:14;0;;;;
308260;2;LINES_OF_CODE;2026-12-21 16:00:58;3;;;;
308281;2;LINES_OF_CODE;2026-12-21 16:04:22;3;;;;
308277;2;LINES_OF_CODE;2026-12-21 16:09:53;7;;;;
308269;2;LINES_OF_CODE;2026-12-21 16:18:47;4;;;;
308280;2;LINES_OF_CODE;2026-12-21 16:22:20;6;;;;
308261;2;LINES_OF_CODE;2026-12-21 16:25:10;5;;;;
308275;2;LINES_OF_CODE;2026-12-21 17:06:31;2;;;;
308270;2;LINES_OF_CODE;2026-12-21 17:19:32;5;;;;
308266;2;LINES_OF_CODE;2026-12-21 17:22:55;4;;;;
308267;2;LINES_OF_CODE;2026-12-21 17:25:35;5;;;;
308300;2;LINES_OF_CODE;2026-12-22 08:12:57;0;;;;
308305;2;LINES_OF_CODE;2026-12-22 08:26:06;0;;;;
308290;2;LINES_OF_CODE;2026-12-22 08:37:01;0;;;;
308303;2;LINES_OF_CODE;2026-12-22 09:28:00;0;;;;
308313;2;LINES_OF_CODE;2026-12-22 09:46:11;0;;;;
308298;2;LINES_OF_CODE;2026-12-22 09:51:01;0;;;;
308306;2;LINES_OF_CODE;2026-12-22 10:05:25;0;;;;
308310;2;LINES_OF_CODE;2026-12-22 10:05:30;0;;;;
308293;2;LINES_OF_CODE;2026-12-22 10:13:30;0;;;;
308312;2;LINES_OF_CODE;2026-12-22 10:59:26;0;;;;
308319;2;LINES_OF_CODE;2026-12-22 12:07:57;0;;;;
308321;2;LINES_OF_CODE;2026-12-22 12:09:59;0;;;;
308315;2;LINES_OF_CODE;2026-12-22 12:10:55;0;;;;
308291;2;LINES_OF_CODE;2026-12-22 12:16:54;0;;;;
308302;2;LINES_OF_CODE;2026-12-22 12:42:17;0;;;;
308297;2;LINES_OF_CODE;2026-12-22 13:44:06;0;;;;
308304;2;LINES_OF_CODE;2026-12-22 13:54:38;0;;;;
308318;2;LINES_OF_CODE;2026-12-22 14:08:04;0;;;;
308317;2;LINES_OF_CODE;2026-12-22 14:17:05;0;;;;
308294;2;LINES_OF_CODE;2026-12-22 14:31:25;0;;;;
308316;2;LINES_OF_CODE;2026-12-22 14:44:11;0;;;;
308296;2;LINES_OF_CODE;2026-12-22 14:48:22;0;;;;
308308;2;LINES_OF_CODE;2026-12-22 14:49:20;0;;;;
308295;2;LINES_OF_CODE;2026-12-22 14:50:26;0;;;;
308288;2;LINES_OF_CODE;2026-12-22 14:53:56;0;;;;
308307;2;LINES_OF_CODE;2026-12-22 15:35:49;0;;;;
308299;2;LINES_OF_CODE;2026-12-22 16:01:10;0;;;;
308311;2;LINES_OF_CODE;2026-12-22 16:09:15;0;;;;
308320;2;LINES_OF_CODE;2026-12-22 16:13:20;0;;;;
308289;2;LINES_OF_CODE;2026-12-22 16:15:16;0;;;;
308309;2;LINES_OF_CODE;2026-12-22 16:15:58;0;;;;
308322;2;LINES_OF_CODE;2026-12-22 16:19:37;10;;;;
308292;2;LINES_OF_CODE;2026-12-22 16:27:17;0;;;;
308287;2;LINES_OF_CODE;2026-12-22 16:51:51;0;;;;
308314;2;LINES_OF_CODE;2026-12-22 16:59:19;0;;;;
308301;2;LINES_OF_CODE;2026-12-22 17:45:20;0;;;;
308341;2;LINES_OF_CODE;2026-12-23 08:25:52;5;;;;
308328;2;LINES_OF_CODE;2026-12-23 08:31:26;3;;;;
308329;2;LINES_OF_CODE;2026-12-23 09:06:33;6;;;;
308327;2;LINES_OF_CODE;2026-12-23 09:13:00;2;;;;
308347;2;LINES_OF_CODE;2026-12-23 10:02:28;5;;;;
308345;2;LINES_OF_CODE;2026-12-23 10:25:00;3;;;;
308330;2;LINES_OF_CODE;2026-12-23 10:27:27;1;;;;
308354;2;LINES_OF_CODE;2026-12-23 10:28:47;1;;;;
308356;2;LINES_OF_CODE;2026-12-23 10:57:17;2;;;;
308342;2;LINES_OF_CODE;2026-12-23 11:04:09;0;;;;
308357;2;LINES_OF_CODE;2026-12-23 12:08:53;18;;;;
308331;2;LINES_OF_CODE;2026-12-23 12:10:56;4;;;;
308349;2;LINES_OF_CODE;2026-12-23 12:12:07;5;;;;
308325;2;LINES_OF_CODE;2026-12-23 12:23:59;3;;;;
308324;2;LINES_OF_CODE;2026-12-23 12:27:15;5;;;;
308326;2;LINES_OF_CODE;2026-12-23 12:37:50;0;;;;
308335;2;LINES_OF_CODE;2026-12-23 13:05:25;0;;;;
308348;2;LINES_OF_CODE;2026-12-23 13:29:05;5;;;;
308336;2;LINES_OF_CODE;2026-12-23 14:08:44;3;;;;
308350;2;LINES_OF_CODE;2026-12-23 14:16:43;4;;;;
308346;2;LINES_OF_CODE;2026-12-23 14:18:07;4;;;;
308352;2;LINES_OF_CODE;2026-12-23 14:51:02;2;;;;
308339;2;LINES_OF_CODE;2026-12-23 15:23:37;0;;;;
308338;2;LINES_OF_CODE;2026-12-23 15:51:46;6;;;;
308351;2;LINES_OF_CODE;2026-12-23 15:58:47;4;;;;
308355;2;LINES_OF_CODE;2026-12-23 16:10:09;5;;;;
308334;2;LINES_OF_CODE;2026-12-23 16:13:40;2;;;;
308343;2;LINES_OF_CODE;2026-12-23 16:17:20;1;;;;
308332;2;LINES_OF_CODE;2026-12-23 16:28:17;2;;;;
308344;2;LINES_OF_CODE;2026-12-23 16:29:52;3;;;;
308353;2;LINES_OF_CODE;2026-12-23 16:36:01;4;;;;
308337;2;LINES_OF_CODE;2026-12-23 16:50:58;2;;;;
308333;2;LINES_OF_CODE;2026-12-23 17:00:00;2;;;;
308323;2;LINES_OF_CODE;2026-12-23 17:06:40;3;;;;
308340;2;LINES_OF_CODE;2026-12-23 17:46:23;4;;;;
308376;2;LINES_OF_CODE;2026-12-24 08:13:38;0;;;;
308361;2;LINES_OF_CODE;2026-12-24 08:52:58;3;;;;
308375;2;LINES_OF_CODE;2026-12-24 09:23:11;1;;;;
308381;2;LINES_OF_CODE;2026-12-24 09:29:31;1;;;;
308386;2;LINES_OF_CODE;2026-12-24 09:30:00;3;;;;
308360;2;LINES_OF_CODE;2026-12-24 10:26:19;2;;;;
308373;2;LINES_OF_CODE;2026-12-24 10:29:24;2;;;;
308366;2;LINES_OF_CODE;2026-12-24 10:43:07;3;;;;
308364;2;LINES_OF_CODE;2026-12-24 10:47:25;1;;;;
308371;2;LINES_OF_CODE;2026-12-24 10:49:36;3;;;;
308368;2;LINES_OF_CODE;2026-12-24 11:03:42;2;;;;
308362;2;LINES_OF_CODE;2026-12-24 11:08:53;3;;;;
308359;2;LINES_OF_CODE;2026-12-24 11:49:20;2;;;;
308372;2;LINES_OF_CODE;2026-12-24 12:12:47;4;;;;
308358;2;LINES_OF_CODE;2026-12-24 12:20:47;3;;;;
308384;2;LINES_OF_CODE;2026-12-24 12:33:30;2;;;;
308369;2;LINES_OF_CODE;2026-12-24 12:58:45;1;;;;
308374;2;LINES_OF_CODE;2026-12-24 13:01:44;2;;;;
308363;2;LINES_OF_CODE;2026-12-24 14:23:56;3;;;;
308377;2;LINES_OF_CODE;2026-12-24 14:25:42;2;;;;
308370;2;LINES_OF_CODE;2026-12-24 14:37:55;2;;;;
308379;2;LINES_OF_CODE;2026-12-24 14:47:33;3;;;;
308387;2;LINES_OF_CODE;2026-12-24 14:51:53;11;;;;
308380;2;LINES_OF_CODE;2026-12-24 15:07:57;3;;;;
308367;2;LINES_OF_CODE;2026-12-24 15:19:13;3;;;;
308378;2;LINES_OF_CODE;2026-12-24 15:32:23;1;;;;
308383;2;LINES_OF_CODE;2026-12-24 16:06:07;1;;;;
308382;2;LINES_OF_CODE;2026-12-24 16:13:03;4;;;;
308365;2;LINES_OF_CODE;2026-12-24 17:29:01;2;;;;
308385;2;LINES_OF_CODE;2026-12-24 17:55:33;3;;;;
308401;2;LINES_OF_CODE;2026-12-25 08:50:29;7;;;;
308394;2;LINES_OF_CODE;2026-12-25 08:58:49;10;;;;
308393;2;LINES_OF_CODE;2026-12-25 09:19:01;13;;;;
308402;2;LINES_OF_CODE;2026-12-25 09:34:14;11;;;;
308398;2;LINES_OF_CODE;2026-12-25 10:03:00;0;;;;
308389;2;LINES_OF_CODE;2026-12-25 10:12:10;15;;;;
308392;2;LINES_OF_CODE;2026-12-25 10:37:21;11;;;;
308405;2;LINES_OF_CODE;2026-12-25 11:28:32;10;;;;
308395;2;LINES_OF_CODE;2026-12-25 11:45:37;3;;;;
308409;2;LINES_OF_CODE;2026-12-25 12:00:02;9;;;;
308388;2;LINES_OF_CODE;2026-12-25 12:21:23;11;;;;
308399;2;LINES_OF_CODE;2026-12-25 13:09:47;13;;;;
308408;2;LINES_OF_CODE;2026-12-25 13:20:26;9;;;;
308404;2;LINES_OF_CODE;2026-12-25 13:21:52;15;;;;
308400;2;LINES_OF_CODE;2026-12-25 13:29:21;4;;;;
308397;2;LINES_OF_CODE;2026-12-25 13:41:52;10;;;;
308396;2;LINES_OF_CODE;2026-12-25 13:46:34;16;;;;
308391;2;LINES_OF_CODE;2026-12-25 13:58:59;14;;;;
308406;2;LINES_OF_CODE;2026-12-25 14:11:52;12;;;;
308390;2;LINES_OF_CODE;2026-12-25 14:27:18;5;;;;
308410;2;LINES_OF_CODE;2026-12-25 14:40:57;5;;;;
308411;2;LINES_OF_CODE;2026-12-25 15:16:18;13;;;;
308413;2;LINES_OF_CODE;2026-12-25 16:56:53;0;;;;
308407;2;LINES_OF_CODE;2026-12-25 17:00:44;4;;;;
308412;2;LINES_OF_CODE;2026-12-25 17:25:39;12;;;;
308403;2;LINES_OF_CODE;2026-12-25 17:52:55;5;;;;
308438;2;LINES_OF_CODE;2026-12-28 08:02:43;2;;;;
308427;2;LINES_OF_CODE;2026-12-28 08:06:34;1;;;;
308430;2;LINES_OF_CODE;2026-12-28 08:36:31;0;;;;
308419;2;LINES_OF_CODE;2026-12-28 08:58:24;1;;;;
308421;2;LINES_OF_CODE;2026-12-28 09:04:02;3;;;;
308414;2;LINES_OF_CODE;2026-12-28 09:06:33;2;;;;
308422;2;LINES_OF_CODE;2026-12-28 09:13:59;0;;;;
308426;2;LINES_OF_CODE;2026-12-28 09:18:01;2;;;;
308442;2;LINES_OF_CODE;2026-12-28 10:31:03;2;;;;
308433;2;LINES_OF_CODE;2026-12-28 11:02:46;1;;;;
308434;2;LINES_OF_CODE;2026-12-28 11:04:35;2;;;;
308428;2;LINES_OF_CODE;2026-12-28 11:08:13;3;;;;
308424;2;LINES_OF_CODE;2026-12-28 11:28:59;1;;;;
308440;2;LINES_OF_CODE;2026-12-28 11:38:52;2;;;;
308423;2;LINES_OF_CODE;2026-12-28 11:39:24;3;;;;
308417;2;LINES_OF_CODE;2026-12-28 12:19:06;2;;;;
308441;2;LINES_OF_CODE;2026-12-28 12:30:16;5;;;;
308448;2;LINES_OF_CODE;2026-12-28 12:40:40;19;;;;
308420;2;LINES_OF_CODE;2026-12-28 13:19:50;0;;;;
308418;2;LINES_OF_CODE;2026-12-28 13:44:31;1;;;;
308435;2;LINES_OF_CODE;2026-12-28 13:56:43;0;;;;
308444;2;LINES_OF_CODE;2026-12-28 14:01:47;3;;;;
308443;2;LINES_OF_CODE;2026-12-28 14:26:41;1;;;;
308432;2;LINES_OF_CODE;2026-12-28 15:34:16;3;;;;
308437;2;LINES_OF_CODE;2026-12-28 16:06:55;2;;;;
308436;2;LINES_OF_CODE;2026-12-28 16:19:45;1;;;;
308429;2;LINES_OF_CODE;2026-12-28 16:29:39;1;;;;
308415;2;LINES_OF_CODE;2026-12-28 16:48:46;3;;;;
308446;2;LINES_OF_CODE;2026-12-28 17:07:29;1;;;;
308416;2;LINES_OF_CODE;2026-12-28 17:23:58;2;;;;
308447;2;LINES_OF_CODE;2026-12-28 17:24:55;3;;;;
308425;2;LINES_OF_CODE;2026-12-28 17:40:06;3;;;;
308445;2;LINES_OF_CODE;2026-12-28 17:45:45;3;;;;
308439;2;LINES_OF_CODE;2026-12-28 17:49:29;1;;;;
308431;2;LINES_OF_CODE;2026-12-28 17:59:41;3;;;;
308471;2;LINES_OF_CODE;2026-12-29 08:24:31;2;;;;
308477;2;LINES_OF_CODE;2026-12-29 08:33:26;4;;;;
308480;2;LINES_OF_CODE;2026-12-29 08:42:44;35;;;;
308450;2;LINES_OF_CODE;2026-12-29 08:45:45;2;;;;
308476;2;LINES_OF_CODE;2026-12-29 08:51:59;4;;;;
308460;2;LINES_OF_CODE;2026-12-29 08:55:53;4;;;;
308467;2;LINES_OF_CODE;2026-12-29 08:59:43;3;;;;
308454;2;LINES_OF_CODE;2026-12-29 09:33:24;3;;;;
308459;2;LINES_OF_CODE;2026-12-29 09:34:16;6;;;;
308469;2;LINES_OF_CODE;2026-12-29 09:59:54;3;;;;
308479;2;LINES_OF_CODE;2026-12-29 10:22:46;1;;;;
308457;2;LINES_OF_CODE;2026-12-29 10:27:11;-2;;;;
308463;2;LINES_OF_CODE;2026-12-29 10:30:26;3;;;;
308452;2;LINES_OF_CODE;2026-12-29 10:55:03;3;;;;
308451;2;LINES_OF_CODE;2026-12-29 11:26:28;4;;;;
308465;2;LINES_OF_CODE;2026-12-29 12:17:14;6;;;;
308472;2;LINES_OF_CODE;2026-12-29 12:28:27;6;;;;
308468;2;LINES_OF_CODE;2026-12-29 12:48:45;1;;;;
308464;2;LINES_OF_CODE;2026-12-29 13:21:58;1;;;;
308473;2;LINES_OF_CODE;2026-12-29 13:38:47;4;;;;
308475;2;LINES_OF_CODE;2026-12-29 13:39:22;0;;;;
308458;2;LINES_OF_CODE;2026-12-29 13:46:26;6;;;;
308449;2;LINES_OF_CODE;2026-12-29 14:13:21;5;;;;
308462;2;LINES_OF_CODE;2026-12-29 14:47:14;1;;;;
308466;2;LINES_OF_CODE;2026-12-29 14:53:33;8;;;;
308453;2;LINES_OF_CODE;2026-12-29 15:04:51;6;;;;
308455;2;LINES_OF_CODE;2026-12-29 15:22:00;4;;;;
308474;2;LINES_OF_CODE;2026-12-29 15:47:52;5;;;;
308456;2;LINES_OF_CODE;2026-12-29 15:52:43;4;;;;
308470;2;LINES_OF_CODE;2026-12-29 16:04:19;3;;;;
308461;2;LINES_OF_CODE;2026-12-29 16:37:57;2;;;;
308478;2;LINES_OF_CODE;2026-12-29 17:28:52;3;;;;
308492;2;LINES_OF_CODE;2026-12-30 08:07:07;9;;;;
308483;2;LINES_OF_CODE;2026-12-30 08:15:27;2;;;;
308482;2;LINES_OF_CODE;2026-12-30 09:10:47;10;;;;
308498;2;LINES_OF_CODE;2026-12-30 09:13:59;7;;;;
308503;2;LINES_OF_CODE;2026-12-30 09:46:49;10;;;;
308502;2;LINES_OF_CODE;2026-12-30 09:49:04;5;;;;
308504;2;LINES_OF_CODE;2026-12-30 10:23:26;9;;;;
308501;2;LINES_OF_CODE;2026-12-30 10:45:22;8;;;;
308486;2;LINES_OF_CODE;2026-12-30 10:46:22;12;;;;
308487;2;LINES_OF_CODE;2026-12-30 12:19:45;7;;;;
308506;2;LINES_OF_CODE;2026-12-30 12:36:24;6;;;;
308493;2;LINES_OF_CODE;2026-12-30 12:48:06;9;;;;
308488;2;LINES_OF_CODE;2026-12-30 13:04:29;4;;;;
308497;2;LINES_OF_CODE;2026-12-30 13:21:17;5;;;;
308505;2;LINES_OF_CODE;2026-12-30 13:33:30;5;;;;
308500;2;LINES_OF_CODE;2026-12-30 14:07:48;11;;;;
308495;2;LINES_OF_CODE;2026-12-30 14:10:15;5;;;;
308489;2;LINES_OF_CODE;2026-12-30 14:42:44;9;;;;
308507;2;LINES_OF_CODE;2026-12-30 14:50:01;11;;;;
308490;2;LINES_OF_CODE;2026-12-30 15:13:04;5;;;;
308491;2;LINES_OF_CODE;2026-12-30 15:51:23;0;;;;
308496;2;LINES_OF_CODE;2026-12-30 16:26:19;4;;;;
308481;2;LINES_OF_CODE;2026-12-30 16:32:35;8;;;;
308499;2;LINES_OF_CODE;2026-12-30 17:28:40;14;;;;
308494;2;LINES_OF_CODE;2026-12-30 17:39:58;8;;;;
308485;2;LINES_OF_CODE;2026-12-30 17:53:03;9;;;;
308484;2;LINES_OF_CODE;2026-12-30 17:59:56;6;;;;
308519;2;LINES_OF_CODE;2026-12-31 08:00:11;0;;;;
308523;2;LINES_OF_CODE;2026-12-31 08:16:23;0;;;;
308525;2;LINES_OF_CODE;2026-12-31 08:40:38;0;;;;
308518;2;LINES_OF_CODE;2026-12-31 09:21:09;1;;;;
308517;2;LINES_OF_CODE;2026-12-31 10:06:02;1;;;;
308522;2;LINES_OF_CODE;2026-12-31 10:11:33;2;;;;
308527;2;LINES_OF_CODE;2026-12-31 11:09:30;1;;;;
308521;2;LINES_OF_CODE;2026-12-31 11:14:05;1;;;;
308530;2;LINES_OF_CODE;2026-12-31 11:20:57;0;;;;
308511;2;LINES_OF_CODE;2026-12-31 12:33:29;3;;;;
308510;2;LINES_OF_CODE;2026-12-31 13:10:15;1;;;;
308514;2;LINES_OF_CODE;2026-12-31 14:11:07;1;;;;
308532;2;LINES_OF_CODE;2026-12-31 14:16:20;18;;;;
308524;2;LINES_OF_CODE;2026-12-31 14:22:59;3;;;;
308528;2;LINES_OF_CODE;2026-12-31 14:34:24;3;;;;
308526;2;LINES_OF_CODE;2026-12-31 14:34:40;2;;;;
308509;2;LINES_OF_CODE;2026-12-31 14:37:46;2;;;;
308513;2;LINES_OF_CODE;2026-12-31 14:47:05;1;;;;
308516;2;LINES_OF_CODE;2026-12-31 14:52:07;3;;;;
308531;2;LINES_OF_CODE;2026-12-31 15:25:23;1;;;;
308508;2;LINES_OF_CODE;2026-12-31 16:38:19;3;;;;
308512;2;LINES_OF_CODE;2026-12-31 16:55:39;1;;;;
308515;2;LINES_OF_CODE;2026-12-31 16:58:46;2;;;;
308520;2;LINES_OF_CODE;2026-12-31 17:02:38;1;;;;
308529;2;LINES_OF_CODE;2026-12-31 17:35:19;2;;;;
