300549;2;LINES_OF_CODE;2026-01-01 08:01:54;16;;;;
300161;2;LINES_OF_CODE;2026-01-01 08:09:17;13;;;;
300502;2;LINES_OF_CODE;2026-01-01 08:32:52;8;;;;
300448;2;LINES_OF_CODE;2026-01-01 08:55:02;9;;;;
300193;2;LINES_OF_CODE;2026-01-01 09:34:39;5;;;;
300094;2;LINES_OF_CODE;2026-01-01 09:44:05;6;;;;
300076;2;LINES_OF_CODE;2026-01-01 09:47:16;12;;;;
300523;2;LINES_OF_CODE;2026-01-01 09:50:12;18;;;;
300551;2;LINES_OF_CODE;2026-01-01 09:50:47;5;;;;
300086;2;LINES_OF_CODE;2026-01-01 10:01:53;15;;;;
300162;2;LINES_OF_CODE;2026-01-01 10:08:02;10;;;;
300458;2;LINES_OF_CODE;2026-01-01 10:20:03;6;;;;
300419;2;LINES_OF_CODE;2026-01-01 11:13:08;2;;;;
300329;2;LINES_OF_CODE;2026-01-01 11:36:35;-7;;;;
300463;2;LINES_OF_CODE;2026-01-01 12:02:45;9;;;;
300282;2;LINES_OF_CODE;2026-01-01 12:05:18;16;;;;
300591;2;LINES_OF_CODE;2026-01-01 12:22:26;25;;;;
300012;2;LINES_OF_CODE;2026-01-01 12:44:06;-1;;;;
300014;2;LINES_OF_CODE;2026-01-01 12:46:15;0;;;;
300336;2;LINES_OF_CODE;2026-01-01 12:55:58;8;;;;
300215;2;LINES_OF_CODE;2026-01-01 13:03:25;13;;;;
300455;2;LINES_OF_CODE;2026-01-01 13:31:54;1;;;;
300188;2;LINES_OF_CODE;2026-01-01 13:50:58;9;;;;
300024;2;LINES_OF_CODE;2026-01-01 14:10:17;13;;;;
300238;2;LINES_OF_CODE;2026-01-01 14:43:52;5;;;;
300168;2;LINES_OF_CODE;2026-01-01 15:04:05;0;;;;
300156;2;LINES_OF_CODE;2026-01-01 15:46:27;4;;;;
300396;2;LINES_OF_CODE;2026-01-01 16:15:17;3;;;;
300067;2;LINES_OF_CODE;2026-01-01 16:42:00;3;;;;
300052;2;LINES_OF_CODE;2026-01-01 16:55:00;12;;;;
300100;2;LINES_OF_CODE;2026-01-01 17:06:09;18;;;;
300666;2;LINES_OF_CODE;2026-01-01 17:12:46;-3;;;;
300595;2;LINES_OF_CODE;2026-01-01 17:15:49;7;;;;
300010;2;LINES_OF_CODE;2026-01-01 17:51:59;12;;;;
300007;2;LINES_OF_CODE;2026-01-01 17:56:28;5;;;;
300214;2;LINES_OF_CODE;2026-01-02 09:27:43;8;;;;
300271;2;LINES_OF_CODE;2026-01-02 09:53:15;6;;;;
300132;2;LINES_OF_CODE;2026-01-02 10:08:09;3;;;;
300470;2;LINES_OF_CODE;2026-01-02 10:24:36;15;;;;
300580;2;LINES_OF_CODE;2026-01-02 10:35:47;12;;;;
300111;2;LINES_OF_CODE;2026-01-02 11:08:32;11;;;;
300034;2;LINES_OF_CODE;2026-01-02 11:13:22;14;;;;
300096;2;LINES_OF_CODE;2026-01-02 11:19:20;8;;;;
300229;2;LINES_OF_CODE;2026-01-02 11:41:31;6;;;;
300203;2;LINES_OF_CODE;2026-01-02 11:48:34;2;;;;
300087;2;LINES_OF_CODE;2026-01-02 12:57:40;14;;;;
300653;2;LINES_OF_CODE;2026-01-02 13:09:30;0;;;;
300553;2;LINES_OF_CODE;2026-01-02 14:48:13;9;;;;
300082;2;LINES_OF_CODE;2026-01-02 15:09:00;10;;;;
300243;2;LINES_OF_CODE;2026-01-02 15:29:59;15;;;;
300661;2;LINES_OF_CODE;2026-01-02 15:34:46;10;;;;
300394;2;LINES_OF_CODE;2026-01-02 15:39:11;1;;;;
300325;2;LINES_OF_CODE;2026-01-02 15:57:39;20;;;;
300573;2;LINES_OF_CODE;2026-01-02 16:03:31;8;;;;
300221;2;LINES_OF_CODE;2026-01-02 16:09:39;8;;;;
300546;2;LINES_OF_CODE;2026-01-02 16:43:16;15;;;;
300398;2;LINES_OF_CODE;2026-01-02 17:04:36;3;;;;
300278;2;LINES_OF_CODE;2026-01-02 17:17:15;6;;;;
300380;2;LINES_OF_CODE;2026-01-05 08:59:01;9;;;;
300676;2;LINES_OF_CODE;2026-01-05 09:17:41;6;;;;
300341;2;LINES_OF_CODE;2026-01-05 09:58:23;-12;;;;
300073;2;LINES_OF_CODE;2026-01-05 10:03:50;6;;;;
300598;2;LINES_OF_CODE;2026-01-05 10:11:13;-1;;;;
300522;2;LINES_OF_CODE;2026-01-05 11:05:11;7;;;;
300621;2;LINES_OF_CODE;2026-01-05 11:13:12;5;;;;
300211;2;LINES_OF_CODE;2026-01-05 11:16:15;12;;;;
300339;2;LINES_OF_CODE;2026-01-05 11:27:56;8;;;;
300570;2;LINES_OF_CODE;2026-01-05 11:29:06;6;;;;
300305;2;LINES_OF_CODE;2026-01-05 11:33:38;2;;;;
300143;2;LINES_OF_CODE;2026-01-05 11:35:26;2;;;;
300263;2;LINES_OF_CODE;2026-01-05 12:04:47;-4;;;;
300321;2;LINES_OF_CODE;2026-01-05 12:20:40;22;;;;
300351;2;LINES_OF_CODE;2026-01-05 12:47:41;13;;;;
300397;2;LINES_OF_CODE;2026-01-05 12:55:40;13;;;;
300384;2;LINES_OF_CODE;2026-01-05 13:10:51;1;;;;
300647;2;LINES_OF_CODE;2026-01-05 13:19:18;10;;;;
300540;2;LINES_OF_CODE;2026-01-05 15:45:20;18;;;;
300069;2;LINES_OF_CODE;2026-01-05 15:47:40;10;;;;
300103;2;LINES_OF_CODE;2026-01-05 15:56:05;-2;;;;
300280;2;LINES_OF_CODE;2026-01-05 16:17:41;-18;;;;
300442;2;LINES_OF_CODE;2026-01-05 16:53:22;15;;;;
300129;2;LINES_OF_CODE;2026-01-05 17:08:23;0;;;;
300027;2;LINES_OF_CODE;2026-01-05 17:14:29;9;;;;
300433;2;LINES_OF_CODE;2026-01-06 08:01:22;6;;;;
300338;2;LINES_OF_CODE;2026-01-06 08:30:26;-3;;;;
300665;2;LINES_OF_CODE;2026-01-06 08:34:57;5;;;;
300651;2;LINES_OF_CODE;2026-01-06 09:16:29;9;;;;
300296;2;LINES_OF_CODE;2026-01-06 09:29:52;14;;;;
300328;2;LINES_OF_CODE;2026-01-06 10:29:57;6;;;;
300333;2;LINES_OF_CODE;2026-01-06 10:48:58;0;;;;
300453;2;LINES_OF_CODE;2026-01-06 11:10:14;19;;;;
300533;2;LINES_OF_CODE;2026-01-06 11:34:21;5;;;;
300643;2;LINES_OF_CODE;2026-01-06 12:06:16;-1;;;;
300449;2;LINES_OF_CODE;2026-01-06 13:43:32;12;;;;
300577;2;LINES_OF_CODE;2026-01-06 15:05:44;7;;;;
300230;2;LINES_OF_CODE;2026-01-06 15:28:26;13;;;;
300476;2;LINES_OF_CODE;2026-01-06 15:50:18;0;;;;
300426;2;LINES_OF_CODE;2026-01-06 16:13:18;10;;;;
300644;2;LINES_OF_CODE;2026-01-06 16:26:36;0;;;;
300367;2;LINES_OF_CODE;2026-01-06 16:42:49;19;;;;
300283;2;LINES_OF_CODE;2026-01-06 17:03:37;8;;;;
300240;2;LINES_OF_CODE;2026-01-06 17:33:23;0;;;;
300289;2;LINES_OF_CODE;2026-01-06 17:35:47;2;;;;
300417;2;LINES_OF_CODE;2026-01-07 08:04:38;6;;;;
300165;2;LINES_OF_CODE;2026-01-07 08:48:05;0;;;;
300252;2;LINES_OF_CODE;2026-01-07 09:11:36;9;;;;
300408;2;LINES_OF_CODE;2026-01-07 10:26:41;8;;;;
300043;2;LINES_OF_CODE;2026-01-07 10:31:21;22;;;;
300145;2;LINES_OF_CODE;2026-01-07 10:42:40;6;;;;
300639;2;LINES_OF_CODE;2026-01-07 10:55:44;14;;;;
300177;2;LINES_OF_CODE;2026-01-07 11:26:41;12;;;;
300520;2;LINES_OF_CODE;2026-01-07 11:29:13;3;;;;
300535;2;LINES_OF_CODE;2026-01-07 12:30:29;9;;;;
300337;2;LINES_OF_CODE;2026-01-07 12:39:34;12;;;;
300275;2;LINES_OF_CODE;2026-01-07 12:49:42;1;;;;
300001;2;LINES_OF_CODE;2026-01-07 13:00:27;24;;;;
300447;2;LINES_OF_CODE;2026-01-07 13:02:48;16;;;;
300000;2;LINES_OF_CODE;2026-01-07 13:19:16;7;;;;
300602;2;LINES_OF_CODE;2026-01-07 13:26:57;16;;;;
300198;2;LINES_OF_CODE;2026-01-07 13:36:33;12;;;;
300512;2;LINES_OF_CODE;2026-01-07 13:49:59;5;;;;
300035;2;LINES_OF_CODE;2026-01-07 14:18:27;-7;;;;
300219;2;LINES_OF_CODE;2026-01-07 14:43:05;6;;;;
300246;2;LINES_OF_CODE;2026-01-07 15:11:27;1;;;;
300237;2;LINES_OF_CODE;2026-01-07 15:45:12;6;;;;
300070;2;LINES_OF_CODE;2026-01-07 15:57:38;4;;;;
300047;2;LINES_OF_CODE;2026-01-07 16:06:05;13;;;;
300524;2;LINES_OF_CODE;2026-01-07 16:11:05;14;;;;
300490;2;LINES_OF_CODE;2026-01-07 16:16:37;-4;;;;
300503;2;LINES_OF_CODE;2026-01-07 16:25:44;9;;;;
300498;2;LINES_OF_CODE;2026-01-07 16:44:41;-3;;;;
300254;2;LINES_OF_CODE;2026-01-07 16:45:54;8;;;;
300106;2;LINES_OF_CODE;2026-01-07 16:54:25;15;;;;
300444;2;LINES_OF_CODE;2026-01-07 17:17:46;9;;;;
300674;2;LINES_OF_CODE;2026-01-07 17:43:32;18;;;;
300054;2;LINES_OF_CODE;2026-01-07 17:58:02;22;;;;
300224;2;LINES_OF_CODE;2026-01-08 08:13:02;13;;;;
300660;2;LINES_OF_CODE;2026-01-08 09:14:31;6;;;;
300411;2;LINES_OF_CODE;2026-01-08 09:19:52;18;;;;
300638;2;LINES_OF_CODE;2026-01-08 09:23:05;9;;;;
300446;2;LINES_OF_CODE;2026-01-08 09:27:04;3;;;;
300307;2;LINES_OF_CODE;2026-01-08 10:05:32;7;;;;
300348;2;LINES_OF_CODE;2026-01-08 10:39:17;2;;;;
300555;2;LINES_OF_CODE;2026-01-08 10:52:35;7;;;;
300071;2;LINES_OF_CODE;2026-01-08 11:03:51;6;;;;
300079;2;LINES_OF_CODE;2026-01-08 11:48:14;10;;;;
300581;2;LINES_OF_CODE;2026-01-08 11:52:26;-1;;;;
300301;2;LINES_OF_CODE;2026-01-08 11:58:41;0;;;;
300166;2;LINES_OF_CODE;2026-01-08 12:27:58;-5;;;;
300041;2;LINES_OF_CODE;2026-01-08 13:16:13;6;;;;
300195;2;LINES_OF_CODE;2026-01-08 13:39:38;0;;;;
300495;2;LINES_OF_CODE;2026-01-08 13:56:31;9;;;;
300113;2;LINES_OF_CODE;2026-01-08 14:13:32;10;;;;
300335;2;LINES_OF_CODE;2026-01-08 14:16:06;14;;;;
300032;2;LINES_OF_CODE;2026-01-08 14:36:57;5;;;;
300505;2;LINES_OF_CODE;2026-01-08 14:52:34;7;;;;
300385;2;LINES_OF_CODE;2026-01-08 15:48:42;6;;;;
300494;2;LINES_OF_CODE;2026-01-08 15:49:26;9;;;;
300016;2;LINES_OF_CODE;2026-01-08 15:52:36;3;;;;
300029;2;LINES_OF_CODE;2026-01-08 16:02:38;20;;;;
300124;2;LINES_OF_CODE;2026-01-08 16:02:44;3;;;;
300514;2;LINES_OF_CODE;2026-01-08 16:41:05;0;;;;
300599;2;LINES_OF_CODE;2026-01-08 16:52:24;3;;;;
300135;2;LINES_OF_CODE;2026-01-08 17:38:04;10;;;;
300508;2;LINES_OF_CODE;2026-01-09 08:28:01;0;;;;
300008;2;LINES_OF_CODE;2026-01-09 08:40:26;4;;;;
300265;2;LINES_OF_CODE;2026-01-09 09:14:54;5;;;;
300594;2;LINES_OF_CODE;2026-01-09 09:32:31;5;;;;
300218;2;LINES_OF_CODE;2026-01-09 10:13:27;11;;;;
300618;2;LINES_OF_CODE;2026-01-09 10:40:27;14;;;;
300118;2;LINES_OF_CODE;2026-01-09 11:10:03;-13;;;;
300295;2;LINES_OF_CODE;2026-01-09 11:42:50;4;;;;
300608;2;LINES_OF_CODE;2026-01-09 12:06:00;10;;;;
300226;2;LINES_OF_CODE;2026-01-09 12:09:22;11;;;;
300443;2;LINES_OF_CODE;2026-01-09 12:10:28;12;;;;
300658;2;LINES_OF_CODE;2026-01-09 12:17:48;0;;;;
300210;2;LINES_OF_CODE;2026-01-09 12:42:25;9;;;;
300612;2;LINES_OF_CODE;2026-01-09 12:44:20;8;;;;
300518;2;LINES_OF_CODE;2026-01-09 12:47:13;0;;;;
300664;2;LINES_OF_CODE;2026-01-09 13:20:01;6;;;;
300510;2;LINES_OF_CODE;2026-01-09 13:28:01;5;;;;
300236;2;LINES_OF_CODE;2026-01-09 13:42:14;6;;;;
300383;2;LINES_OF_CODE;2026-01-09 13:49:48;6;;;;
300023;2;LINES_OF_CODE;2026-01-09 14:03:57;16;;;;
300122;2;LINES_OF_CODE;2026-01-09 14:19:19;11;;;;
300081;2;LINES_OF_CODE;2026-01-09 14:51:43;9;;;;
300531;2;LINES_OF_CODE;2026-01-09 15:11:01;7;;;;
300412;2;LINES_OF_CODE;2026-01-09 16:08:42;4;;;;
300499;2;LINES_OF_CODE;2026-01-09 16:32:17;16;;;;
300332;2;LINES_OF_CODE;2026-01-09 17:28:31;8;;;;
300478;2;LINES_OF_CODE;2026-01-09 17:44:21;12;;;;
300392;2;LINES_OF_CODE;2026-01-12 08:12:28;12;;;;
300484;2;LINES_OF_CODE;2026-01-12 08:43:55;1;;;;
300439;2;LINES_OF_CODE;2026-01-12 09:31:54;8;;;;
300241;2;LINES_OF_CODE;2026-01-12 09:48:27;5;;;;
300386;2;LINES_OF_CODE;2026-01-12 09:50:36;24;;;;
300061;2;LINES_OF_CODE;2026-01-12 10:08:53;12;;;;
300454;2;LINES_OF_CODE;2026-01-12 10:17:02;10;;;;
300045;2;LINES_OF_CODE;2026-01-12 10:32:54;10;;;;
300574;2;LINES_OF_CODE;2026-01-12 10:38:59;29;;;;
300369;2;LINES_OF_CODE;2026-01-12 10:53:33;5;;;;
300548;2;LINES_OF_CODE;2026-01-12 11:08:08;0;;;;
300613;2;LINES_OF_CODE;2026-01-12 11:42:01;-9;;;;
300359;2;LINES_OF_CODE;2026-01-12 12:24:04;13;;;;
300088;2;LINES_OF_CODE;2026-01-12 12:26:06;3;;;;
300189;2;LINES_OF_CODE;2026-01-12 12:44:49;21;;;;
300409;2;LINES_OF_CODE;2026-01-12 12:46:07;14;;;;
300500;2;LINES_OF_CODE;2026-01-12 13:16:12;9;;;;
300158;2;LINES_OF_CODE;2026-01-12 13:24:58;-1;;;;
300293;2;LINES_OF_CODE;2026-01-12 13:39:06;2;;;;
300636;2;LINES_OF_CODE;2026-01-12 14:23:35;8;;;;
300519;2;LINES_OF_CODE;2026-01-12 14:31:02;-9;;;;
300475;2;LINES_OF_CODE;2026-01-12 14:34:55;11;;;;
300207;2;LINES_OF_CODE;2026-01-12 14:55:06;9;;;;
300232;2;LINES_OF_CODE;2026-01-12 15:02:07;-5;;;;
300257;2;LINES_OF_CODE;2026-01-12 15:08:22;4;;;;
300373;2;LINES_OF_CODE;2026-01-12 15:28:00;13;;;;
300405;2;LINES_OF_CODE;2026-01-12 15:44:20;4;;;;
300391;2;LINES_OF_CODE;2026-01-12 16:03:45;6;;;;
300245;2;LINES_OF_CODE;2026-01-12 16:08:44;9;;;;
300529;2;LINES_OF_CODE;2026-01-12 16:35:52;2;;;;
300590;2;LINES_OF_CODE;2026-01-12 16:40:42;11;;;;
300596;2;LINES_OF_CODE;2026-01-12 17:45:07;13;;;;
300068;2;LINES_OF_CODE;2026-01-12 17:47:45;0;;;;
300481;2;LINES_OF_CODE;2026-01-12 17:53:27;6;;;;
300622;2;LINES_OF_CODE;2026-01-13 08:36:46;7;;;;
300020;2;LINES_OF_CODE;2026-01-13 08:41:29;10;;;;
300315;2;LINES_OF_CODE;2026-01-13 10:15:38;13;;;;
300605;2;LINES_OF_CODE;2026-01-13 10:39:15;-4;;;;
300055;2;LINES_OF_CODE;2026-01-13 10:57:42;13;;;;
300149;2;LINES_OF_CODE;2026-01-13 11:08:26;2;;;;
300649;2;LINES_OF_CODE;2026-01-13 11:09:32;14;;;;
300091;2;LINES_OF_CODE;2026-01-13 11:35:51;16;;;;
300565;2;LINES_OF_CODE;2026-01-13 11:52:33;-1;;;;
300065;2;LINES_OF_CODE;2026-01-13 12:01:20;-3;;;;
300354;2;LINES_OF_CODE;2026-01-13 12:12:00;-6;;;;
300117;2;LINES_OF_CODE;2026-01-13 12:54:26;-3;;;;
300669;2;LINES_OF_CODE;2026-01-13 13:31:57;15;;;;
300164;2;LINES_OF_CODE;2026-01-13 13:33:35;6;;;;
300346;2;LINES_OF_CODE;2026-01-13 13:46:46;6;;;;
300654;2;LINES_OF_CODE;2026-01-13 13:46:48;25;;;;
300526;2;LINES_OF_CODE;2026-01-13 13:53:03;-7;;;;
300538;2;LINES_OF_CODE;2026-01-13 14:19:52;2;;;;
300461;2;LINES_OF_CODE;2026-01-13 14:30:43;2;;;;
300251;2;LINES_OF_CODE;2026-01-13 14:31:32;14;;;;
300085;2;LINES_OF_CODE;2026-01-13 14:35:41;19;;;;
300425;2;LINES_OF_CODE;2026-01-13 14:43:43;6;;;;
300266;2;LINES_OF_CODE;2026-01-13 15:14:19;8;;;;
300374;2;LINES_OF_CODE;2026-01-13 15:16:54;22;;;;
300244;2;LINES_OF_CODE;2026-01-13 15:50:14;22;;;;
300364;2;LINES_OF_CODE;2026-01-13 15:53:50;12;;;;
300387;2;LINES_OF_CODE;2026-01-13 16:42:02;4;;;;
300390;2;LINES_OF_CODE;2026-01-13 16:43:14;7;;;;
300530;2;LINES_OF_CODE;2026-01-13 17:17:52;12;;;;
300576;2;LINES_OF_CODE;2026-01-13 17:30:51;7;;;;
300060;2;LINES_OF_CODE;2026-01-14 08:19:45;18;;;;
300452;2;LINES_OF_CODE;2026-01-14 08:42:05;15;;;;
300153;2;LINES_OF_CODE;2026-01-14 08:53:17;6;;;;
300095;2;LINES_OF_CODE;2026-01-14 09:28:18;18;;;;
300159;2;LINES_OF_CODE;2026-01-14 09:46:23;0;;;;
300313;2;LINES_OF_CODE;2026-01-14 09:49:40;9;;;;
300615;2;LINES_OF_CODE;2026-01-14 10:00:41;0;;;;
300450;2;LINES_OF_CODE;2026-01-14 10:02:14;-9;;;;
300440;2;LINES_OF_CODE;2026-01-14 10:10:47;11;;;;
300192;2;LINES_OF_CODE;2026-01-14 10:46:10;5;;;;
300057;2;LINES_OF_CODE;2026-01-14 11:04:48;9;;;;
300194;2;LINES_OF_CODE;2026-01-14 11:49:53;3;;;;
300242;2;LINES_OF_CODE;2026-01-14 12:13:18;11;;;;
300304;2;LINES_OF_CODE;2026-01-14 12:31:53;4;;;;
300648;2;LINES_OF_CODE;2026-01-14 12:45:45;10;;;;
300002;2;LINES_OF_CODE;2026-01-14 12:45:58;5;;;;
300205;2;LINES_OF_CODE;2026-01-14 12:48:02;8;;;;
300511;2;LINES_OF_CODE;2026-01-14 13:09:00;4;;;;
300474;2;LINES_OF_CODE;2026-01-14 14:14:52;0;;;;
300264;2;LINES_OF_CODE;2026-01-14 14:40:23;10;;;;
300072;2;LINES_OF_CODE;2026-01-14 14:50:26;0;;;;
300360;2;LINES_OF_CODE;2026-01-14 15:07:25;7;;;;
300652;2;LINES_OF_CODE;2026-01-14 16:23:26;11;;;;
300026;2;LINES_OF_CODE;2026-01-14 16:23:38;9;;;;
300578;2;LINES_OF_CODE;2026-01-14 17:17:45;0;;;;
300641;2;LINES_OF_CODE;2026-01-14 17:22:35;14;;;;
300430;2;LINES_OF_CODE;2026-01-14 17:28:52;13;;;;
300655;2;LINES_OF_CODE;2026-01-15 08:02:00;10;;;;
300151;2;LINES_OF_CODE;2026-01-15 09:16:31;0;;;;
300543;2;LINES_OF_CODE;2026-01-15 09:43:18;14;;;;
300104;2;LINES_OF_CODE;2026-01-15 09:46:57;13;;;;
300150;2;LINES_OF_CODE;2026-01-15 10:31:40;19;;;;
300049;2;LINES_OF_CODE;2026-01-15 10:53:31;6;;;;
300371;2;LINES_OF_CODE;2026-01-15 11:01:30;11;;;;
300497;2;LINES_OF_CODE;2026-01-15 11:02:18;1;;;;
300234;2;LINES_OF_CODE;2026-01-15 11:13:20;1;;;;
300532;2;LINES_OF_CODE;2026-01-15 11:16:57;3;;;;
300092;2;LINES_OF_CODE;2026-01-15 11:20:28;6;;;;
300308;2;LINES_OF_CODE;2026-01-15 12:09:21;12;;;;
300191;2;LINES_OF_CODE;2026-01-15 12:34:09;9;;;;
300133;2;LINES_OF_CODE;2026-01-15 12:39:45;9;;;;
300109;2;LINES_OF_CODE;2026-01-15 12:52:46;16;;;;
300038;2;LINES_OF_CODE;2026-01-15 13:25:02;15;;;;
300561;2;LINES_OF_CODE;2026-01-15 13:59:42;-3;;;;
300410;2;LINES_OF_CODE;2026-01-15 14:17:40;11;;;;
300402;2;LINES_OF_CODE;2026-01-15 14:34:32;11;;;;
300334;2;LINES_OF_CODE;2026-01-15 14:49:31;19;;;;
300074;2;LINES_OF_CODE;2026-01-15 14:52:22;-2;;;;
300042;2;LINES_OF_CODE;2026-01-15 15:05:26;16;;;;
300253;2;LINES_OF_CODE;2026-01-15 15:06:52;8;;;;
300516;2;LINES_OF_CODE;2026-01-15 15:32:24;8;;;;
300040;2;LINES_OF_CODE;2026-01-15 15:55:21;8;;;;
300467;2;LINES_OF_CODE;2026-01-15 16:08:19;8;;;;
300250;2;LINES_OF_CODE;2026-01-15 16:12:52;21;;;;
300119;2;LINES_OF_CODE;2026-01-15 17:39:54;12;;;;
300464;2;LINES_OF_CODE;2026-01-15 17:52:58;-6;;;;
300471;2;LINES_OF_CODE;2026-01-16 08:07:25;11;;;;
300180;2;LINES_OF_CODE;2026-01-16 08:32:16;0;;;;
300568;2;LINES_OF_CODE;2026-01-16 08:38:23;-1;;;;
300174;2;LINES_OF_CODE;2026-01-16 08:55:58;16;;;;
300310;2;LINES_OF_CODE;2026-01-16 08:59:27;11;;;;
300617;2;LINES_OF_CODE;2026-01-16 09:13:21;9;;;;
300559;2;LINES_OF_CODE;2026-01-16 09:28:02;-3;;;;
300235;2;LINES_OF_CODE;2026-01-16 09:28:46;8;;;;
300521;2;LINES_OF_CODE;2026-01-16 10:00:53;10;;;;
300318;2;LINES_OF_CODE;2026-01-16 10:36:16;17;;;;
300303;2;LINES_OF_CODE;2026-01-16 11:11:04;5;;;;
300255;2;LINES_OF_CODE;2026-01-16 11:17:35;2;;;;
300393;2;LINES_OF_CODE;2026-01-16 12:29:30;15;;;;
300487;2;LINES_OF_CODE;2026-01-16 12:42:47;0;;;;
300300;2;LINES_OF_CODE;2026-01-16 12:46:17;5;;;;
300604;2;LINES_OF_CODE;2026-01-16 13:06:07;10;;;;
300083;2;LINES_OF_CODE;2026-01-16 13:09:14;9;;;;
300567;2;LINES_OF_CODE;2026-01-16 13:24:35;3;;;;
300077;2;LINES_OF_CODE;2026-01-16 13:26:38;0;;;;
300062;2;LINES_OF_CODE;2026-01-16 15:07:02;0;;;;
300414;2;LINES_OF_CODE;2026-01-16 15:44:17;9;;;;
300415;2;LINES_OF_CODE;2026-01-16 16:00:14;-3;;;;
300513;2;LINES_OF_CODE;2026-01-16 16:08:41;11;;;;
300003;2;LINES_OF_CODE;2026-01-16 16:13:49;-10;;;;
300671;2;LINES_OF_CODE;2026-01-16 16:16:28;9;;;;
300675;2;LINES_OF_CODE;2026-01-16 16:28:33;3;;;;
300441;2;LINES_OF_CODE;2026-01-16 16:51:49;6;;;;
300201;2;LINES_OF_CODE;2026-01-16 17:02:45;4;;;;
300249;2;LINES_OF_CODE;2026-01-16 17:18:24;2;;;;
300326;2;LINES_OF_CODE;2026-01-16 17:34:33;1;;;;
300663;2;LINES_OF_CODE;2026-01-16 17:47:51;15;;;;
300646;2;LINES_OF_CODE;2026-01-19 08:03:23;0;;;;
300178;2;LINES_OF_CODE;2026-01-19 09:11:26;10;;;;
300291;2;LINES_OF_CODE;2026-01-19 09:14:34;1;;;;
300222;2;LINES_OF_CODE;2026-01-19 09:20:11;15;;;;
300515;2;LINES_OF_CODE;2026-01-19 09:25:15;11;;;;
300031;2;LINES_OF_CODE;2026-01-19 09:30:38;4;;;;
300231;2;LINES_OF_CODE;2026-01-19 09:31:32;5;;;;
300256;2;LINES_OF_CODE;2026-01-19 09:34:24;8;;;;
300424;2;LINES_OF_CODE;2026-01-19 09:37:56;19;;;;
300146;2;LINES_OF_CODE;2026-01-19 09:52:50;5;;;;
300123;2;LINES_OF_CODE;2026-01-19 10:44:49;9;;;;
300344;2;LINES_OF_CODE;2026-01-19 10:49:22;14;;;;
300260;2;LINES_OF_CODE;2026-01-19 11:18:04;4;;;;
300566;2;LINES_OF_CODE;2026-01-19 11:40:51;10;;;;
300485;2;LINES_OF_CODE;2026-01-19 11:50:32;10;;;;
300248;2;LINES_OF_CODE;2026-01-19 12:20:09;-2;;;;
300152;2;LINES_OF_CODE;2026-01-19 12:56:42;16;;;;
300626;2;LINES_OF_CODE;2026-01-19 13:09:03;13;;;;
300366;2;LINES_OF_CODE;2026-01-19 13:15:50;21;;;;
300317;2;LINES_OF_CODE;2026-01-19 13:32:22;10;;;;
300593;2;LINES_OF_CODE;2026-01-19 13:33:05;-4;;;;
300066;2;LINES_OF_CODE;2026-01-19 13:38:39;14;;;;
300349;2;LINES_OF_CODE;2026-01-19 13:39:04;20;;;;
300631;2;LINES_OF_CODE;2026-01-19 14:09:21;7;;;;
300489;2;LINES_OF_CODE;2026-01-19 14:30:55;2;;;;
300579;2;LINES_OF_CODE;2026-01-19 14:31:00;6;;;;
300330;2;LINES_OF_CODE;2026-01-19 14:34:58;4;;;;
300491;2;LINES_OF_CODE;2026-01-19 14:38:30;0;;;;
300625;2;LINES_OF_CODE;2026-01-19 14:48:07;18;;;;
300479;2;LINES_OF_CODE;2026-01-19 15:30:58;6;;;;
300056;2;LINES_OF_CODE;2026-01-19 16:03:13;8;;;;
300142;2;LINES_OF_CODE;2026-01-19 16:12:37;21;;;;
300401;2;LINES_OF_CODE;2026-01-19 16:14:56;0;;;;
300197;2;LINES_OF_CODE;2026-01-19 16:23:26;14;;;;
300110;2;LINES_OF_CODE;2026-01-19 16:42:14;1;;;;
300418;2;LINES_OF_CODE;2026-01-19 16:54:19;14;;;;
300564;2;LINES_OF_CODE;2026-01-19 17:04:56;17;;;;
300286;2;LINES_OF_CODE;2026-01-19 17:15:06;8;;;;
300539;2;LINES_OF_CODE;2026-01-19 17:52:27;10;;;;
300004;2;LINES_OF_CODE;2026-01-19 17:59:12;-4;;;;
300290;2;LINES_OF_CODE;2026-01-20 08:14:06;7;;;;
300126;2;LINES_OF_CODE;2026-01-20 08:34:23;0;;;;
300597;2;LINES_OF_CODE;2026-01-20 09:09:54;10;;;;
300406;2;LINES_OF_CODE;2026-01-20 09:35:03;11;;;;
300212;2;LINES_OF_CODE;2026-01-20 10:08:16;11;;;;
300154;2;LINES_OF_CODE;2026-01-20 10:38:44;6;;;;
300046;2;LINES_OF_CODE;2026-01-20 10:40:37;6;;;;
300022;2;LINES_OF_CODE;2026-01-20 10:53:29;0;;;;
300422;2;LINES_OF_CODE;2026-01-20 10:58:05;12;;;;
300084;2;LINES_OF_CODE;2026-01-20 11:05:38;10;;;;
300537;2;LINES_OF_CODE;2026-01-20 11:06:41;15;;;;
300362;2;LINES_OF_CODE;2026-01-20 12:40:46;12;;;;
300220;2;LINES_OF_CODE;2026-01-20 12:45:20;0;;;;
300025;2;LINES_OF_CODE;2026-01-20 12:49:44;-6;;;;
300423;2;LINES_OF_CODE;2026-01-20 12:56:49;15;;;;
300603;2;LINES_OF_CODE;2026-01-20 12:57:01;9;;;;
300587;2;LINES_OF_CODE;2026-01-20 13:15:38;13;;;;
300416;2;LINES_OF_CODE;2026-01-20 13:23:48;10;;;;
300090;2;LINES_OF_CODE;2026-01-20 13:56:06;-1;;;;
300288;2;LINES_OF_CODE;2026-01-20 13:58:24;10;;;;
300299;2;LINES_OF_CODE;2026-01-20 14:16:00;6;;;;
300155;2;LINES_OF_CODE;2026-01-20 14:17:58;6;;;;
300138;2;LINES_OF_CODE;2026-01-20 14:23:28;7;;;;
300199;2;LINES_OF_CODE;2026-01-20 14:30:56;8;;;;
300563;2;LINES_OF_CODE;2026-01-20 14:32:21;10;;;;
300571;2;LINES_OF_CODE;2026-01-20 15:16:35;11;;;;
300200;2;LINES_OF_CODE;2026-01-20 15:31:17;11;;;;
300427;2;LINES_OF_CODE;2026-01-20 15:31:46;0;;;;
300451;2;LINES_OF_CODE;2026-01-20 15:32:52;2;;;;
300170;2;LINES_OF_CODE;2026-01-20 15:51:10;14;;;;
300507;2;LINES_OF_CODE;2026-01-20 17:11:39;13;;;;
300504;2;LINES_OF_CODE;2026-01-20 17:38:34;6;;;;
300019;2;LINES_OF_CODE;2026-01-21 08:00:48;18;;;;
300171;2;LINES_OF_CODE;2026-01-21 08:39:38;8;;;;
300525;2;LINES_OF_CODE;2026-01-21 09:12:37;2;;;;
300482;2;LINES_OF_CODE;2026-01-21 09:14:35;18;;;;
300141;2;LINES_OF_CODE;2026-01-21 10:40:04;-3;;;;
300228;2;LINES_OF_CODE;2026-01-21 11:02:23;21;;;;
300181;2;LINES_OF_CODE;2026-01-21 11:20:38;18;;;;
300184;2;LINES_OF_CODE;2026-01-21 11:22:44;-1;;;;
300009;2;LINES_OF_CODE;2026-01-21 11:29:23;0;;;;
300247;2;LINES_OF_CODE;2026-01-21 12:03:54;5;;;;
300403;2;LINES_OF_CODE;2026-01-21 12:11:33;6;;;;
300108;2;LINES_OF_CODE;2026-01-21 12:20:35;8;;;;
300457;2;LINES_OF_CODE;2026-01-21 12:59:13;12;;;;
300274;2;LINES_OF_CODE;2026-01-21 13:00:13;15;;;;
300050;2;LINES_OF_CODE;2026-01-21 13:28:03;6;;;;
300657;2;LINES_OF_CODE;2026-01-21 13:29:19;4;;;;
300302;2;LINES_OF_CODE;2026-01-21 13:46:55;2;;;;
300640;2;LINES_OF_CODE;2026-01-21 13:54:36;5;;;;
300179;2;LINES_OF_CODE;2026-01-21 14:05:23;10;;;;
300659;2;LINES_OF_CODE;2026-01-21 14:08:50;14;;;;
300114;2;LINES_OF_CODE;2026-01-21 14:43:40;6;;;;
300285;2;LINES_OF_CODE;2026-01-21 14:59:37;21;;;;
300163;2;LINES_OF_CODE;2026-01-21 15:19:49;10;;;;
300389;2;LINES_OF_CODE;2026-01-21 15:26:50;19;;;;
300051;2;LINES_OF_CODE;2026-01-21 15:30:58;7;;;;
300584;2;LINES_OF_CODE;2026-01-21 15:47:29;21;;;;
300377;2;LINES_OF_CODE;2026-01-21 15:53:28;0;;;;
300562;2;LINES_OF_CODE;2026-01-21 16:10:28;10;;;;
300322;2;LINES_OF_CODE;2026-01-21 16:10:38;6;;;;
300017;2;LINES_OF_CODE;2026-01-21 16:21:03;13;;;;
300309;2;LINES_OF_CODE;2026-01-21 17:05:10;-1;;;;
300582;2;LINES_OF_CODE;2026-01-21 17:25:24;6;;;;
300445;2;LINES_OF_CODE;2026-01-21 17:36:17;1;;;;
300358;2;LINES_OF_CODE;2026-01-21 17:59:01;12;;;;
300279;2;LINES_OF_CODE;2026-01-22 08:08:04;26;;;;
300575;2;LINES_OF_CODE;2026-01-22 08:38:20;7;;;;
300267;2;LINES_OF_CODE;2026-01-22 08:45:18;4;;;;
300121;2;LINES_OF_CODE;2026-01-22 08:56:17;21;;;;
300353;2;LINES_OF_CODE;2026-01-22 09:30:05;19;;;;
300488;2;LINES_OF_CODE;2026-01-22 09:45:19;3;;;;
300610;2;LINES_OF_CODE;2026-01-22 09:48:25;17;;;;
300611;2;LINES_OF_CODE;2026-01-22 09:58:48;8;;;;
300053;2;LINES_OF_CODE;2026-01-22 10:26:31;8;;;;
300147;2;LINES_OF_CODE;2026-01-22 10:28:37;13;;;;
300030;2;LINES_OF_CODE;2026-01-22 11:48:53;13;;;;
300316;2;LINES_OF_CODE;2026-01-22 12:01:30;11;;;;
300368;2;LINES_OF_CODE;2026-01-22 12:33:48;14;;;;
300206;2;LINES_OF_CODE;2026-01-22 12:36:09;14;;;;
300105;2;LINES_OF_CODE;2026-01-22 12:37:44;9;;;;
300099;2;LINES_OF_CODE;2026-01-22 13:48:35;12;;;;
300673;2;LINES_OF_CODE;2026-01-22 14:17:21;12;;;;
300619;2;LINES_OF_CODE;2026-01-22 14:26:40;10;;;;
300347;2;LINES_OF_CODE;2026-01-22 14:48:47;8;;;;
300258;2;LINES_OF_CODE;2026-01-22 14:54:53;2;;;;
300381;2;LINES_OF_CODE;2026-01-22 15:24:52;18;;;;
300496;2;LINES_OF_CODE;2026-01-22 15:37:37;13;;;;
300483;2;LINES_OF_CODE;2026-01-22 16:00:15;10;;;;
300477;2;LINES_OF_CODE;2026-01-22 16:00:50;5;;;;
300545;2;LINES_OF_CODE;2026-01-22 16:43:57;0;;;;
300466;2;LINES_OF_CODE;2026-01-22 16:44:24;3;;;;
300434;2;LINES_OF_CODE;2026-01-22 17:41:45;19;;;;
300169;2;LINES_OF_CODE;2026-01-23 08:14:33;10;;;;
300357;2;LINES_OF_CODE;2026-01-23 08:38:47;6;;;;
300633;2;LINES_OF_CODE;2026-01-23 09:45:14;12;;;;
300327;2;LINES_OF_CODE;2026-01-23 09:49:47;13;;;;
300541;2;LINES_OF_CODE;2026-01-23 10:05:46;18;;;;
300632;2;LINES_OF_CODE;2026-01-23 10:40:27;1;;;;
300635;2;LINES_OF_CODE;2026-01-23 10:41:59;19;;;;
300006;2;LINES_OF_CODE;2026-01-23 10:55:32;-4;;;;
300355;2;LINES_OF_CODE;2026-01-23 10:56:37;16;;;;
300670;2;LINES_OF_CODE;2026-01-23 11:13:31;12;;;;
300320;2;LINES_OF_CODE;2026-01-23 11:26:09;1;;;;
300227;2;LINES_OF_CODE;2026-01-23 11:27:55;4;;;;
300131;2;LINES_OF_CODE;2026-01-23 11:37:16;10;;;;
300459;2;LINES_OF_CODE;2026-01-23 11:41:43;11;;;;
300140;2;LINES_OF_CODE;2026-01-23 11:49:17;15;;;;
300187;2;LINES_OF_CODE;2026-01-23 12:57:05;7;;;;
300208;2;LINES_OF_CODE;2026-01-23 13:24:51;12;;;;
300589;2;LINES_OF_CODE;2026-01-23 13:27:44;14;;;;
300492;2;LINES_OF_CODE;2026-01-23 13:47:56;5;;;;
300399;2;LINES_OF_CODE;2026-01-23 13:59:20;13;;;;
300273;2;LINES_OF_CODE;2026-01-23 14:41:48;14;;;;
300473;2;LINES_OF_CODE;2026-01-23 14:59:06;6;;;;
300550;2;LINES_OF_CODE;2026-01-23 15:00:39;-2;;;;
300028;2;LINES_OF_CODE;2026-01-23 15:25:09;5;;;;
300128;2;LINES_OF_CODE;2026-01-23 16:00:37;14;;;;
300361;2;LINES_OF_CODE;2026-01-23 16:31:30;16;;;;
300075;2;LINES_OF_CODE;2026-01-23 16:57:03;24;;;;
300324;2;LINES_OF_CODE;2026-01-23 17:15:02;13;;;;
300176;2;LINES_OF_CODE;2026-01-23 17:25:44;18;;;;
300120;2;LINES_OF_CODE;2026-01-23 17:33:39;14;;;;
300172;2;LINES_OF_CODE;2026-01-23 17:48:27;1;;;;
300311;2;LINES_OF_CODE;2026-01-26 08:10:42;7;;;;
300583;2;LINES_OF_CODE;2026-01-26 08:13:37;7;;;;
300340;2;LINES_OF_CODE;2026-01-26 08:20:00;2;;;;
300202;2;LINES_OF_CODE;2026-01-26 08:32:53;1;;;;
300592;2;LINES_OF_CODE;2026-01-26 08:41:29;4;;;;
300560;2;LINES_OF_CODE;2026-01-26 08:49:52;0;;;;
300400;2;LINES_OF_CODE;2026-01-26 09:23:10;0;;;;
300277;2;LINES_OF_CODE;2026-01-26 09:45:22;6;;;;
300185;2;LINES_OF_CODE;2026-01-26 09:49:34;9;;;;
300182;2;LINES_OF_CODE;2026-01-26 10:10:17;14;;;;
300259;2;LINES_OF_CODE;2026-01-26 10:47:45;3;;;;
300160;2;LINES_OF_CODE;2026-01-26 11:02:54;7;;;;
300356;2;LINES_OF_CODE;2026-01-26 11:17:23;2;;;;
300144;2;LINES_OF_CODE;2026-01-26 11:28:11;9;;;;
300606;2;LINES_OF_CODE;2026-01-26 11:32:04;11;;;;
300209;2;LINES_OF_CODE;2026-01-26 11:54:00;12;;;;
300098;2;LINES_OF_CODE;2026-01-26 12:37:43;8;;;;
300668;2;LINES_OF_CODE;2026-01-26 12:50:21;2;;;;
300620;2;LINES_OF_CODE;2026-01-26 13:21:11;8;;;;
300039;2;LINES_OF_CODE;2026-01-26 13:35:40;16;;;;
300650;2;LINES_OF_CODE;2026-01-26 13:39:37;13;;;;
300190;2;LINES_OF_CODE;2026-01-26 13:46:11;9;;;;
300437;2;LINES_OF_CODE;2026-01-26 13:58:41;11;;;;
300542;2;LINES_OF_CODE;2026-01-26 14:38:10;18;;;;
300501;2;LINES_OF_CODE;2026-01-26 15:02:18;12;;;;
300058;2;LINES_OF_CODE;2026-01-26 15:45:09;14;;;;
300033;2;LINES_OF_CODE;2026-01-26 16:00:39;0;;;;
300134;2;LINES_OF_CODE;2026-01-26 16:10:37;24;;;;
300624;2;LINES_OF_CODE;2026-01-26 16:15:23;1;;;;
300614;2;LINES_OF_CODE;2026-01-26 16:23:19;13;;;;
300527;2;LINES_OF_CODE;2026-01-26 16:27:17;13;;;;
300642;2;LINES_OF_CODE;2026-01-26 17:56:11;19;;;;
300372;2;LINES_OF_CODE;2026-01-27 08:08:17;17;;;;
300379;2;LINES_OF_CODE;2026-01-27 08:27:26;3;;;;
300306;2;LINES_OF_CODE;2026-01-27 08:45:28;2;;;;
300421;2;LINES_OF_CODE;2026-01-27 08:48:30;-6;;;;
300506;2;LINES_OF_CODE;2026-01-27 08:55:25;17;;;;
300089;2;LINES_OF_CODE;2026-01-27 08:59:02;11;;;;
300116;2;LINES_OF_CODE;2026-01-27 09:05:45;9;;;;
300630;2;LINES_OF_CODE;2026-01-27 09:25:24;4;;;;
300331;2;LINES_OF_CODE;2026-01-27 09:37:24;2;;;;
300376;2;LINES_OF_CODE;2026-01-27 10:26:13;13;;;;
300323;2;LINES_OF_CODE;2026-01-27 10:57:47;3;;;;
300627;2;LINES_OF_CODE;2026-01-27 11:18:49;17;;;;
300173;2;LINES_OF_CODE;2026-01-27 11:21:56;11;;;;
300388;2;LINES_OF_CODE;2026-01-27 11:45:43;4;;;;
300281;2;LINES_OF_CODE;2026-01-27 11:46:07;12;;;;
300287;2;LINES_OF_CODE;2026-01-27 11:48:49;8;;;;
300021;2;LINES_OF_CODE;2026-01-27 11:59:49;13;;;;
300294;2;LINES_OF_CODE;2026-01-27 12:00:52;15;;;;
300544;2;LINES_OF_CODE;2026-01-27 12:08:29;7;;;;
300413;2;LINES_OF_CODE;2026-01-27 12:10:28;8;;;;
300629;2;LINES_OF_CODE;2026-01-27 12:45:35;-2;;;;
300456;2;LINES_OF_CODE;2026-01-27 13:11:11;19;;;;
300623;2;LINES_OF_CODE;2026-01-27 13:28:33;9;;;;
300036;2;LINES_OF_CODE;2026-01-27 13:29:31;15;;;;
300217;2;LINES_OF_CODE;2026-01-27 13:29:32;4;;;;
300365;2;LINES_OF_CODE;2026-01-27 13:38:02;12;;;;
300667;2;LINES_OF_CODE;2026-01-27 13:38:55;17;;;;
300005;2;LINES_OF_CODE;2026-01-27 13:45:59;9;;;;
300080;2;LINES_OF_CODE;2026-01-27 14:11:41;6;;;;
300517;2;LINES_OF_CODE;2026-01-27 14:13:45;4;;;;
300112;2;LINES_OF_CODE;2026-01-27 14:56:05;12;;;;
300556;2;LINES_OF_CODE;2026-01-27 15:19:09;15;;;;
300472;2;LINES_OF_CODE;2026-01-27 15:36:56;13;;;;
300107;2;LINES_OF_CODE;2026-01-27 15:40:37;6;;;;
300223;2;LINES_OF_CODE;2026-01-27 15:50:30;13;;;;
300585;2;LINES_OF_CODE;2026-01-27 17:01:35;18;;;;
300435;2;LINES_OF_CODE;2026-01-27 17:05:32;-1;;;;
300204;2;LINES_OF_CODE;2026-01-27 17:32:28;13;;;;
300536;2;LINES_OF_CODE;2026-01-28 08:46:50;13;;;;
300469;2;LINES_OF_CODE;2026-01-28 09:03:14;7;;;;
300312;2;LINES_OF_CODE;2026-01-28 09:12:17;11;;;;
300216;2;LINES_OF_CODE;2026-01-28 09:15:16;0;;;;
300628;2;LINES_OF_CODE;2026-01-28 09:27:41;8;;;;
300557;2;LINES_OF_CODE;2026-01-28 09:41:55;8;;;;
300429;2;LINES_OF_CODE;2026-01-28 09:44:14;9;;;;
300013;2;LINES_OF_CODE;2026-01-28 10:48:30;18;;;;
300616;2;LINES_OF_CODE;2026-01-28 10:51:17;7;;;;
300343;2;LINES_OF_CODE;2026-01-28 10:55:24;12;;;;
300276;2;LINES_OF_CODE;2026-01-28 11:26:13;11;;;;
300268;2;LINES_OF_CODE;2026-01-28 11:36:56;19;;;;
300637;2;LINES_OF_CODE;2026-01-28 12:04:50;2;;;;
300552;2;LINES_OF_CODE;2026-01-28 12:14:49;6;;;;
300018;2;LINES_OF_CODE;2026-01-28 12:18:48;3;;;;
300175;2;LINES_OF_CODE;2026-01-28 12:26:19;14;;;;
300314;2;LINES_OF_CODE;2026-01-28 12:54:20;11;;;;
300319;2;LINES_OF_CODE;2026-01-28 12:56:35;-7;;;;
300404;2;LINES_OF_CODE;2026-01-28 13:28:19;8;;;;
300011;2;LINES_OF_CODE;2026-01-28 13:42:22;0;;;;
300363;2;LINES_OF_CODE;2026-01-28 14:00:23;19;;;;
300064;2;LINES_OF_CODE;2026-01-28 14:18:33;16;;;;
300588;2;LINES_OF_CODE;2026-01-28 14:39:31;11;;;;
300233;2;LINES_OF_CODE;2026-01-28 14:54:19;17;;;;
300130;2;LINES_OF_CODE;2026-01-28 15:14:26;13;;;;
300395;2;LINES_OF_CODE;2026-01-28 15:22:28;-5;;;;
300460;2;LINES_OF_CODE;2026-01-28 15:28:05;9;;;;
300284;2;LINES_OF_CODE;2026-01-28 16:14:31;6;;;;
300554;2;LINES_OF_CODE;2026-01-28 16:20:22;14;;;;
300102;2;LINES_OF_CODE;2026-01-28 16:31:43;2;;;;
300139;2;LINES_OF_CODE;2026-01-28 16:34:01;10;;;;
300127;2;LINES_OF_CODE;2026-01-28 16:34:27;11;;;;
300352;2;LINES_OF_CODE;2026-01-28 16:51:22;19;;;;
300298;2;LINES_OF_CODE;2026-01-28 17:01:22;14;;;;
300269;2;LINES_OF_CODE;2026-01-28 17:05:16;7;;;;
300586;2;LINES_OF_CODE;2026-01-28 17:06:04;1;;;;
300078;2;LINES_OF_CODE;2026-01-28 17:21:06;5;;;;
300609;2;LINES_OF_CODE;2026-01-28 17:57:35;1;;;;
300183;2;LINES_OF_CODE;2026-01-29 08:11:55;10;;;;
300486;2;LINES_OF_CODE;2026-01-29 08:46:33;7;;;;
300059;2;LINES_OF_CODE;2026-01-29 08:51:36;8;;;;
300645;2;LINES_OF_CODE;2026-01-29 08:55:14;8;;;;
300428;2;LINES_OF_CODE;2026-01-29 09:20:33;13;;;;
300572;2;LINES_OF_CODE;2026-01-29 09:25:57;3;;;;
300270;2;LINES_OF_CODE;2026-01-29 09:57:18;16;;;;
300225;2;LINES_OF_CODE;2026-01-29 10:01:40;2;;;;
300656;2;LINES_OF_CODE;2026-01-29 10:06:39;13;;;;
300607;2;LINES_OF_CODE;2026-01-29 10:06:50;-4;;;;
300375;2;LINES_OF_CODE;2026-01-29 10:08:14;4;;;;
300468;2;LINES_OF_CODE;2026-01-29 10:17:38;0;;;;
300136;2;LINES_OF_CODE;2026-01-29 10:20:50;0;;;;
300569;2;LINES_OF_CODE;2026-01-29 10:41:06;3;;;;
300196;2;LINES_OF_CODE;2026-01-29 10:45:15;3;;;;
300370;2;LINES_OF_CODE;2026-01-29 10:51:41;11;;;;
300382;2;LINES_OF_CODE;2026-01-29 11:13:47;8;;;;
300345;2;LINES_OF_CODE;2026-01-29 11:41:38;21;;;;
300431;2;LINES_OF_CODE;2026-01-29 12:02:20;3;;;;
300350;2;LINES_OF_CODE;2026-01-29 12:03:07;19;;;;
300436;2;LINES_OF_CODE;2026-01-29 12:27:05;4;;;;
300292;2;LINES_OF_CODE;2026-01-29 12:54:15;11;;;;
300432;2;LINES_OF_CODE;2026-01-29 14:05:24;13;;;;
300342;2;LINES_OF_CODE;2026-01-29 14:32:01;22;;;;
300167;2;LINES_OF_CODE;2026-01-29 15:17:10;22;;;;
300465;2;LINES_OF_CODE;2026-01-29 15:21:32;15;;;;
300528;2;LINES_OF_CODE;2026-01-29 15:29:53;8;;;;
300093;2;LINES_OF_CODE;2026-01-29 15:35:55;-4;;;;
300044;2;LINES_OF_CODE;2026-01-29 15:44:26;23;;;;
300186;2;LINES_OF_CODE;2026-01-29 16:35:21;10;;;;
300101;2;LINES_OF_CODE;2026-01-29 17:05:25;5;;;;
300261;2;LINES_OF_CODE;2026-01-29 17:09:57;-2;;;;
300662;2;LINES_OF_CODE;2026-01-29 17:10:19;0;;;;
300137;2;LINES_OF_CODE;2026-01-29 17:11:58;2;;;;
300048;2;LINES_OF_CODE;2026-01-29 17:19:38;5;;;;
300378;2;LINES_OF_CODE;2026-01-29 17:55:19;5;;;;
300157;2;LINES_OF_CODE;2026-01-30 08:43:50;12;;;;
300438;2;LINES_OF_CODE;2026-01-30 09:21:53;5;;;;
300407;2;LINES_OF_CODE;2026-01-30 09:34:37;-2;;;;
300262;2;LINES_OF_CODE;2026-01-30 09:52:06;10;;;;
300148;2;LINES_OF_CODE;2026-01-30 09:52:25;6;;;;
300672;2;LINES_OF_CODE;2026-01-30 10:14:15;7;;;;
300297;2;LINES_OF_CODE;2026-01-30 10:52:04;9;;;;
300420;2;LINES_OF_CODE;2026-01-30 11:07:25;3;;;;
300037;2;LINES_OF_CODE;2026-01-30 11:08:23;17;;;;
300558;2;LINES_OF_CODE;2026-01-30 11:36:19;6;;;;
300534;2;LINES_OF_CODE;2026-01-30 11:39:53;19;;;;
300634;2;LINES_OF_CODE;2026-01-30 11:42:50;-4;;;;
300239;2;LINES_OF_CODE;2026-01-30 12:03:12;0;;;;
300601;2;LINES_OF_CODE;2026-01-30 12:14:53;1;;;;
300097;2;LINES_OF_CODE;2026-01-30 12:16:37;13;;;;
300547;2;LINES_OF_CODE;2026-01-30 12:18:45;6;;;;
300480;2;LINES_OF_CODE;2026-01-30 12:47:39;4;;;;
300272;2;LINES_OF_CODE;2026-01-30 13:25:52;22;;;;
300015;2;LINES_OF_CODE;2026-01-30 13:33:09;-1;;;;
300213;2;LINES_OF_CODE;2026-01-30 13:49:08;12;;;;
300115;2;LINES_OF_CODE;2026-01-30 13:49:12;0;;;;
300493;2;LINES_OF_CODE;2026-01-30 13:57:05;14;;;;
300600;2;LINES_OF_CODE;2026-01-30 14:22:07;13;;;;
300509;2;LINES_OF_CODE;2026-01-30 15:10:10;11;;;;
300462;2;LINES_OF_CODE;2026-01-30 16:55:30;10;;;;
300125;2;LINES_OF_CODE;2026-01-30 17:37:33;5;;;;
300063;2;LINES_OF_CODE;2026-01-30 17:38:32;14;;;;
301249;2;LINES_OF_CODE;2026-02-02 08:15:54;8;;;;
301371;2;LINES_OF_CODE;2026-02-02 08:50:49;0;;;;
301195;2;LINES_OF_CODE;2026-02-02 09:15:44;9;;;;
301025;2;LINES_OF_CODE;2026-02-02 09:20:06;3;;;;
301125;2;LINES_OF_CODE;2026-02-02 09:30:34;10;;;;
301033;2;LINES_OF_CODE;2026-02-02 09:36:45;-4;;;;
300694;2;LINES_OF_CODE;2026-02-02 09:50:51;11;;;;
300746;2;LINES_OF_CODE;2026-02-02 10:24:59;14;;;;
301358;2;LINES_OF_CODE;2026-02-02 10:30:51;13;;;;
301357;2;LINES_OF_CODE;2026-02-02 10:46:33;-5;;;;
301103;2;LINES_OF_CODE;2026-02-02 11:32:00;11;;;;
301321;2;LINES_OF_CODE;2026-02-02 11:48:52;14;;;;
301136;2;LINES_OF_CODE;2026-02-02 12:12:40;1;;;;
301163;2;LINES_OF_CODE;2026-02-02 12:22:34;8;;;;
301380;2;LINES_OF_CODE;2026-02-02 12:31:02;8;;;;
301298;2;LINES_OF_CODE;2026-02-02 12:37:42;3;;;;
301346;2;LINES_OF_CODE;2026-02-02 13:08:17;4;;;;
300847;2;LINES_OF_CODE;2026-02-02 13:14:09;6;;;;
301052;2;LINES_OF_CODE;2026-02-02 13:41:47;13;;;;
301077;2;LINES_OF_CODE;2026-02-02 13:45:34;2;;;;
300954;2;LINES_OF_CODE;2026-02-02 13:47:06;-7;;;;
301369;2;LINES_OF_CODE;2026-02-02 13:49:09;6;;;;
301262;2;LINES_OF_CODE;2026-02-02 14:00:36;1;;;;
300978;2;LINES_OF_CODE;2026-02-02 14:37:57;1;;;;
301304;2;LINES_OF_CODE;2026-02-02 14:39:16;15;;;;
300752;2;LINES_OF_CODE;2026-02-02 15:07:18;0;;;;
300722;2;LINES_OF_CODE;2026-02-02 15:28:44;16;;;;
301289;2;LINES_OF_CODE;2026-02-02 15:35:22;15;;;;
300724;2;LINES_OF_CODE;2026-02-02 15:39:06;7;;;;
300703;2;LINES_OF_CODE;2026-02-02 16:00:28;6;;;;
301284;2;LINES_OF_CODE;2026-02-02 16:03:39;14;;;;
300896;2;LINES_OF_CODE;2026-02-02 16:13:27;17;;;;
300727;2;LINES_OF_CODE;2026-02-02 16:20:45;5;;;;
300936;2;LINES_OF_CODE;2026-02-02 17:27:24;12;;;;
301370;2;LINES_OF_CODE;2026-02-02 17:27:49;13;;;;
301312;2;LINES_OF_CODE;2026-02-02 17:49:55;1;;;;
300852;2;LINES_OF_CODE;2026-02-03 08:48:30;15;;;;
300988;2;LINES_OF_CODE;2026-02-03 08:50:43;7;;;;
301198;2;LINES_OF_CODE;2026-02-03 09:33:34;10;;;;
301092;2;LINES_OF_CODE;2026-02-03 09:51:49;4;;;;
300928;2;LINES_OF_CODE;2026-02-03 09:54:02;7;;;;
301063;2;LINES_OF_CODE;2026-02-03 09:56:54;4;;;;
300783;2;LINES_OF_CODE;2026-02-03 10:05:09;19;;;;
300687;2;LINES_OF_CODE;2026-02-03 10:06:42;13;;;;
301319;2;LINES_OF_CODE;2026-02-03 10:21:48;12;;;;
300764;2;LINES_OF_CODE;2026-02-03 10:42:53;6;;;;
301035;2;LINES_OF_CODE;2026-02-03 10:55:37;3;;;;
300832;2;LINES_OF_CODE;2026-02-03 10:57:00;3;;;;
301278;2;LINES_OF_CODE;2026-02-03 10:58:13;10;;;;
301076;2;LINES_OF_CODE;2026-02-03 11:12:24;20;;;;
300922;2;LINES_OF_CODE;2026-02-03 11:18:41;8;;;;
301378;2;LINES_OF_CODE;2026-02-03 11:35:45;9;;;;
301379;2;LINES_OF_CODE;2026-02-03 11:44:29;13;;;;
301261;2;LINES_OF_CODE;2026-02-03 12:14:56;7;;;;
301184;2;LINES_OF_CODE;2026-02-03 12:21:52;4;;;;
301194;2;LINES_OF_CODE;2026-02-03 12:30:22;13;;;;
300800;2;LINES_OF_CODE;2026-02-03 13:11:15;7;;;;
301014;2;LINES_OF_CODE;2026-02-03 13:15:54;12;;;;
301096;2;LINES_OF_CODE;2026-02-03 13:42:52;8;;;;
300947;2;LINES_OF_CODE;2026-02-03 14:18:10;7;;;;
301117;2;LINES_OF_CODE;2026-02-03 14:28:09;7;;;;
300903;2;LINES_OF_CODE;2026-02-03 14:37:06;10;;;;
301374;2;LINES_OF_CODE;2026-02-03 14:43:29;1;;;;
301310;2;LINES_OF_CODE;2026-02-03 14:49:18;1;;;;
301214;2;LINES_OF_CODE;2026-02-03 15:07:29;9;;;;
301031;2;LINES_OF_CODE;2026-02-03 15:29:38;9;;;;
301220;2;LINES_OF_CODE;2026-02-03 15:39:40;2;;;;
301360;2;LINES_OF_CODE;2026-02-03 15:51:37;9;;;;
301176;2;LINES_OF_CODE;2026-02-03 15:59:33;4;;;;
301027;2;LINES_OF_CODE;2026-02-03 16:15:51;0;;;;
301387;2;LINES_OF_CODE;2026-02-03 16:21:19;4;;;;
300964;2;LINES_OF_CODE;2026-02-03 16:30:17;4;;;;
301081;2;LINES_OF_CODE;2026-02-03 16:36:32;14;;;;
301134;2;LINES_OF_CODE;2026-02-03 16:44:26;7;;;;
300930;2;LINES_OF_CODE;2026-02-03 16:49:44;0;;;;
301022;2;LINES_OF_CODE;2026-02-03 17:16:49;-2;;;;
300982;2;LINES_OF_CODE;2026-02-04 08:07:56;4;;;;
301248;2;LINES_OF_CODE;2026-02-04 08:14:55;18;;;;
301082;2;LINES_OF_CODE;2026-02-04 08:24:49;16;;;;
300943;2;LINES_OF_CODE;2026-02-04 08:25:33;8;;;;
301337;2;LINES_OF_CODE;2026-02-04 08:26:30;3;;;;
301314;2;LINES_OF_CODE;2026-02-04 08:49:42;9;;;;
300680;2;LINES_OF_CODE;2026-02-04 09:10:08;9;;;;
300701;2;LINES_OF_CODE;2026-02-04 09:18:05;3;;;;
301275;2;LINES_OF_CODE;2026-02-04 09:20:29;21;;;;
301230;2;LINES_OF_CODE;2026-02-04 09:25:46;5;;;;
301341;2;LINES_OF_CODE;2026-02-04 09:37:02;11;;;;
300816;2;LINES_OF_CODE;2026-02-04 09:51:46;2;;;;
300869;2;LINES_OF_CODE;2026-02-04 10:16:01;2;;;;
300678;2;LINES_OF_CODE;2026-02-04 10:16:14;0;;;;
301264;2;LINES_OF_CODE;2026-02-04 10:22:39;12;;;;
300714;2;LINES_OF_CODE;2026-02-04 10:41:29;13;;;;
301227;2;LINES_OF_CODE;2026-02-04 10:45:01;16;;;;
300688;2;LINES_OF_CODE;2026-02-04 11:14:12;6;;;;
301106;2;LINES_OF_CODE;2026-02-04 12:07:26;5;;;;
301118;2;LINES_OF_CODE;2026-02-04 12:09:24;5;;;;
301129;2;LINES_OF_CODE;2026-02-04 12:13:31;12;;;;
300707;2;LINES_OF_CODE;2026-02-04 12:28:37;-1;;;;
301315;2;LINES_OF_CODE;2026-02-04 12:35:08;4;;;;
300870;2;LINES_OF_CODE;2026-02-04 12:36:44;0;;;;
300860;2;LINES_OF_CODE;2026-02-04 12:39:35;6;;;;
301165;2;LINES_OF_CODE;2026-02-04 13:19:45;-5;;;;
301205;2;LINES_OF_CODE;2026-02-04 13:25:07;9;;;;
301267;2;LINES_OF_CODE;2026-02-04 13:29:34;8;;;;
300731;2;LINES_OF_CODE;2026-02-04 14:11:12;11;;;;
300716;2;LINES_OF_CODE;2026-02-04 14:32:38;9;;;;
301051;2;LINES_OF_CODE;2026-02-04 15:18:53;6;;;;
300805;2;LINES_OF_CODE;2026-02-04 15:21:42;8;;;;
301322;2;LINES_OF_CODE;2026-02-04 15:51:12;-2;;;;
301287;2;LINES_OF_CODE;2026-02-04 15:54:01;4;;;;
301317;2;LINES_OF_CODE;2026-02-04 16:36:14;7;;;;
300885;2;LINES_OF_CODE;2026-02-04 16:58:07;0;;;;
300857;2;LINES_OF_CODE;2026-02-04 17:14:50;0;;;;
300728;2;LINES_OF_CODE;2026-02-05 08:07:44;4;;;;
300756;2;LINES_OF_CODE;2026-02-05 08:09:07;7;;;;
301044;2;LINES_OF_CODE;2026-02-05 08:46:39;14;;;;
300983;2;LINES_OF_CODE;2026-02-05 08:49:26;10;;;;
300865;2;LINES_OF_CODE;2026-02-05 09:15:30;-5;;;;
301351;2;LINES_OF_CODE;2026-02-05 09:26:59;17;;;;
301001;2;LINES_OF_CODE;2026-02-05 09:51:21;14;;;;
300751;2;LINES_OF_CODE;2026-02-05 10:16:57;-2;;;;
300874;2;LINES_OF_CODE;2026-02-05 10:32:11;13;;;;
300739;2;LINES_OF_CODE;2026-02-05 10:36:20;0;;;;
301073;2;LINES_OF_CODE;2026-02-05 10:54:35;7;;;;
300779;2;LINES_OF_CODE;2026-02-05 10:56:31;1;;;;
301266;2;LINES_OF_CODE;2026-02-05 12:10:16;5;;;;
301340;2;LINES_OF_CODE;2026-02-05 12:46:58;4;;;;
300949;2;LINES_OF_CODE;2026-02-05 13:34:05;4;;;;
301028;2;LINES_OF_CODE;2026-02-05 13:40:25;12;;;;
300997;2;LINES_OF_CODE;2026-02-05 13:43:46;-3;;;;
301276;2;LINES_OF_CODE;2026-02-05 13:44:18;1;;;;
300807;2;LINES_OF_CODE;2026-02-05 13:52:58;9;;;;
301146;2;LINES_OF_CODE;2026-02-05 13:56:06;6;;;;
301171;2;LINES_OF_CODE;2026-02-05 14:22:19;9;;;;
301243;2;LINES_OF_CODE;2026-02-05 14:31:15;0;;;;
300793;2;LINES_OF_CODE;2026-02-05 14:38:43;0;;;;
300759;2;LINES_OF_CODE;2026-02-05 14:39:02;4;;;;
301328;2;LINES_OF_CODE;2026-02-05 14:50:22;13;;;;
301135;2;LINES_OF_CODE;2026-02-05 14:59:06;11;;;;
301037;2;LINES_OF_CODE;2026-02-05 15:06:13;8;;;;
301334;2;LINES_OF_CODE;2026-02-05 15:12:44;18;;;;
300929;2;LINES_OF_CODE;2026-02-05 15:18:57;10;;;;
301405;2;LINES_OF_CODE;2026-02-05 15:34:59;13;;;;
301363;2;LINES_OF_CODE;2026-02-05 15:54:50;3;;;;
301253;2;LINES_OF_CODE;2026-02-05 16:19:14;3;;;;
300911;2;LINES_OF_CODE;2026-02-05 16:27:17;9;;;;
301215;2;LINES_OF_CODE;2026-02-05 16:40:04;2;;;;
300810;2;LINES_OF_CODE;2026-02-05 16:48:09;8;;;;
301229;2;LINES_OF_CODE;2026-02-05 16:52:40;13;;;;
300963;2;LINES_OF_CODE;2026-02-05 16:56:08;-1;;;;
300748;2;LINES_OF_CODE;2026-02-05 16:59:18;6;;;;
300961;2;LINES_OF_CODE;2026-02-05 17:01:22;7;;;;
301375;2;LINES_OF_CODE;2026-02-05 17:17:52;1;;;;
301021;2;LINES_OF_CODE;2026-02-05 17:20:42;-1;;;;
301283;2;LINES_OF_CODE;2026-02-05 17:27:11;-8;;;;
301199;2;LINES_OF_CODE;2026-02-05 17:35:11;9;;;;
301007;2;LINES_OF_CODE;2026-02-06 08:04:54;9;;;;
300877;2;LINES_OF_CODE;2026-02-06 08:28:23;2;;;;
300991;2;LINES_OF_CODE;2026-02-06 08:36:12;2;;;;
300772;2;LINES_OF_CODE;2026-02-06 09:07:31;9;;;;
301290;2;LINES_OF_CODE;2026-02-06 09:33:07;3;;;;
301190;2;LINES_OF_CODE;2026-02-06 09:48:10;9;;;;
300831;2;LINES_OF_CODE;2026-02-06 09:51:42;13;;;;
301018;2;LINES_OF_CODE;2026-02-06 10:32:53;5;;;;
301295;2;LINES_OF_CODE;2026-02-06 10:39:10;4;;;;
301157;2;LINES_OF_CODE;2026-02-06 10:54:57;3;;;;
300741;2;LINES_OF_CODE;2026-02-06 11:15:52;5;;;;
301269;2;LINES_OF_CODE;2026-02-06 11:16:34;4;;;;
300809;2;LINES_OF_CODE;2026-02-06 11:42:15;3;;;;
301139;2;LINES_OF_CODE;2026-02-06 11:43:43;11;;;;
300735;2;LINES_OF_CODE;2026-02-06 11:55:20;-1;;;;
300720;2;LINES_OF_CODE;2026-02-06 11:56:47;-1;;;;
301196;2;LINES_OF_CODE;2026-02-06 12:16:38;10;;;;
301344;2;LINES_OF_CODE;2026-02-06 12:37:53;6;;;;
301020;2;LINES_OF_CODE;2026-02-06 13:00:04;4;;;;
301201;2;LINES_OF_CODE;2026-02-06 13:06:06;8;;;;
301079;2;LINES_OF_CODE;2026-02-06 13:12:19;10;;;;
301158;2;LINES_OF_CODE;2026-02-06 13:33:58;6;;;;
301189;2;LINES_OF_CODE;2026-02-06 13:50:08;9;;;;
301126;2;LINES_OF_CODE;2026-02-06 13:56:26;0;;;;
301343;2;LINES_OF_CODE;2026-02-06 14:33:40;8;;;;
301216;2;LINES_OF_CODE;2026-02-06 15:01:41;5;;;;
301113;2;LINES_OF_CODE;2026-02-06 15:18:44;1;;;;
301160;2;LINES_OF_CODE;2026-02-06 15:33:25;-1;;;;
300699;2;LINES_OF_CODE;2026-02-06 15:34:06;2;;;;
301095;2;LINES_OF_CODE;2026-02-06 15:49:42;11;;;;
301192;2;LINES_OF_CODE;2026-02-06 16:03:31;11;;;;
300855;2;LINES_OF_CODE;2026-02-06 16:26:32;6;;;;
301110;2;LINES_OF_CODE;2026-02-06 16:26:41;5;;;;
301150;2;LINES_OF_CODE;2026-02-06 16:29:58;11;;;;
300909;2;LINES_OF_CODE;2026-02-06 16:33:50;9;;;;
300907;2;LINES_OF_CODE;2026-02-06 16:40:49;9;;;;
301286;2;LINES_OF_CODE;2026-02-06 17:00:03;-3;;;;
300821;2;LINES_OF_CODE;2026-02-06 17:00:35;7;;;;
300920;2;LINES_OF_CODE;2026-02-06 17:16:53;2;;;;
301260;2;LINES_OF_CODE;2026-02-06 17:34:03;4;;;;
301294;2;LINES_OF_CODE;2026-02-09 08:17:09;6;;;;
300709;2;LINES_OF_CODE;2026-02-09 08:19:25;-2;;;;
301299;2;LINES_OF_CODE;2026-02-09 08:46:34;-3;;;;
301240;2;LINES_OF_CODE;2026-02-09 09:09:34;2;;;;
300811;2;LINES_OF_CODE;2026-02-09 09:20:54;0;;;;
301161;2;LINES_OF_CODE;2026-02-09 09:21:08;4;;;;
301164;2;LINES_OF_CODE;2026-02-09 09:22:19;14;;;;
301120;2;LINES_OF_CODE;2026-02-09 09:30:34;4;;;;
300862;2;LINES_OF_CODE;2026-02-09 09:38:01;17;;;;
301307;2;LINES_OF_CODE;2026-02-09 10:03:02;9;;;;
300702;2;LINES_OF_CODE;2026-02-09 10:04:01;5;;;;
301326;2;LINES_OF_CODE;2026-02-09 10:25:25;12;;;;
301280;2;LINES_OF_CODE;2026-02-09 10:39:55;0;;;;
301115;2;LINES_OF_CODE;2026-02-09 11:05:50;0;;;;
301083;2;LINES_OF_CODE;2026-02-09 11:16:35;7;;;;
300784;2;LINES_OF_CODE;2026-02-09 11:51:14;0;;;;
300984;2;LINES_OF_CODE;2026-02-09 11:58:16;5;;;;
300695;2;LINES_OF_CODE;2026-02-09 11:58:18;5;;;;
300843;2;LINES_OF_CODE;2026-02-09 12:26:32;4;;;;
301012;2;LINES_OF_CODE;2026-02-09 12:35:57;17;;;;
301085;2;LINES_OF_CODE;2026-02-09 12:46:25;6;;;;
301381;2;LINES_OF_CODE;2026-02-09 12:48:34;0;;;;
300775;2;LINES_OF_CODE;2026-02-09 13:00:54;3;;;;
300958;2;LINES_OF_CODE;2026-02-09 13:41:46;1;;;;
301308;2;LINES_OF_CODE;2026-02-09 13:47:09;1;;;;
300967;2;LINES_OF_CODE;2026-02-09 14:37:23;19;;;;
301288;2;LINES_OF_CODE;2026-02-09 15:14:30;-1;;;;
301396;2;LINES_OF_CODE;2026-02-09 15:29:33;21;;;;
301128;2;LINES_OF_CODE;2026-02-09 15:36:34;1;;;;
301175;2;LINES_OF_CODE;2026-02-09 16:25:06;1;;;;
300888;2;LINES_OF_CODE;2026-02-09 16:34:48;-4;;;;
301384;2;LINES_OF_CODE;2026-02-09 16:43:18;5;;;;
300924;2;LINES_OF_CODE;2026-02-09 16:52:42;3;;;;
301204;2;LINES_OF_CODE;2026-02-09 16:55:15;0;;;;
301386;2;LINES_OF_CODE;2026-02-09 16:59:04;5;;;;
300808;2;LINES_OF_CODE;2026-02-09 17:14:10;7;;;;
300684;2;LINES_OF_CODE;2026-02-09 17:16:52;15;;;;
301251;2;LINES_OF_CODE;2026-02-09 17:22:40;3;;;;
301376;2;LINES_OF_CODE;2026-02-09 17:40:43;14;;;;
301043;2;LINES_OF_CODE;2026-02-09 17:47:54;9;;;;
300965;2;LINES_OF_CODE;2026-02-10 08:08:54;3;;;;
300685;2;LINES_OF_CODE;2026-02-10 08:20:36;7;;;;
301100;2;LINES_OF_CODE;2026-02-10 08:28:15;3;;;;
300916;2;LINES_OF_CODE;2026-02-10 08:45:16;-1;;;;
301132;2;LINES_OF_CODE;2026-02-10 10:22:45;3;;;;
301389;2;LINES_OF_CODE;2026-02-10 10:51:21;2;;;;
300945;2;LINES_OF_CODE;2026-02-10 11:00:51;3;;;;
301323;2;LINES_OF_CODE;2026-02-10 11:28:16;4;;;;
300705;2;LINES_OF_CODE;2026-02-10 11:58:26;11;;;;
300769;2;LINES_OF_CODE;2026-02-10 13:14:07;-2;;;;
300700;2;LINES_OF_CODE;2026-02-10 13:17:57;4;;;;
300848;2;LINES_OF_CODE;2026-02-10 13:29:54;6;;;;
300689;2;LINES_OF_CODE;2026-02-10 13:37:47;6;;;;
301336;2;LINES_OF_CODE;2026-02-10 13:39:47;3;;;;
300992;2;LINES_OF_CODE;2026-02-10 14:26:19;7;;;;
301273;2;LINES_OF_CODE;2026-02-10 14:50:45;13;;;;
301236;2;LINES_OF_CODE;2026-02-10 14:56:03;5;;;;
301309;2;LINES_OF_CODE;2026-02-10 15:07:56;0;;;;
301072;2;LINES_OF_CODE;2026-02-10 15:20:36;11;;;;
300773;2;LINES_OF_CODE;2026-02-10 15:29:24;0;;;;
300715;2;LINES_OF_CODE;2026-02-10 15:42:18;-1;;;;
301003;2;LINES_OF_CODE;2026-02-10 16:09:52;8;;;;
301197;2;LINES_OF_CODE;2026-02-10 16:20:44;-1;;;;
300723;2;LINES_OF_CODE;2026-02-10 16:28:49;1;;;;
300706;2;LINES_OF_CODE;2026-02-10 16:49:38;2;;;;
301394;2;LINES_OF_CODE;2026-02-10 16:58:39;3;;;;
300867;2;LINES_OF_CODE;2026-02-10 17:49:18;12;;;;
301093;2;LINES_OF_CODE;2026-02-11 08:18:36;4;;;;
300898;2;LINES_OF_CODE;2026-02-11 08:26:07;6;;;;
301244;2;LINES_OF_CODE;2026-02-11 08:29:53;6;;;;
301147;2;LINES_OF_CODE;2026-02-11 09:08:20;10;;;;
300801;2;LINES_OF_CODE;2026-02-11 09:20:01;5;;;;
301004;2;LINES_OF_CODE;2026-02-11 09:36:06;9;;;;
300883;2;LINES_OF_CODE;2026-02-11 09:46:27;4;;;;
301233;2;LINES_OF_CODE;2026-02-11 09:59:27;7;;;;
300946;2;LINES_OF_CODE;2026-02-11 10:13:58;12;;;;
301058;2;LINES_OF_CODE;2026-02-11 10:40:00;8;;;;
301154;2;LINES_OF_CODE;2026-02-11 10:51:31;6;;;;
300871;2;LINES_OF_CODE;2026-02-11 11:21:05;10;;;;
301250;2;LINES_OF_CODE;2026-02-11 11:31:58;4;;;;
300726;2;LINES_OF_CODE;2026-02-11 11:43:44;12;;;;
300959;2;LINES_OF_CODE;2026-02-11 11:49:29;5;;;;
300757;2;LINES_OF_CODE;2026-02-11 12:05:23;10;;;;
300950;2;LINES_OF_CODE;2026-02-11 12:26:38;2;;;;
300942;2;LINES_OF_CODE;2026-02-11 12:29:26;8;;;;
300878;2;LINES_OF_CODE;2026-02-11 12:59:28;12;;;;
300683;2;LINES_OF_CODE;2026-02-11 13:02:26;5;;;;
301116;2;LINES_OF_CODE;2026-02-11 13:03:21;9;;;;
301102;2;LINES_OF_CODE;2026-02-11 13:05:27;6;;;;
301127;2;LINES_OF_CODE;2026-02-11 13:15:26;10;;;;
301226;2;LINES_OF_CODE;2026-02-11 13:17:57;4;;;;
300828;2;LINES_OF_CODE;2026-02-11 13:37:25;17;;;;
301277;2;LINES_OF_CODE;2026-02-11 13:52:48;0;;;;
300858;2;LINES_OF_CODE;2026-02-11 14:46:47;12;;;;
300692;2;LINES_OF_CODE;2026-02-11 14:59:05;8;;;;
300710;2;LINES_OF_CODE;2026-02-11 15:06:11;3;;;;
301207;2;LINES_OF_CODE;2026-02-11 15:07:17;5;;;;
301168;2;LINES_OF_CODE;2026-02-11 15:16:55;7;;;;
301112;2;LINES_OF_CODE;2026-02-11 15:30:47;9;;;;
300717;2;LINES_OF_CODE;2026-02-11 15:36:44;0;;;;
301122;2;LINES_OF_CODE;2026-02-11 15:46:09;1;;;;
301217;2;LINES_OF_CODE;2026-02-11 15:51:48;6;;;;
300744;2;LINES_OF_CODE;2026-02-11 15:53:26;11;;;;
301151;2;LINES_OF_CODE;2026-02-11 16:03:06;4;;;;
301075;2;LINES_OF_CODE;2026-02-11 16:06:05;7;;;;
300826;2;LINES_OF_CODE;2026-02-11 16:09:42;13;;;;
301353;2;LINES_OF_CODE;2026-02-11 16:14:24;2;;;;
300786;2;LINES_OF_CODE;2026-02-11 16:28:45;9;;;;
301332;2;LINES_OF_CODE;2026-02-11 16:31:45;3;;;;
300987;2;LINES_OF_CODE;2026-02-11 17:36:19;8;;;;
300819;2;LINES_OF_CODE;2026-02-11 17:56:00;0;;;;
301399;2;LINES_OF_CODE;2026-02-11 17:57:03;11;;;;
301179;2;LINES_OF_CODE;2026-02-12 08:12:56;2;;;;
301395;2;LINES_OF_CODE;2026-02-12 08:35:37;3;;;;
301054;2;LINES_OF_CODE;2026-02-12 08:39:20;15;;;;
300813;2;LINES_OF_CODE;2026-02-12 09:04:42;4;;;;
301089;2;LINES_OF_CODE;2026-02-12 09:31:24;-2;;;;
300980;2;LINES_OF_CODE;2026-02-12 09:31:56;7;;;;
300872;2;LINES_OF_CODE;2026-02-12 09:36:45;7;;;;
300777;2;LINES_OF_CODE;2026-02-12 09:51:49;5;;;;
301352;2;LINES_OF_CODE;2026-02-12 09:59:42;6;;;;
301213;2;LINES_OF_CODE;2026-02-12 10:29:16;8;;;;
300745;2;LINES_OF_CODE;2026-02-12 10:54:07;18;;;;
301223;2;LINES_OF_CODE;2026-02-12 11:47:58;7;;;;
300996;2;LINES_OF_CODE;2026-02-12 11:55:24;8;;;;
301108;2;LINES_OF_CODE;2026-02-12 12:00:43;0;;;;
300935;2;LINES_OF_CODE;2026-02-12 12:02:53;0;;;;
301131;2;LINES_OF_CODE;2026-02-12 12:03:30;6;;;;
300921;2;LINES_OF_CODE;2026-02-12 12:08:50;10;;;;
300790;2;LINES_OF_CODE;2026-02-12 12:22:16;8;;;;
300861;2;LINES_OF_CODE;2026-02-12 12:44:47;14;;;;
301355;2;LINES_OF_CODE;2026-02-12 13:01:05;3;;;;
301008;2;LINES_OF_CODE;2026-02-12 13:04:55;5;;;;
300908;2;LINES_OF_CODE;2026-02-12 13:23:38;11;;;;
301053;2;LINES_OF_CODE;2026-02-12 13:39:54;-3;;;;
300822;2;LINES_OF_CODE;2026-02-12 13:53:19;0;;;;
300845;2;LINES_OF_CODE;2026-02-12 14:08:17;6;;;;
300986;2;LINES_OF_CODE;2026-02-12 14:54:50;9;;;;
301042;2;LINES_OF_CODE;2026-02-12 14:58:38;10;;;;
301142;2;LINES_OF_CODE;2026-02-12 15:21:04;2;;;;
301109;2;LINES_OF_CODE;2026-02-12 15:21:26;12;;;;
301211;2;LINES_OF_CODE;2026-02-12 15:29:03;7;;;;
301074;2;LINES_OF_CODE;2026-02-12 15:32:30;4;;;;
300957;2;LINES_OF_CODE;2026-02-12 16:21:45;-4;;;;
300940;2;LINES_OF_CODE;2026-02-12 17:07:30;2;;;;
300971;2;LINES_OF_CODE;2026-02-12 17:11:37;0;;;;
301327;2;LINES_OF_CODE;2026-02-12 17:16:38;3;;;;
300770;2;LINES_OF_CODE;2026-02-12 17:18:16;0;;;;
300979;2;LINES_OF_CODE;2026-02-12 17:46:29;7;;;;
300910;2;LINES_OF_CODE;2026-02-13 08:03:21;7;;;;
300912;2;LINES_OF_CODE;2026-02-13 08:34:47;16;;;;
300900;2;LINES_OF_CODE;2026-02-13 08:50:33;-8;;;;
300990;2;LINES_OF_CODE;2026-02-13 08:53:19;19;;;;
301084;2;LINES_OF_CODE;2026-02-13 08:54:21;5;;;;
301016;2;LINES_OF_CODE;2026-02-13 08:59:11;9;;;;
301011;2;LINES_OF_CODE;2026-02-13 09:08:24;14;;;;
301296;2;LINES_OF_CODE;2026-02-13 09:11:03;9;;;;
301252;2;LINES_OF_CODE;2026-02-13 09:31:54;7;;;;
300989;2;LINES_OF_CODE;2026-02-13 09:44:45;10;;;;
301191;2;LINES_OF_CODE;2026-02-13 10:26:06;11;;;;
300782;2;LINES_OF_CODE;2026-02-13 10:26:35;4;;;;
300850;2;LINES_OF_CODE;2026-02-13 10:48:37;12;;;;
300774;2;LINES_OF_CODE;2026-02-13 11:17:39;-3;;;;
300966;2;LINES_OF_CODE;2026-02-13 11:21:52;0;;;;
301062;2;LINES_OF_CODE;2026-02-13 11:57:49;14;;;;
300834;2;LINES_OF_CODE;2026-02-13 12:05:14;-1;;;;
300968;2;LINES_OF_CODE;2026-02-13 12:15:14;5;;;;
300851;2;LINES_OF_CODE;2026-02-13 12:44:11;3;;;;
300854;2;LINES_OF_CODE;2026-02-13 14:28:44;1;;;;
301397;2;LINES_OF_CODE;2026-02-13 14:37:53;3;;;;
301041;2;LINES_OF_CODE;2026-02-13 14:50:08;9;;;;
301241;2;LINES_OF_CODE;2026-02-13 16:05:33;1;;;;
301045;2;LINES_OF_CODE;2026-02-13 16:08:14;12;;;;
301101;2;LINES_OF_CODE;2026-02-13 16:39:12;2;;;;
301356;2;LINES_OF_CODE;2026-02-13 17:16:52;9;;;;
301061;2;LINES_OF_CODE;2026-02-13 17:21:35;9;;;;
300919;2;LINES_OF_CODE;2026-02-13 17:41:40;9;;;;
301313;2;LINES_OF_CODE;2026-02-13 17:55:59;10;;;;
300975;2;LINES_OF_CODE;2026-02-16 08:24:22;4;;;;
301365;2;LINES_OF_CODE;2026-02-16 10:12:58;9;;;;
300897;2;LINES_OF_CODE;2026-02-16 11:19:11;9;;;;
301402;2;LINES_OF_CODE;2026-02-16 11:20:24;7;;;;
300951;2;LINES_OF_CODE;2026-02-16 11:25:35;8;;;;
301144;2;LINES_OF_CODE;2026-02-16 11:25:54;0;;;;
301055;2;LINES_OF_CODE;2026-02-16 11:37:18;3;;;;
301324;2;LINES_OF_CODE;2026-02-16 11:41:23;10;;;;
301218;2;LINES_OF_CODE;2026-02-16 11:56:58;2;;;;
300771;2;LINES_OF_CODE;2026-02-16 12:06:15;3;;;;
301303;2;LINES_OF_CODE;2026-02-16 12:32:32;6;;;;
300890;2;LINES_OF_CODE;2026-02-16 12:34:28;-1;;;;
300820;2;LINES_OF_CODE;2026-02-16 12:38:34;3;;;;
301133;2;LINES_OF_CODE;2026-02-16 12:48:24;13;;;;
301235;2;LINES_OF_CODE;2026-02-16 13:09:47;1;;;;
301255;2;LINES_OF_CODE;2026-02-16 13:14:59;7;;;;
301320;2;LINES_OF_CODE;2026-02-16 13:21:59;12;;;;
301225;2;LINES_OF_CODE;2026-02-16 13:24:16;13;;;;
300838;2;LINES_OF_CODE;2026-02-16 13:53:36;12;;;;
301354;2;LINES_OF_CODE;2026-02-16 14:37:21;6;;;;
301347;2;LINES_OF_CODE;2026-02-16 14:39:25;7;;;;
301237;2;LINES_OF_CODE;2026-02-16 14:54:07;6;;;;
301030;2;LINES_OF_CODE;2026-02-16 14:56:33;4;;;;
301185;2;LINES_OF_CODE;2026-02-16 14:58:26;3;;;;
301159;2;LINES_OF_CODE;2026-02-16 15:01:05;4;;;;
300833;2;LINES_OF_CODE;2026-02-16 15:13:59;9;;;;
301302;2;LINES_OF_CODE;2026-02-16 15:33:41;18;;;;
301156;2;LINES_OF_CODE;2026-02-16 16:29:03;4;;;;
300840;2;LINES_OF_CODE;2026-02-16 17:19:35;0;;;;
301232;2;LINES_OF_CODE;2026-02-16 17:20:53;11;;;;
300849;2;LINES_OF_CODE;2026-02-16 17:28:28;13;;;;
301105;2;LINES_OF_CODE;2026-02-16 17:28:28;10;;;;
301202;2;LINES_OF_CODE;2026-02-16 17:57:45;8;;;;
301293;2;LINES_OF_CODE;2026-02-17 08:08:04;3;;;;
300736;2;LINES_OF_CODE;2026-02-17 08:10:26;1;;;;
300762;2;LINES_OF_CODE;2026-02-17 08:22:23;6;;;;
300740;2;LINES_OF_CODE;2026-02-17 08:51:58;11;;;;
301069;2;LINES_OF_CODE;2026-02-17 09:03:38;10;;;;
301208;2;LINES_OF_CODE;2026-02-17 09:31:45;4;;;;
300791;2;LINES_OF_CODE;2026-02-17 09:38:15;12;;;;
301032;2;LINES_OF_CODE;2026-02-17 09:47:09;2;;;;
301047;2;LINES_OF_CODE;2026-02-17 09:47:47;6;;;;
300889;2;LINES_OF_CODE;2026-02-17 09:53:51;15;;;;
300742;2;LINES_OF_CODE;2026-02-17 09:56:00;3;;;;
301080;2;LINES_OF_CODE;2026-02-17 09:57:39;12;;;;
301259;2;LINES_OF_CODE;2026-02-17 10:09:08;6;;;;
301234;2;LINES_OF_CODE;2026-02-17 10:43:07;11;;;;
300830;2;LINES_OF_CODE;2026-02-17 10:44:57;8;;;;
301281;2;LINES_OF_CODE;2026-02-17 11:05:59;11;;;;
301180;2;LINES_OF_CODE;2026-02-17 11:07:36;4;;;;
300693;2;LINES_OF_CODE;2026-02-17 11:10:49;8;;;;
301005;2;LINES_OF_CODE;2026-02-17 11:14:10;8;;;;
301200;2;LINES_OF_CODE;2026-02-17 11:19:10;5;;;;
301292;2;LINES_OF_CODE;2026-02-17 11:23:32;5;;;;
301401;2;LINES_OF_CODE;2026-02-17 11:29:51;2;;;;
301067;2;LINES_OF_CODE;2026-02-17 12:09:05;4;;;;
300973;2;LINES_OF_CODE;2026-02-17 12:15:00;16;;;;
301210;2;LINES_OF_CODE;2026-02-17 12:37:36;8;;;;
301393;2;LINES_OF_CODE;2026-02-17 12:43:37;8;;;;
300932;2;LINES_OF_CODE;2026-02-17 13:06:08;-1;;;;
301270;2;LINES_OF_CODE;2026-02-17 13:07:46;8;;;;
300679;2;LINES_OF_CODE;2026-02-17 13:25:02;7;;;;
300738;2;LINES_OF_CODE;2026-02-17 13:34:35;5;;;;
300863;2;LINES_OF_CODE;2026-02-17 13:57:15;5;;;;
300925;2;LINES_OF_CODE;2026-02-17 14:18:51;0;;;;
301372;2;LINES_OF_CODE;2026-02-17 14:20:22;-3;;;;
300842;2;LINES_OF_CODE;2026-02-17 14:51:31;7;;;;
300824;2;LINES_OF_CODE;2026-02-17 15:03:22;1;;;;
300704;2;LINES_OF_CODE;2026-02-17 15:21:57;3;;;;
300994;2;LINES_OF_CODE;2026-02-17 15:28:08;10;;;;
301060;2;LINES_OF_CODE;2026-02-17 15:29:04;7;;;;
301137;2;LINES_OF_CODE;2026-02-17 15:37:28;9;;;;
300853;2;LINES_OF_CODE;2026-02-17 15:43:34;1;;;;
301097;2;LINES_OF_CODE;2026-02-17 15:58:22;1;;;;
300690;2;LINES_OF_CODE;2026-02-17 16:02:24;7;;;;
301279;2;LINES_OF_CODE;2026-02-17 16:15:46;11;;;;
301331;2;LINES_OF_CODE;2026-02-17 17:44:00;4;;;;
300691;2;LINES_OF_CODE;2026-02-17 17:45:58;12;;;;
300750;2;LINES_OF_CODE;2026-02-18 08:23:54;14;;;;
301203;2;LINES_OF_CODE;2026-02-18 09:09:31;6;;;;
300823;2;LINES_OF_CODE;2026-02-18 09:11:45;9;;;;
300962;2;LINES_OF_CODE;2026-02-18 09:16:47;7;;;;
301010;2;LINES_OF_CODE;2026-02-18 09:21:10;11;;;;
300713;2;LINES_OF_CODE;2026-02-18 09:28:44;8;;;;
301023;2;LINES_OF_CODE;2026-02-18 09:43:37;8;;;;
301148;2;LINES_OF_CODE;2026-02-18 10:04:36;17;;;;
301206;2;LINES_OF_CODE;2026-02-18 10:28:58;8;;;;
301188;2;LINES_OF_CODE;2026-02-18 10:33:18;13;;;;
300937;2;LINES_OF_CODE;2026-02-18 11:09:32;3;;;;
300730;2;LINES_OF_CODE;2026-02-18 11:59:19;-3;;;;
300677;2;LINES_OF_CODE;2026-02-18 12:10:51;6;;;;
301219;2;LINES_OF_CODE;2026-02-18 12:12:00;6;;;;
301038;2;LINES_OF_CODE;2026-02-18 12:19:23;14;;;;
300836;2;LINES_OF_CODE;2026-02-18 12:39:16;0;;;;
301338;2;LINES_OF_CODE;2026-02-18 13:00:55;6;;;;
301186;2;LINES_OF_CODE;2026-02-18 13:02:34;17;;;;
300837;2;LINES_OF_CODE;2026-02-18 13:19:32;7;;;;
300697;2;LINES_OF_CODE;2026-02-18 13:43:12;9;;;;
301247;2;LINES_OF_CODE;2026-02-18 13:58:12;1;;;;
300956;2;LINES_OF_CODE;2026-02-18 14:06:30;11;;;;
301078;2;LINES_OF_CODE;2026-02-18 14:28:45;0;;;;
300789;2;LINES_OF_CODE;2026-02-18 14:36:29;12;;;;
301049;2;LINES_OF_CODE;2026-02-18 15:09:41;8;;;;
301098;2;LINES_OF_CODE;2026-02-18 15:27:02;3;;;;
300732;2;LINES_OF_CODE;2026-02-18 15:27:05;7;;;;
300686;2;LINES_OF_CODE;2026-02-18 16:33:37;9;;;;
301050;2;LINES_OF_CODE;2026-02-18 16:37:37;4;;;;
300941;2;LINES_OF_CODE;2026-02-18 16:59:30;3;;;;
300993;2;LINES_OF_CODE;2026-02-18 17:05:34;12;;;;
300788;2;LINES_OF_CODE;2026-02-18 17:53:48;3;;;;
300875;2;LINES_OF_CODE;2026-02-19 08:03:36;11;;;;
300901;2;LINES_OF_CODE;2026-02-19 08:21:37;4;;;;
300859;2;LINES_OF_CODE;2026-02-19 08:24:44;-1;;;;
301039;2;LINES_OF_CODE;2026-02-19 08:35:22;8;;;;
301174;2;LINES_OF_CODE;2026-02-19 08:47:06;6;;;;
301090;2;LINES_OF_CODE;2026-02-19 08:48:31;6;;;;
301040;2;LINES_OF_CODE;2026-02-19 09:03:55;15;;;;
300873;2;LINES_OF_CODE;2026-02-19 09:11:03;-7;;;;
301271;2;LINES_OF_CODE;2026-02-19 09:55:44;12;;;;
301263;2;LINES_OF_CODE;2026-02-19 09:57:47;11;;;;
300998;2;LINES_OF_CODE;2026-02-19 10:34:57;14;;;;
301173;2;LINES_OF_CODE;2026-02-19 10:43:20;11;;;;
300841;2;LINES_OF_CODE;2026-02-19 10:57:42;18;;;;
300711;2;LINES_OF_CODE;2026-02-19 11:07:03;3;;;;
300743;2;LINES_OF_CODE;2026-02-19 11:29:13;16;;;;
301382;2;LINES_OF_CODE;2026-02-19 11:45:20;2;;;;
300952;2;LINES_OF_CODE;2026-02-19 11:49:52;7;;;;
300981;2;LINES_OF_CODE;2026-02-19 11:59:33;3;;;;
301265;2;LINES_OF_CODE;2026-02-19 12:08:27;1;;;;
300934;2;LINES_OF_CODE;2026-02-19 12:12:51;0;;;;
301155;2;LINES_OF_CODE;2026-02-19 12:18:48;7;;;;
301316;2;LINES_OF_CODE;2026-02-19 12:30:08;3;;;;
301285;2;LINES_OF_CODE;2026-02-19 12:42:20;6;;;;
300970;2;LINES_OF_CODE;2026-02-19 12:57:40;20;;;;
300787;2;LINES_OF_CODE;2026-02-19 13:40:26;9;;;;
301034;2;LINES_OF_CODE;2026-02-19 13:54:26;-5;;;;
300760;2;LINES_OF_CODE;2026-02-19 14:11:01;4;;;;
301048;2;LINES_OF_CODE;2026-02-19 14:17:46;5;;;;
300734;2;LINES_OF_CODE;2026-02-19 14:40:10;10;;;;
301166;2;LINES_OF_CODE;2026-02-19 14:45:32;3;;;;
300914;2;LINES_OF_CODE;2026-02-19 14:54:56;12;;;;
300812;2;LINES_OF_CODE;2026-02-19 15:17:02;2;;;;
300719;2;LINES_OF_CODE;2026-02-19 15:47:35;-6;;;;
300844;2;LINES_OF_CODE;2026-02-19 16:04:40;0;;;;
301141;2;LINES_OF_CODE;2026-02-19 16:54:56;-3;;;;
301245;2;LINES_OF_CODE;2026-02-19 17:00:57;9;;;;
301388;2;LINES_OF_CODE;2026-02-19 17:28:06;2;;;;
301114;2;LINES_OF_CODE;2026-02-19 17:38:19;16;;;;
300796;2;LINES_OF_CODE;2026-02-19 17:58:34;8;;;;
300696;2;LINES_OF_CODE;2026-02-20 08:05:55;11;;;;
301162;2;LINES_OF_CODE;2026-02-20 08:12:52;5;;;;
301282;2;LINES_OF_CODE;2026-02-20 08:20:34;-1;;;;
301015;2;LINES_OF_CODE;2026-02-20 08:29:00;12;;;;
300969;2;LINES_OF_CODE;2026-02-20 09:05:05;11;;;;
301143;2;LINES_OF_CODE;2026-02-20 09:05:16;11;;;;
301024;2;LINES_OF_CODE;2026-02-20 09:32:07;0;;;;
301152;2;LINES_OF_CODE;2026-02-20 09:44:02;0;;;;
300753;2;LINES_OF_CODE;2026-02-20 10:01:04;6;;;;
301187;2;LINES_OF_CODE;2026-02-20 10:13:29;1;;;;
300825;2;LINES_OF_CODE;2026-02-20 10:32:45;10;;;;
300974;2;LINES_OF_CODE;2026-02-20 10:49:34;-4;;;;
300976;2;LINES_OF_CODE;2026-02-20 10:59:10;-3;;;;
300886;2;LINES_OF_CODE;2026-02-20 11:12:50;4;;;;
300792;2;LINES_OF_CODE;2026-02-20 11:15:30;8;;;;
300767;2;LINES_OF_CODE;2026-02-20 11:38:04;16;;;;
301373;2;LINES_OF_CODE;2026-02-20 11:54:39;10;;;;
301274;2;LINES_OF_CODE;2026-02-20 12:34:56;6;;;;
300905;2;LINES_OF_CODE;2026-02-20 13:49:20;7;;;;
300768;2;LINES_OF_CODE;2026-02-20 13:54:38;8;;;;
301391;2;LINES_OF_CODE;2026-02-20 13:59:01;1;;;;
300884;2;LINES_OF_CODE;2026-02-20 15:08:45;0;;;;
301342;2;LINES_OF_CODE;2026-02-20 15:20:10;15;;;;
301359;2;LINES_OF_CODE;2026-02-20 15:24:16;-1;;;;
301138;2;LINES_OF_CODE;2026-02-20 15:40:41;7;;;;
301246;2;LINES_OF_CODE;2026-02-20 15:57:35;10;;;;
301222;2;LINES_OF_CODE;2026-02-20 16:09:40;5;;;;
301306;2;LINES_OF_CODE;2026-02-20 16:20:19;-4;;;;
300902;2;LINES_OF_CODE;2026-02-20 16:46:20;16;;;;
300733;2;LINES_OF_CODE;2026-02-20 16:46:43;7;;;;
300880;2;LINES_OF_CODE;2026-02-20 16:50:30;13;;;;
301238;2;LINES_OF_CODE;2026-02-20 16:53:51;11;;;;
301257;2;LINES_OF_CODE;2026-02-20 17:44:36;3;;;;
300818;2;LINES_OF_CODE;2026-02-23 08:50:59;4;;;;
301167;2;LINES_OF_CODE;2026-02-23 08:57:20;1;;;;
300977;2;LINES_OF_CODE;2026-02-23 09:00:07;3;;;;
300893;2;LINES_OF_CODE;2026-02-23 09:03:17;10;;;;
301305;2;LINES_OF_CODE;2026-02-23 09:07:33;3;;;;
301330;2;LINES_OF_CODE;2026-02-23 09:41:25;0;;;;
300755;2;LINES_OF_CODE;2026-02-23 10:36:18;19;;;;
301362;2;LINES_OF_CODE;2026-02-23 10:52:49;8;;;;
301104;2;LINES_OF_CODE;2026-02-23 11:28:51;-5;;;;
300765;2;LINES_OF_CODE;2026-02-23 11:55:11;12;;;;
300798;2;LINES_OF_CODE;2026-02-23 12:32:30;12;;;;
301221;2;LINES_OF_CODE;2026-02-23 13:05:50;4;;;;
300904;2;LINES_OF_CODE;2026-02-23 13:22:41;10;;;;
300876;2;LINES_OF_CODE;2026-02-23 13:29:32;7;;;;
300681;2;LINES_OF_CODE;2026-02-23 13:37:00;11;;;;
301111;2;LINES_OF_CODE;2026-02-23 13:59:41;9;;;;
301088;2;LINES_OF_CODE;2026-02-23 14:05:17;1;;;;
300712;2;LINES_OF_CODE;2026-02-23 14:10:04;0;;;;
301339;2;LINES_OF_CODE;2026-02-23 14:33:10;0;;;;
300803;2;LINES_OF_CODE;2026-02-23 14:34:38;0;;;;
301300;2;LINES_OF_CODE;2026-02-23 14:56:09;3;;;;
300918;2;LINES_OF_CODE;2026-02-23 15:03:16;4;;;;
301400;2;LINES_OF_CODE;2026-02-23 15:34:01;17;;;;
301068;2;LINES_OF_CODE;2026-02-23 15:36:15;-1;;;;
301311;2;LINES_OF_CODE;2026-02-23 15:50:22;-3;;;;
301383;2;LINES_OF_CODE;2026-02-23 16:09:13;4;;;;
301256;2;LINES_OF_CODE;2026-02-23 16:19:49;13;;;;
301301;2;LINES_OF_CODE;2026-02-23 16:38:30;8;;;;
300882;2;LINES_OF_CODE;2026-02-23 16:42:38;6;;;;
301242;2;LINES_OF_CODE;2026-02-23 16:55:15;13;;;;
300881;2;LINES_OF_CODE;2026-02-23 17:08:45;0;;;;
300708;2;LINES_OF_CODE;2026-02-23 17:28:47;6;;;;
301404;2;LINES_OF_CODE;2026-02-24 08:16:08;4;;;;
300899;2;LINES_OF_CODE;2026-02-24 08:20:06;7;;;;
301231;2;LINES_OF_CODE;2026-02-24 09:25:42;12;;;;
301057;2;LINES_OF_CODE;2026-02-24 09:40:21;0;;;;
300817;2;LINES_OF_CODE;2026-02-24 09:45:24;7;;;;
301056;2;LINES_OF_CODE;2026-02-24 10:20:02;6;;;;
300846;2;LINES_OF_CODE;2026-02-24 10:27:15;2;;;;
301182;2;LINES_OF_CODE;2026-02-24 10:29:59;4;;;;
300780;2;LINES_OF_CODE;2026-02-24 10:52:33;18;;;;
301224;2;LINES_OF_CODE;2026-02-24 11:48:52;6;;;;
300737;2;LINES_OF_CODE;2026-02-24 11:51:55;6;;;;
301149;2;LINES_OF_CODE;2026-02-24 12:14:43;4;;;;
301335;2;LINES_OF_CODE;2026-02-24 12:28:24;4;;;;
301036;2;LINES_OF_CODE;2026-02-24 12:37:00;13;;;;
301019;2;LINES_OF_CODE;2026-02-24 12:45:34;2;;;;
301064;2;LINES_OF_CODE;2026-02-24 12:52:53;0;;;;
300995;2;LINES_OF_CODE;2026-02-24 13:10:08;8;;;;
300856;2;LINES_OF_CODE;2026-02-24 13:12:19;5;;;;
301385;2;LINES_OF_CODE;2026-02-24 13:50:45;23;;;;
300906;2;LINES_OF_CODE;2026-02-24 13:56:41;8;;;;
300923;2;LINES_OF_CODE;2026-02-24 14:28:28;11;;;;
301000;2;LINES_OF_CODE;2026-02-24 14:40:17;3;;;;
300895;2;LINES_OF_CODE;2026-02-24 14:40:44;13;;;;
300721;2;LINES_OF_CODE;2026-02-24 14:43:25;5;;;;
300892;2;LINES_OF_CODE;2026-02-24 14:50:27;8;;;;
300953;2;LINES_OF_CODE;2026-02-24 14:55:29;-3;;;;
300933;2;LINES_OF_CODE;2026-02-24 15:02:18;9;;;;
301026;2;LINES_OF_CODE;2026-02-24 15:07:36;7;;;;
301130;2;LINES_OF_CODE;2026-02-24 15:20:25;10;;;;
300747;2;LINES_OF_CODE;2026-02-24 15:24:13;-3;;;;
300864;2;LINES_OF_CODE;2026-02-24 15:50:00;8;;;;
300754;2;LINES_OF_CODE;2026-02-24 16:18:33;10;;;;
301329;2;LINES_OF_CODE;2026-02-24 16:32:58;-4;;;;
300729;2;LINES_OF_CODE;2026-02-24 16:50:24;4;;;;
301017;2;LINES_OF_CODE;2026-02-24 16:52:46;0;;;;
301366;2;LINES_OF_CODE;2026-02-24 17:02:04;-2;;;;
301228;2;LINES_OF_CODE;2026-02-24 17:10:45;12;;;;
301239;2;LINES_OF_CODE;2026-02-24 17:20:15;3;;;;
300839;2;LINES_OF_CODE;2026-02-24 17:36:23;6;;;;
301268;2;LINES_OF_CODE;2026-02-25 08:28:22;9;;;;
301009;2;LINES_OF_CODE;2026-02-25 09:11:09;4;;;;
300835;2;LINES_OF_CODE;2026-02-25 09:23:21;2;;;;
301349;2;LINES_OF_CODE;2026-02-25 09:35:34;12;;;;
301350;2;LINES_OF_CODE;2026-02-25 09:40:12;9;;;;
301086;2;LINES_OF_CODE;2026-02-25 09:55:22;13;;;;
300781;2;LINES_OF_CODE;2026-02-25 10:06:12;12;;;;
301398;2;LINES_OF_CODE;2026-02-25 10:06:37;10;;;;
300797;2;LINES_OF_CODE;2026-02-25 10:12:11;21;;;;
300939;2;LINES_OF_CODE;2026-02-25 10:15:25;2;;;;
301046;2;LINES_OF_CODE;2026-02-25 10:33:00;-2;;;;
301348;2;LINES_OF_CODE;2026-02-25 10:41:08;12;;;;
300778;2;LINES_OF_CODE;2026-02-25 10:52:06;10;;;;
300985;2;LINES_OF_CODE;2026-02-25 10:53:47;5;;;;
301107;2;LINES_OF_CODE;2026-02-25 11:02:56;4;;;;
301170;2;LINES_OF_CODE;2026-02-25 11:04:49;10;;;;
300749;2;LINES_OF_CODE;2026-02-25 11:17:10;11;;;;
301124;2;LINES_OF_CODE;2026-02-25 11:33:00;7;;;;
301392;2;LINES_OF_CODE;2026-02-25 11:38:56;13;;;;
301254;2;LINES_OF_CODE;2026-02-25 11:42:31;15;;;;
300887;2;LINES_OF_CODE;2026-02-25 11:52:39;8;;;;
300829;2;LINES_OF_CODE;2026-02-25 12:10:44;5;;;;
300794;2;LINES_OF_CODE;2026-02-25 12:30:03;0;;;;
300698;2;LINES_OF_CODE;2026-02-25 12:36:52;2;;;;
300776;2;LINES_OF_CODE;2026-02-25 13:54:19;9;;;;
300718;2;LINES_OF_CODE;2026-02-25 14:01:48;10;;;;
301029;2;LINES_OF_CODE;2026-02-25 14:09:43;3;;;;
301121;2;LINES_OF_CODE;2026-02-25 14:25:16;2;;;;
301065;2;LINES_OF_CODE;2026-02-25 16:11:56;12;;;;
301272;2;LINES_OF_CODE;2026-02-25 16:55:44;6;;;;
301177;2;LINES_OF_CODE;2026-02-25 17:33:35;0;;;;
301212;2;LINES_OF_CODE;2026-02-25 17:54:10;12;;;;
301178;2;LINES_OF_CODE;2026-02-26 08:03:01;8;;;;
301091;2;LINES_OF_CODE;2026-02-26 08:22:23;5;;;;
300960;2;LINES_OF_CODE;2026-02-26 08:32:58;0;;;;
300814;2;LINES_OF_CODE;2026-02-26 08:34:20;13;;;;
301258;2;LINES_OF_CODE;2026-02-26 08:45:26;8;;;;
301377;2;LINES_OF_CODE;2026-02-26 08:59:43;1;;;;
301325;2;LINES_OF_CODE;2026-02-26 09:39:36;12;;;;
301318;2;LINES_OF_CODE;2026-02-26 09:52:22;10;;;;
301361;2;LINES_OF_CODE;2026-02-26 10:18:37;4;;;;
300891;2;LINES_OF_CODE;2026-02-26 10:25:11;3;;;;
301006;2;LINES_OF_CODE;2026-02-26 10:27:54;10;;;;
300799;2;LINES_OF_CODE;2026-02-26 10:37:40;10;;;;
301070;2;LINES_OF_CODE;2026-02-26 10:51:34;11;;;;
300758;2;LINES_OF_CODE;2026-02-26 11:01:24;7;;;;
300894;2;LINES_OF_CODE;2026-02-26 11:14:02;2;;;;
301140;2;LINES_OF_CODE;2026-02-26 11:20:15;2;;;;
300879;2;LINES_OF_CODE;2026-02-26 11:26:54;18;;;;
300815;2;LINES_OF_CODE;2026-02-26 12:26:56;14;;;;
300926;2;LINES_OF_CODE;2026-02-26 12:33:52;8;;;;
301071;2;LINES_OF_CODE;2026-02-26 13:05:58;12;;;;
301364;2;LINES_OF_CODE;2026-02-26 14:10:11;4;;;;
300725;2;LINES_OF_CODE;2026-02-26 14:19:02;3;;;;
301390;2;LINES_OF_CODE;2026-02-26 15:20:01;-4;;;;
301183;2;LINES_OF_CODE;2026-02-26 15:21:03;9;;;;
300927;2;LINES_OF_CODE;2026-02-26 16:18:14;-3;;;;
301099;2;LINES_OF_CODE;2026-02-26 16:58:37;13;;;;
301145;2;LINES_OF_CODE;2026-02-26 17:03:56;6;;;;
300972;2;LINES_OF_CODE;2026-02-26 17:26:54;5;;;;
300868;2;LINES_OF_CODE;2026-02-26 17:38:51;7;;;;
300761;2;LINES_OF_CODE;2026-02-26 17:49:29;10;;;;
300682;2;LINES_OF_CODE;2026-02-27 08:50:15;0;;;;
301181;2;LINES_OF_CODE;2026-02-27 09:01:59;12;;;;
300763;2;LINES_OF_CODE;2026-02-27 09:03:14;18;;;;
301169;2;LINES_OF_CODE;2026-02-27 09:03:31;10;;;;
301094;2;LINES_OF_CODE;2026-02-27 09:33:19;2;;;;
301087;2;LINES_OF_CODE;2026-02-27 09:37:25;10;;;;
301119;2;LINES_OF_CODE;2026-02-27 09:57:18;2;;;;
301403;2;LINES_OF_CODE;2026-02-27 10:10:55;5;;;;
300955;2;LINES_OF_CODE;2026-02-27 10:12:11;14;;;;
300938;2;LINES_OF_CODE;2026-02-27 10:20:26;8;;;;
301172;2;LINES_OF_CODE;2026-02-27 10:43:13;3;;;;
301193;2;LINES_OF_CODE;2026-02-27 10:47:51;0;;;;
301367;2;LINES_OF_CODE;2026-02-27 11:14:34;4;;;;
300948;2;LINES_OF_CODE;2026-02-27 11:48:00;9;;;;
300795;2;LINES_OF_CODE;2026-02-27 11:56:14;7;;;;
300802;2;LINES_OF_CODE;2026-02-27 12:13:49;5;;;;
300917;2;LINES_OF_CODE;2026-02-27 12:40:00;4;;;;
300931;2;LINES_OF_CODE;2026-02-27 12:49:34;2;;;;
301002;2;LINES_OF_CODE;2026-02-27 12:57:40;3;;;;
300785;2;LINES_OF_CODE;2026-02-27 13:01:03;8;;;;
301066;2;LINES_OF_CODE;2026-02-27 13:12:28;12;;;;
301209;2;LINES_OF_CODE;2026-02-27 13:14:57;7;;;;
301123;2;LINES_OF_CODE;2026-02-27 13:18:31;15;;;;
301291;2;LINES_OF_CODE;2026-02-27 13:35:57;7;;;;
301368;2;LINES_OF_CODE;2026-02-27 13:50:19;8;;;;
301333;2;LINES_OF_CODE;2026-02-27 13:53:18;3;;;;
300915;2;LINES_OF_CODE;2026-02-27 14:28:27;-3;;;;
301345;2;LINES_OF_CODE;2026-02-27 14:32:32;5;;;;
300766;2;LINES_OF_CODE;2026-02-27 14:41:40;8;;;;
300999;2;LINES_OF_CODE;2026-02-27 15:04:45;1;;;;
301059;2;LINES_OF_CODE;2026-02-27 15:05:30;3;;;;
300804;2;LINES_OF_CODE;2026-02-27 15:23:32;8;;;;
300913;2;LINES_OF_CODE;2026-02-27 15:27:34;-4;;;;
301013;2;LINES_OF_CODE;2026-02-27 15:59:09;11;;;;
301153;2;LINES_OF_CODE;2026-02-27 16:07:23;-2;;;;
300866;2;LINES_OF_CODE;2026-02-27 16:30:01;5;;;;
301297;2;LINES_OF_CODE;2026-02-27 16:43:43;-1;;;;
300944;2;LINES_OF_CODE;2026-02-27 17:35:08;16;;;;
300827;2;LINES_OF_CODE;2026-02-27 17:44:17;5;;;;
300806;2;LINES_OF_CODE;2026-02-27 17:53:52;27;;;;
301638;2;LINES_OF_CODE;2026-03-02 08:00:19;6;;;;
302131;2;LINES_OF_CODE;2026-03-02 08:09:49;26;;;;
301558;2;LINES_OF_CODE;2026-03-02 08:27:54;-2;;;;
301531;2;LINES_OF_CODE;2026-03-02 08:43:51;13;;;;
301996;2;LINES_OF_CODE;2026-03-02 08:45:47;11;;;;
301784;2;LINES_OF_CODE;2026-03-02 08:54:55;13;;;;
301682;2;LINES_OF_CODE;2026-03-02 08:56:53;5;;;;
301834;2;LINES_OF_CODE;2026-03-02 08:57:41;6;;;;
301764;2;LINES_OF_CODE;2026-03-02 09:45:57;17;;;;
301514;2;LINES_OF_CODE;2026-03-02 09:50:11;5;;;;
301630;2;LINES_OF_CODE;2026-03-02 09:58:26;2;;;;
301973;2;LINES_OF_CODE;2026-03-02 10:05:11;11;;;;
301626;2;LINES_OF_CODE;2026-03-02 10:12:43;4;;;;
301934;2;LINES_OF_CODE;2026-03-02 10:16:48;4;;;;
301821;2;LINES_OF_CODE;2026-03-02 10:20:13;-12;;;;
302039;2;LINES_OF_CODE;2026-03-02 10:25:56;13;;;;
301463;2;LINES_OF_CODE;2026-03-02 10:54:05;17;;;;
301661;2;LINES_OF_CODE;2026-03-02 11:01:15;4;;;;
302068;2;LINES_OF_CODE;2026-03-02 11:06:05;11;;;;
301511;2;LINES_OF_CODE;2026-03-02 11:20:46;12;;;;
302095;2;LINES_OF_CODE;2026-03-02 11:53:14;13;;;;
301639;2;LINES_OF_CODE;2026-03-02 12:04:14;-3;;;;
301740;2;LINES_OF_CODE;2026-03-02 12:07:32;19;;;;
301830;2;LINES_OF_CODE;2026-03-02 12:08:57;8;;;;
301451;2;LINES_OF_CODE;2026-03-02 12:14:48;4;;;;
302016;2;LINES_OF_CODE;2026-03-02 12:26:54;3;;;;
301775;2;LINES_OF_CODE;2026-03-02 12:46:38;13;;;;
301864;2;LINES_OF_CODE;2026-03-02 14:01:03;5;;;;
301847;2;LINES_OF_CODE;2026-03-02 15:15:54;0;;;;
301869;2;LINES_OF_CODE;2026-03-02 15:39:46;6;;;;
301621;2;LINES_OF_CODE;2026-03-02 16:52:22;26;;;;
301938;2;LINES_OF_CODE;2026-03-02 16:58:54;15;;;;
301833;2;LINES_OF_CODE;2026-03-02 17:01:07;10;;;;
301978;2;LINES_OF_CODE;2026-03-02 17:02:53;16;;;;
301452;2;LINES_OF_CODE;2026-03-02 17:14:35;19;;;;
301700;2;LINES_OF_CODE;2026-03-02 17:33:04;18;;;;
301735;2;LINES_OF_CODE;2026-03-02 17:43:26;3;;;;
301932;2;LINES_OF_CODE;2026-03-02 17:48:30;16;;;;
301880;2;LINES_OF_CODE;2026-03-03 08:54:10;4;;;;
301608;2;LINES_OF_CODE;2026-03-03 08:59:45;5;;;;
301641;2;LINES_OF_CODE;2026-03-03 08:59:52;10;;;;
301667;2;LINES_OF_CODE;2026-03-03 09:32:01;2;;;;
302146;2;LINES_OF_CODE;2026-03-03 09:58:34;9;;;;
301653;2;LINES_OF_CODE;2026-03-03 10:19:05;0;;;;
301968;2;LINES_OF_CODE;2026-03-03 10:29:29;7;;;;
301713;2;LINES_OF_CODE;2026-03-03 10:30:27;18;;;;
301438;2;LINES_OF_CODE;2026-03-03 10:33:59;-3;;;;
302002;2;LINES_OF_CODE;2026-03-03 11:06:15;8;;;;
301903;2;LINES_OF_CODE;2026-03-03 11:29:31;11;;;;
301426;2;LINES_OF_CODE;2026-03-03 11:30:49;0;;;;
302050;2;LINES_OF_CODE;2026-03-03 11:58:02;15;;;;
301627;2;LINES_OF_CODE;2026-03-03 12:23:38;19;;;;
302014;2;LINES_OF_CODE;2026-03-03 12:28:11;16;;;;
302084;2;LINES_OF_CODE;2026-03-03 12:29:47;7;;;;
301534;2;LINES_OF_CODE;2026-03-03 12:29:57;8;;;;
301907;2;LINES_OF_CODE;2026-03-03 12:31:49;6;;;;
301460;2;LINES_OF_CODE;2026-03-03 12:35:19;15;;;;
301966;2;LINES_OF_CODE;2026-03-03 12:56:58;24;;;;
301430;2;LINES_OF_CODE;2026-03-03 13:15:36;9;;;;
301412;2;LINES_OF_CODE;2026-03-03 13:19:55;16;;;;
301919;2;LINES_OF_CODE;2026-03-03 13:24:27;8;;;;
301567;2;LINES_OF_CODE;2026-03-03 13:25:20;2;;;;
301602;2;LINES_OF_CODE;2026-03-03 13:33:11;0;;;;
301673;2;LINES_OF_CODE;2026-03-03 14:12:57;8;;;;
301432;2;LINES_OF_CODE;2026-03-03 14:36:16;18;;;;
301519;2;LINES_OF_CODE;2026-03-03 14:37:37;6;;;;
301665;2;LINES_OF_CODE;2026-03-03 14:48:29;6;;;;
302076;2;LINES_OF_CODE;2026-03-03 14:49:26;16;;;;
302019;2;LINES_OF_CODE;2026-03-03 14:51:10;11;;;;
301717;2;LINES_OF_CODE;2026-03-03 14:53:12;11;;;;
301770;2;LINES_OF_CODE;2026-03-03 14:53:18;11;;;;
301794;2;LINES_OF_CODE;2026-03-03 15:21:10;10;;;;
302067;2;LINES_OF_CODE;2026-03-03 16:36:01;4;;;;
301654;2;LINES_OF_CODE;2026-03-03 16:56:10;11;;;;
302124;2;LINES_OF_CODE;2026-03-03 17:49:09;15;;;;
302045;2;LINES_OF_CODE;2026-03-03 17:54:22;6;;;;
301629;2;LINES_OF_CODE;2026-03-04 08:41:56;4;;;;
301748;2;LINES_OF_CODE;2026-03-04 08:50:11;12;;;;
301611;2;LINES_OF_CODE;2026-03-04 08:54:39;12;;;;
301616;2;LINES_OF_CODE;2026-03-04 09:01:58;5;;;;
301474;2;LINES_OF_CODE;2026-03-04 09:10:52;6;;;;
301981;2;LINES_OF_CODE;2026-03-04 09:12:22;3;;;;
301819;2;LINES_OF_CODE;2026-03-04 09:13:48;16;;;;
301807;2;LINES_OF_CODE;2026-03-04 09:41:27;13;;;;
301962;2;LINES_OF_CODE;2026-03-04 09:50:17;10;;;;
301793;2;LINES_OF_CODE;2026-03-04 09:56:14;14;;;;
301655;2;LINES_OF_CODE;2026-03-04 10:03:49;9;;;;
302139;2;LINES_OF_CODE;2026-03-04 10:25:40;13;;;;
302119;2;LINES_OF_CODE;2026-03-04 10:52:14;2;;;;
302150;2;LINES_OF_CODE;2026-03-04 12:02:20;2;;;;
302113;2;LINES_OF_CODE;2026-03-04 12:06:08;9;;;;
301874;2;LINES_OF_CODE;2026-03-04 12:10:35;10;;;;
301798;2;LINES_OF_CODE;2026-03-04 12:18:18;14;;;;
301509;2;LINES_OF_CODE;2026-03-04 12:54:12;11;;;;
301786;2;LINES_OF_CODE;2026-03-04 13:02:37;3;;;;
301619;2;LINES_OF_CODE;2026-03-04 13:17:30;11;;;;
301837;2;LINES_OF_CODE;2026-03-04 13:22:59;2;;;;
302051;2;LINES_OF_CODE;2026-03-04 13:28:36;-5;;;;
301598;2;LINES_OF_CODE;2026-03-04 13:35:12;5;;;;
301467;2;LINES_OF_CODE;2026-03-04 14:05:05;8;;;;
301937;2;LINES_OF_CODE;2026-03-04 14:37:27;2;;;;
301645;2;LINES_OF_CODE;2026-03-04 14:40:42;13;;;;
301977;2;LINES_OF_CODE;2026-03-04 14:44:54;11;;;;
301670;2;LINES_OF_CODE;2026-03-04 15:09:17;0;;;;
302079;2;LINES_OF_CODE;2026-03-04 15:55:00;13;;;;
302105;2;LINES_OF_CODE;2026-03-04 16:01:27;10;;;;
301581;2;LINES_OF_CODE;2026-03-04 16:37:07;-2;;;;
302062;2;LINES_OF_CODE;2026-03-04 17:09:02;2;;;;
302145;2;LINES_OF_CODE;2026-03-05 08:21:00;8;;;;
301882;2;LINES_OF_CODE;2026-03-05 08:26:12;7;;;;
302013;2;LINES_OF_CODE;2026-03-05 09:34:18;5;;;;
301495;2;LINES_OF_CODE;2026-03-05 09:35:48;11;;;;
301543;2;LINES_OF_CODE;2026-03-05 09:44:11;2;;;;
301675;2;LINES_OF_CODE;2026-03-05 09:52:04;13;;;;
301728;2;LINES_OF_CODE;2026-03-05 10:14:03;6;;;;
301575;2;LINES_OF_CODE;2026-03-05 10:16:04;10;;;;
301530;2;LINES_OF_CODE;2026-03-05 10:16:18;12;;;;
301427;2;LINES_OF_CODE;2026-03-05 10:29:04;8;;;;
301730;2;LINES_OF_CODE;2026-03-05 10:40:05;7;;;;
301795;2;LINES_OF_CODE;2026-03-05 10:41:32;6;;;;
301592;2;LINES_OF_CODE;2026-03-05 10:48:04;0;;;;
302089;2;LINES_OF_CODE;2026-03-05 10:51:34;19;;;;
301610;2;LINES_OF_CODE;2026-03-05 10:53:51;-3;;;;
301433;2;LINES_OF_CODE;2026-03-05 11:02:55;14;;;;
301528;2;LINES_OF_CODE;2026-03-05 11:10:55;7;;;;
301872;2;LINES_OF_CODE;2026-03-05 11:11:25;10;;;;
301409;2;LINES_OF_CODE;2026-03-05 11:40:48;-2;;;;
301827;2;LINES_OF_CODE;2026-03-05 11:52:27;15;;;;
301450;2;LINES_OF_CODE;2026-03-05 12:01:21;-2;;;;
301696;2;LINES_OF_CODE;2026-03-05 12:52:19;17;;;;
301930;2;LINES_OF_CODE;2026-03-05 13:20:33;15;;;;
301856;2;LINES_OF_CODE;2026-03-05 13:34:58;7;;;;
301492;2;LINES_OF_CODE;2026-03-05 13:37:08;7;;;;
301954;2;LINES_OF_CODE;2026-03-05 14:09:13;5;;;;
301499;2;LINES_OF_CODE;2026-03-05 14:18:49;10;;;;
302134;2;LINES_OF_CODE;2026-03-05 14:38:56;15;;;;
301812;2;LINES_OF_CODE;2026-03-05 14:43:21;19;;;;
302006;2;LINES_OF_CODE;2026-03-05 14:46:27;5;;;;
301926;2;LINES_OF_CODE;2026-03-05 15:00:44;17;;;;
301924;2;LINES_OF_CODE;2026-03-05 15:05:21;11;;;;
301413;2;LINES_OF_CODE;2026-03-05 15:13:48;10;;;;
301818;2;LINES_OF_CODE;2026-03-05 15:16:29;8;;;;
301815;2;LINES_OF_CODE;2026-03-05 15:27:18;3;;;;
302147;2;LINES_OF_CODE;2026-03-05 15:34:27;9;;;;
301515;2;LINES_OF_CODE;2026-03-05 15:42:37;0;;;;
301587;2;LINES_OF_CODE;2026-03-05 16:04:26;9;;;;
302107;2;LINES_OF_CODE;2026-03-05 16:10:34;-2;;;;
301497;2;LINES_OF_CODE;2026-03-05 16:58:59;9;;;;
301908;2;LINES_OF_CODE;2026-03-05 17:04:38;8;;;;
301520;2;LINES_OF_CODE;2026-03-05 17:11:37;1;;;;
301756;2;LINES_OF_CODE;2026-03-05 17:22:40;5;;;;
301407;2;LINES_OF_CODE;2026-03-06 08:07:17;0;;;;
301434;2;LINES_OF_CODE;2026-03-06 08:08:28;16;;;;
302104;2;LINES_OF_CODE;2026-03-06 08:13:43;7;;;;
302061;2;LINES_OF_CODE;2026-03-06 09:15:02;4;;;;
302058;2;LINES_OF_CODE;2026-03-06 09:39:29;12;;;;
301910;2;LINES_OF_CODE;2026-03-06 09:48:58;5;;;;
301942;2;LINES_OF_CODE;2026-03-06 09:50:14;7;;;;
301946;2;LINES_OF_CODE;2026-03-06 10:42:30;19;;;;
301799;2;LINES_OF_CODE;2026-03-06 11:10:38;4;;;;
302130;2;LINES_OF_CODE;2026-03-06 11:37:43;6;;;;
301867;2;LINES_OF_CODE;2026-03-06 11:38:37;10;;;;
301787;2;LINES_OF_CODE;2026-03-06 11:42:12;0;;;;
301634;2;LINES_OF_CODE;2026-03-06 12:09:25;4;;;;
301929;2;LINES_OF_CODE;2026-03-06 12:20:30;8;;;;
301562;2;LINES_OF_CODE;2026-03-06 12:38:11;-1;;;;
301462;2;LINES_OF_CODE;2026-03-06 12:56:25;11;;;;
301832;2;LINES_OF_CODE;2026-03-06 13:11:07;3;;;;
302033;2;LINES_OF_CODE;2026-03-06 13:12:52;3;;;;
301951;2;LINES_OF_CODE;2026-03-06 13:25:38;15;;;;
301873;2;LINES_OF_CODE;2026-03-06 13:30:27;-3;;;;
301554;2;LINES_OF_CODE;2026-03-06 13:34:31;9;;;;
301801;2;LINES_OF_CODE;2026-03-06 13:43:29;18;;;;
301590;2;LINES_OF_CODE;2026-03-06 14:07:56;19;;;;
301722;2;LINES_OF_CODE;2026-03-06 14:25:01;13;;;;
301614;2;LINES_OF_CODE;2026-03-06 14:26:47;12;;;;
301488;2;LINES_OF_CODE;2026-03-06 14:48:07;10;;;;
302021;2;LINES_OF_CODE;2026-03-06 14:50:40;11;;;;
301918;2;LINES_OF_CODE;2026-03-06 14:58:33;15;;;;
301844;2;LINES_OF_CODE;2026-03-06 15:32:22;17;;;;
301845;2;LINES_OF_CODE;2026-03-06 15:42:45;10;;;;
301561;2;LINES_OF_CODE;2026-03-06 16:30:14;24;;;;
301559;2;LINES_OF_CODE;2026-03-06 16:30:50;4;;;;
302078;2;LINES_OF_CODE;2026-03-06 16:50:42;12;;;;
301695;2;LINES_OF_CODE;2026-03-06 17:19:49;14;;;;
301898;2;LINES_OF_CODE;2026-03-06 17:30:22;9;;;;
301526;2;LINES_OF_CODE;2026-03-06 17:37:38;11;;;;
301565;2;LINES_OF_CODE;2026-03-06 17:46:26;17;;;;
301802;2;LINES_OF_CODE;2026-03-09 08:14:50;14;;;;
301570;2;LINES_OF_CODE;2026-03-09 08:26:00;10;;;;
301414;2;LINES_OF_CODE;2026-03-09 08:56:10;7;;;;
302121;2;LINES_OF_CODE;2026-03-09 09:56:31;0;;;;
302055;2;LINES_OF_CODE;2026-03-09 10:07:21;0;;;;
301980;2;LINES_OF_CODE;2026-03-09 10:21:15;16;;;;
301548;2;LINES_OF_CODE;2026-03-09 10:22:11;7;;;;
301956;2;LINES_OF_CODE;2026-03-09 10:29:45;11;;;;
301752;2;LINES_OF_CODE;2026-03-09 10:32:09;17;;;;
301862;2;LINES_OF_CODE;2026-03-09 10:50:54;20;;;;
301859;2;LINES_OF_CODE;2026-03-09 10:54:01;13;;;;
301577;2;LINES_OF_CODE;2026-03-09 11:14:17;6;;;;
302036;2;LINES_OF_CODE;2026-03-09 11:16:19;3;;;;
301615;2;LINES_OF_CODE;2026-03-09 11:17:01;18;;;;
301853;2;LINES_OF_CODE;2026-03-09 12:12:07;0;;;;
301513;2;LINES_OF_CODE;2026-03-09 12:13:12;12;;;;
301637;2;LINES_OF_CODE;2026-03-09 13:44:03;5;;;;
302026;2;LINES_OF_CODE;2026-03-09 13:51:49;8;;;;
301445;2;LINES_OF_CODE;2026-03-09 13:53:29;11;;;;
301971;2;LINES_OF_CODE;2026-03-09 14:23:52;6;;;;
302129;2;LINES_OF_CODE;2026-03-09 14:38:19;21;;;;
301541;2;LINES_OF_CODE;2026-03-09 14:50:28;10;;;;
301726;2;LINES_OF_CODE;2026-03-09 15:04:20;-1;;;;
301547;2;LINES_OF_CODE;2026-03-09 15:05:47;17;;;;
301792;2;LINES_OF_CODE;2026-03-09 15:09:39;14;;;;
302128;2;LINES_OF_CODE;2026-03-09 15:15:05;8;;;;
301461;2;LINES_OF_CODE;2026-03-09 15:27:43;11;;;;
302031;2;LINES_OF_CODE;2026-03-09 15:31:25;10;;;;
301944;2;LINES_OF_CODE;2026-03-09 16:14:45;0;;;;
301423;2;LINES_OF_CODE;2026-03-09 16:27:33;16;;;;
301785;2;LINES_OF_CODE;2026-03-09 16:48:56;6;;;;
301576;2;LINES_OF_CODE;2026-03-09 17:06:45;13;;;;
301439;2;LINES_OF_CODE;2026-03-09 17:06:49;12;;;;
301870;2;LINES_OF_CODE;2026-03-09 17:21:27;10;;;;
301928;2;LINES_OF_CODE;2026-03-10 08:02:10;18;;;;
302117;2;LINES_OF_CODE;2026-03-10 08:02:22;16;;;;
301572;2;LINES_OF_CODE;2026-03-10 08:17:24;11;;;;
302073;2;LINES_OF_CODE;2026-03-10 08:26:21;-11;;;;
301920;2;LINES_OF_CODE;2026-03-10 08:44:52;8;;;;
301507;2;LINES_OF_CODE;2026-03-10 09:05:02;9;;;;
301664;2;LINES_OF_CODE;2026-03-10 09:10:32;11;;;;
301952;2;LINES_OF_CODE;2026-03-10 09:17:10;13;;;;
301888;2;LINES_OF_CODE;2026-03-10 09:22:02;3;;;;
301607;2;LINES_OF_CODE;2026-03-10 09:47:40;12;;;;
302066;2;LINES_OF_CODE;2026-03-10 09:56:46;10;;;;
301900;2;LINES_OF_CODE;2026-03-10 10:15:45;12;;;;
301846;2;LINES_OF_CODE;2026-03-10 10:47:12;8;;;;
302087;2;LINES_OF_CODE;2026-03-10 10:47:51;20;;;;
301857;2;LINES_OF_CODE;2026-03-10 11:02:22;3;;;;
301449;2;LINES_OF_CODE;2026-03-10 11:24:58;14;;;;
301855;2;LINES_OF_CODE;2026-03-10 11:29:38;17;;;;
301521;2;LINES_OF_CODE;2026-03-10 12:02:25;0;;;;
301472;2;LINES_OF_CODE;2026-03-10 12:16:51;12;;;;
302106;2;LINES_OF_CODE;2026-03-10 12:21:32;10;;;;
301848;2;LINES_OF_CODE;2026-03-10 13:26:06;5;;;;
301912;2;LINES_OF_CODE;2026-03-10 14:04:30;12;;;;
302020;2;LINES_OF_CODE;2026-03-10 14:29:23;-1;;;;
301999;2;LINES_OF_CODE;2026-03-10 15:22:43;17;;;;
302001;2;LINES_OF_CODE;2026-03-10 15:23:36;1;;;;
302143;2;LINES_OF_CODE;2026-03-10 15:38:41;-2;;;;
302080;2;LINES_OF_CODE;2026-03-10 15:43:57;8;;;;
301595;2;LINES_OF_CODE;2026-03-10 15:58:26;18;;;;
302029;2;LINES_OF_CODE;2026-03-10 16:09:35;10;;;;
301755;2;LINES_OF_CODE;2026-03-11 08:04:16;10;;;;
301454;2;LINES_OF_CODE;2026-03-11 08:30:28;-6;;;;
301887;2;LINES_OF_CODE;2026-03-11 08:33:26;19;;;;
301457;2;LINES_OF_CODE;2026-03-11 08:37:45;0;;;;
302049;2;LINES_OF_CODE;2026-03-11 08:59:29;18;;;;
301835;2;LINES_OF_CODE;2026-03-11 09:03:06;4;;;;
302038;2;LINES_OF_CODE;2026-03-11 09:33:07;4;;;;
301838;2;LINES_OF_CODE;2026-03-11 09:57:39;-3;;;;
301478;2;LINES_OF_CODE;2026-03-11 10:32:44;8;;;;
301754;2;LINES_OF_CODE;2026-03-11 11:31:04;15;;;;
302047;2;LINES_OF_CODE;2026-03-11 11:55:34;-7;;;;
301613;2;LINES_OF_CODE;2026-03-11 12:10:49;19;;;;
301649;2;LINES_OF_CODE;2026-03-11 12:46:21;-2;;;;
301706;2;LINES_OF_CODE;2026-03-11 12:49:03;11;;;;
301421;2;LINES_OF_CODE;2026-03-11 12:49:15;8;;;;
301455;2;LINES_OF_CODE;2026-03-11 12:59:53;11;;;;
301757;2;LINES_OF_CODE;2026-03-11 13:51:04;11;;;;
301489;2;LINES_OF_CODE;2026-03-11 14:00:58;4;;;;
301789;2;LINES_OF_CODE;2026-03-11 14:06:02;-11;;;;
302025;2;LINES_OF_CODE;2026-03-11 14:07:30;3;;;;
301479;2;LINES_OF_CODE;2026-03-11 14:30:14;9;;;;
301738;2;LINES_OF_CODE;2026-03-11 16:18:44;-3;;;;
301642;2;LINES_OF_CODE;2026-03-11 16:28:43;5;;;;
302103;2;LINES_OF_CODE;2026-03-11 16:56:30;21;;;;
301545;2;LINES_OF_CODE;2026-03-11 17:09:47;5;;;;
301778;2;LINES_OF_CODE;2026-03-11 17:18:27;4;;;;
301690;2;LINES_OF_CODE;2026-03-11 17:25:04;18;;;;
301552;2;LINES_OF_CODE;2026-03-11 17:25:43;2;;;;
301469;2;LINES_OF_CODE;2026-03-11 17:28:30;13;;;;
301527;2;LINES_OF_CODE;2026-03-11 17:46:05;-3;;;;
301836;2;LINES_OF_CODE;2026-03-12 08:18:34;17;;;;
301557;2;LINES_OF_CODE;2026-03-12 08:28:09;9;;;;
301668;2;LINES_OF_CODE;2026-03-12 08:39:13;15;;;;
301698;2;LINES_OF_CODE;2026-03-12 09:43:48;7;;;;
301899;2;LINES_OF_CODE;2026-03-12 09:47:10;0;;;;
301711;2;LINES_OF_CODE;2026-03-12 10:02:06;8;;;;
301771;2;LINES_OF_CODE;2026-03-12 10:31:54;9;;;;
301424;2;LINES_OF_CODE;2026-03-12 10:45:41;10;;;;
301672;2;LINES_OF_CODE;2026-03-12 10:48:22;0;;;;
301961;2;LINES_OF_CODE;2026-03-12 11:17:01;21;;;;
301782;2;LINES_OF_CODE;2026-03-12 11:42:11;5;;;;
301965;2;LINES_OF_CODE;2026-03-12 11:49:35;20;;;;
301617;2;LINES_OF_CODE;2026-03-12 12:10:27;16;;;;
301886;2;LINES_OF_CODE;2026-03-12 12:24:28;18;;;;
302122;2;LINES_OF_CODE;2026-03-12 12:35:49;25;;;;
301498;2;LINES_OF_CODE;2026-03-12 12:53:18;13;;;;
302075;2;LINES_OF_CODE;2026-03-12 13:07:40;7;;;;
301984;2;LINES_OF_CODE;2026-03-12 13:10:01;8;;;;
302126;2;LINES_OF_CODE;2026-03-12 13:35:57;8;;;;
301843;2;LINES_OF_CODE;2026-03-12 13:36:37;25;;;;
301891;2;LINES_OF_CODE;2026-03-12 14:08:59;2;;;;
302098;2;LINES_OF_CODE;2026-03-12 14:33:05;24;;;;
301876;2;LINES_OF_CODE;2026-03-12 14:48:07;1;;;;
301666;2;LINES_OF_CODE;2026-03-12 15:45:03;8;;;;
302149;2;LINES_OF_CODE;2026-03-12 16:21:40;8;;;;
301419;2;LINES_OF_CODE;2026-03-12 16:37:18;16;;;;
301501;2;LINES_OF_CODE;2026-03-12 16:45:07;14;;;;
301529;2;LINES_OF_CODE;2026-03-12 16:55:54;0;;;;
301839;2;LINES_OF_CODE;2026-03-12 17:53:38;3;;;;
301858;2;LINES_OF_CODE;2026-03-13 08:38:05;0;;;;
301895;2;LINES_OF_CODE;2026-03-13 08:46:21;0;;;;
301583;2;LINES_OF_CODE;2026-03-13 08:51:53;-3;;;;
301729;2;LINES_OF_CODE;2026-03-13 09:09:30;7;;;;
301422;2;LINES_OF_CODE;2026-03-13 09:15:01;8;;;;
301517;2;LINES_OF_CODE;2026-03-13 09:26:35;2;;;;
301657;2;LINES_OF_CODE;2026-03-13 09:42:58;6;;;;
301620;2;LINES_OF_CODE;2026-03-13 10:14:45;-4;;;;
302090;2;LINES_OF_CODE;2026-03-13 10:20:00;1;;;;
302111;2;LINES_OF_CODE;2026-03-13 10:22:20;6;;;;
301989;2;LINES_OF_CODE;2026-03-13 10:54:47;2;;;;
302063;2;LINES_OF_CODE;2026-03-13 11:37:15;14;;;;
301796;2;LINES_OF_CODE;2026-03-13 12:05:24;13;;;;
301823;2;LINES_OF_CODE;2026-03-13 12:31:35;11;;;;
301490;2;LINES_OF_CODE;2026-03-13 12:38:21;8;;;;
301650;2;LINES_OF_CODE;2026-03-13 12:49:13;17;;;;
302116;2;LINES_OF_CODE;2026-03-13 13:05:33;8;;;;
301760;2;LINES_OF_CODE;2026-03-13 13:24:31;3;;;;
301560;2;LINES_OF_CODE;2026-03-13 13:31:06;16;;;;
301604;2;LINES_OF_CODE;2026-03-13 13:41:28;7;;;;
301800;2;LINES_OF_CODE;2026-03-13 14:34:22;10;;;;
301625;2;LINES_OF_CODE;2026-03-13 14:50:33;14;;;;
301953;2;LINES_OF_CODE;2026-03-13 14:51:21;10;;;;
301420;2;LINES_OF_CODE;2026-03-13 14:57:37;20;;;;
301915;2;LINES_OF_CODE;2026-03-13 15:13:12;-1;;;;
302004;2;LINES_OF_CODE;2026-03-13 15:25:03;-13;;;;
301470;2;LINES_OF_CODE;2026-03-13 15:34:40;0;;;;
301945;2;LINES_OF_CODE;2026-03-13 15:35:25;9;;;;
301453;2;LINES_OF_CODE;2026-03-13 15:49:08;2;;;;
301555;2;LINES_OF_CODE;2026-03-13 16:20:05;12;;;;
301840;2;LINES_OF_CODE;2026-03-13 16:20:59;4;;;;
301905;2;LINES_OF_CODE;2026-03-13 16:48:31;6;;;;
301850;2;LINES_OF_CODE;2026-03-13 16:57:34;11;;;;
301593;2;LINES_OF_CODE;2026-03-13 16:58:20;9;;;;
301894;2;LINES_OF_CODE;2026-03-13 17:25:44;-1;;;;
302110;2;LINES_OF_CODE;2026-03-16 08:11:53;-2;;;;
302148;2;LINES_OF_CODE;2026-03-16 08:46:13;8;;;;
301803;2;LINES_OF_CODE;2026-03-16 08:46:54;3;;;;
302015;2;LINES_OF_CODE;2026-03-16 09:19:05;5;;;;
301709;2;LINES_OF_CODE;2026-03-16 09:24:54;21;;;;
301739;2;LINES_OF_CODE;2026-03-16 09:29:26;1;;;;
301841;2;LINES_OF_CODE;2026-03-16 09:36:06;5;;;;
302008;2;LINES_OF_CODE;2026-03-16 09:48:01;13;;;;
301522;2;LINES_OF_CODE;2026-03-16 10:03:30;7;;;;
301586;2;LINES_OF_CODE;2026-03-16 10:11:39;9;;;;
302115;2;LINES_OF_CODE;2026-03-16 10:19:28;6;;;;
301496;2;LINES_OF_CODE;2026-03-16 10:24:42;10;;;;
301694;2;LINES_OF_CODE;2026-03-16 10:28:17;9;;;;
302114;2;LINES_OF_CODE;2026-03-16 10:57:09;10;;;;
302009;2;LINES_OF_CODE;2026-03-16 11:13:42;-1;;;;
302070;2;LINES_OF_CODE;2026-03-16 11:29:31;4;;;;
301633;2;LINES_OF_CODE;2026-03-16 11:47:21;7;;;;
302012;2;LINES_OF_CODE;2026-03-16 12:09:21;12;;;;
302100;2;LINES_OF_CODE;2026-03-16 12:27:44;18;;;;
301750;2;LINES_OF_CODE;2026-03-16 13:16:10;10;;;;
302048;2;LINES_OF_CODE;2026-03-16 13:22:21;15;;;;
302071;2;LINES_OF_CODE;2026-03-16 14:10:38;6;;;;
301444;2;LINES_OF_CODE;2026-03-16 14:21:03;17;;;;
301816;2;LINES_OF_CODE;2026-03-16 14:45:05;23;;;;
301779;2;LINES_OF_CODE;2026-03-16 14:50:45;1;;;;
301487;2;LINES_OF_CODE;2026-03-16 14:51:15;0;;;;
301692;2;LINES_OF_CODE;2026-03-16 15:59:46;0;;;;
302027;2;LINES_OF_CODE;2026-03-16 16:25:36;9;;;;
301936;2;LINES_OF_CODE;2026-03-16 17:13:17;13;;;;
301871;2;LINES_OF_CODE;2026-03-16 17:27:15;7;;;;
301618;2;LINES_OF_CODE;2026-03-16 17:34:15;6;;;;
301879;2;LINES_OF_CODE;2026-03-16 17:41:43;7;;;;
301983;2;LINES_OF_CODE;2026-03-17 08:52:56;19;;;;
301596;2;LINES_OF_CODE;2026-03-17 09:12:23;5;;;;
301658;2;LINES_OF_CODE;2026-03-17 09:47:19;13;;;;
301662;2;LINES_OF_CODE;2026-03-17 09:47:46;21;;;;
301875;2;LINES_OF_CODE;2026-03-17 10:18:03;17;;;;
301721;2;LINES_OF_CODE;2026-03-17 10:51:16;6;;;;
301677;2;LINES_OF_CODE;2026-03-17 10:52:48;7;;;;
301988;2;LINES_OF_CODE;2026-03-17 10:56:24;5;;;;
301774;2;LINES_OF_CODE;2026-03-17 10:58:49;3;;;;
301742;2;LINES_OF_CODE;2026-03-17 11:05:56;14;;;;
301579;2;LINES_OF_CODE;2026-03-17 11:30:30;13;;;;
301744;2;LINES_OF_CODE;2026-03-17 12:35:40;9;;;;
301441;2;LINES_OF_CODE;2026-03-17 12:49:08;2;;;;
302018;2;LINES_OF_CODE;2026-03-17 13:28:33;15;;;;
301927;2;LINES_OF_CODE;2026-03-17 13:48:17;11;;;;
301727;2;LINES_OF_CODE;2026-03-17 14:25:27;10;;;;
302030;2;LINES_OF_CODE;2026-03-17 14:29:29;-2;;;;
301979;2;LINES_OF_CODE;2026-03-17 14:36:08;8;;;;
301958;2;LINES_OF_CODE;2026-03-17 14:48:29;6;;;;
301769;2;LINES_OF_CODE;2026-03-17 14:52:43;1;;;;
301542;2;LINES_OF_CODE;2026-03-17 14:55:20;8;;;;
301503;2;LINES_OF_CODE;2026-03-17 15:06:30;9;;;;
301955;2;LINES_OF_CODE;2026-03-17 15:20:27;-2;;;;
301814;2;LINES_OF_CODE;2026-03-17 15:42:14;9;;;;
301447;2;LINES_OF_CODE;2026-03-17 15:42:29;6;;;;
301925;2;LINES_OF_CODE;2026-03-17 16:03:14;15;;;;
302022;2;LINES_OF_CODE;2026-03-17 16:10:30;3;;;;
301683;2;LINES_OF_CODE;2026-03-17 16:19:27;18;;;;
301459;2;LINES_OF_CODE;2026-03-17 16:37:44;3;;;;
302135;2;LINES_OF_CODE;2026-03-17 16:50:52;-1;;;;
301712;2;LINES_OF_CODE;2026-03-17 16:52:16;7;;;;
301758;2;LINES_OF_CODE;2026-03-17 17:23:54;0;;;;
301767;2;LINES_OF_CODE;2026-03-17 17:24:17;0;;;;
301594;2;LINES_OF_CODE;2026-03-17 17:29:11;7;;;;
301612;2;LINES_OF_CODE;2026-03-17 17:36:15;-1;;;;
301442;2;LINES_OF_CODE;2026-03-17 17:44:45;15;;;;
301473;2;LINES_OF_CODE;2026-03-18 08:43:27;17;;;;
301746;2;LINES_OF_CODE;2026-03-18 08:50:46;5;;;;
301475;2;LINES_OF_CODE;2026-03-18 08:53:41;7;;;;
302056;2;LINES_OF_CODE;2026-03-18 09:22:26;16;;;;
301410;2;LINES_OF_CODE;2026-03-18 09:34:11;15;;;;
301975;2;LINES_OF_CODE;2026-03-18 09:39:38;11;;;;
301884;2;LINES_OF_CODE;2026-03-18 10:34:07;13;;;;
301732;2;LINES_OF_CODE;2026-03-18 10:40:12;12;;;;
301671;2;LINES_OF_CODE;2026-03-18 11:13:37;2;;;;
301994;2;LINES_OF_CODE;2026-03-18 11:14:09;10;;;;
301697;2;LINES_OF_CODE;2026-03-18 11:23:37;7;;;;
301569;2;LINES_OF_CODE;2026-03-18 11:29:54;-6;;;;
302024;2;LINES_OF_CODE;2026-03-18 12:05:00;16;;;;
301715;2;LINES_OF_CODE;2026-03-18 12:35:23;15;;;;
301902;2;LINES_OF_CODE;2026-03-18 12:47:55;1;;;;
301686;2;LINES_OF_CODE;2026-03-18 12:48:29;2;;;;
301481;2;LINES_OF_CODE;2026-03-18 12:54:17;14;;;;
302132;2;LINES_OF_CODE;2026-03-18 13:03:32;15;;;;
301804;2;LINES_OF_CODE;2026-03-18 13:16:25;5;;;;
301842;2;LINES_OF_CODE;2026-03-18 14:18:40;18;;;;
302028;2;LINES_OF_CODE;2026-03-18 15:20:26;16;;;;
301537;2;LINES_OF_CODE;2026-03-18 15:59:52;22;;;;
301701;2;LINES_OF_CODE;2026-03-18 16:21:12;2;;;;
301703;2;LINES_OF_CODE;2026-03-18 17:07:36;12;;;;
302037;2;LINES_OF_CODE;2026-03-18 17:13:32;12;;;;
301624;2;LINES_OF_CODE;2026-03-18 17:31:07;16;;;;
301702;2;LINES_OF_CODE;2026-03-19 08:31:39;9;;;;
302140;2;LINES_OF_CODE;2026-03-19 08:48:16;11;;;;
301502;2;LINES_OF_CODE;2026-03-19 09:04:45;6;;;;
301766;2;LINES_OF_CODE;2026-03-19 09:57:59;15;;;;
301806;2;LINES_OF_CODE;2026-03-19 10:07:43;13;;;;
301906;2;LINES_OF_CODE;2026-03-19 10:10:30;9;;;;
301986;2;LINES_OF_CODE;2026-03-19 10:15:19;1;;;;
301909;2;LINES_OF_CODE;2026-03-19 10:16:31;2;;;;
302046;2;LINES_OF_CODE;2026-03-19 10:47:48;5;;;;
302144;2;LINES_OF_CODE;2026-03-19 10:53:10;10;;;;
302101;2;LINES_OF_CODE;2026-03-19 10:57:48;0;;;;
301885;2;LINES_OF_CODE;2026-03-19 11:01:39;6;;;;
301959;2;LINES_OF_CODE;2026-03-19 12:09:37;9;;;;
302118;2;LINES_OF_CODE;2026-03-19 12:15:09;4;;;;
301689;2;LINES_OF_CODE;2026-03-19 12:42:25;16;;;;
301591;2;LINES_OF_CODE;2026-03-19 12:45:06;0;;;;
302081;2;LINES_OF_CODE;2026-03-19 13:34:18;3;;;;
301878;2;LINES_OF_CODE;2026-03-19 14:00:35;0;;;;
301518;2;LINES_OF_CODE;2026-03-19 14:25:55;0;;;;
301866;2;LINES_OF_CODE;2026-03-19 14:43:27;18;;;;
301734;2;LINES_OF_CODE;2026-03-19 14:45:18;8;;;;
301896;2;LINES_OF_CODE;2026-03-19 15:09:04;8;;;;
301573;2;LINES_OF_CODE;2026-03-19 15:22:32;3;;;;
301508;2;LINES_OF_CODE;2026-03-19 15:49:48;8;;;;
302127;2;LINES_OF_CODE;2026-03-19 15:51:29;2;;;;
301597;2;LINES_OF_CODE;2026-03-19 15:58:06;6;;;;
301446;2;LINES_OF_CODE;2026-03-19 15:59:28;8;;;;
301688;2;LINES_OF_CODE;2026-03-19 16:17:54;6;;;;
301753;2;LINES_OF_CODE;2026-03-19 16:32:46;0;;;;
302142;2;LINES_OF_CODE;2026-03-19 16:47:46;12;;;;
301458;2;LINES_OF_CODE;2026-03-19 17:01:19;14;;;;
301480;2;LINES_OF_CODE;2026-03-19 17:02:18;7;;;;
302010;2;LINES_OF_CODE;2026-03-19 17:15:47;14;;;;
302102;2;LINES_OF_CODE;2026-03-19 17:20:22;18;;;;
301854;2;LINES_OF_CODE;2026-03-19 17:23:56;1;;;;
301505;2;LINES_OF_CODE;2026-03-19 17:39:17;13;;;;
301551;2;LINES_OF_CODE;2026-03-19 17:41:34;-3;;;;
301685;2;LINES_OF_CODE;2026-03-19 17:57:32;11;;;;
301865;2;LINES_OF_CODE;2026-03-20 08:31:19;20;;;;
301704;2;LINES_OF_CODE;2026-03-20 08:36:15;16;;;;
302053;2;LINES_OF_CODE;2026-03-20 08:44:39;13;;;;
301805;2;LINES_OF_CODE;2026-03-20 08:47:42;-4;;;;
301997;2;LINES_OF_CODE;2026-03-20 08:47:59;8;;;;
301568;2;LINES_OF_CODE;2026-03-20 08:50:13;0;;;;
301512;2;LINES_OF_CODE;2026-03-20 09:49:14;13;;;;
301628;2;LINES_OF_CODE;2026-03-20 10:37:22;16;;;;
302007;2;LINES_OF_CODE;2026-03-20 10:51:44;6;;;;
301991;2;LINES_OF_CODE;2026-03-20 11:03:48;8;;;;
301877;2;LINES_OF_CODE;2026-03-20 12:03:15;2;;;;
301970;2;LINES_OF_CODE;2026-03-20 12:19:14;11;;;;
301998;2;LINES_OF_CODE;2026-03-20 12:56:06;10;;;;
302000;2;LINES_OF_CODE;2026-03-20 13:24:55;1;;;;
301486;2;LINES_OF_CODE;2026-03-20 13:25:20;0;;;;
301992;2;LINES_OF_CODE;2026-03-20 13:41:19;4;;;;
301995;2;LINES_OF_CODE;2026-03-20 13:50:36;8;;;;
301571;2;LINES_OF_CODE;2026-03-20 14:01:36;22;;;;
301465;2;LINES_OF_CODE;2026-03-20 14:11:01;22;;;;
301809;2;LINES_OF_CODE;2026-03-20 14:11:09;4;;;;
301949;2;LINES_OF_CODE;2026-03-20 14:19:55;-1;;;;
301777;2;LINES_OF_CODE;2026-03-20 14:34:52;10;;;;
301904;2;LINES_OF_CODE;2026-03-20 15:02:14;1;;;;
301680;2;LINES_OF_CODE;2026-03-20 16:05:23;12;;;;
301911;2;LINES_OF_CODE;2026-03-20 16:17:36;19;;;;
301960;2;LINES_OF_CODE;2026-03-20 16:36:26;13;;;;
301574;2;LINES_OF_CODE;2026-03-20 17:01:02;15;;;;
302052;2;LINES_OF_CODE;2026-03-20 17:02:15;12;;;;
301759;2;LINES_OF_CODE;2026-03-20 17:17:34;13;;;;
301406;2;LINES_OF_CODE;2026-03-23 08:02:59;-2;;;;
301659;2;LINES_OF_CODE;2026-03-23 08:16:21;5;;;;
301828;2;LINES_OF_CODE;2026-03-23 08:22:39;13;;;;
301901;2;LINES_OF_CODE;2026-03-23 08:33:42;-1;;;;
301863;2;LINES_OF_CODE;2026-03-23 08:53:26;11;;;;
301525;2;LINES_OF_CODE;2026-03-23 09:04:43;10;;;;
301825;2;LINES_OF_CODE;2026-03-23 09:09:55;11;;;;
301745;2;LINES_OF_CODE;2026-03-23 09:11:26;23;;;;
301935;2;LINES_OF_CODE;2026-03-23 09:23:22;17;;;;
301751;2;LINES_OF_CODE;2026-03-23 10:07:11;13;;;;
302083;2;LINES_OF_CODE;2026-03-23 10:16:33;2;;;;
301720;2;LINES_OF_CODE;2026-03-23 10:37:09;9;;;;
301933;2;LINES_OF_CODE;2026-03-23 10:42:28;12;;;;
301582;2;LINES_OF_CODE;2026-03-23 11:49:52;-2;;;;
301822;2;LINES_OF_CODE;2026-03-23 12:30:00;10;;;;
301600;2;LINES_OF_CODE;2026-03-23 12:46:29;13;;;;
301437;2;LINES_OF_CODE;2026-03-23 13:01:20;8;;;;
301440;2;LINES_OF_CODE;2026-03-23 13:09:59;6;;;;
302108;2;LINES_OF_CODE;2026-03-23 13:44:04;11;;;;
301725;2;LINES_OF_CODE;2026-03-23 14:10:36;-4;;;;
301987;2;LINES_OF_CODE;2026-03-23 14:14:15;9;;;;
301768;2;LINES_OF_CODE;2026-03-23 14:21:46;14;;;;
301810;2;LINES_OF_CODE;2026-03-23 14:54:48;14;;;;
301893;2;LINES_OF_CODE;2026-03-23 15:07:13;6;;;;
301747;2;LINES_OF_CODE;2026-03-23 15:12:33;6;;;;
301817;2;LINES_OF_CODE;2026-03-23 16:30:23;13;;;;
302054;2;LINES_OF_CODE;2026-03-23 16:32:27;11;;;;
301914;2;LINES_OF_CODE;2026-03-23 16:50:37;5;;;;
301976;2;LINES_OF_CODE;2026-03-23 17:16:15;10;;;;
301524;2;LINES_OF_CODE;2026-03-23 17:46:02;4;;;;
302072;2;LINES_OF_CODE;2026-03-23 17:48:42;14;;;;
301599;2;LINES_OF_CODE;2026-03-24 08:25:10;-2;;;;
301584;2;LINES_OF_CODE;2026-03-24 08:36:34;4;;;;
301468;2;LINES_OF_CODE;2026-03-24 08:56:48;6;;;;
301719;2;LINES_OF_CODE;2026-03-24 09:13:12;19;;;;
301603;2;LINES_OF_CODE;2026-03-24 09:19:02;5;;;;
301429;2;LINES_OF_CODE;2026-03-24 09:42:57;18;;;;
301585;2;LINES_OF_CODE;2026-03-24 09:46:25;7;;;;
301939;2;LINES_OF_CODE;2026-03-24 10:13:08;6;;;;
302097;2;LINES_OF_CODE;2026-03-24 10:15:52;0;;;;
301824;2;LINES_OF_CODE;2026-03-24 11:19:28;14;;;;
301623;2;LINES_OF_CODE;2026-03-24 11:27:13;12;;;;
301781;2;LINES_OF_CODE;2026-03-24 11:27:17;4;;;;
301605;2;LINES_OF_CODE;2026-03-24 11:52:11;3;;;;
301482;2;LINES_OF_CODE;2026-03-24 11:59:08;11;;;;
301660;2;LINES_OF_CODE;2026-03-24 12:08:43;1;;;;
301523;2;LINES_OF_CODE;2026-03-24 12:23:26;10;;;;
301974;2;LINES_OF_CODE;2026-03-24 12:50:21;16;;;;
301544;2;LINES_OF_CODE;2026-03-24 13:02:59;15;;;;
301723;2;LINES_OF_CODE;2026-03-24 13:41:21;16;;;;
301564;2;LINES_OF_CODE;2026-03-24 13:48:31;22;;;;
301852;2;LINES_OF_CODE;2026-03-24 14:20:11;4;;;;
301448;2;LINES_OF_CODE;2026-03-24 15:05:15;6;;;;
301826;2;LINES_OF_CODE;2026-03-24 15:12:11;11;;;;
301494;2;LINES_OF_CODE;2026-03-24 15:13:05;16;;;;
301860;2;LINES_OF_CODE;2026-03-24 16:15:52;9;;;;
302109;2;LINES_OF_CODE;2026-03-24 17:32:05;9;;;;
301788;2;LINES_OF_CODE;2026-03-24 17:32:54;2;;;;
301921;2;LINES_OF_CODE;2026-03-24 17:39:06;7;;;;
301890;2;LINES_OF_CODE;2026-03-24 17:41:10;11;;;;
301646;2;LINES_OF_CODE;2026-03-25 08:05:37;6;;;;
301485;2;LINES_OF_CODE;2026-03-25 08:20:26;9;;;;
302069;2;LINES_OF_CODE;2026-03-25 08:34:37;5;;;;
301917;2;LINES_OF_CODE;2026-03-25 08:39:41;9;;;;
301546;2;LINES_OF_CODE;2026-03-25 08:54:04;7;;;;
301861;2;LINES_OF_CODE;2026-03-25 09:16:13;9;;;;
301669;2;LINES_OF_CODE;2026-03-25 09:28:23;19;;;;
301506;2;LINES_OF_CODE;2026-03-25 09:34:46;14;;;;
301776;2;LINES_OF_CODE;2026-03-25 10:07:04;2;;;;
301549;2;LINES_OF_CODE;2026-03-25 10:17:00;10;;;;
301940;2;LINES_OF_CODE;2026-03-25 10:27:04;6;;;;
301922;2;LINES_OF_CODE;2026-03-25 10:28:42;24;;;;
301693;2;LINES_OF_CODE;2026-03-25 10:31:19;14;;;;
301491;2;LINES_OF_CODE;2026-03-25 10:51:46;-3;;;;
301632;2;LINES_OF_CODE;2026-03-25 10:55:03;10;;;;
301636;2;LINES_OF_CODE;2026-03-25 11:01:32;7;;;;
301957;2;LINES_OF_CODE;2026-03-25 11:24:38;7;;;;
302093;2;LINES_OF_CODE;2026-03-25 11:30:35;10;;;;
301606;2;LINES_OF_CODE;2026-03-25 11:43:05;16;;;;
301644;2;LINES_OF_CODE;2026-03-25 11:58:38;2;;;;
301765;2;LINES_OF_CODE;2026-03-25 11:59:11;14;;;;
302120;2;LINES_OF_CODE;2026-03-25 12:02:17;25;;;;
301648;2;LINES_OF_CODE;2026-03-25 12:02:31;8;;;;
302040;2;LINES_OF_CODE;2026-03-25 12:22:48;2;;;;
302023;2;LINES_OF_CODE;2026-03-25 12:31:24;3;;;;
302096;2;LINES_OF_CODE;2026-03-25 12:51:57;6;;;;
301647;2;LINES_OF_CODE;2026-03-25 13:49:08;7;;;;
301820;2;LINES_OF_CODE;2026-03-25 13:56:13;5;;;;
301539;2;LINES_OF_CODE;2026-03-25 14:11:46;6;;;;
301640;2;LINES_OF_CODE;2026-03-25 14:24:42;9;;;;
301993;2;LINES_OF_CODE;2026-03-25 14:28:29;7;;;;
301813;2;LINES_OF_CODE;2026-03-25 14:45:38;1;;;;
301535;2;LINES_OF_CODE;2026-03-25 15:05:38;9;;;;
301588;2;LINES_OF_CODE;2026-03-25 15:26:21;10;;;;
301533;2;LINES_OF_CODE;2026-03-25 15:29:40;21;;;;
301892;2;LINES_OF_CODE;2026-03-25 15:40:25;0;;;;
301635;2;LINES_OF_CODE;2026-03-25 15:42:42;11;;;;
302032;2;LINES_OF_CODE;2026-03-25 15:51:20;24;;;;
301897;2;LINES_OF_CODE;2026-03-25 16:37:29;3;;;;
301733;2;LINES_OF_CODE;2026-03-25 16:38:29;11;;;;
301540;2;LINES_OF_CODE;2026-03-25 16:47:15;4;;;;
301950;2;LINES_OF_CODE;2026-03-25 16:56:35;7;;;;
301969;2;LINES_OF_CODE;2026-03-25 17:18:41;21;;;;
301556;2;LINES_OF_CODE;2026-03-26 08:27:40;15;;;;
301476;2;LINES_OF_CODE;2026-03-26 08:39:47;20;;;;
301972;2;LINES_OF_CODE;2026-03-26 08:46:23;5;;;;
301464;2;LINES_OF_CODE;2026-03-26 08:59:08;12;;;;
302085;2;LINES_OF_CODE;2026-03-26 09:29:13;8;;;;
301643;2;LINES_OF_CODE;2026-03-26 09:41:13;12;;;;
301435;2;LINES_OF_CODE;2026-03-26 10:05:28;5;;;;
301674;2;LINES_OF_CODE;2026-03-26 10:07:19;16;;;;
301663;2;LINES_OF_CODE;2026-03-26 10:19:25;0;;;;
301679;2;LINES_OF_CODE;2026-03-26 12:11:44;6;;;;
301941;2;LINES_OF_CODE;2026-03-26 12:17:19;9;;;;
301710;2;LINES_OF_CODE;2026-03-26 13:05:49;4;;;;
301428;2;LINES_OF_CODE;2026-03-26 13:17:38;14;;;;
301563;2;LINES_OF_CODE;2026-03-26 13:50:33;6;;;;
302011;2;LINES_OF_CODE;2026-03-26 14:01:17;2;;;;
301763;2;LINES_OF_CODE;2026-03-26 14:09:40;13;;;;
301741;2;LINES_OF_CODE;2026-03-26 14:33:57;0;;;;
301831;2;LINES_OF_CODE;2026-03-26 14:37:15;27;;;;
301417;2;LINES_OF_CODE;2026-03-26 14:46:19;8;;;;
301773;2;LINES_OF_CODE;2026-03-26 15:20:26;10;;;;
301676;2;LINES_OF_CODE;2026-03-26 15:21:53;10;;;;
302091;2;LINES_OF_CODE;2026-03-26 15:23:33;5;;;;
302042;2;LINES_OF_CODE;2026-03-26 15:23:48;20;;;;
301431;2;LINES_OF_CODE;2026-03-26 15:51:41;6;;;;
301714;2;LINES_OF_CODE;2026-03-26 16:09:35;10;;;;
301651;2;LINES_OF_CODE;2026-03-26 16:54:44;5;;;;
301708;2;LINES_OF_CODE;2026-03-26 16:57:20;4;;;;
301601;2;LINES_OF_CODE;2026-03-26 16:59:58;-1;;;;
302125;2;LINES_OF_CODE;2026-03-26 17:02:21;-3;;;;
301736;2;LINES_OF_CODE;2026-03-26 17:27:36;7;;;;
301416;2;LINES_OF_CODE;2026-03-26 17:37:28;7;;;;
302035;2;LINES_OF_CODE;2026-03-26 17:57:28;-1;;;;
301881;2;LINES_OF_CODE;2026-03-27 08:07:26;0;;;;
301737;2;LINES_OF_CODE;2026-03-27 08:17:29;14;;;;
302059;2;LINES_OF_CODE;2026-03-27 08:37:20;7;;;;
302064;2;LINES_OF_CODE;2026-03-27 08:49:15;5;;;;
301808;2;LINES_OF_CODE;2026-03-27 08:58:22;14;;;;
301456;2;LINES_OF_CODE;2026-03-27 09:15:22;2;;;;
301609;2;LINES_OF_CODE;2026-03-27 10:00:35;2;;;;
302137;2;LINES_OF_CODE;2026-03-27 10:01:19;10;;;;
301743;2;LINES_OF_CODE;2026-03-27 11:05:14;18;;;;
301536;2;LINES_OF_CODE;2026-03-27 11:11:18;5;;;;
301418;2;LINES_OF_CODE;2026-03-27 11:22:42;5;;;;
301553;2;LINES_OF_CODE;2026-03-27 12:13:23;7;;;;
302138;2;LINES_OF_CODE;2026-03-27 12:24:57;15;;;;
301931;2;LINES_OF_CODE;2026-03-27 12:27:54;12;;;;
302074;2;LINES_OF_CODE;2026-03-27 12:34:37;2;;;;
302005;2;LINES_OF_CODE;2026-03-27 13:01:08;5;;;;
301913;2;LINES_OF_CODE;2026-03-27 13:09:28;13;;;;
301411;2;LINES_OF_CODE;2026-03-27 13:11:53;0;;;;
301811;2;LINES_OF_CODE;2026-03-27 13:22:36;7;;;;
301443;2;LINES_OF_CODE;2026-03-27 14:08:44;7;;;;
301724;2;LINES_OF_CODE;2026-03-27 14:23:07;0;;;;
301622;2;LINES_OF_CODE;2026-03-27 14:31:50;0;;;;
301504;2;LINES_OF_CODE;2026-03-27 14:48:35;17;;;;
301947;2;LINES_OF_CODE;2026-03-27 15:15:27;7;;;;
301780;2;LINES_OF_CODE;2026-03-27 15:20:50;17;;;;
302099;2;LINES_OF_CODE;2026-03-27 15:30:09;12;;;;
301631;2;LINES_OF_CODE;2026-03-27 15:47:35;9;;;;
301566;2;LINES_OF_CODE;2026-03-27 16:05:14;17;;;;
301652;2;LINES_OF_CODE;2026-03-27 16:24:00;7;;;;
301791;2;LINES_OF_CODE;2026-03-27 16:29:53;11;;;;
301716;2;LINES_OF_CODE;2026-03-27 16:46:49;10;;;;
301656;2;LINES_OF_CODE;2026-03-27 17:20:52;11;;;;
301990;2;LINES_OF_CODE;2026-03-27 17:26:00;-1;;;;
302017;2;LINES_OF_CODE;2026-03-27 17:52:03;11;;;;
301849;2;LINES_OF_CODE;2026-03-30 08:15:23;11;;;;
301500;2;LINES_OF_CODE;2026-03-30 08:24:07;2;;;;
301477;2;LINES_OF_CODE;2026-03-30 08:56:23;4;;;;
301550;2;LINES_OF_CODE;2026-03-30 08:57:41;15;;;;
301684;2;LINES_OF_CODE;2026-03-30 09:03:39;3;;;;
302034;2;LINES_OF_CODE;2026-03-30 09:15:14;7;;;;
301749;2;LINES_OF_CODE;2026-03-30 09:18:10;12;;;;
302082;2;LINES_OF_CODE;2026-03-30 09:20:45;-6;;;;
301425;2;LINES_OF_CODE;2026-03-30 10:26:30;8;;;;
301790;2;LINES_OF_CODE;2026-03-30 11:02:16;6;;;;
301829;2;LINES_OF_CODE;2026-03-30 11:43:50;13;;;;
301471;2;LINES_OF_CODE;2026-03-30 12:16:37;9;;;;
302136;2;LINES_OF_CODE;2026-03-30 12:31:49;5;;;;
301967;2;LINES_OF_CODE;2026-03-30 12:44:53;14;;;;
301681;2;LINES_OF_CODE;2026-03-30 13:02:27;10;;;;
301538;2;LINES_OF_CODE;2026-03-30 13:46:29;8;;;;
301948;2;LINES_OF_CODE;2026-03-30 13:54:13;8;;;;
301985;2;LINES_OF_CODE;2026-03-30 14:34:47;5;;;;
301408;2;LINES_OF_CODE;2026-03-30 14:45:41;14;;;;
302086;2;LINES_OF_CODE;2026-03-30 15:05:10;6;;;;
301964;2;LINES_OF_CODE;2026-03-30 15:10:15;11;;;;
301532;2;LINES_OF_CODE;2026-03-30 15:11:12;14;;;;
302077;2;LINES_OF_CODE;2026-03-30 15:14:07;14;;;;
301707;2;LINES_OF_CODE;2026-03-30 15:56:46;4;;;;
301415;2;LINES_OF_CODE;2026-03-30 16:02:51;12;;;;
301483;2;LINES_OF_CODE;2026-03-30 16:12:43;9;;;;
302043;2;LINES_OF_CODE;2026-03-30 16:21:39;0;;;;
302094;2;LINES_OF_CODE;2026-03-30 16:42:18;12;;;;
301578;2;LINES_OF_CODE;2026-03-30 16:44:17;8;;;;
301772;2;LINES_OF_CODE;2026-03-30 17:05:24;5;;;;
301868;2;LINES_OF_CODE;2026-03-30 17:46:34;4;;;;
302112;2;LINES_OF_CODE;2026-03-30 17:46:46;7;;;;
301943;2;LINES_OF_CODE;2026-03-30 17:54:48;22;;;;
301982;2;LINES_OF_CODE;2026-03-31 08:47:53;9;;;;
301510;2;LINES_OF_CODE;2026-03-31 09:04:45;6;;;;
301762;2;LINES_OF_CODE;2026-03-31 09:17:46;12;;;;
301699;2;LINES_OF_CODE;2026-03-31 09:20:20;11;;;;
301923;2;LINES_OF_CODE;2026-03-31 09:39:34;11;;;;
301589;2;LINES_OF_CODE;2026-03-31 09:48:54;0;;;;
301916;2;LINES_OF_CODE;2026-03-31 09:56:01;4;;;;
301687;2;LINES_OF_CODE;2026-03-31 10:02:09;12;;;;
302092;2;LINES_OF_CODE;2026-03-31 10:16:38;1;;;;
302088;2;LINES_OF_CODE;2026-03-31 10:22:15;6;;;;
301731;2;LINES_OF_CODE;2026-03-31 10:33:04;12;;;;
302044;2;LINES_OF_CODE;2026-03-31 11:57:54;10;;;;
302141;2;LINES_OF_CODE;2026-03-31 12:00:36;15;;;;
301678;2;LINES_OF_CODE;2026-03-31 12:03:10;6;;;;
302003;2;LINES_OF_CODE;2026-03-31 12:33:37;6;;;;
302065;2;LINES_OF_CODE;2026-03-31 12:47:53;10;;;;
301691;2;LINES_OF_CODE;2026-03-31 13:03:42;0;;;;
301580;2;LINES_OF_CODE;2026-03-31 13:12:57;4;;;;
301883;2;LINES_OF_CODE;2026-03-31 13:14:00;25;;;;
301718;2;LINES_OF_CODE;2026-03-31 13:17:46;12;;;;
301783;2;LINES_OF_CODE;2026-03-31 14:00:06;14;;;;
301493;2;LINES_OF_CODE;2026-03-31 14:04:30;11;;;;
301466;2;LINES_OF_CODE;2026-03-31 14:20:53;8;;;;
301705;2;LINES_OF_CODE;2026-03-31 14:34:54;12;;;;
302123;2;LINES_OF_CODE;2026-03-31 14:45:34;0;;;;
301851;2;LINES_OF_CODE;2026-03-31 15:18:09;6;;;;
301963;2;LINES_OF_CODE;2026-03-31 15:41:40;15;;;;
301436;2;LINES_OF_CODE;2026-03-31 15:47:10;20;;;;
302133;2;LINES_OF_CODE;2026-03-31 15:50:12;-10;;;;
302041;2;LINES_OF_CODE;2026-03-31 16:01:48;6;;;;
301761;2;LINES_OF_CODE;2026-03-31 16:09:04;15;;;;
301797;2;LINES_OF_CODE;2026-03-31 16:27:44;9;;;;
301516;2;LINES_OF_CODE;2026-03-31 16:38:56;8;;;;
302060;2;LINES_OF_CODE;2026-03-31 16:55:11;19;;;;
301484;2;LINES_OF_CODE;2026-03-31 16:59:59;4;;;;
302057;2;LINES_OF_CODE;2026-03-31 17:18:16;10;;;;
301889;2;LINES_OF_CODE;2026-03-31 17:49:24;15;;;;
302727;2;LINES_OF_CODE;2026-04-01 08:37:07;5;;;;
302411;2;LINES_OF_CODE;2026-04-01 09:08:59;15;;;;
302649;2;LINES_OF_CODE;2026-04-01 10:25:30;13;;;;
302488;2;LINES_OF_CODE;2026-04-01 10:40:13;12;;;;
302612;2;LINES_OF_CODE;2026-04-01 11:46:13;6;;;;
302723;2;LINES_OF_CODE;2026-04-01 11:55:31;12;;;;
302183;2;LINES_OF_CODE;2026-04-01 12:01:51;7;;;;
302425;2;LINES_OF_CODE;2026-04-01 12:05:19;20;;;;
302328;2;LINES_OF_CODE;2026-04-01 12:58:53;11;;;;
302344;2;LINES_OF_CODE;2026-04-01 13:36:21;2;;;;
302586;2;LINES_OF_CODE;2026-04-01 13:52:48;16;;;;
302317;2;LINES_OF_CODE;2026-04-01 14:06:27;9;;;;
302420;2;LINES_OF_CODE;2026-04-01 14:36:30;15;;;;
302401;2;LINES_OF_CODE;2026-04-01 14:42:21;18;;;;
302712;2;LINES_OF_CODE;2026-04-01 14:56:31;3;;;;
302627;2;LINES_OF_CODE;2026-04-01 15:01:48;11;;;;
302274;2;LINES_OF_CODE;2026-04-01 15:07:45;3;;;;
302774;2;LINES_OF_CODE;2026-04-01 15:15:11;1;;;;
302796;2;LINES_OF_CODE;2026-04-01 15:21:47;15;;;;
302310;2;LINES_OF_CODE;2026-04-01 15:31:36;13;;;;
302616;2;LINES_OF_CODE;2026-04-01 16:03:43;20;;;;
302671;2;LINES_OF_CODE;2026-04-01 17:01:45;12;;;;
302605;2;LINES_OF_CODE;2026-04-01 17:25:53;22;;;;
302736;2;LINES_OF_CODE;2026-04-01 17:31:52;0;;;;
302799;2;LINES_OF_CODE;2026-04-01 17:36:29;8;;;;
302462;2;LINES_OF_CODE;2026-04-02 09:08:58;0;;;;
302311;2;LINES_OF_CODE;2026-04-02 09:17:11;3;;;;
302456;2;LINES_OF_CODE;2026-04-02 09:24:30;-4;;;;
302444;2;LINES_OF_CODE;2026-04-02 09:28:18;16;;;;
302356;2;LINES_OF_CODE;2026-04-02 10:29:14;-5;;;;
302709;2;LINES_OF_CODE;2026-04-02 11:12:01;-8;;;;
302641;2;LINES_OF_CODE;2026-04-02 11:15:43;8;;;;
302413;2;LINES_OF_CODE;2026-04-02 11:24:34;13;;;;
302792;2;LINES_OF_CODE;2026-04-02 11:28:02;18;;;;
302255;2;LINES_OF_CODE;2026-04-02 11:28:03;5;;;;
302713;2;LINES_OF_CODE;2026-04-02 12:27:32;9;;;;
302172;2;LINES_OF_CODE;2026-04-02 12:40:52;10;;;;
302283;2;LINES_OF_CODE;2026-04-02 12:44:29;2;;;;
302395;2;LINES_OF_CODE;2026-04-02 13:21:33;7;;;;
302389;2;LINES_OF_CODE;2026-04-02 14:08:11;4;;;;
302398;2;LINES_OF_CODE;2026-04-02 14:17:55;8;;;;
302430;2;LINES_OF_CODE;2026-04-02 14:34:56;9;;;;
302562;2;LINES_OF_CODE;2026-04-02 14:43:29;12;;;;
302314;2;LINES_OF_CODE;2026-04-02 14:44:48;0;;;;
302679;2;LINES_OF_CODE;2026-04-02 15:04:23;14;;;;
302657;2;LINES_OF_CODE;2026-04-02 15:43:15;3;;;;
302599;2;LINES_OF_CODE;2026-04-02 16:12:52;18;;;;
302453;2;LINES_OF_CODE;2026-04-02 16:22:02;-4;;;;
302783;2;LINES_OF_CODE;2026-04-02 17:03:18;1;;;;
302620;2;LINES_OF_CODE;2026-04-02 17:10:00;5;;;;
302561;2;LINES_OF_CODE;2026-04-02 17:20:49;0;;;;
302265;2;LINES_OF_CODE;2026-04-02 17:35:44;20;;;;
302197;2;LINES_OF_CODE;2026-04-02 17:41:09;4;;;;
302509;2;LINES_OF_CODE;2026-04-02 17:52:51;5;;;;
302285;2;LINES_OF_CODE;2026-04-02 17:55:11;13;;;;
302517;2;LINES_OF_CODE;2026-04-03 08:31:15;3;;;;
302569;2;LINES_OF_CODE;2026-04-03 08:33:35;13;;;;
302589;2;LINES_OF_CODE;2026-04-03 08:43:23;-2;;;;
302630;2;LINES_OF_CODE;2026-04-03 09:18:26;21;;;;
302370;2;LINES_OF_CODE;2026-04-03 09:23:21;19;;;;
302375;2;LINES_OF_CODE;2026-04-03 10:09:46;22;;;;
302391;2;LINES_OF_CODE;2026-04-03 10:15:45;12;;;;
302494;2;LINES_OF_CODE;2026-04-03 10:52:19;1;;;;
302782;2;LINES_OF_CODE;2026-04-03 11:29:25;11;;;;
302211;2;LINES_OF_CODE;2026-04-03 12:18:54;8;;;;
302347;2;LINES_OF_CODE;2026-04-03 12:20:25;23;;;;
302271;2;LINES_OF_CODE;2026-04-03 12:58:17;8;;;;
302268;2;LINES_OF_CODE;2026-04-03 13:23:16;14;;;;
302594;2;LINES_OF_CODE;2026-04-03 13:39:20;9;;;;
302759;2;LINES_OF_CODE;2026-04-03 13:44:53;10;;;;
302734;2;LINES_OF_CODE;2026-04-03 14:15:00;-6;;;;
302688;2;LINES_OF_CODE;2026-04-03 14:16:29;3;;;;
302321;2;LINES_OF_CODE;2026-04-03 14:25:46;7;;;;
302458;2;LINES_OF_CODE;2026-04-03 14:53:48;8;;;;
302436;2;LINES_OF_CODE;2026-04-03 16:32:08;19;;;;
302639;2;LINES_OF_CODE;2026-04-03 17:30:02;4;;;;
302341;2;LINES_OF_CODE;2026-04-03 17:33:25;13;;;;
302352;2;LINES_OF_CODE;2026-04-06 08:09:48;-1;;;;
302485;2;LINES_OF_CODE;2026-04-06 08:25:34;15;;;;
302682;2;LINES_OF_CODE;2026-04-06 08:27:53;11;;;;
302249;2;LINES_OF_CODE;2026-04-06 08:36:37;14;;;;
302262;2;LINES_OF_CODE;2026-04-06 09:07:00;8;;;;
302643;2;LINES_OF_CODE;2026-04-06 10:15:40;13;;;;
302519;2;LINES_OF_CODE;2026-04-06 10:17:08;7;;;;
302279;2;LINES_OF_CODE;2026-04-06 10:18:46;10;;;;
302260;2;LINES_OF_CODE;2026-04-06 10:26:03;36;;;;
302763;2;LINES_OF_CODE;2026-04-06 10:42:38;27;;;;
302800;2;LINES_OF_CODE;2026-04-06 11:08:25;-4;;;;
302229;2;LINES_OF_CODE;2026-04-06 11:56:50;3;;;;
302201;2;LINES_OF_CODE;2026-04-06 12:17:21;8;;;;
302181;2;LINES_OF_CODE;2026-04-06 12:52:36;0;;;;
302778;2;LINES_OF_CODE;2026-04-06 13:12:31;3;;;;
302631;2;LINES_OF_CODE;2026-04-06 13:20:32;0;;;;
302220;2;LINES_OF_CODE;2026-04-06 13:34:58;8;;;;
302228;2;LINES_OF_CODE;2026-04-06 14:47:41;7;;;;
302633;2;LINES_OF_CODE;2026-04-06 15:10:26;1;;;;
302422;2;LINES_OF_CODE;2026-04-06 15:26:46;-3;;;;
302529;2;LINES_OF_CODE;2026-04-06 15:43:49;-2;;;;
302415;2;LINES_OF_CODE;2026-04-06 15:58:00;4;;;;
302647;2;LINES_OF_CODE;2026-04-06 16:08:28;3;;;;
302584;2;LINES_OF_CODE;2026-04-06 16:23:31;11;;;;
302719;2;LINES_OF_CODE;2026-04-06 16:31:59;15;;;;
302729;2;LINES_OF_CODE;2026-04-06 16:44:36;10;;;;
302470;2;LINES_OF_CODE;2026-04-06 16:44:38;21;;;;
302301;2;LINES_OF_CODE;2026-04-06 16:46:39;0;;;;
302203;2;LINES_OF_CODE;2026-04-06 16:56:07;12;;;;
302583;2;LINES_OF_CODE;2026-04-06 17:06:32;2;;;;
302629;2;LINES_OF_CODE;2026-04-06 17:14:14;15;;;;
302333;2;LINES_OF_CODE;2026-04-06 17:48:23;9;;;;
302711;2;LINES_OF_CODE;2026-04-07 08:10:15;5;;;;
302248;2;LINES_OF_CODE;2026-04-07 08:27:38;19;;;;
302364;2;LINES_OF_CODE;2026-04-07 08:33:29;5;;;;
302534;2;LINES_OF_CODE;2026-04-07 08:46:59;5;;;;
302663;2;LINES_OF_CODE;2026-04-07 09:21:03;11;;;;
302267;2;LINES_OF_CODE;2026-04-07 10:11:02;3;;;;
302564;2;LINES_OF_CODE;2026-04-07 10:11:11;17;;;;
302717;2;LINES_OF_CODE;2026-04-07 10:11:43;11;;;;
302379;2;LINES_OF_CODE;2026-04-07 10:34:36;21;;;;
302316;2;LINES_OF_CODE;2026-04-07 10:36:14;7;;;;
302426;2;LINES_OF_CODE;2026-04-07 10:37:17;0;;;;
302707;2;LINES_OF_CODE;2026-04-07 10:55:41;-2;;;;
302659;2;LINES_OF_CODE;2026-04-07 10:58:48;14;;;;
302355;2;LINES_OF_CODE;2026-04-07 11:01:44;10;;;;
302731;2;LINES_OF_CODE;2026-04-07 11:10:36;6;;;;
302192;2;LINES_OF_CODE;2026-04-07 11:43:17;0;;;;
302558;2;LINES_OF_CODE;2026-04-07 11:49:32;12;;;;
302791;2;LINES_OF_CODE;2026-04-07 12:11:34;18;;;;
302440;2;LINES_OF_CODE;2026-04-07 12:47:11;6;;;;
302781;2;LINES_OF_CODE;2026-04-07 13:27:03;1;;;;
302486;2;LINES_OF_CODE;2026-04-07 14:11:23;8;;;;
302275;2;LINES_OF_CODE;2026-04-07 14:28:40;4;;;;
302378;2;LINES_OF_CODE;2026-04-07 15:03:42;4;;;;
302291;2;LINES_OF_CODE;2026-04-07 15:12:33;0;;;;
302770;2;LINES_OF_CODE;2026-04-07 15:30:42;12;;;;
302445;2;LINES_OF_CODE;2026-04-07 16:01:59;3;;;;
302687;2;LINES_OF_CODE;2026-04-07 16:05:05;3;;;;
302706;2;LINES_OF_CODE;2026-04-07 16:15:12;-3;;;;
302339;2;LINES_OF_CODE;2026-04-07 16:32:11;12;;;;
302501;2;LINES_OF_CODE;2026-04-07 17:04:21;20;;;;
302528;2;LINES_OF_CODE;2026-04-07 17:06:51;3;;;;
302667;2;LINES_OF_CODE;2026-04-07 17:27:02;20;;;;
302695;2;LINES_OF_CODE;2026-04-07 17:53:28;8;;;;
302765;2;LINES_OF_CODE;2026-04-08 08:19:43;13;;;;
302156;2;LINES_OF_CODE;2026-04-08 08:54:52;5;;;;
302288;2;LINES_OF_CODE;2026-04-08 10:38:39;4;;;;
302342;2;LINES_OF_CODE;2026-04-08 10:55:20;15;;;;
302614;2;LINES_OF_CODE;2026-04-08 11:10:29;0;;;;
302324;2;LINES_OF_CODE;2026-04-08 11:37:04;9;;;;
302359;2;LINES_OF_CODE;2026-04-08 12:33:54;4;;;;
302250;2;LINES_OF_CODE;2026-04-08 12:51:22;20;;;;
302193;2;LINES_OF_CODE;2026-04-08 13:04:37;1;;;;
302468;2;LINES_OF_CODE;2026-04-08 13:09:30;19;;;;
302664;2;LINES_OF_CODE;2026-04-08 13:20:41;28;;;;
302743;2;LINES_OF_CODE;2026-04-08 13:22:36;15;;;;
302376;2;LINES_OF_CODE;2026-04-08 13:26:13;9;;;;
302609;2;LINES_OF_CODE;2026-04-08 14:00:03;5;;;;
302640;2;LINES_OF_CODE;2026-04-08 14:32:16;3;;;;
302532;2;LINES_OF_CODE;2026-04-08 14:53:28;-1;;;;
302642;2;LINES_OF_CODE;2026-04-08 14:54:15;1;;;;
302666;2;LINES_OF_CODE;2026-04-08 14:59:53;1;;;;
302443;2;LINES_OF_CODE;2026-04-08 15:35:34;15;;;;
302194;2;LINES_OF_CODE;2026-04-08 15:49:53;6;;;;
302628;2;LINES_OF_CODE;2026-04-08 16:36:22;17;;;;
302327;2;LINES_OF_CODE;2026-04-08 16:39:38;22;;;;
302548;2;LINES_OF_CODE;2026-04-08 17:02:33;19;;;;
302675;2;LINES_OF_CODE;2026-04-08 17:20:05;13;;;;
302381;2;LINES_OF_CODE;2026-04-09 08:12:07;12;;;;
302757;2;LINES_OF_CODE;2026-04-09 08:17:11;3;;;;
302348;2;LINES_OF_CODE;2026-04-09 08:49:38;6;;;;
302334;2;LINES_OF_CODE;2026-04-09 09:37:12;8;;;;
302735;2;LINES_OF_CODE;2026-04-09 09:41:03;18;;;;
302552;2;LINES_OF_CODE;2026-04-09 09:42:22;8;;;;
302421;2;LINES_OF_CODE;2026-04-09 10:00:10;11;;;;
302475;2;LINES_OF_CODE;2026-04-09 10:00:18;9;;;;
302303;2;LINES_OF_CODE;2026-04-09 10:22:14;7;;;;
302698;2;LINES_OF_CODE;2026-04-09 10:52:34;18;;;;
302353;2;LINES_OF_CODE;2026-04-09 11:23:53;13;;;;
302173;2;LINES_OF_CODE;2026-04-09 11:48:06;16;;;;
302209;2;LINES_OF_CODE;2026-04-09 12:31:01;3;;;;
302767;2;LINES_OF_CODE;2026-04-09 13:09:41;7;;;;
302491;2;LINES_OF_CODE;2026-04-09 13:13:56;14;;;;
302563;2;LINES_OF_CODE;2026-04-09 13:38:02;8;;;;
302697;2;LINES_OF_CODE;2026-04-09 14:02:15;30;;;;
302787;2;LINES_OF_CODE;2026-04-09 14:04:31;4;;;;
302388;2;LINES_OF_CODE;2026-04-09 14:12:10;28;;;;
302590;2;LINES_OF_CODE;2026-04-09 14:14:39;3;;;;
302573;2;LINES_OF_CODE;2026-04-09 14:23:33;-2;;;;
302272;2;LINES_OF_CODE;2026-04-09 14:57:23;15;;;;
302251;2;LINES_OF_CODE;2026-04-09 15:22:53;18;;;;
302294;2;LINES_OF_CODE;2026-04-09 15:31:31;1;;;;
302241;2;LINES_OF_CODE;2026-04-09 16:17:02;24;;;;
302365;2;LINES_OF_CODE;2026-04-09 16:35:11;13;;;;
302557;2;LINES_OF_CODE;2026-04-09 16:50:35;15;;;;
302722;2;LINES_OF_CODE;2026-04-09 16:52:39;17;;;;
302297;2;LINES_OF_CODE;2026-04-09 17:04:10;10;;;;
302762;2;LINES_OF_CODE;2026-04-09 17:29:18;19;;;;
302606;2;LINES_OF_CODE;2026-04-09 17:34:08;17;;;;
302493;2;LINES_OF_CODE;2026-04-09 17:34:17;5;;;;
302167;2;LINES_OF_CODE;2026-04-10 08:06:51;12;;;;
302764;2;LINES_OF_CODE;2026-04-10 08:36:08;6;;;;
302199;2;LINES_OF_CODE;2026-04-10 08:44:00;17;;;;
302307;2;LINES_OF_CODE;2026-04-10 09:48:37;15;;;;
302506;2;LINES_OF_CODE;2026-04-10 10:04:51;10;;;;
302724;2;LINES_OF_CODE;2026-04-10 10:36:05;15;;;;
302299;2;LINES_OF_CODE;2026-04-10 10:56:40;12;;;;
302587;2;LINES_OF_CODE;2026-04-10 10:59:57;1;;;;
302244;2;LINES_OF_CODE;2026-04-10 11:13:37;11;;;;
302749;2;LINES_OF_CODE;2026-04-10 11:16:20;8;;;;
302263;2;LINES_OF_CODE;2026-04-10 11:47:53;16;;;;
302397;2;LINES_OF_CODE;2026-04-10 11:52:47;8;;;;
302699;2;LINES_OF_CODE;2026-04-10 12:04:06;0;;;;
302773;2;LINES_OF_CODE;2026-04-10 12:21:43;9;;;;
302545;2;LINES_OF_CODE;2026-04-10 13:15:15;6;;;;
302175;2;LINES_OF_CODE;2026-04-10 13:25:12;-2;;;;
302623;2;LINES_OF_CODE;2026-04-10 13:52:30;-2;;;;
302393;2;LINES_OF_CODE;2026-04-10 13:55:30;16;;;;
302459;2;LINES_OF_CODE;2026-04-10 14:20:46;3;;;;
302635;2;LINES_OF_CODE;2026-04-10 14:22:53;4;;;;
302566;2;LINES_OF_CODE;2026-04-10 14:41:34;5;;;;
302155;2;LINES_OF_CODE;2026-04-10 14:47:03;15;;;;
302520;2;LINES_OF_CODE;2026-04-10 14:49:56;6;;;;
302702;2;LINES_OF_CODE;2026-04-10 15:18:49;7;;;;
302700;2;LINES_OF_CODE;2026-04-10 15:26:56;8;;;;
302617;2;LINES_OF_CODE;2026-04-10 15:36:39;10;;;;
302793;2;LINES_OF_CODE;2026-04-10 15:44:07;12;;;;
302673;2;LINES_OF_CODE;2026-04-10 17:22:53;23;;;;
302750;2;LINES_OF_CODE;2026-04-10 17:33:35;20;;;;
302574;2;LINES_OF_CODE;2026-04-10 17:44:49;2;;;;
302615;2;LINES_OF_CODE;2026-04-10 17:54:00;19;;;;
302158;2;LINES_OF_CODE;2026-04-10 17:55:34;-4;;;;
302280;2;LINES_OF_CODE;2026-04-13 08:26:29;19;;;;
302230;2;LINES_OF_CODE;2026-04-13 08:33:03;10;;;;
302479;2;LINES_OF_CODE;2026-04-13 08:50:06;10;;;;
302747;2;LINES_OF_CODE;2026-04-13 10:18:22;6;;;;
302345;2;LINES_OF_CODE;2026-04-13 10:19:09;12;;;;
302662;2;LINES_OF_CODE;2026-04-13 10:48:45;-1;;;;
302292;2;LINES_OF_CODE;2026-04-13 10:55:52;14;;;;
302235;2;LINES_OF_CODE;2026-04-13 11:03:10;19;;;;
302514;2;LINES_OF_CODE;2026-04-13 11:08:12;16;;;;
302489;2;LINES_OF_CODE;2026-04-13 11:23:45;5;;;;
302157;2;LINES_OF_CODE;2026-04-13 11:34:22;9;;;;
302495;2;LINES_OF_CODE;2026-04-13 11:55:37;6;;;;
302295;2;LINES_OF_CODE;2026-04-13 12:09:41;10;;;;
302171;2;LINES_OF_CODE;2026-04-13 12:29:21;2;;;;
302152;2;LINES_OF_CODE;2026-04-13 12:34:06;16;;;;
302668;2;LINES_OF_CODE;2026-04-13 12:34:42;14;;;;
302205;2;LINES_OF_CODE;2026-04-13 13:18:59;11;;;;
302330;2;LINES_OF_CODE;2026-04-13 13:21:46;14;;;;
302560;2;LINES_OF_CODE;2026-04-13 13:43:52;3;;;;
302258;2;LINES_OF_CODE;2026-04-13 13:59:21;9;;;;
302622;2;LINES_OF_CODE;2026-04-13 13:59:47;27;;;;
302227;2;LINES_OF_CODE;2026-04-13 14:09:32;3;;;;
302525;2;LINES_OF_CODE;2026-04-13 14:16:31;12;;;;
302547;2;LINES_OF_CODE;2026-04-13 15:31:32;2;;;;
302455;2;LINES_OF_CODE;2026-04-13 15:33:03;15;;;;
302284;2;LINES_OF_CODE;2026-04-13 15:33:07;11;;;;
302234;2;LINES_OF_CODE;2026-04-13 15:44:41;11;;;;
302721;2;LINES_OF_CODE;2026-04-13 15:51:19;18;;;;
302368;2;LINES_OF_CODE;2026-04-13 16:03:03;19;;;;
302507;2;LINES_OF_CODE;2026-04-13 16:07:16;7;;;;
302636;2;LINES_OF_CODE;2026-04-13 16:23:35;0;;;;
302184;2;LINES_OF_CODE;2026-04-13 16:26:58;4;;;;
302402;2;LINES_OF_CODE;2026-04-13 16:34:28;8;;;;
302377;2;LINES_OF_CODE;2026-04-13 17:05:51;11;;;;
302610;2;LINES_OF_CODE;2026-04-13 17:08:33;-1;;;;
302452;2;LINES_OF_CODE;2026-04-13 17:10:31;4;;;;
302442;2;LINES_OF_CODE;2026-04-13 17:16:55;10;;;;
302703;2;LINES_OF_CODE;2026-04-13 17:23:09;-2;;;;
302771;2;LINES_OF_CODE;2026-04-13 17:34:38;9;;;;
302386;2;LINES_OF_CODE;2026-04-13 17:47:45;8;;;;
302407;2;LINES_OF_CODE;2026-04-13 17:57:49;6;;;;
302433;2;LINES_OF_CODE;2026-04-14 08:08:50;10;;;;
302715;2;LINES_OF_CODE;2026-04-14 08:31:16;22;;;;
302472;2;LINES_OF_CODE;2026-04-14 08:40:55;8;;;;
302277;2;LINES_OF_CODE;2026-04-14 08:58:55;8;;;;
302269;2;LINES_OF_CODE;2026-04-14 09:11:51;11;;;;
302645;2;LINES_OF_CODE;2026-04-14 09:37:44;2;;;;
302336;2;LINES_OF_CODE;2026-04-14 09:52:00;5;;;;
302761;2;LINES_OF_CODE;2026-04-14 10:02:07;11;;;;
302170;2;LINES_OF_CODE;2026-04-14 10:14:48;5;;;;
302168;2;LINES_OF_CODE;2026-04-14 10:18:19;14;;;;
302362;2;LINES_OF_CODE;2026-04-14 10:45:39;17;;;;
302159;2;LINES_OF_CODE;2026-04-14 11:49:42;17;;;;
302776;2;LINES_OF_CODE;2026-04-14 11:53:28;12;;;;
302740;2;LINES_OF_CODE;2026-04-14 12:08:32;6;;;;
302313;2;LINES_OF_CODE;2026-04-14 12:16:10;-6;;;;
302357;2;LINES_OF_CODE;2026-04-14 12:50:05;12;;;;
302751;2;LINES_OF_CODE;2026-04-14 13:13:20;1;;;;
302556;2;LINES_OF_CODE;2026-04-14 13:33:44;9;;;;
302454;2;LINES_OF_CODE;2026-04-14 13:45:08;8;;;;
302653;2;LINES_OF_CODE;2026-04-14 14:05:23;5;;;;
302728;2;LINES_OF_CODE;2026-04-14 14:12:52;24;;;;
302180;2;LINES_OF_CODE;2026-04-14 14:22:51;23;;;;
302704;2;LINES_OF_CODE;2026-04-14 14:37:46;15;;;;
302198;2;LINES_OF_CODE;2026-04-14 15:08:57;6;;;;
302219;2;LINES_OF_CODE;2026-04-14 15:53:53;11;;;;
302483;2;LINES_OF_CODE;2026-04-14 17:23:23;12;;;;
302498;2;LINES_OF_CODE;2026-04-15 08:59:24;9;;;;
302392;2;LINES_OF_CODE;2026-04-15 09:04:17;3;;;;
302670;2;LINES_OF_CODE;2026-04-15 09:06:55;4;;;;
302656;2;LINES_OF_CODE;2026-04-15 09:08:58;-5;;;;
302660;2;LINES_OF_CODE;2026-04-15 09:27:47;5;;;;
302349;2;LINES_OF_CODE;2026-04-15 10:26:24;15;;;;
302431;2;LINES_OF_CODE;2026-04-15 10:40:12;4;;;;
302593;2;LINES_OF_CODE;2026-04-15 11:04:58;5;;;;
302680;2;LINES_OF_CODE;2026-04-15 11:29:53;4;;;;
302304;2;LINES_OF_CODE;2026-04-15 11:36:25;13;;;;
302527;2;LINES_OF_CODE;2026-04-15 11:38:38;-4;;;;
302634;2;LINES_OF_CODE;2026-04-15 12:13:24;6;;;;
302406;2;LINES_OF_CODE;2026-04-15 12:38:51;3;;;;
302694;2;LINES_OF_CODE;2026-04-15 12:40:31;0;;;;
302676;2;LINES_OF_CODE;2026-04-15 12:59:27;17;;;;
302789;2;LINES_OF_CODE;2026-04-15 13:03:01;1;;;;
302457;2;LINES_OF_CODE;2026-04-15 13:03:40;-2;;;;
302423;2;LINES_OF_CODE;2026-04-15 13:27:56;8;;;;
302701;2;LINES_OF_CODE;2026-04-15 13:38:53;18;;;;
302535;2;LINES_OF_CODE;2026-04-15 13:50:57;4;;;;
302661;2;LINES_OF_CODE;2026-04-15 14:44:11;15;;;;
302215;2;LINES_OF_CODE;2026-04-15 15:29:29;17;;;;
302746;2;LINES_OF_CODE;2026-04-15 15:29:33;14;;;;
302788;2;LINES_OF_CODE;2026-04-15 16:28:24;8;;;;
302654;2;LINES_OF_CODE;2026-04-15 17:00:53;15;;;;
302720;2;LINES_OF_CODE;2026-04-15 17:02:25;23;;;;
302522;2;LINES_OF_CODE;2026-04-15 17:14:46;14;;;;
302264;2;LINES_OF_CODE;2026-04-15 17:57:19;12;;;;
302503;2;LINES_OF_CODE;2026-04-16 08:22:37;9;;;;
302410;2;LINES_OF_CODE;2026-04-16 08:30:27;6;;;;
302390;2;LINES_OF_CODE;2026-04-16 08:44:44;17;;;;
302446;2;LINES_OF_CODE;2026-04-16 08:47:03;0;;;;
302296;2;LINES_OF_CODE;2026-04-16 08:48:13;9;;;;
302369;2;LINES_OF_CODE;2026-04-16 08:52:47;4;;;;
302801;2;LINES_OF_CODE;2026-04-16 08:55:43;8;;;;
302346;2;LINES_OF_CODE;2026-04-16 09:00:35;17;;;;
302326;2;LINES_OF_CODE;2026-04-16 09:01:15;11;;;;
302286;2;LINES_OF_CODE;2026-04-16 09:03:26;9;;;;
302195;2;LINES_OF_CODE;2026-04-16 09:03:40;14;;;;
302524;2;LINES_OF_CODE;2026-04-16 09:16:46;7;;;;
302261;2;LINES_OF_CODE;2026-04-16 09:35:09;2;;;;
302469;2;LINES_OF_CODE;2026-04-16 10:40:08;23;;;;
302618;2;LINES_OF_CODE;2026-04-16 10:54:23;16;;;;
302161;2;LINES_OF_CODE;2026-04-16 11:22:15;21;;;;
302240;2;LINES_OF_CODE;2026-04-16 11:32:21;0;;;;
302419;2;LINES_OF_CODE;2026-04-16 11:40:03;7;;;;
302693;2;LINES_OF_CODE;2026-04-16 11:43:14;16;;;;
302281;2;LINES_OF_CODE;2026-04-16 12:37:44;21;;;;
302755;2;LINES_OF_CODE;2026-04-16 12:43:42;16;;;;
302502;2;LINES_OF_CODE;2026-04-16 12:47:29;17;;;;
302718;2;LINES_OF_CODE;2026-04-16 13:05:56;4;;;;
302202;2;LINES_OF_CODE;2026-04-16 13:15:16;5;;;;
302253;2;LINES_OF_CODE;2026-04-16 13:15:52;0;;;;
302725;2;LINES_OF_CODE;2026-04-16 13:16:19;22;;;;
302644;2;LINES_OF_CODE;2026-04-16 13:49:36;11;;;;
302546;2;LINES_OF_CODE;2026-04-16 14:23:35;6;;;;
302798;2;LINES_OF_CODE;2026-04-16 15:07:01;11;;;;
302204;2;LINES_OF_CODE;2026-04-16 15:08:50;14;;;;
302463;2;LINES_OF_CODE;2026-04-16 15:36:16;9;;;;
302351;2;LINES_OF_CODE;2026-04-16 16:05:50;16;;;;
302223;2;LINES_OF_CODE;2026-04-16 16:18:28;2;;;;
302217;2;LINES_OF_CODE;2026-04-16 16:43:38;19;;;;
302473;2;LINES_OF_CODE;2026-04-16 16:51:50;0;;;;
302543;2;LINES_OF_CODE;2026-04-16 16:53:52;13;;;;
302756;2;LINES_OF_CODE;2026-04-16 17:29:01;24;;;;
302417;2;LINES_OF_CODE;2026-04-16 17:42:31;2;;;;
302439;2;LINES_OF_CODE;2026-04-16 17:44:29;16;;;;
302779;2;LINES_OF_CODE;2026-04-17 09:08:23;13;;;;
302526;2;LINES_OF_CODE;2026-04-17 10:15:19;8;;;;
302497;2;LINES_OF_CODE;2026-04-17 10:46:54;4;;;;
302451;2;LINES_OF_CODE;2026-04-17 11:15:43;6;;;;
302613;2;LINES_OF_CODE;2026-04-17 11:18:53;16;;;;
302221;2;LINES_OF_CODE;2026-04-17 13:01:49;13;;;;
302218;2;LINES_OF_CODE;2026-04-17 13:10:32;4;;;;
302222;2;LINES_OF_CODE;2026-04-17 13:10:37;12;;;;
302523;2;LINES_OF_CODE;2026-04-17 13:13:35;11;;;;
302619;2;LINES_OF_CODE;2026-04-17 13:21:00;16;;;;
302166;2;LINES_OF_CODE;2026-04-17 13:34:47;23;;;;
302784;2;LINES_OF_CODE;2026-04-17 13:46:54;0;;;;
302516;2;LINES_OF_CODE;2026-04-17 13:51:03;7;;;;
302360;2;LINES_OF_CODE;2026-04-17 14:02:25;13;;;;
302681;2;LINES_OF_CODE;2026-04-17 14:26:19;15;;;;
302714;2;LINES_OF_CODE;2026-04-17 14:42:55;13;;;;
302689;2;LINES_OF_CODE;2026-04-17 14:47:14;10;;;;
302780;2;LINES_OF_CODE;2026-04-17 14:50:49;-2;;;;
302611;2;LINES_OF_CODE;2026-04-17 14:58:26;19;;;;
302434;2;LINES_OF_CODE;2026-04-17 15:24:48;9;;;;
302367;2;LINES_OF_CODE;2026-04-17 16:33:40;11;;;;
302518;2;LINES_OF_CODE;2026-04-17 17:19:36;26;;;;
302162;2;LINES_OF_CODE;2026-04-17 17:36:59;10;;;;
302247;2;LINES_OF_CODE;2026-04-17 17:55:26;8;;;;
302733;2;LINES_OF_CODE;2026-04-20 08:59:14;6;;;;
302287;2;LINES_OF_CODE;2026-04-20 09:01:11;9;;;;
302460;2;LINES_OF_CODE;2026-04-20 09:11:12;-3;;;;
302354;2;LINES_OF_CODE;2026-04-20 09:37:11;16;;;;
302289;2;LINES_OF_CODE;2026-04-20 09:52:07;22;;;;
302772;2;LINES_OF_CODE;2026-04-20 10:01:23;3;;;;
302588;2;LINES_OF_CODE;2026-04-20 10:03:15;21;;;;
302607;2;LINES_OF_CODE;2026-04-20 10:04:14;6;;;;
302465;2;LINES_OF_CODE;2026-04-20 10:10:07;7;;;;
302153;2;LINES_OF_CODE;2026-04-20 10:31:01;6;;;;
302429;2;LINES_OF_CODE;2026-04-20 11:12:47;8;;;;
302239;2;LINES_OF_CODE;2026-04-20 12:23:14;12;;;;
302696;2;LINES_OF_CODE;2026-04-20 12:38:52;12;;;;
302648;2;LINES_OF_CODE;2026-04-20 13:23:08;0;;;;
302540;2;LINES_OF_CODE;2026-04-20 13:26:46;21;;;;
302405;2;LINES_OF_CODE;2026-04-20 13:57:13;14;;;;
302270;2;LINES_OF_CODE;2026-04-20 15:47:52;18;;;;
302541;2;LINES_OF_CODE;2026-04-20 15:52:31;13;;;;
302191;2;LINES_OF_CODE;2026-04-20 16:01:48;11;;;;
302601;2;LINES_OF_CODE;2026-04-20 16:23:18;7;;;;
302424;2;LINES_OF_CODE;2026-04-20 16:37:21;8;;;;
302549;2;LINES_OF_CODE;2026-04-21 08:37:19;16;;;;
302257;2;LINES_OF_CODE;2026-04-21 08:46:00;0;;;;
302602;2;LINES_OF_CODE;2026-04-21 08:48:23;4;;;;
302332;2;LINES_OF_CODE;2026-04-21 08:54:51;12;;;;
302596;2;LINES_OF_CODE;2026-04-21 09:08:00;2;;;;
302160;2;LINES_OF_CODE;2026-04-21 09:14:23;9;;;;
302597;2;LINES_OF_CODE;2026-04-21 10:00:23;18;;;;
302542;2;LINES_OF_CODE;2026-04-21 10:27:13;9;;;;
302461;2;LINES_OF_CODE;2026-04-21 10:55:33;8;;;;
302669;2;LINES_OF_CODE;2026-04-21 11:05:35;-2;;;;
302775;2;LINES_OF_CODE;2026-04-21 11:20:06;6;;;;
302739;2;LINES_OF_CODE;2026-04-21 11:53:36;9;;;;
302237;2;LINES_OF_CODE;2026-04-21 11:56:33;-4;;;;
302768;2;LINES_OF_CODE;2026-04-21 12:08:26;9;;;;
302298;2;LINES_OF_CODE;2026-04-21 12:13:04;8;;;;
302372;2;LINES_OF_CODE;2026-04-21 12:50:23;14;;;;
302481;2;LINES_OF_CODE;2026-04-21 13:04:10;21;;;;
302626;2;LINES_OF_CODE;2026-04-21 14:01:14;-2;;;;
302187;2;LINES_OF_CODE;2026-04-21 14:39:06;12;;;;
302382;2;LINES_OF_CODE;2026-04-21 15:01:25;3;;;;
302282;2;LINES_OF_CODE;2026-04-21 15:05:59;3;;;;
302259;2;LINES_OF_CODE;2026-04-21 15:06:52;14;;;;
302305;2;LINES_OF_CODE;2026-04-21 15:46:39;-3;;;;
302448;2;LINES_OF_CODE;2026-04-21 15:58:37;0;;;;
302646;2;LINES_OF_CODE;2026-04-21 16:50:46;3;;;;
302206;2;LINES_OF_CODE;2026-04-21 16:51:03;6;;;;
302361;2;LINES_OF_CODE;2026-04-21 17:06:39;17;;;;
302169;2;LINES_OF_CODE;2026-04-21 17:07:11;2;;;;
302600;2;LINES_OF_CODE;2026-04-21 17:55:38;9;;;;
302505;2;LINES_OF_CODE;2026-04-22 08:00:44;5;;;;
302511;2;LINES_OF_CODE;2026-04-22 08:21:43;13;;;;
302438;2;LINES_OF_CODE;2026-04-22 09:08:13;24;;;;
302487;2;LINES_OF_CODE;2026-04-22 09:33:14;9;;;;
302216;2;LINES_OF_CODE;2026-04-22 09:47:18;9;;;;
302753;2;LINES_OF_CODE;2026-04-22 10:47:28;13;;;;
302786;2;LINES_OF_CODE;2026-04-22 11:09:34;7;;;;
302482;2;LINES_OF_CODE;2026-04-22 11:22:36;8;;;;
302371;2;LINES_OF_CODE;2026-04-22 11:47:12;15;;;;
302467;2;LINES_OF_CODE;2026-04-22 12:24:02;0;;;;
302737;2;LINES_OF_CODE;2026-04-22 12:24:30;12;;;;
302570;2;LINES_OF_CODE;2026-04-22 12:27:13;2;;;;
302399;2;LINES_OF_CODE;2026-04-22 12:38:22;0;;;;
302447;2;LINES_OF_CODE;2026-04-22 12:42:07;4;;;;
302504;2;LINES_OF_CODE;2026-04-22 12:51:26;5;;;;
302409;2;LINES_OF_CODE;2026-04-22 12:59:33;3;;;;
302638;2;LINES_OF_CODE;2026-04-22 13:17:28;0;;;;
302189;2;LINES_OF_CODE;2026-04-22 13:37:27;7;;;;
302678;2;LINES_OF_CODE;2026-04-22 13:50:58;18;;;;
302226;2;LINES_OF_CODE;2026-04-22 14:21:35;9;;;;
302178;2;LINES_OF_CODE;2026-04-22 15:20:51;19;;;;
302533;2;LINES_OF_CODE;2026-04-22 15:48:37;7;;;;
302179;2;LINES_OF_CODE;2026-04-22 16:20:11;7;;;;
302691;2;LINES_OF_CODE;2026-04-22 16:20:50;17;;;;
302151;2;LINES_OF_CODE;2026-04-22 16:32:40;20;;;;
302331;2;LINES_OF_CODE;2026-04-22 16:40:34;13;;;;
302732;2;LINES_OF_CODE;2026-04-22 17:14:17;13;;;;
302604;2;LINES_OF_CODE;2026-04-22 17:20:32;2;;;;
302492;2;LINES_OF_CODE;2026-04-22 17:41:47;-1;;;;
302577;2;LINES_OF_CODE;2026-04-22 17:43:37;15;;;;
302738;2;LINES_OF_CODE;2026-04-22 17:45:40;10;;;;
302730;2;LINES_OF_CODE;2026-04-23 08:02:48;9;;;;
302266;2;LINES_OF_CODE;2026-04-23 08:36:21;4;;;;
302394;2;LINES_OF_CODE;2026-04-23 08:59:12;12;;;;
302383;2;LINES_OF_CODE;2026-04-23 09:45:27;15;;;;
302400;2;LINES_OF_CODE;2026-04-23 09:49:20;9;;;;
302578;2;LINES_OF_CODE;2026-04-23 09:53:52;6;;;;
302335;2;LINES_OF_CODE;2026-04-23 09:56:55;17;;;;
302273;2;LINES_OF_CODE;2026-04-23 10:05:46;10;;;;
302243;2;LINES_OF_CODE;2026-04-23 10:18:14;5;;;;
302441;2;LINES_OF_CODE;2026-04-23 11:40:35;0;;;;
302581;2;LINES_OF_CODE;2026-04-23 11:41:32;0;;;;
302380;2;LINES_OF_CODE;2026-04-23 12:05:33;17;;;;
302741;2;LINES_OF_CODE;2026-04-23 12:07:27;8;;;;
302337;2;LINES_OF_CODE;2026-04-23 12:09:34;4;;;;
302685;2;LINES_OF_CODE;2026-04-23 12:29:15;6;;;;
302710;2;LINES_OF_CODE;2026-04-23 12:33:11;0;;;;
302185;2;LINES_OF_CODE;2026-04-23 13:05:28;12;;;;
302196;2;LINES_OF_CODE;2026-04-23 13:23:56;1;;;;
302637;2;LINES_OF_CODE;2026-04-23 13:47:17;9;;;;
302536;2;LINES_OF_CODE;2026-04-23 14:07:40;-4;;;;
302358;2;LINES_OF_CODE;2026-04-23 14:13:36;6;;;;
302186;2;LINES_OF_CODE;2026-04-23 14:21:25;9;;;;
302477;2;LINES_OF_CODE;2026-04-23 14:54:22;9;;;;
302568;2;LINES_OF_CODE;2026-04-23 15:01:36;-5;;;;
302300;2;LINES_OF_CODE;2026-04-23 15:10:36;2;;;;
302318;2;LINES_OF_CODE;2026-04-23 15:25:13;20;;;;
302539;2;LINES_OF_CODE;2026-04-23 16:32:32;6;;;;
302236;2;LINES_OF_CODE;2026-04-23 16:53:16;7;;;;
302582;2;LINES_OF_CODE;2026-04-23 17:11:40;9;;;;
302555;2;LINES_OF_CODE;2026-04-23 17:24:02;11;;;;
302182;2;LINES_OF_CODE;2026-04-23 17:24:58;21;;;;
302531;2;LINES_OF_CODE;2026-04-24 08:02:00;2;;;;
302214;2;LINES_OF_CODE;2026-04-24 08:08:51;-4;;;;
302591;2;LINES_OF_CODE;2026-04-24 08:27:43;10;;;;
302343;2;LINES_OF_CODE;2026-04-24 08:39:31;8;;;;
302363;2;LINES_OF_CODE;2026-04-24 08:53:51;-1;;;;
302232;2;LINES_OF_CODE;2026-04-24 09:32:14;11;;;;
302490;2;LINES_OF_CODE;2026-04-24 09:48:39;8;;;;
302554;2;LINES_OF_CODE;2026-04-24 09:55:53;2;;;;
302592;2;LINES_OF_CODE;2026-04-24 10:09:42;20;;;;
302387;2;LINES_OF_CODE;2026-04-24 10:13:09;7;;;;
302366;2;LINES_OF_CODE;2026-04-24 10:15:08;5;;;;
302550;2;LINES_OF_CODE;2026-04-24 11:23:56;0;;;;
302224;2;LINES_OF_CODE;2026-04-24 11:37:23;17;;;;
302350;2;LINES_OF_CODE;2026-04-24 11:44:14;11;;;;
302408;2;LINES_OF_CODE;2026-04-24 11:50:22;-1;;;;
302499;2;LINES_OF_CODE;2026-04-24 12:27:12;9;;;;
302575;2;LINES_OF_CODE;2026-04-24 12:38:13;-5;;;;
302632;2;LINES_OF_CODE;2026-04-24 13:05:12;3;;;;
302754;2;LINES_OF_CODE;2026-04-24 13:29:54;5;;;;
302769;2;LINES_OF_CODE;2026-04-24 14:16:46;2;;;;
302174;2;LINES_OF_CODE;2026-04-24 14:18:11;13;;;;
302521;2;LINES_OF_CODE;2026-04-24 14:22:39;-14;;;;
302674;2;LINES_OF_CODE;2026-04-24 14:27:22;2;;;;
302177;2;LINES_OF_CODE;2026-04-24 14:40:50;9;;;;
302322;2;LINES_OF_CODE;2026-04-24 14:50:02;18;;;;
302208;2;LINES_OF_CODE;2026-04-24 14:51:52;0;;;;
302651;2;LINES_OF_CODE;2026-04-24 15:26:12;11;;;;
302449;2;LINES_OF_CODE;2026-04-24 15:28:06;4;;;;
302595;2;LINES_OF_CODE;2026-04-24 16:22:22;14;;;;
302213;2;LINES_OF_CODE;2026-04-24 16:41:34;5;;;;
302508;2;LINES_OF_CODE;2026-04-24 17:17:44;13;;;;
302665;2;LINES_OF_CODE;2026-04-24 17:39:27;1;;;;
302683;2;LINES_OF_CODE;2026-04-24 17:55:05;1;;;;
302308;2;LINES_OF_CODE;2026-04-27 08:33:20;3;;;;
302246;2;LINES_OF_CODE;2026-04-27 08:43:17;12;;;;
302340;2;LINES_OF_CODE;2026-04-27 08:47:35;7;;;;
302598;2;LINES_OF_CODE;2026-04-27 09:03:34;6;;;;
302692;2;LINES_OF_CODE;2026-04-27 09:37:26;14;;;;
302404;2;LINES_OF_CODE;2026-04-27 09:45:08;1;;;;
302412;2;LINES_OF_CODE;2026-04-27 09:58:14;18;;;;
302256;2;LINES_OF_CODE;2026-04-27 10:01:54;11;;;;
302677;2;LINES_OF_CODE;2026-04-27 10:44:19;9;;;;
302585;2;LINES_OF_CODE;2026-04-27 10:47:27;-4;;;;
302603;2;LINES_OF_CODE;2026-04-27 10:59:24;11;;;;
302625;2;LINES_OF_CODE;2026-04-27 11:05:08;0;;;;
302427;2;LINES_OF_CODE;2026-04-27 11:38:43;4;;;;
302567;2;LINES_OF_CODE;2026-04-27 11:58:45;14;;;;
302658;2;LINES_OF_CODE;2026-04-27 12:03:44;13;;;;
302476;2;LINES_OF_CODE;2026-04-27 12:29:15;2;;;;
302553;2;LINES_OF_CODE;2026-04-27 13:40:26;12;;;;
302785;2;LINES_OF_CODE;2026-04-27 13:47:03;2;;;;
302580;2;LINES_OF_CODE;2026-04-27 14:54:14;15;;;;
302210;2;LINES_OF_CODE;2026-04-27 14:57:36;-2;;;;
302576;2;LINES_OF_CODE;2026-04-27 15:21:20;-5;;;;
302686;2;LINES_OF_CODE;2026-04-27 15:58:49;14;;;;
302319;2;LINES_OF_CODE;2026-04-27 16:05:23;6;;;;
302164;2;LINES_OF_CODE;2026-04-27 16:26:17;1;;;;
302309;2;LINES_OF_CODE;2026-04-27 16:56:26;12;;;;
302329;2;LINES_OF_CODE;2026-04-27 17:10:31;16;;;;
302245;2;LINES_OF_CODE;2026-04-27 17:18:16;-1;;;;
302403;2;LINES_OF_CODE;2026-04-27 17:20:39;9;;;;
302551;2;LINES_OF_CODE;2026-04-27 17:31:39;15;;;;
302510;2;LINES_OF_CODE;2026-04-28 08:44:30;14;;;;
302312;2;LINES_OF_CODE;2026-04-28 08:55:37;29;;;;
302278;2;LINES_OF_CODE;2026-04-28 09:03:50;4;;;;
302777;2;LINES_OF_CODE;2026-04-28 09:18:09;9;;;;
302624;2;LINES_OF_CODE;2026-04-28 10:32:42;6;;;;
302652;2;LINES_OF_CODE;2026-04-28 10:35:33;10;;;;
302188;2;LINES_OF_CODE;2026-04-28 11:07:00;2;;;;
302690;2;LINES_OF_CODE;2026-04-28 11:20:08;-1;;;;
302742;2;LINES_OF_CODE;2026-04-28 11:42:17;7;;;;
302530;2;LINES_OF_CODE;2026-04-28 12:20:16;-3;;;;
302338;2;LINES_OF_CODE;2026-04-28 12:23:40;11;;;;
302432;2;LINES_OF_CODE;2026-04-28 13:06:18;10;;;;
302384;2;LINES_OF_CODE;2026-04-28 13:09:27;5;;;;
302466;2;LINES_OF_CODE;2026-04-28 13:50:54;26;;;;
302655;2;LINES_OF_CODE;2026-04-28 13:55:42;17;;;;
302323;2;LINES_OF_CODE;2026-04-28 14:26:13;-5;;;;
302565;2;LINES_OF_CODE;2026-04-28 14:32:43;9;;;;
302760;2;LINES_OF_CODE;2026-04-28 14:39:02;2;;;;
302794;2;LINES_OF_CODE;2026-04-28 15:03:41;6;;;;
302373;2;LINES_OF_CODE;2026-04-28 15:15:59;5;;;;
302474;2;LINES_OF_CODE;2026-04-28 15:30:06;9;;;;
302766;2;LINES_OF_CODE;2026-04-28 15:41:00;-14;;;;
302650;2;LINES_OF_CODE;2026-04-28 16:28:30;2;;;;
302212;2;LINES_OF_CODE;2026-04-28 16:28:35;5;;;;
302163;2;LINES_OF_CODE;2026-04-28 16:57:04;16;;;;
302306;2;LINES_OF_CODE;2026-04-29 08:02:01;0;;;;
302745;2;LINES_OF_CODE;2026-04-29 08:02:28;13;;;;
302302;2;LINES_OF_CODE;2026-04-29 08:55:54;0;;;;
302758;2;LINES_OF_CODE;2026-04-29 09:39:32;9;;;;
302190;2;LINES_OF_CODE;2026-04-29 09:48:28;10;;;;
302385;2;LINES_OF_CODE;2026-04-29 09:49:55;2;;;;
302233;2;LINES_OF_CODE;2026-04-29 10:11:21;9;;;;
302238;2;LINES_OF_CODE;2026-04-29 10:17:31;9;;;;
302276;2;LINES_OF_CODE;2026-04-29 10:21:35;7;;;;
302790;2;LINES_OF_CODE;2026-04-29 10:26:54;10;;;;
302538;2;LINES_OF_CODE;2026-04-29 10:38:35;15;;;;
302537;2;LINES_OF_CODE;2026-04-29 10:52:11;5;;;;
302797;2;LINES_OF_CODE;2026-04-29 11:00:40;10;;;;
302744;2;LINES_OF_CODE;2026-04-29 11:08:05;4;;;;
302480;2;LINES_OF_CODE;2026-04-29 11:41:34;10;;;;
302154;2;LINES_OF_CODE;2026-04-29 11:52:30;17;;;;
302705;2;LINES_OF_CODE;2026-04-29 12:37:20;21;;;;
302496;2;LINES_OF_CODE;2026-04-29 12:39:42;5;;;;
302478;2;LINES_OF_CODE;2026-04-29 12:58:46;12;;;;
302290;2;LINES_OF_CODE;2026-04-29 13:01:42;10;;;;
302559;2;LINES_OF_CODE;2026-04-29 13:17:56;7;;;;
302293;2;LINES_OF_CODE;2026-04-29 13:21:13;10;;;;
302512;2;LINES_OF_CODE;2026-04-29 13:34:45;6;;;;
302708;2;LINES_OF_CODE;2026-04-29 13:38:58;2;;;;
302418;2;LINES_OF_CODE;2026-04-29 14:36:42;8;;;;
302716;2;LINES_OF_CODE;2026-04-29 15:02:38;11;;;;
302396;2;LINES_OF_CODE;2026-04-29 15:02:45;3;;;;
302414;2;LINES_OF_CODE;2026-04-29 15:19:13;4;;;;
302513;2;LINES_OF_CODE;2026-04-29 15:42:30;5;;;;
302450;2;LINES_OF_CODE;2026-04-29 15:46:04;15;;;;
302684;2;LINES_OF_CODE;2026-04-29 15:48:59;14;;;;
302315;2;LINES_OF_CODE;2026-04-29 15:56:11;4;;;;
302225;2;LINES_OF_CODE;2026-04-29 16:00:30;-2;;;;
302572;2;LINES_OF_CODE;2026-04-29 16:23:02;7;;;;
302252;2;LINES_OF_CODE;2026-04-29 16:51:39;12;;;;
302621;2;LINES_OF_CODE;2026-04-29 17:05:14;6;;;;
302544;2;LINES_OF_CODE;2026-04-29 17:41:54;10;;;;
302726;2;LINES_OF_CODE;2026-04-30 08:05:22;9;;;;
302437;2;LINES_OF_CODE;2026-04-30 08:28:23;20;;;;
302500;2;LINES_OF_CODE;2026-04-30 08:53:07;11;;;;
302435;2;LINES_OF_CODE;2026-04-30 09:38:36;12;;;;
302200;2;LINES_OF_CODE;2026-04-30 10:14:15;0;;;;
302748;2;LINES_OF_CODE;2026-04-30 10:18:50;3;;;;
302416;2;LINES_OF_CODE;2026-04-30 11:32:33;-9;;;;
302254;2;LINES_OF_CODE;2026-04-30 11:39:11;9;;;;
302752;2;LINES_OF_CODE;2026-04-30 11:39:18;4;;;;
302579;2;LINES_OF_CODE;2026-04-30 11:51:07;16;;;;
302165;2;LINES_OF_CODE;2026-04-30 12:35:57;9;;;;
302515;2;LINES_OF_CODE;2026-04-30 12:44:12;3;;;;
302464;2;LINES_OF_CODE;2026-04-30 13:02:24;2;;;;
302176;2;LINES_OF_CODE;2026-04-30 13:10:56;5;;;;
302484;2;LINES_OF_CODE;2026-04-30 13:12:38;-6;;;;
302325;2;LINES_OF_CODE;2026-04-30 13:21:35;6;;;;
302242;2;LINES_OF_CODE;2026-04-30 13:23:21;10;;;;
302320;2;LINES_OF_CODE;2026-04-30 13:39:35;16;;;;
302795;2;LINES_OF_CODE;2026-04-30 13:43:53;10;;;;
302428;2;LINES_OF_CODE;2026-04-30 14:06:03;15;;;;
302207;2;LINES_OF_CODE;2026-04-30 14:35:02;4;;;;
302571;2;LINES_OF_CODE;2026-04-30 14:48:44;3;;;;
302471;2;LINES_OF_CODE;2026-04-30 16:02:37;14;;;;
302672;2;LINES_OF_CODE;2026-04-30 16:38:27;6;;;;
302231;2;LINES_OF_CODE;2026-04-30 16:45:09;4;;;;
302608;2;LINES_OF_CODE;2026-04-30 17:22:19;0;;;;
302374;2;LINES_OF_CODE;2026-04-30 17:54:02;7;;;;
303095;2;LINES_OF_CODE;2026-05-01 08:10:52;-1;;;;
303411;2;LINES_OF_CODE;2026-05-01 08:59:52;7;;;;
302829;2;LINES_OF_CODE;2026-05-01 09:45:20;22;;;;
303284;2;LINES_OF_CODE;2026-05-01 10:17:14;0;;;;
303229;2;LINES_OF_CODE;2026-05-01 10:39:02;2;;;;
303490;2;LINES_OF_CODE;2026-05-01 10:43:12;5;;;;
303265;2;LINES_OF_CODE;2026-05-01 11:03:24;8;;;;
303240;2;LINES_OF_CODE;2026-05-01 11:15:45;-11;;;;
303330;2;LINES_OF_CODE;2026-05-01 11:56:29;20;;;;
303109;2;LINES_OF_CODE;2026-05-01 11:57:27;18;;;;
303156;2;LINES_OF_CODE;2026-05-01 12:13:38;23;;;;
303226;2;LINES_OF_CODE;2026-05-01 12:48:51;13;;;;
303016;2;LINES_OF_CODE;2026-05-01 12:51:28;-2;;;;
303491;2;LINES_OF_CODE;2026-05-01 13:21:04;-1;;;;
302810;2;LINES_OF_CODE;2026-05-01 14:12:45;25;;;;
303144;2;LINES_OF_CODE;2026-05-01 14:19:55;14;;;;
303205;2;LINES_OF_CODE;2026-05-01 14:58:56;-3;;;;
303380;2;LINES_OF_CODE;2026-05-01 15:09:38;2;;;;
303236;2;LINES_OF_CODE;2026-05-01 15:36:21;12;;;;
302881;2;LINES_OF_CODE;2026-05-01 15:40:48;-5;;;;
302817;2;LINES_OF_CODE;2026-05-01 15:53:06;0;;;;
302984;2;LINES_OF_CODE;2026-05-01 16:13:44;35;;;;
303282;2;LINES_OF_CODE;2026-05-01 17:06:55;3;;;;
303294;2;LINES_OF_CODE;2026-05-01 17:34:10;-2;;;;
303170;2;LINES_OF_CODE;2026-05-01 17:53:08;20;;;;
302845;2;LINES_OF_CODE;2026-05-04 08:05:35;-18;;;;
302933;2;LINES_OF_CODE;2026-05-04 08:08:04;14;;;;
303336;2;LINES_OF_CODE;2026-05-04 08:13:25;36;;;;
302989;2;LINES_OF_CODE;2026-05-04 08:33:08;26;;;;
303041;2;LINES_OF_CODE;2026-05-04 08:49:09;19;;;;
303132;2;LINES_OF_CODE;2026-05-04 08:51:29;11;;;;
303152;2;LINES_OF_CODE;2026-05-04 08:58:25;3;;;;
303089;2;LINES_OF_CODE;2026-05-04 09:30:12;6;;;;
302990;2;LINES_OF_CODE;2026-05-04 09:55:26;17;;;;
303097;2;LINES_OF_CODE;2026-05-04 10:02:48;2;;;;
302864;2;LINES_OF_CODE;2026-05-04 10:06:16;18;;;;
302969;2;LINES_OF_CODE;2026-05-04 10:12:43;29;;;;
303335;2;LINES_OF_CODE;2026-05-04 10:22:33;9;;;;
303264;2;LINES_OF_CODE;2026-05-04 10:22:55;13;;;;
303384;2;LINES_OF_CODE;2026-05-04 10:56:50;18;;;;
303363;2;LINES_OF_CODE;2026-05-04 10:59:05;23;;;;
303273;2;LINES_OF_CODE;2026-05-04 10:59:24;15;;;;
302975;2;LINES_OF_CODE;2026-05-04 11:14:30;20;;;;
303455;2;LINES_OF_CODE;2026-05-04 11:46:20;19;;;;
303074;2;LINES_OF_CODE;2026-05-04 11:46:25;13;;;;
302849;2;LINES_OF_CODE;2026-05-04 11:50:13;18;;;;
303468;2;LINES_OF_CODE;2026-05-04 12:08:10;11;;;;
303405;2;LINES_OF_CODE;2026-05-04 12:15:55;8;;;;
303292;2;LINES_OF_CODE;2026-05-04 12:21:18;9;;;;
302861;2;LINES_OF_CODE;2026-05-04 12:49:16;13;;;;
302877;2;LINES_OF_CODE;2026-05-04 13:11:06;34;;;;
303413;2;LINES_OF_CODE;2026-05-04 13:28:56;11;;;;
303365;2;LINES_OF_CODE;2026-05-04 13:31:54;16;;;;
303442;2;LINES_OF_CODE;2026-05-04 13:40:00;-6;;;;
303481;2;LINES_OF_CODE;2026-05-04 14:16:22;8;;;;
303367;2;LINES_OF_CODE;2026-05-04 14:17:56;-8;;;;
303000;2;LINES_OF_CODE;2026-05-04 14:30:40;9;;;;
303279;2;LINES_OF_CODE;2026-05-04 14:58:33;15;;;;
303318;2;LINES_OF_CODE;2026-05-04 15:14:11;2;;;;
302928;2;LINES_OF_CODE;2026-05-04 15:14:59;9;;;;
302880;2;LINES_OF_CODE;2026-05-04 15:36:16;22;;;;
303013;2;LINES_OF_CODE;2026-05-04 15:46:18;27;;;;
302929;2;LINES_OF_CODE;2026-05-04 16:05:53;-1;;;;
303466;2;LINES_OF_CODE;2026-05-04 16:13:13;-6;;;;
303221;2;LINES_OF_CODE;2026-05-04 16:27:58;20;;;;
303060;2;LINES_OF_CODE;2026-05-04 16:34:51;4;;;;
302843;2;LINES_OF_CODE;2026-05-04 16:38:10;17;;;;
303012;2;LINES_OF_CODE;2026-05-04 16:49:32;11;;;;
303286;2;LINES_OF_CODE;2026-05-04 16:56:01;22;;;;
302862;2;LINES_OF_CODE;2026-05-04 17:13:26;8;;;;
303459;2;LINES_OF_CODE;2026-05-04 17:25:12;14;;;;
303061;2;LINES_OF_CODE;2026-05-04 17:55:09;29;;;;
302987;2;LINES_OF_CODE;2026-05-05 08:24:47;14;;;;
303037;2;LINES_OF_CODE;2026-05-05 08:47:36;18;;;;
302898;2;LINES_OF_CODE;2026-05-05 09:02:03;21;;;;
302836;2;LINES_OF_CODE;2026-05-05 09:48:50;3;;;;
303029;2;LINES_OF_CODE;2026-05-05 10:25:15;18;;;;
303077;2;LINES_OF_CODE;2026-05-05 10:35:42;11;;;;
303317;2;LINES_OF_CODE;2026-05-05 10:52:18;24;;;;
302865;2;LINES_OF_CODE;2026-05-05 10:56:48;12;;;;
303385;2;LINES_OF_CODE;2026-05-05 11:07:12;10;;;;
303486;2;LINES_OF_CODE;2026-05-05 11:07:36;6;;;;
303333;2;LINES_OF_CODE;2026-05-05 11:11:32;10;;;;
303307;2;LINES_OF_CODE;2026-05-05 11:27:26;-6;;;;
303081;2;LINES_OF_CODE;2026-05-05 12:38:18;5;;;;
302808;2;LINES_OF_CODE;2026-05-05 12:56:14;8;;;;
302901;2;LINES_OF_CODE;2026-05-05 13:07:22;0;;;;
303480;2;LINES_OF_CODE;2026-05-05 13:32:05;19;;;;
303218;2;LINES_OF_CODE;2026-05-05 13:44:18;-2;;;;
303158;2;LINES_OF_CODE;2026-05-05 14:08:22;-2;;;;
302913;2;LINES_OF_CODE;2026-05-05 14:24:44;5;;;;
303389;2;LINES_OF_CODE;2026-05-05 15:07:28;15;;;;
303445;2;LINES_OF_CODE;2026-05-05 15:20:40;1;;;;
303427;2;LINES_OF_CODE;2026-05-05 15:52:52;13;;;;
302937;2;LINES_OF_CODE;2026-05-05 15:55:02;2;;;;
303346;2;LINES_OF_CODE;2026-05-05 16:28:44;-8;;;;
303463;2;LINES_OF_CODE;2026-05-05 17:00:03;13;;;;
303106;2;LINES_OF_CODE;2026-05-05 17:09:19;18;;;;
302903;2;LINES_OF_CODE;2026-05-05 17:16:07;-5;;;;
303075;2;LINES_OF_CODE;2026-05-05 17:17:06;35;;;;
303040;2;LINES_OF_CODE;2026-05-05 17:22:13;6;;;;
303469;2;LINES_OF_CODE;2026-05-05 17:36:42;14;;;;
302985;2;LINES_OF_CODE;2026-05-05 17:49:02;6;;;;
302818;2;LINES_OF_CODE;2026-05-05 17:55:37;0;;;;
303135;2;LINES_OF_CODE;2026-05-06 08:56:11;21;;;;
303396;2;LINES_OF_CODE;2026-05-06 09:07:30;-9;;;;
303314;2;LINES_OF_CODE;2026-05-06 09:09:58;-4;;;;
303171;2;LINES_OF_CODE;2026-05-06 10:01:25;6;;;;
303391;2;LINES_OF_CODE;2026-05-06 10:11:53;21;;;;
302947;2;LINES_OF_CODE;2026-05-06 10:45:26;1;;;;
303340;2;LINES_OF_CODE;2026-05-06 11:05:36;0;;;;
303025;2;LINES_OF_CODE;2026-05-06 11:06:35;-5;;;;
303146;2;LINES_OF_CODE;2026-05-06 11:10:06;4;;;;
302925;2;LINES_OF_CODE;2026-05-06 11:31:59;13;;;;
302838;2;LINES_OF_CODE;2026-05-06 12:01:21;9;;;;
303051;2;LINES_OF_CODE;2026-05-06 12:25:46;11;;;;
303024;2;LINES_OF_CODE;2026-05-06 12:29:02;15;;;;
302895;2;LINES_OF_CODE;2026-05-06 12:55:02;27;;;;
303232;2;LINES_OF_CODE;2026-05-06 13:06:20;22;;;;
303349;2;LINES_OF_CODE;2026-05-06 13:21:53;11;;;;
303304;2;LINES_OF_CODE;2026-05-06 13:25:35;25;;;;
303042;2;LINES_OF_CODE;2026-05-06 13:28:37;16;;;;
303488;2;LINES_OF_CODE;2026-05-06 13:31:49;20;;;;
303129;2;LINES_OF_CODE;2026-05-06 14:17:35;11;;;;
302873;2;LINES_OF_CODE;2026-05-06 14:43:25;10;;;;
303018;2;LINES_OF_CODE;2026-05-06 15:06:36;-10;;;;
303173;2;LINES_OF_CODE;2026-05-06 15:17:26;12;;;;
303004;2;LINES_OF_CODE;2026-05-06 15:44:00;10;;;;
302976;2;LINES_OF_CODE;2026-05-06 16:40:18;17;;;;
303142;2;LINES_OF_CODE;2026-05-06 16:42:54;7;;;;
303462;2;LINES_OF_CODE;2026-05-06 17:46:07;5;;;;
303407;2;LINES_OF_CODE;2026-05-06 17:55:46;23;;;;
303263;2;LINES_OF_CODE;2026-05-07 08:12:48;7;;;;
303479;2;LINES_OF_CODE;2026-05-07 08:37:34;21;;;;
303345;2;LINES_OF_CODE;2026-05-07 08:52:18;10;;;;
302998;2;LINES_OF_CODE;2026-05-07 09:27:14;29;;;;
303369;2;LINES_OF_CODE;2026-05-07 09:42:05;24;;;;
303276;2;LINES_OF_CODE;2026-05-07 09:47:40;24;;;;
303217;2;LINES_OF_CODE;2026-05-07 09:58:02;22;;;;
303498;2;LINES_OF_CODE;2026-05-07 10:05:24;17;;;;
303052;2;LINES_OF_CODE;2026-05-07 10:13:47;8;;;;
302961;2;LINES_OF_CODE;2026-05-07 10:41:18;20;;;;
302826;2;LINES_OF_CODE;2026-05-07 10:41:55;18;;;;
303145;2;LINES_OF_CODE;2026-05-07 10:50:07;18;;;;
303256;2;LINES_OF_CODE;2026-05-07 11:01:04;18;;;;
302812;2;LINES_OF_CODE;2026-05-07 11:20:32;14;;;;
302931;2;LINES_OF_CODE;2026-05-07 11:29:24;14;;;;
303495;2;LINES_OF_CODE;2026-05-07 11:38:00;11;;;;
303008;2;LINES_OF_CODE;2026-05-07 11:45:21;32;;;;
303073;2;LINES_OF_CODE;2026-05-07 12:14:26;22;;;;
303223;2;LINES_OF_CODE;2026-05-07 12:21:06;17;;;;
303148;2;LINES_OF_CODE;2026-05-07 12:38:43;19;;;;
303070;2;LINES_OF_CODE;2026-05-07 12:55:54;23;;;;
302851;2;LINES_OF_CODE;2026-05-07 13:12:39;17;;;;
302896;2;LINES_OF_CODE;2026-05-07 13:15:15;6;;;;
303424;2;LINES_OF_CODE;2026-05-07 13:43:11;-7;;;;
302840;2;LINES_OF_CODE;2026-05-07 14:20:48;23;;;;
303401;2;LINES_OF_CODE;2026-05-07 14:28:17;29;;;;
303493;2;LINES_OF_CODE;2026-05-07 14:29:48;-1;;;;
303034;2;LINES_OF_CODE;2026-05-07 14:33:55;4;;;;
303187;2;LINES_OF_CODE;2026-05-07 14:34:52;11;;;;
303390;2;LINES_OF_CODE;2026-05-07 14:49:15;5;;;;
302935;2;LINES_OF_CODE;2026-05-07 14:52:19;8;;;;
302863;2;LINES_OF_CODE;2026-05-07 15:11:52;11;;;;
303069;2;LINES_OF_CODE;2026-05-07 16:15:45;14;;;;
302827;2;LINES_OF_CODE;2026-05-07 16:54:47;29;;;;
303027;2;LINES_OF_CODE;2026-05-07 17:10:23;-5;;;;
303321;2;LINES_OF_CODE;2026-05-07 17:46:35;25;;;;
303361;2;LINES_OF_CODE;2026-05-08 08:29:59;12;;;;
303362;2;LINES_OF_CODE;2026-05-08 08:48:07;-5;;;;
303456;2;LINES_OF_CODE;2026-05-08 09:00:30;24;;;;
303275;2;LINES_OF_CODE;2026-05-08 09:01:57;18;;;;
303200;2;LINES_OF_CODE;2026-05-08 09:06:08;3;;;;
303143;2;LINES_OF_CODE;2026-05-08 09:07:07;8;;;;
302970;2;LINES_OF_CODE;2026-05-08 09:33:04;16;;;;
303203;2;LINES_OF_CODE;2026-05-08 09:41:11;11;;;;
303113;2;LINES_OF_CODE;2026-05-08 10:23:09;15;;;;
302848;2;LINES_OF_CODE;2026-05-08 10:27:48;23;;;;
302858;2;LINES_OF_CODE;2026-05-08 10:43:06;21;;;;
302922;2;LINES_OF_CODE;2026-05-08 10:51:30;10;;;;
303177;2;LINES_OF_CODE;2026-05-08 11:30:39;19;;;;
303398;2;LINES_OF_CODE;2026-05-08 11:31:53;18;;;;
303492;2;LINES_OF_CODE;2026-05-08 12:05:27;-3;;;;
302878;2;LINES_OF_CODE;2026-05-08 12:23:03;4;;;;
303474;2;LINES_OF_CODE;2026-05-08 13:03:04;2;;;;
303433;2;LINES_OF_CODE;2026-05-08 13:59:52;7;;;;
303161;2;LINES_OF_CODE;2026-05-08 14:10:18;19;;;;
303422;2;LINES_OF_CODE;2026-05-08 14:38:05;2;;;;
302825;2;LINES_OF_CODE;2026-05-08 14:41:41;22;;;;
303457;2;LINES_OF_CODE;2026-05-08 14:45:03;3;;;;
303313;2;LINES_OF_CODE;2026-05-08 14:47:30;12;;;;
303001;2;LINES_OF_CODE;2026-05-08 15:02:55;29;;;;
303450;2;LINES_OF_CODE;2026-05-08 15:05:10;13;;;;
303414;2;LINES_OF_CODE;2026-05-08 15:14:39;22;;;;
303151;2;LINES_OF_CODE;2026-05-08 15:55:45;11;;;;
303372;2;LINES_OF_CODE;2026-05-08 16:09:52;1;;;;
303311;2;LINES_OF_CODE;2026-05-08 16:15:47;1;;;;
303235;2;LINES_OF_CODE;2026-05-08 16:23:39;11;;;;
303033;2;LINES_OF_CODE;2026-05-08 16:33:46;29;;;;
302876;2;LINES_OF_CODE;2026-05-08 16:59:44;14;;;;
303099;2;LINES_OF_CODE;2026-05-08 17:29:30;9;;;;
303299;2;LINES_OF_CODE;2026-05-08 17:35:30;26;;;;
303091;2;LINES_OF_CODE;2026-05-11 08:33:58;10;;;;
303306;2;LINES_OF_CODE;2026-05-11 08:36:20;18;;;;
303478;2;LINES_OF_CODE;2026-05-11 08:57:51;19;;;;
302993;2;LINES_OF_CODE;2026-05-11 09:18:15;23;;;;
303420;2;LINES_OF_CODE;2026-05-11 09:18:40;15;;;;
302995;2;LINES_OF_CODE;2026-05-11 10:06:35;-14;;;;
302891;2;LINES_OF_CODE;2026-05-11 10:10:35;15;;;;
303309;2;LINES_OF_CODE;2026-05-11 10:23:52;2;;;;
303181;2;LINES_OF_CODE;2026-05-11 10:24:04;29;;;;
303131;2;LINES_OF_CODE;2026-05-11 10:31:53;12;;;;
303039;2;LINES_OF_CODE;2026-05-11 10:51:40;6;;;;
303123;2;LINES_OF_CODE;2026-05-11 11:27:40;0;;;;
303293;2;LINES_OF_CODE;2026-05-11 13:00:39;19;;;;
302953;2;LINES_OF_CODE;2026-05-11 13:34:23;13;;;;
302832;2;LINES_OF_CODE;2026-05-11 13:56:16;27;;;;
303176;2;LINES_OF_CODE;2026-05-11 13:59:21;18;;;;
303128;2;LINES_OF_CODE;2026-05-11 14:46:00;12;;;;
303382;2;LINES_OF_CODE;2026-05-11 16:10:07;24;;;;
302900;2;LINES_OF_CODE;2026-05-11 16:26:32;29;;;;
303451;2;LINES_OF_CODE;2026-05-11 17:47:38;10;;;;
303122;2;LINES_OF_CODE;2026-05-11 17:49:22;17;;;;
303009;2;LINES_OF_CODE;2026-05-11 17:51:01;16;;;;
303351;2;LINES_OF_CODE;2026-05-11 17:56:04;23;;;;
302841;2;LINES_OF_CODE;2026-05-12 08:15:21;1;;;;
303252;2;LINES_OF_CODE;2026-05-12 08:15:28;29;;;;
303403;2;LINES_OF_CODE;2026-05-12 08:24:28;4;;;;
303248;2;LINES_OF_CODE;2026-05-12 08:35:52;25;;;;
303270;2;LINES_OF_CODE;2026-05-12 08:58:28;28;;;;
303285;2;LINES_OF_CODE;2026-05-12 09:00:55;6;;;;
303356;2;LINES_OF_CODE;2026-05-12 09:28:50;11;;;;
303194;2;LINES_OF_CODE;2026-05-12 11:13:17;43;;;;
303358;2;LINES_OF_CODE;2026-05-12 11:33:10;23;;;;
302955;2;LINES_OF_CODE;2026-05-12 11:42:31;-12;;;;
303386;2;LINES_OF_CODE;2026-05-12 11:48:31;-4;;;;
303249;2;LINES_OF_CODE;2026-05-12 12:48:00;6;;;;
302866;2;LINES_OF_CODE;2026-05-12 13:34:38;24;;;;
303298;2;LINES_OF_CODE;2026-05-12 13:41:40;0;;;;
303100;2;LINES_OF_CODE;2026-05-12 13:58:56;4;;;;
302886;2;LINES_OF_CODE;2026-05-12 15:19:52;-4;;;;
303494;2;LINES_OF_CODE;2026-05-12 15:24:05;22;;;;
303246;2;LINES_OF_CODE;2026-05-12 16:21:24;-4;;;;
303035;2;LINES_OF_CODE;2026-05-12 16:39:31;13;;;;
303412;2;LINES_OF_CODE;2026-05-12 16:39:57;22;;;;
303415;2;LINES_OF_CODE;2026-05-12 16:59:10;15;;;;
303430;2;LINES_OF_CODE;2026-05-12 17:28:59;11;;;;
303274;2;LINES_OF_CODE;2026-05-12 17:41:23;22;;;;
302909;2;LINES_OF_CODE;2026-05-13 08:24:54;10;;;;
302846;2;LINES_OF_CODE;2026-05-13 08:24:56;7;;;;
303291;2;LINES_OF_CODE;2026-05-13 08:25:17;25;;;;
303139;2;LINES_OF_CODE;2026-05-13 08:30:43;24;;;;
303196;2;LINES_OF_CODE;2026-05-13 08:40:13;8;;;;
303352;2;LINES_OF_CODE;2026-05-13 08:42:46;2;;;;
303049;2;LINES_OF_CODE;2026-05-13 09:14:50;14;;;;
303371;2;LINES_OF_CODE;2026-05-13 09:57:21;15;;;;
302940;2;LINES_OF_CODE;2026-05-13 10:21:47;-4;;;;
303098;2;LINES_OF_CODE;2026-05-13 11:02:01;31;;;;
303268;2;LINES_OF_CODE;2026-05-13 11:18:28;10;;;;
303199;2;LINES_OF_CODE;2026-05-13 11:24:27;17;;;;
303395;2;LINES_OF_CODE;2026-05-13 11:27:46;0;;;;
303211;2;LINES_OF_CODE;2026-05-13 11:28:20;28;;;;
303467;2;LINES_OF_CODE;2026-05-13 11:41:19;8;;;;
303172;2;LINES_OF_CODE;2026-05-13 12:10:33;24;;;;
302964;2;LINES_OF_CODE;2026-05-13 12:35:28;-1;;;;
303448;2;LINES_OF_CODE;2026-05-13 12:47:30;15;;;;
303301;2;LINES_OF_CODE;2026-05-13 13:18:19;16;;;;
302828;2;LINES_OF_CODE;2026-05-13 13:28:55;32;;;;
302856;2;LINES_OF_CODE;2026-05-13 14:04:47;9;;;;
302921;2;LINES_OF_CODE;2026-05-13 14:26:04;3;;;;
302958;2;LINES_OF_CODE;2026-05-13 14:44:20;6;;;;
303331;2;LINES_OF_CODE;2026-05-13 14:49:41;9;;;;
302948;2;LINES_OF_CODE;2026-05-13 14:57:12;16;;;;
302996;2;LINES_OF_CODE;2026-05-13 15:22:47;10;;;;
303473;2;LINES_OF_CODE;2026-05-13 15:30:56;31;;;;
303020;2;LINES_OF_CODE;2026-05-13 15:42:19;10;;;;
303068;2;LINES_OF_CODE;2026-05-13 15:46:53;37;;;;
303406;2;LINES_OF_CODE;2026-05-13 16:22:48;3;;;;
303418;2;LINES_OF_CODE;2026-05-13 16:26:31;12;;;;
303118;2;LINES_OF_CODE;2026-05-13 17:37:08;21;;;;
303402;2;LINES_OF_CODE;2026-05-13 17:40:37;10;;;;
302883;2;LINES_OF_CODE;2026-05-14 08:11:24;18;;;;
302912;2;LINES_OF_CODE;2026-05-14 08:44:38;8;;;;
303241;2;LINES_OF_CODE;2026-05-14 08:50:23;15;;;;
303119;2;LINES_OF_CODE;2026-05-14 09:29:34;4;;;;
303244;2;LINES_OF_CODE;2026-05-14 09:45:36;11;;;;
303374;2;LINES_OF_CODE;2026-05-14 09:46:24;11;;;;
303476;2;LINES_OF_CODE;2026-05-14 10:01:24;15;;;;
302831;2;LINES_OF_CODE;2026-05-14 10:01:33;24;;;;
303348;2;LINES_OF_CODE;2026-05-14 10:17:55;14;;;;
302857;2;LINES_OF_CODE;2026-05-14 10:44:11;23;;;;
302897;2;LINES_OF_CODE;2026-05-14 11:29:05;0;;;;
303320;2;LINES_OF_CODE;2026-05-14 11:42:37;9;;;;
303190;2;LINES_OF_CODE;2026-05-14 11:50:30;-5;;;;
303167;2;LINES_OF_CODE;2026-05-14 11:51:47;16;;;;
303136;2;LINES_OF_CODE;2026-05-14 12:22:03;19;;;;
303005;2;LINES_OF_CODE;2026-05-14 12:35:22;10;;;;
303125;2;LINES_OF_CODE;2026-05-14 13:06:57;10;;;;
303247;2;LINES_OF_CODE;2026-05-14 13:12:43;5;;;;
303157;2;LINES_OF_CODE;2026-05-14 13:30:57;16;;;;
303086;2;LINES_OF_CODE;2026-05-14 14:20:41;5;;;;
303141;2;LINES_OF_CODE;2026-05-14 14:22:29;23;;;;
303062;2;LINES_OF_CODE;2026-05-14 14:29:57;27;;;;
303174;2;LINES_OF_CODE;2026-05-14 14:45:42;27;;;;
302934;2;LINES_OF_CODE;2026-05-14 15:18:01;18;;;;
303115;2;LINES_OF_CODE;2026-05-14 15:27:19;12;;;;
303071;2;LINES_OF_CODE;2026-05-14 15:32:29;13;;;;
303400;2;LINES_OF_CODE;2026-05-14 15:55:01;22;;;;
303353;2;LINES_OF_CODE;2026-05-14 15:56:53;4;;;;
302974;2;LINES_OF_CODE;2026-05-14 16:31:26;18;;;;
302872;2;LINES_OF_CODE;2026-05-14 16:31:57;12;;;;
303423;2;LINES_OF_CODE;2026-05-14 16:57:04;17;;;;
302847;2;LINES_OF_CODE;2026-05-14 17:02:56;-1;;;;
302967;2;LINES_OF_CODE;2026-05-14 17:13:32;3;;;;
303404;2;LINES_OF_CODE;2026-05-14 17:35:36;1;;;;
303496;2;LINES_OF_CODE;2026-05-14 17:40:44;12;;;;
303185;2;LINES_OF_CODE;2026-05-15 08:06:46;19;;;;
303302;2;LINES_OF_CODE;2026-05-15 08:12:31;5;;;;
302950;2;LINES_OF_CODE;2026-05-15 08:15:00;-4;;;;
302899;2;LINES_OF_CODE;2026-05-15 08:29:16;9;;;;
302819;2;LINES_OF_CODE;2026-05-15 08:38:37;20;;;;
303250;2;LINES_OF_CODE;2026-05-15 08:47:53;-3;;;;
302809;2;LINES_OF_CODE;2026-05-15 08:53:29;19;;;;
303209;2;LINES_OF_CODE;2026-05-15 09:04:16;-4;;;;
303126;2;LINES_OF_CODE;2026-05-15 09:08:58;6;;;;
303058;2;LINES_OF_CODE;2026-05-15 09:41:19;-1;;;;
302882;2;LINES_OF_CODE;2026-05-15 09:41:46;-2;;;;
303267;2;LINES_OF_CODE;2026-05-15 10:09:28;21;;;;
303208;2;LINES_OF_CODE;2026-05-15 10:57:35;11;;;;
303093;2;LINES_OF_CODE;2026-05-15 11:12:23;16;;;;
303458;2;LINES_OF_CODE;2026-05-15 11:23:14;37;;;;
303439;2;LINES_OF_CODE;2026-05-15 11:51:18;23;;;;
302954;2;LINES_OF_CODE;2026-05-15 11:51:40;15;;;;
303283;2;LINES_OF_CODE;2026-05-15 11:57:23;0;;;;
303366;2;LINES_OF_CODE;2026-05-15 12:00:55;12;;;;
303337;2;LINES_OF_CODE;2026-05-15 12:12:03;12;;;;
303464;2;LINES_OF_CODE;2026-05-15 13:29:30;18;;;;
302963;2;LINES_OF_CODE;2026-05-15 13:38:03;-3;;;;
303489;2;LINES_OF_CODE;2026-05-15 14:07:11;22;;;;
303441;2;LINES_OF_CODE;2026-05-15 14:08:26;8;;;;
303045;2;LINES_OF_CODE;2026-05-15 14:39:36;-3;;;;
303207;2;LINES_OF_CODE;2026-05-15 14:43:00;18;;;;
303178;2;LINES_OF_CODE;2026-05-15 15:43:10;9;;;;
303017;2;LINES_OF_CODE;2026-05-15 15:45:08;0;;;;
303063;2;LINES_OF_CODE;2026-05-15 16:06:03;9;;;;
302994;2;LINES_OF_CODE;2026-05-15 16:12:53;2;;;;
303044;2;LINES_OF_CODE;2026-05-15 16:24:53;29;;;;
303434;2;LINES_OF_CODE;2026-05-15 16:25:54;42;;;;
303388;2;LINES_OF_CODE;2026-05-15 16:39:10;18;;;;
303239;2;LINES_OF_CODE;2026-05-15 16:42:51;19;;;;
303134;2;LINES_OF_CODE;2026-05-15 17:01:26;15;;;;
303192;2;LINES_OF_CODE;2026-05-15 17:04:26;8;;;;
303080;2;LINES_OF_CODE;2026-05-15 17:11:00;20;;;;
302966;2;LINES_OF_CODE;2026-05-15 17:26:55;-7;;;;
303446;2;LINES_OF_CODE;2026-05-15 17:31:09;18;;;;
303055;2;LINES_OF_CODE;2026-05-18 08:10:13;6;;;;
303087;2;LINES_OF_CODE;2026-05-18 09:21:34;23;;;;
303210;2;LINES_OF_CODE;2026-05-18 09:44:37;14;;;;
302874;2;LINES_OF_CODE;2026-05-18 10:11:53;9;;;;
303215;2;LINES_OF_CODE;2026-05-18 10:57:15;20;;;;
302914;2;LINES_OF_CODE;2026-05-18 11:03:29;29;;;;
303112;2;LINES_OF_CODE;2026-05-18 11:09:42;16;;;;
302859;2;LINES_OF_CODE;2026-05-18 11:34:26;9;;;;
302869;2;LINES_OF_CODE;2026-05-18 12:00:42;20;;;;
302830;2;LINES_OF_CODE;2026-05-18 12:04:40;13;;;;
303064;2;LINES_OF_CODE;2026-05-18 12:20:21;12;;;;
303303;2;LINES_OF_CODE;2026-05-18 12:29:06;12;;;;
302805;2;LINES_OF_CODE;2026-05-18 12:56:38;7;;;;
303288;2;LINES_OF_CODE;2026-05-18 13:06:25;25;;;;
303220;2;LINES_OF_CODE;2026-05-18 13:09:45;10;;;;
302977;2;LINES_OF_CODE;2026-05-18 13:11:52;21;;;;
303471;2;LINES_OF_CODE;2026-05-18 13:18:31;-16;;;;
303110;2;LINES_OF_CODE;2026-05-18 13:18:48;-2;;;;
302944;2;LINES_OF_CODE;2026-05-18 13:23:02;22;;;;
303219;2;LINES_OF_CODE;2026-05-18 13:36:43;14;;;;
303341;2;LINES_OF_CODE;2026-05-18 13:37:25;14;;;;
303281;2;LINES_OF_CODE;2026-05-18 13:37:30;11;;;;
303182;2;LINES_OF_CODE;2026-05-18 13:45:51;20;;;;
303175;2;LINES_OF_CODE;2026-05-18 14:17:24;-4;;;;
302816;2;LINES_OF_CODE;2026-05-18 14:59:00;25;;;;
303381;2;LINES_OF_CODE;2026-05-18 15:14:20;-9;;;;
303021;2;LINES_OF_CODE;2026-05-18 15:19:28;17;;;;
303046;2;LINES_OF_CODE;2026-05-18 15:35:48;4;;;;
303460;2;LINES_OF_CODE;2026-05-18 15:36:04;15;;;;
303310;2;LINES_OF_CODE;2026-05-18 15:49:04;4;;;;
302952;2;LINES_OF_CODE;2026-05-18 15:50:42;16;;;;
303289;2;LINES_OF_CODE;2026-05-18 15:56:48;7;;;;
303165;2;LINES_OF_CODE;2026-05-18 16:05:03;24;;;;
303224;2;LINES_OF_CODE;2026-05-18 16:06:18;0;;;;
302835;2;LINES_OF_CODE;2026-05-18 16:11:55;20;;;;
303153;2;LINES_OF_CODE;2026-05-18 16:52:18;9;;;;
303437;2;LINES_OF_CODE;2026-05-18 17:33:39;12;;;;
303322;2;LINES_OF_CODE;2026-05-18 17:33:45;13;;;;
303440;2;LINES_OF_CODE;2026-05-18 17:38:22;4;;;;
303066;2;LINES_OF_CODE;2026-05-18 17:40:45;11;;;;
303065;2;LINES_OF_CODE;2026-05-18 17:51:58;9;;;;
303233;2;LINES_OF_CODE;2026-05-19 08:05:44;15;;;;
303096;2;LINES_OF_CODE;2026-05-19 08:20:06;29;;;;
303271;2;LINES_OF_CODE;2026-05-19 08:41:25;1;;;;
302855;2;LINES_OF_CODE;2026-05-19 08:44:50;5;;;;
303408;2;LINES_OF_CODE;2026-05-19 08:49:18;-12;;;;
303202;2;LINES_OF_CODE;2026-05-19 09:00:08;32;;;;
303426;2;LINES_OF_CODE;2026-05-19 09:18:57;0;;;;
302824;2;LINES_OF_CODE;2026-05-19 09:19:41;7;;;;
303043;2;LINES_OF_CODE;2026-05-19 09:28:35;26;;;;
302823;2;LINES_OF_CODE;2026-05-19 09:39:32;8;;;;
302885;2;LINES_OF_CODE;2026-05-19 09:52:05;24;;;;
302951;2;LINES_OF_CODE;2026-05-19 11:02:49;14;;;;
303180;2;LINES_OF_CODE;2026-05-19 11:23:27;23;;;;
302890;2;LINES_OF_CODE;2026-05-19 11:37:49;18;;;;
303470;2;LINES_OF_CODE;2026-05-19 11:42:07;18;;;;
302815;2;LINES_OF_CODE;2026-05-19 11:56:01;11;;;;
302908;2;LINES_OF_CODE;2026-05-19 12:20:46;25;;;;
303342;2;LINES_OF_CODE;2026-05-19 12:45:46;25;;;;
302850;2;LINES_OF_CODE;2026-05-19 12:50:56;9;;;;
302811;2;LINES_OF_CODE;2026-05-19 12:55:09;-4;;;;
303368;2;LINES_OF_CODE;2026-05-19 13:59:02;16;;;;
303370;2;LINES_OF_CODE;2026-05-19 14:16:02;14;;;;
303300;2;LINES_OF_CODE;2026-05-19 14:32:03;8;;;;
302959;2;LINES_OF_CODE;2026-05-19 15:29:00;32;;;;
303379;2;LINES_OF_CODE;2026-05-19 15:47:01;3;;;;
303078;2;LINES_OF_CODE;2026-05-19 15:59:59;22;;;;
303057;2;LINES_OF_CODE;2026-05-19 17:00:37;23;;;;
303323;2;LINES_OF_CODE;2026-05-19 17:11:21;25;;;;
303084;2;LINES_OF_CODE;2026-05-20 08:34:24;23;;;;
303023;2;LINES_OF_CODE;2026-05-20 08:54:47;18;;;;
303261;2;LINES_OF_CODE;2026-05-20 09:03:16;22;;;;
302916;2;LINES_OF_CODE;2026-05-20 09:05:05;12;;;;
302941;2;LINES_OF_CODE;2026-05-20 09:55:34;5;;;;
303325;2;LINES_OF_CODE;2026-05-20 10:04:44;11;;;;
303324;2;LINES_OF_CODE;2026-05-20 10:35:27;15;;;;
303428;2;LINES_OF_CODE;2026-05-20 10:48:06;7;;;;
303329;2;LINES_OF_CODE;2026-05-20 11:51:36;16;;;;
303231;2;LINES_OF_CODE;2026-05-20 12:24:38;7;;;;
302822;2;LINES_OF_CODE;2026-05-20 12:32:11;12;;;;
302924;2;LINES_OF_CODE;2026-05-20 12:33:18;13;;;;
302972;2;LINES_OF_CODE;2026-05-20 12:34:10;25;;;;
303222;2;LINES_OF_CODE;2026-05-20 12:42:56;18;;;;
303392;2;LINES_OF_CODE;2026-05-20 12:59:31;0;;;;
303183;2;LINES_OF_CODE;2026-05-20 13:05:28;20;;;;
303338;2;LINES_OF_CODE;2026-05-20 13:34:43;25;;;;
303015;2;LINES_OF_CODE;2026-05-20 13:50:46;17;;;;
302957;2;LINES_OF_CODE;2026-05-20 13:59:56;8;;;;
303036;2;LINES_OF_CODE;2026-05-20 14:31:48;12;;;;
303339;2;LINES_OF_CODE;2026-05-20 15:04:20;13;;;;
303429;2;LINES_OF_CODE;2026-05-20 15:15:37;4;;;;
303168;2;LINES_OF_CODE;2026-05-20 15:17:34;15;;;;
303425;2;LINES_OF_CODE;2026-05-20 15:18:51;23;;;;
303150;2;LINES_OF_CODE;2026-05-20 15:43:47;12;;;;
302888;2;LINES_OF_CODE;2026-05-20 15:52:45;18;;;;
302842;2;LINES_OF_CODE;2026-05-20 16:05:48;27;;;;
303234;2;LINES_OF_CODE;2026-05-20 16:06:18;39;;;;
303054;2;LINES_OF_CODE;2026-05-20 16:19:43;20;;;;
302973;2;LINES_OF_CODE;2026-05-20 16:24:19;12;;;;
302949;2;LINES_OF_CODE;2026-05-20 16:41:59;9;;;;
303260;2;LINES_OF_CODE;2026-05-20 17:09:39;4;;;;
303127;2;LINES_OF_CODE;2026-05-20 17:30:48;11;;;;
302943;2;LINES_OF_CODE;2026-05-21 08:29:56;14;;;;
303255;2;LINES_OF_CODE;2026-05-21 08:51:16;19;;;;
302904;2;LINES_OF_CODE;2026-05-21 09:47:48;23;;;;
303019;2;LINES_OF_CODE;2026-05-21 10:15:23;11;;;;
303290;2;LINES_OF_CODE;2026-05-21 10:20:52;0;;;;
303227;2;LINES_OF_CODE;2026-05-21 10:38:22;10;;;;
303312;2;LINES_OF_CODE;2026-05-21 11:00:06;24;;;;
302991;2;LINES_OF_CODE;2026-05-21 11:22:58;16;;;;
303159;2;LINES_OF_CODE;2026-05-21 11:30:28;24;;;;
303269;2;LINES_OF_CODE;2026-05-21 11:45:18;4;;;;
303166;2;LINES_OF_CODE;2026-05-21 11:53:10;20;;;;
303056;2;LINES_OF_CODE;2026-05-21 11:56:08;16;;;;
303377;2;LINES_OF_CODE;2026-05-21 12:11:05;2;;;;
303477;2;LINES_OF_CODE;2026-05-21 12:41:46;24;;;;
303484;2;LINES_OF_CODE;2026-05-21 12:48:39;22;;;;
303059;2;LINES_OF_CODE;2026-05-21 12:51:55;25;;;;
303184;2;LINES_OF_CODE;2026-05-21 13:02:54;27;;;;
303067;2;LINES_OF_CODE;2026-05-21 13:18:46;4;;;;
303387;2;LINES_OF_CODE;2026-05-21 13:19:30;27;;;;
303417;2;LINES_OF_CODE;2026-05-21 13:20:47;8;;;;
302807;2;LINES_OF_CODE;2026-05-21 14:08:34;-2;;;;
302936;2;LINES_OF_CODE;2026-05-21 14:27:45;8;;;;
303094;2;LINES_OF_CODE;2026-05-21 14:58:44;3;;;;
303394;2;LINES_OF_CODE;2026-05-21 15:08:40;7;;;;
303076;2;LINES_OF_CODE;2026-05-21 15:11:09;17;;;;
302833;2;LINES_OF_CODE;2026-05-21 15:34:32;6;;;;
303105;2;LINES_OF_CODE;2026-05-21 16:11:49;13;;;;
303201;2;LINES_OF_CODE;2026-05-21 16:20:33;4;;;;
303162;2;LINES_OF_CODE;2026-05-21 16:20:48;16;;;;
302837;2;LINES_OF_CODE;2026-05-21 16:30:56;-5;;;;
303397;2;LINES_OF_CODE;2026-05-21 17:00:53;15;;;;
302992;2;LINES_OF_CODE;2026-05-21 17:11:10;19;;;;
303212;2;LINES_OF_CODE;2026-05-21 17:35:53;0;;;;
302986;2;LINES_OF_CODE;2026-05-21 17:37:54;22;;;;
302887;2;LINES_OF_CODE;2026-05-22 08:07:01;2;;;;
302803;2;LINES_OF_CODE;2026-05-22 08:41:12;17;;;;
303326;2;LINES_OF_CODE;2026-05-22 09:17:27;11;;;;
303186;2;LINES_OF_CODE;2026-05-22 09:18:19;14;;;;
303449;2;LINES_OF_CODE;2026-05-22 09:56:36;15;;;;
302884;2;LINES_OF_CODE;2026-05-22 10:08:07;14;;;;
302870;2;LINES_OF_CODE;2026-05-22 10:22:22;4;;;;
303090;2;LINES_OF_CODE;2026-05-22 10:40:28;28;;;;
303266;2;LINES_OF_CODE;2026-05-22 10:56:06;7;;;;
303189;2;LINES_OF_CODE;2026-05-22 11:02:59;-9;;;;
302875;2;LINES_OF_CODE;2026-05-22 11:34:12;16;;;;
303195;2;LINES_OF_CODE;2026-05-22 11:51:48;7;;;;
303431;2;LINES_OF_CODE;2026-05-22 12:11:39;27;;;;
303354;2;LINES_OF_CODE;2026-05-22 12:36:24;25;;;;
303079;2;LINES_OF_CODE;2026-05-22 12:42:54;-7;;;;
303277;2;LINES_OF_CODE;2026-05-22 13:16:26;15;;;;
303280;2;LINES_OF_CODE;2026-05-22 13:18:47;16;;;;
303216;2;LINES_OF_CODE;2026-05-22 13:32:35;11;;;;
302915;2;LINES_OF_CODE;2026-05-22 13:46:17;-3;;;;
302852;2;LINES_OF_CODE;2026-05-22 13:49:05;13;;;;
303327;2;LINES_OF_CODE;2026-05-22 14:12:07;21;;;;
303130;2;LINES_OF_CODE;2026-05-22 14:31:01;0;;;;
302892;2;LINES_OF_CODE;2026-05-22 15:20:24;3;;;;
303296;2;LINES_OF_CODE;2026-05-22 15:48:31;8;;;;
303360;2;LINES_OF_CODE;2026-05-22 16:09:29;19;;;;
302844;2;LINES_OF_CODE;2026-05-22 16:20:02;16;;;;
302946;2;LINES_OF_CODE;2026-05-22 16:44:08;24;;;;
302956;2;LINES_OF_CODE;2026-05-22 16:48:47;16;;;;
303117;2;LINES_OF_CODE;2026-05-22 17:17:22;19;;;;
302893;2;LINES_OF_CODE;2026-05-22 17:23:04;24;;;;
303030;2;LINES_OF_CODE;2026-05-25 08:03:39;-1;;;;
302938;2;LINES_OF_CODE;2026-05-25 08:33:50;28;;;;
303257;2;LINES_OF_CODE;2026-05-25 08:34:47;-1;;;;
303393;2;LINES_OF_CODE;2026-05-25 08:40:37;30;;;;
303179;2;LINES_OF_CODE;2026-05-25 09:19:19;23;;;;
303334;2;LINES_OF_CODE;2026-05-25 09:27:11;13;;;;
303343;2;LINES_OF_CODE;2026-05-25 09:30:57;26;;;;
303295;2;LINES_OF_CODE;2026-05-25 09:48:05;14;;;;
302910;2;LINES_OF_CODE;2026-05-25 10:12:45;2;;;;
303031;2;LINES_OF_CODE;2026-05-25 10:15:28;12;;;;
303102;2;LINES_OF_CODE;2026-05-25 10:23:45;20;;;;
303116;2;LINES_OF_CODE;2026-05-25 10:54:52;6;;;;
303163;2;LINES_OF_CODE;2026-05-25 11:22:31;34;;;;
302927;2;LINES_OF_CODE;2026-05-25 11:24:54;21;;;;
303259;2;LINES_OF_CODE;2026-05-25 11:35:06;9;;;;
302889;2;LINES_OF_CODE;2026-05-25 12:12:43;13;;;;
302868;2;LINES_OF_CODE;2026-05-25 12:29:24;15;;;;
302960;2;LINES_OF_CODE;2026-05-25 13:00:36;17;;;;
303014;2;LINES_OF_CODE;2026-05-25 13:25:18;13;;;;
303213;2;LINES_OF_CODE;2026-05-25 13:35:14;6;;;;
303082;2;LINES_OF_CODE;2026-05-25 14:17:14;8;;;;
303242;2;LINES_OF_CODE;2026-05-25 14:26:52;11;;;;
302980;2;LINES_OF_CODE;2026-05-25 14:42:09;15;;;;
303258;2;LINES_OF_CODE;2026-05-25 14:56:35;17;;;;
302871;2;LINES_OF_CODE;2026-05-25 14:57:57;23;;;;
303443;2;LINES_OF_CODE;2026-05-25 15:02:31;2;;;;
303364;2;LINES_OF_CODE;2026-05-25 15:24:18;26;;;;
303497;2;LINES_OF_CODE;2026-05-25 15:59:43;25;;;;
303121;2;LINES_OF_CODE;2026-05-25 16:18:16;2;;;;
302942;2;LINES_OF_CODE;2026-05-25 16:29:02;13;;;;
303050;2;LINES_OF_CODE;2026-05-25 16:48:15;20;;;;
303245;2;LINES_OF_CODE;2026-05-25 16:57:28;3;;;;
303204;2;LINES_OF_CODE;2026-05-25 17:10:14;2;;;;
302968;2;LINES_OF_CODE;2026-05-25 17:24:51;7;;;;
303328;2;LINES_OF_CODE;2026-05-25 17:32:10;12;;;;
303409;2;LINES_OF_CODE;2026-05-25 17:48:31;-1;;;;
302945;2;LINES_OF_CODE;2026-05-25 17:53:06;7;;;;
303347;2;LINES_OF_CODE;2026-05-25 17:53:25;17;;;;
303154;2;LINES_OF_CODE;2026-05-25 17:54:55;10;;;;
303140;2;LINES_OF_CODE;2026-05-25 17:57:05;16;;;;
303444;2;LINES_OF_CODE;2026-05-26 08:04:25;31;;;;
303453;2;LINES_OF_CODE;2026-05-26 08:05:16;23;;;;
303214;2;LINES_OF_CODE;2026-05-26 08:38:07;13;;;;
303111;2;LINES_OF_CODE;2026-05-26 08:57:37;2;;;;
303435;2;LINES_OF_CODE;2026-05-26 09:01:10;-1;;;;
303355;2;LINES_OF_CODE;2026-05-26 09:11:51;5;;;;
302918;2;LINES_OF_CODE;2026-05-26 09:28:40;24;;;;
302920;2;LINES_OF_CODE;2026-05-26 09:49:07;16;;;;
302919;2;LINES_OF_CODE;2026-05-26 10:08:54;-2;;;;
303238;2;LINES_OF_CODE;2026-05-26 10:12:30;13;;;;
303287;2;LINES_OF_CODE;2026-05-26 10:29:18;14;;;;
302906;2;LINES_OF_CODE;2026-05-26 10:37:58;2;;;;
303038;2;LINES_OF_CODE;2026-05-26 10:59:31;-7;;;;
302926;2;LINES_OF_CODE;2026-05-26 11:04:15;-12;;;;
303461;2;LINES_OF_CODE;2026-05-26 11:09:52;-2;;;;
302879;2;LINES_OF_CODE;2026-05-26 11:17:18;1;;;;
302820;2;LINES_OF_CODE;2026-05-26 11:20:31;16;;;;
303072;2;LINES_OF_CODE;2026-05-26 11:39:35;8;;;;
303253;2;LINES_OF_CODE;2026-05-26 12:03:04;21;;;;
302962;2;LINES_OF_CODE;2026-05-26 12:10:55;12;;;;
303316;2;LINES_OF_CODE;2026-05-26 12:26:13;5;;;;
303133;2;LINES_OF_CODE;2026-05-26 12:28:23;35;;;;
303169;2;LINES_OF_CODE;2026-05-26 12:33:30;0;;;;
303188;2;LINES_OF_CODE;2026-05-26 12:42:15;13;;;;
303048;2;LINES_OF_CODE;2026-05-26 12:45:46;3;;;;
303278;2;LINES_OF_CODE;2026-05-26 12:48:13;25;;;;
303472;2;LINES_OF_CODE;2026-05-26 13:24:11;15;;;;
303262;2;LINES_OF_CODE;2026-05-26 13:39:02;33;;;;
302999;2;LINES_OF_CODE;2026-05-26 13:46:40;0;;;;
302939;2;LINES_OF_CODE;2026-05-26 13:57:27;-1;;;;
303083;2;LINES_OF_CODE;2026-05-26 14:01:08;4;;;;
302988;2;LINES_OF_CODE;2026-05-26 14:20:22;26;;;;
303120;2;LINES_OF_CODE;2026-05-26 14:31:50;24;;;;
302860;2;LINES_OF_CODE;2026-05-26 15:27:26;-3;;;;
303032;2;LINES_OF_CODE;2026-05-26 15:30:32;4;;;;
303319;2;LINES_OF_CODE;2026-05-26 15:38:41;12;;;;
303225;2;LINES_OF_CODE;2026-05-26 15:45:43;7;;;;
302932;2;LINES_OF_CODE;2026-05-26 15:50:44;6;;;;
303438;2;LINES_OF_CODE;2026-05-26 15:53:45;24;;;;
303198;2;LINES_OF_CODE;2026-05-26 16:24:04;12;;;;
302814;2;LINES_OF_CODE;2026-05-26 16:53:44;26;;;;
302813;2;LINES_OF_CODE;2026-05-26 17:21:19;14;;;;
303085;2;LINES_OF_CODE;2026-05-27 08:19:37;10;;;;
302821;2;LINES_OF_CODE;2026-05-27 08:24:44;19;;;;
303022;2;LINES_OF_CODE;2026-05-27 08:35:38;4;;;;
303230;2;LINES_OF_CODE;2026-05-27 09:10:59;0;;;;
303315;2;LINES_OF_CODE;2026-05-27 09:17:00;-4;;;;
302854;2;LINES_OF_CODE;2026-05-27 09:21:04;10;;;;
303003;2;LINES_OF_CODE;2026-05-27 09:52:43;9;;;;
303410;2;LINES_OF_CODE;2026-05-27 10:02:50;-2;;;;
303124;2;LINES_OF_CODE;2026-05-27 10:13:51;22;;;;
303197;2;LINES_OF_CODE;2026-05-27 10:15:25;3;;;;
302802;2;LINES_OF_CODE;2026-05-27 10:19:28;1;;;;
303483;2;LINES_OF_CODE;2026-05-27 10:29:32;4;;;;
303378;2;LINES_OF_CODE;2026-05-27 10:33:07;32;;;;
303482;2;LINES_OF_CODE;2026-05-27 10:42:33;21;;;;
303138;2;LINES_OF_CODE;2026-05-27 11:15:09;8;;;;
302981;2;LINES_OF_CODE;2026-05-27 11:22:26;4;;;;
303206;2;LINES_OF_CODE;2026-05-27 11:26:59;17;;;;
303191;2;LINES_OF_CODE;2026-05-27 11:31:00;18;;;;
303101;2;LINES_OF_CODE;2026-05-27 11:33:12;23;;;;
303447;2;LINES_OF_CODE;2026-05-27 12:21:55;7;;;;
302902;2;LINES_OF_CODE;2026-05-27 12:29:23;19;;;;
303305;2;LINES_OF_CODE;2026-05-27 12:29:24;8;;;;
303047;2;LINES_OF_CODE;2026-05-27 12:48:59;0;;;;
303108;2;LINES_OF_CODE;2026-05-27 12:58:34;8;;;;
303376;2;LINES_OF_CODE;2026-05-27 12:59:43;-7;;;;
303399;2;LINES_OF_CODE;2026-05-27 13:03:54;12;;;;
302839;2;LINES_OF_CODE;2026-05-27 13:17:37;7;;;;
303228;2;LINES_OF_CODE;2026-05-27 13:18:47;3;;;;
303002;2;LINES_OF_CODE;2026-05-27 13:20:18;26;;;;
302979;2;LINES_OF_CODE;2026-05-27 15:19:37;11;;;;
303475;2;LINES_OF_CODE;2026-05-27 15:28:39;-3;;;;
302853;2;LINES_OF_CODE;2026-05-27 15:56:24;14;;;;
303243;2;LINES_OF_CODE;2026-05-27 16:15:47;13;;;;
302983;2;LINES_OF_CODE;2026-05-27 16:25:21;19;;;;
302804;2;LINES_OF_CODE;2026-05-27 16:44:34;9;;;;
302834;2;LINES_OF_CODE;2026-05-27 17:22:00;20;;;;
303454;2;LINES_OF_CODE;2026-05-27 17:28:15;19;;;;
303164;2;LINES_OF_CODE;2026-05-27 17:29:00;24;;;;
303419;2;LINES_OF_CODE;2026-05-28 08:05:36;19;;;;
302997;2;LINES_OF_CODE;2026-05-28 09:01:41;10;;;;
303350;2;LINES_OF_CODE;2026-05-28 09:02:08;24;;;;
303357;2;LINES_OF_CODE;2026-05-28 09:04:49;-5;;;;
303155;2;LINES_OF_CODE;2026-05-28 09:47:14;14;;;;
302894;2;LINES_OF_CODE;2026-05-28 09:55:14;14;;;;
303436;2;LINES_OF_CODE;2026-05-28 09:56:21;8;;;;
303088;2;LINES_OF_CODE;2026-05-28 09:58:31;26;;;;
303104;2;LINES_OF_CODE;2026-05-28 10:09:27;37;;;;
302971;2;LINES_OF_CODE;2026-05-28 10:45:21;24;;;;
303487;2;LINES_OF_CODE;2026-05-28 10:53:38;26;;;;
303254;2;LINES_OF_CODE;2026-05-28 12:00:06;12;;;;
303160;2;LINES_OF_CODE;2026-05-28 12:28:53;5;;;;
303375;2;LINES_OF_CODE;2026-05-28 12:29:56;11;;;;
302907;2;LINES_OF_CODE;2026-05-28 12:43:47;1;;;;
303452;2;LINES_OF_CODE;2026-05-28 12:55:40;5;;;;
303103;2;LINES_OF_CODE;2026-05-28 13:43:12;14;;;;
303147;2;LINES_OF_CODE;2026-05-28 13:50:40;7;;;;
303308;2;LINES_OF_CODE;2026-05-28 14:24:08;1;;;;
303006;2;LINES_OF_CODE;2026-05-28 14:28:57;4;;;;
303237;2;LINES_OF_CODE;2026-05-28 14:29:17;21;;;;
303421;2;LINES_OF_CODE;2026-05-28 14:36:24;16;;;;
302917;2;LINES_OF_CODE;2026-05-28 14:49:34;12;;;;
303344;2;LINES_OF_CODE;2026-05-28 15:16:53;14;;;;
302867;2;LINES_OF_CODE;2026-05-28 15:21:15;15;;;;
302930;2;LINES_OF_CODE;2026-05-28 15:38:04;19;;;;
303026;2;LINES_OF_CODE;2026-05-28 15:54:15;15;;;;
303332;2;LINES_OF_CODE;2026-05-28 16:18:21;14;;;;
303297;2;LINES_OF_CODE;2026-05-28 16:30:24;6;;;;
303149;2;LINES_OF_CODE;2026-05-28 16:50:15;5;;;;
303114;2;LINES_OF_CODE;2026-05-28 17:16:45;34;;;;
303092;2;LINES_OF_CODE;2026-05-29 08:20:46;0;;;;
303010;2;LINES_OF_CODE;2026-05-29 09:35:36;27;;;;
303028;2;LINES_OF_CODE;2026-05-29 09:43:15;-14;;;;
303383;2;LINES_OF_CODE;2026-05-29 09:56:57;7;;;;
303373;2;LINES_OF_CODE;2026-05-29 09:57:02;17;;;;
303465;2;LINES_OF_CODE;2026-05-29 10:19:07;14;;;;
303485;2;LINES_OF_CODE;2026-05-29 10:21:52;-8;;;;
303007;2;LINES_OF_CODE;2026-05-29 10:37:14;9;;;;
303053;2;LINES_OF_CODE;2026-05-29 10:40:17;10;;;;
303193;2;LINES_OF_CODE;2026-05-29 10:52:38;9;;;;
303251;2;LINES_OF_CODE;2026-05-29 11:12:54;20;;;;
303272;2;LINES_OF_CODE;2026-05-29 12:36:40;13;;;;
302905;2;LINES_OF_CODE;2026-05-29 12:38:47;14;;;;
303416;2;LINES_OF_CODE;2026-05-29 12:51:30;13;;;;
302978;2;LINES_OF_CODE;2026-05-29 12:51:58;7;;;;
302911;2;LINES_OF_CODE;2026-05-29 13:34:09;23;;;;
303107;2;LINES_OF_CODE;2026-05-29 13:54:31;-20;;;;
302806;2;LINES_OF_CODE;2026-05-29 14:10:14;5;;;;
302982;2;LINES_OF_CODE;2026-05-29 15:07:59;30;;;;
303432;2;LINES_OF_CODE;2026-05-29 15:34:40;11;;;;
303137;2;LINES_OF_CODE;2026-05-29 16:08:07;22;;;;
302965;2;LINES_OF_CODE;2026-05-29 16:17:11;15;;;;
303011;2;LINES_OF_CODE;2026-05-29 16:32:27;2;;;;
302923;2;LINES_OF_CODE;2026-05-29 17:16:37;2;;;;
303359;2;LINES_OF_CODE;2026-05-29 17:21:10;9;;;;
303598;2;LINES_OF_CODE;2026-06-01 08:37:20;7;;;;
303879;2;LINES_OF_CODE;2026-06-01 08:40:16;17;;;;
304078;2;LINES_OF_CODE;2026-06-01 09:10:23;0;;;;
303515;2;LINES_OF_CODE;2026-06-01 09:30:19;20;;;;
303548;2;LINES_OF_CODE;2026-06-01 09:31:18;10;;;;
304138;2;LINES_OF_CODE;2026-06-01 09:43:00;14;;;;
304053;2;LINES_OF_CODE;2026-06-01 10:13:24;10;;;;
303975;2;LINES_OF_CODE;2026-06-01 11:04:20;6;;;;
304043;2;LINES_OF_CODE;2026-06-01 11:08:07;1;;;;
304047;2;LINES_OF_CODE;2026-06-01 11:10:19;12;;;;
304076;2;LINES_OF_CODE;2026-06-01 11:14:04;15;;;;
303747;2;LINES_OF_CODE;2026-06-01 11:32:18;22;;;;
304103;2;LINES_OF_CODE;2026-06-01 12:03:40;1;;;;
303711;2;LINES_OF_CODE;2026-06-01 12:19:49;12;;;;
303575;2;LINES_OF_CODE;2026-06-01 12:38:37;13;;;;
303684;2;LINES_OF_CODE;2026-06-01 12:41:07;0;;;;
303870;2;LINES_OF_CODE;2026-06-01 13:26:30;1;;;;
303578;2;LINES_OF_CODE;2026-06-01 13:37:37;10;;;;
303911;2;LINES_OF_CODE;2026-06-01 13:42:54;13;;;;
304007;2;LINES_OF_CODE;2026-06-01 13:43:01;21;;;;
304034;2;LINES_OF_CODE;2026-06-01 14:22:13;21;;;;
303894;2;LINES_OF_CODE;2026-06-01 14:34:00;-4;;;;
303717;2;LINES_OF_CODE;2026-06-01 14:53:42;15;;;;
303641;2;LINES_OF_CODE;2026-06-01 15:51:39;-1;;;;
303605;2;LINES_OF_CODE;2026-06-01 17:31:24;14;;;;
303748;2;LINES_OF_CODE;2026-06-02 08:04:27;14;;;;
303895;2;LINES_OF_CODE;2026-06-02 08:05:47;0;;;;
303884;2;LINES_OF_CODE;2026-06-02 08:12:59;15;;;;
303798;2;LINES_OF_CODE;2026-06-02 08:19:43;19;;;;
303949;2;LINES_OF_CODE;2026-06-02 08:20:00;23;;;;
304140;2;LINES_OF_CODE;2026-06-02 08:29:51;15;;;;
303955;2;LINES_OF_CODE;2026-06-02 08:59:51;13;;;;
303823;2;LINES_OF_CODE;2026-06-02 09:46:56;1;;;;
303871;2;LINES_OF_CODE;2026-06-02 09:47:09;-1;;;;
303896;2;LINES_OF_CODE;2026-06-02 09:55:47;11;;;;
303674;2;LINES_OF_CODE;2026-06-02 10:09:59;15;;;;
303740;2;LINES_OF_CODE;2026-06-02 10:45:03;-15;;;;
303718;2;LINES_OF_CODE;2026-06-02 10:47:41;16;;;;
303961;2;LINES_OF_CODE;2026-06-02 10:58:54;0;;;;
303807;2;LINES_OF_CODE;2026-06-02 11:17:21;7;;;;
303780;2;LINES_OF_CODE;2026-06-02 11:46:17;27;;;;
303867;2;LINES_OF_CODE;2026-06-02 12:42:24;9;;;;
303673;2;LINES_OF_CODE;2026-06-02 12:54:20;6;;;;
303825;2;LINES_OF_CODE;2026-06-02 14:01:10;9;;;;
303733;2;LINES_OF_CODE;2026-06-02 14:30:02;7;;;;
303928;2;LINES_OF_CODE;2026-06-02 15:03:41;20;;;;
303602;2;LINES_OF_CODE;2026-06-02 15:05:18;18;;;;
303937;2;LINES_OF_CODE;2026-06-02 15:30:11;8;;;;
303608;2;LINES_OF_CODE;2026-06-02 15:50:54;30;;;;
303573;2;LINES_OF_CODE;2026-06-02 16:27:28;10;;;;
303736;2;LINES_OF_CODE;2026-06-02 16:42:57;9;;;;
303716;2;LINES_OF_CODE;2026-06-02 16:54:04;16;;;;
303611;2;LINES_OF_CODE;2026-06-02 16:58:21;26;;;;
303813;2;LINES_OF_CODE;2026-06-02 17:00:12;14;;;;
303622;2;LINES_OF_CODE;2026-06-02 17:09:11;27;;;;
303812;2;LINES_OF_CODE;2026-06-02 17:12:40;12;;;;
303951;2;LINES_OF_CODE;2026-06-02 17:55:13;11;;;;
303749;2;LINES_OF_CODE;2026-06-03 08:10:37;9;;;;
303505;2;LINES_OF_CODE;2026-06-03 08:15:13;15;;;;
304086;2;LINES_OF_CODE;2026-06-03 08:28:08;19;;;;
303654;2;LINES_OF_CODE;2026-06-03 08:30:21;18;;;;
303732;2;LINES_OF_CODE;2026-06-03 09:09:09;1;;;;
303836;2;LINES_OF_CODE;2026-06-03 09:10:14;0;;;;
303774;2;LINES_OF_CODE;2026-06-03 09:26:29;18;;;;
304110;2;LINES_OF_CODE;2026-06-03 10:03:54;7;;;;
303974;2;LINES_OF_CODE;2026-06-03 11:53:44;-3;;;;
303570;2;LINES_OF_CODE;2026-06-03 11:54:16;10;;;;
303830;2;LINES_OF_CODE;2026-06-03 12:26:43;2;;;;
303999;2;LINES_OF_CODE;2026-06-03 12:33:11;10;;;;
303653;2;LINES_OF_CODE;2026-06-03 12:40:47;11;;;;
303962;2;LINES_OF_CODE;2026-06-03 13:20:34;11;;;;
303766;2;LINES_OF_CODE;2026-06-03 13:45:43;22;;;;
304128;2;LINES_OF_CODE;2026-06-03 13:53:43;8;;;;
303944;2;LINES_OF_CODE;2026-06-03 13:54:55;21;;;;
303532;2;LINES_OF_CODE;2026-06-03 14:02:36;-1;;;;
303805;2;LINES_OF_CODE;2026-06-03 14:40:24;9;;;;
303701;2;LINES_OF_CODE;2026-06-03 14:42:41;12;;;;
303657;2;LINES_OF_CODE;2026-06-03 15:07:51;13;;;;
303943;2;LINES_OF_CODE;2026-06-03 16:11:20;12;;;;
303972;2;LINES_OF_CODE;2026-06-03 16:53:38;31;;;;
303618;2;LINES_OF_CODE;2026-06-03 17:22:04;15;;;;
303614;2;LINES_OF_CODE;2026-06-03 17:32:08;8;;;;
303665;2;LINES_OF_CODE;2026-06-03 17:38:56;9;;;;
303681;2;LINES_OF_CODE;2026-06-04 08:29:47;19;;;;
303772;2;LINES_OF_CODE;2026-06-04 08:49:54;14;;;;
303824;2;LINES_OF_CODE;2026-06-04 08:55:18;9;;;;
303932;2;LINES_OF_CODE;2026-06-04 08:57:39;3;;;;
303661;2;LINES_OF_CODE;2026-06-04 09:34:19;11;;;;
303878;2;LINES_OF_CODE;2026-06-04 09:56:57;16;;;;
303793;2;LINES_OF_CODE;2026-06-04 10:03:53;17;;;;
303968;2;LINES_OF_CODE;2026-06-04 11:09:43;-4;;;;
303751;2;LINES_OF_CODE;2026-06-04 11:10:01;23;;;;
304036;2;LINES_OF_CODE;2026-06-04 11:18:52;1;;;;
303781;2;LINES_OF_CODE;2026-06-04 11:43:00;17;;;;
303642;2;LINES_OF_CODE;2026-06-04 11:45:07;-6;;;;
303509;2;LINES_OF_CODE;2026-06-04 12:38:23;14;;;;
303868;2;LINES_OF_CODE;2026-06-04 12:43:42;20;;;;
303979;2;LINES_OF_CODE;2026-06-04 14:03:46;14;;;;
303526;2;LINES_OF_CODE;2026-06-04 14:16:27;-5;;;;
303853;2;LINES_OF_CODE;2026-06-04 14:43:10;13;;;;
304120;2;LINES_OF_CODE;2026-06-04 14:50:22;13;;;;
303802;2;LINES_OF_CODE;2026-06-04 15:01:40;24;;;;
303631;2;LINES_OF_CODE;2026-06-04 15:04:37;19;;;;
303843;2;LINES_OF_CODE;2026-06-04 15:32:24;9;;;;
303689;2;LINES_OF_CODE;2026-06-04 15:48:34;21;;;;
303588;2;LINES_OF_CODE;2026-06-04 15:49:01;19;;;;
303625;2;LINES_OF_CODE;2026-06-04 15:56:18;16;;;;
303538;2;LINES_OF_CODE;2026-06-04 16:46:00;5;;;;
303520;2;LINES_OF_CODE;2026-06-04 17:20:02;28;;;;
303899;2;LINES_OF_CODE;2026-06-04 17:43:31;14;;;;
304091;2;LINES_OF_CODE;2026-06-04 17:47:46;25;;;;
303992;2;LINES_OF_CODE;2026-06-05 08:59:30;7;;;;
303714;2;LINES_OF_CODE;2026-06-05 09:28:49;13;;;;
303861;2;LINES_OF_CODE;2026-06-05 09:58:59;17;;;;
303908;2;LINES_OF_CODE;2026-06-05 09:59:46;18;;;;
303835;2;LINES_OF_CODE;2026-06-05 10:11:28;17;;;;
303816;2;LINES_OF_CODE;2026-06-05 10:27:13;2;;;;
303519;2;LINES_OF_CODE;2026-06-05 11:00:40;24;;;;
304126;2;LINES_OF_CODE;2026-06-05 11:00:41;10;;;;
303627;2;LINES_OF_CODE;2026-06-05 11:24:27;16;;;;
303522;2;LINES_OF_CODE;2026-06-05 11:28:26;5;;;;
304035;2;LINES_OF_CODE;2026-06-05 12:19:01;26;;;;
303560;2;LINES_OF_CODE;2026-06-05 12:46:43;22;;;;
304029;2;LINES_OF_CODE;2026-06-05 12:53:29;20;;;;
303978;2;LINES_OF_CODE;2026-06-05 13:28:46;6;;;;
303734;2;LINES_OF_CODE;2026-06-05 13:34:43;12;;;;
303977;2;LINES_OF_CODE;2026-06-05 13:45:16;15;;;;
303952;2;LINES_OF_CODE;2026-06-05 14:12:51;13;;;;
303601;2;LINES_OF_CODE;2026-06-05 14:47:30;5;;;;
304143;2;LINES_OF_CODE;2026-06-05 15:38:18;27;;;;
304137;2;LINES_OF_CODE;2026-06-05 15:39:07;22;;;;
303777;2;LINES_OF_CODE;2026-06-05 15:40:14;17;;;;
304069;2;LINES_OF_CODE;2026-06-05 15:53:10;16;;;;
303934;2;LINES_OF_CODE;2026-06-05 16:05:24;16;;;;
303579;2;LINES_OF_CODE;2026-06-05 16:17:19;11;;;;
303902;2;LINES_OF_CODE;2026-06-05 17:33:21;-4;;;;
303531;2;LINES_OF_CODE;2026-06-05 17:41:59;12;;;;
303936;2;LINES_OF_CODE;2026-06-05 17:56:48;18;;;;
303638;2;LINES_OF_CODE;2026-06-05 17:58:29;16;;;;
303989;2;LINES_OF_CODE;2026-06-08 09:30:05;23;;;;
303927;2;LINES_OF_CODE;2026-06-08 09:53:35;4;;;;
303616;2;LINES_OF_CODE;2026-06-08 10:25:16;14;;;;
303683;2;LINES_OF_CODE;2026-06-08 10:30:00;24;;;;
303782;2;LINES_OF_CODE;2026-06-08 10:35:45;27;;;;
303582;2;LINES_OF_CODE;2026-06-08 11:14:35;10;;;;
303779;2;LINES_OF_CODE;2026-06-08 11:19:45;16;;;;
303746;2;LINES_OF_CODE;2026-06-08 11:25:18;29;;;;
304101;2;LINES_OF_CODE;2026-06-08 11:41:48;4;;;;
303841;2;LINES_OF_CODE;2026-06-08 11:42:08;16;;;;
303731;2;LINES_OF_CODE;2026-06-08 12:10:21;13;;;;
303792;2;LINES_OF_CODE;2026-06-08 12:12:31;20;;;;
304122;2;LINES_OF_CODE;2026-06-08 12:14:02;8;;;;
303756;2;LINES_OF_CODE;2026-06-08 12:23:49;13;;;;
303810;2;LINES_OF_CODE;2026-06-08 12:54:24;14;;;;
303771;2;LINES_OF_CODE;2026-06-08 13:07:50;-9;;;;
304013;2;LINES_OF_CODE;2026-06-08 13:10:50;12;;;;
304014;2;LINES_OF_CODE;2026-06-08 13:11:39;12;;;;
303844;2;LINES_OF_CODE;2026-06-08 13:15:57;19;;;;
304063;2;LINES_OF_CODE;2026-06-08 13:27:24;0;;;;
303554;2;LINES_OF_CODE;2026-06-08 13:35:07;16;;;;
304131;2;LINES_OF_CODE;2026-06-08 13:37:01;17;;;;
304010;2;LINES_OF_CODE;2026-06-08 13:57:41;-8;;;;
304077;2;LINES_OF_CODE;2026-06-08 14:37:18;17;;;;
304135;2;LINES_OF_CODE;2026-06-08 14:44:48;3;;;;
304060;2;LINES_OF_CODE;2026-06-08 14:51:55;5;;;;
303571;2;LINES_OF_CODE;2026-06-08 14:53:01;1;;;;
303882;2;LINES_OF_CODE;2026-06-08 14:56:05;10;;;;
304002;2;LINES_OF_CODE;2026-06-08 14:58:24;42;;;;
303645;2;LINES_OF_CODE;2026-06-08 15:12:26;0;;;;
303803;2;LINES_OF_CODE;2026-06-08 15:14:04;10;;;;
303535;2;LINES_OF_CODE;2026-06-08 15:32:14;18;;;;
303804;2;LINES_OF_CODE;2026-06-08 15:54:36;7;;;;
303866;2;LINES_OF_CODE;2026-06-08 15:55:19;7;;;;
304052;2;LINES_OF_CODE;2026-06-08 16:07:23;9;;;;
303690;2;LINES_OF_CODE;2026-06-08 16:19:42;9;;;;
303658;2;LINES_OF_CODE;2026-06-08 16:34:31;8;;;;
303536;2;LINES_OF_CODE;2026-06-08 16:54:23;20;;;;
303901;2;LINES_OF_CODE;2026-06-08 17:34:28;28;;;;
303607;2;LINES_OF_CODE;2026-06-08 17:38:28;7;;;;
304064;2;LINES_OF_CODE;2026-06-08 17:44:41;6;;;;
303610;2;LINES_OF_CODE;2026-06-08 17:52:11;12;;;;
303755;2;LINES_OF_CODE;2026-06-08 17:52:31;-2;;;;
303872;2;LINES_OF_CODE;2026-06-08 17:59:49;12;;;;
304061;2;LINES_OF_CODE;2026-06-09 08:39:02;7;;;;
303692;2;LINES_OF_CODE;2026-06-09 08:44:51;19;;;;
304027;2;LINES_OF_CODE;2026-06-09 08:53:26;5;;;;
303905;2;LINES_OF_CODE;2026-06-09 09:58:49;15;;;;
303954;2;LINES_OF_CODE;2026-06-09 10:08:19;-6;;;;
303849;2;LINES_OF_CODE;2026-06-09 10:36:25;22;;;;
303694;2;LINES_OF_CODE;2026-06-09 11:09:32;22;;;;
303819;2;LINES_OF_CODE;2026-06-09 12:26:09;23;;;;
303852;2;LINES_OF_CODE;2026-06-09 12:52:08;7;;;;
303591;2;LINES_OF_CODE;2026-06-09 13:01:22;1;;;;
304147;2;LINES_OF_CODE;2026-06-09 14:33:58;11;;;;
303950;2;LINES_OF_CODE;2026-06-09 14:40:38;0;;;;
303502;2;LINES_OF_CODE;2026-06-09 14:57:10;6;;;;
304111;2;LINES_OF_CODE;2026-06-09 15:39:41;1;;;;
303501;2;LINES_OF_CODE;2026-06-09 15:45:25;9;;;;
304050;2;LINES_OF_CODE;2026-06-09 16:05:57;18;;;;
303539;2;LINES_OF_CODE;2026-06-09 16:15:08;19;;;;
303620;2;LINES_OF_CODE;2026-06-09 17:09:35;9;;;;
303655;2;LINES_OF_CODE;2026-06-10 08:37:28;6;;;;
303829;2;LINES_OF_CODE;2026-06-10 08:56:21;4;;;;
303664;2;LINES_OF_CODE;2026-06-10 09:08:15;9;;;;
303987;2;LINES_OF_CODE;2026-06-10 10:13:30;5;;;;
304055;2;LINES_OF_CODE;2026-06-10 10:17:58;9;;;;
303855;2;LINES_OF_CODE;2026-06-10 10:31:34;-1;;;;
304049;2;LINES_OF_CODE;2026-06-10 10:41:25;0;;;;
304006;2;LINES_OF_CODE;2026-06-10 10:56:59;10;;;;
304114;2;LINES_OF_CODE;2026-06-10 10:58:20;16;;;;
303947;2;LINES_OF_CODE;2026-06-10 11:00:45;0;;;;
303930;2;LINES_OF_CODE;2026-06-10 11:55:54;-2;;;;
303986;2;LINES_OF_CODE;2026-06-10 12:07:24;12;;;;
303715;2;LINES_OF_CODE;2026-06-10 12:11:02;19;;;;
304030;2;LINES_OF_CODE;2026-06-10 12:20:24;0;;;;
303688;2;LINES_OF_CODE;2026-06-10 12:27:06;12;;;;
304127;2;LINES_OF_CODE;2026-06-10 12:37:21;1;;;;
304026;2;LINES_OF_CODE;2026-06-10 12:50:56;2;;;;
303599;2;LINES_OF_CODE;2026-06-10 13:38:12;17;;;;
303935;2;LINES_OF_CODE;2026-06-10 14:02:40;0;;;;
303553;2;LINES_OF_CODE;2026-06-10 15:08:27;17;;;;
303767;2;LINES_OF_CODE;2026-06-10 15:27:45;17;;;;
304079;2;LINES_OF_CODE;2026-06-10 15:53:27;7;;;;
303967;2;LINES_OF_CODE;2026-06-10 16:02:03;14;;;;
303586;2;LINES_OF_CODE;2026-06-10 16:05:42;15;;;;
304009;2;LINES_OF_CODE;2026-06-10 16:06:11;13;;;;
303848;2;LINES_OF_CODE;2026-06-10 16:07:02;30;;;;
303845;2;LINES_OF_CODE;2026-06-10 16:09:10;0;;;;
304116;2;LINES_OF_CODE;2026-06-10 16:15:33;1;;;;
304011;2;LINES_OF_CODE;2026-06-10 16:23:58;5;;;;
304056;2;LINES_OF_CODE;2026-06-10 16:29:02;20;;;;
304000;2;LINES_OF_CODE;2026-06-10 17:22:36;8;;;;
303741;2;LINES_OF_CODE;2026-06-10 17:58:29;5;;;;
303517;2;LINES_OF_CODE;2026-06-11 08:07:57;10;;;;
303784;2;LINES_OF_CODE;2026-06-11 08:08:52;3;;;;
303635;2;LINES_OF_CODE;2026-06-11 08:09:54;16;;;;
303815;2;LINES_OF_CODE;2026-06-11 08:14:33;9;;;;
304037;2;LINES_OF_CODE;2026-06-11 08:25:04;5;;;;
303877;2;LINES_OF_CODE;2026-06-11 08:42:34;3;;;;
303581;2;LINES_OF_CODE;2026-06-11 09:11:32;6;;;;
303993;2;LINES_OF_CODE;2026-06-11 09:14:48;20;;;;
304017;2;LINES_OF_CODE;2026-06-11 09:58:09;6;;;;
303765;2;LINES_OF_CODE;2026-06-11 10:30:07;18;;;;
303808;2;LINES_OF_CODE;2026-06-11 10:45:45;12;;;;
303959;2;LINES_OF_CODE;2026-06-11 12:17:28;16;;;;
304115;2;LINES_OF_CODE;2026-06-11 12:28:22;11;;;;
303787;2;LINES_OF_CODE;2026-06-11 12:56:05;9;;;;
303826;2;LINES_OF_CODE;2026-06-11 13:58:43;15;;;;
304054;2;LINES_OF_CODE;2026-06-11 13:59:10;9;;;;
304081;2;LINES_OF_CODE;2026-06-11 14:11:48;19;;;;
303666;2;LINES_OF_CODE;2026-06-11 15:07:30;5;;;;
303837;2;LINES_OF_CODE;2026-06-11 15:29:12;0;;;;
303533;2;LINES_OF_CODE;2026-06-11 15:33:36;0;;;;
303957;2;LINES_OF_CODE;2026-06-11 15:36:37;1;;;;
304032;2;LINES_OF_CODE;2026-06-11 15:58:27;12;;;;
304100;2;LINES_OF_CODE;2026-06-11 16:30:53;14;;;;
304112;2;LINES_OF_CODE;2026-06-11 16:46:44;15;;;;
303640;2;LINES_OF_CODE;2026-06-11 16:48:39;0;;;;
303904;2;LINES_OF_CODE;2026-06-11 16:49:34;0;;;;
303832;2;LINES_OF_CODE;2026-06-11 16:55:57;23;;;;
303600;2;LINES_OF_CODE;2026-06-11 17:02:04;16;;;;
304141;2;LINES_OF_CODE;2026-06-11 17:14:22;5;;;;
303783;2;LINES_OF_CODE;2026-06-11 17:23:19;7;;;;
303561;2;LINES_OF_CODE;2026-06-11 17:53:54;20;;;;
303988;2;LINES_OF_CODE;2026-06-11 17:54:56;9;;;;
303918;2;LINES_OF_CODE;2026-06-12 08:53:53;9;;;;
304085;2;LINES_OF_CODE;2026-06-12 08:54:16;12;;;;
304005;2;LINES_OF_CODE;2026-06-12 08:55:15;21;;;;
303926;2;LINES_OF_CODE;2026-06-12 09:24:38;3;;;;
303909;2;LINES_OF_CODE;2026-06-12 10:04:08;2;;;;
303788;2;LINES_OF_CODE;2026-06-12 10:09:06;-1;;;;
303615;2;LINES_OF_CODE;2026-06-12 10:25:11;1;;;;
303669;2;LINES_OF_CODE;2026-06-12 11:23:16;12;;;;
303680;2;LINES_OF_CODE;2026-06-12 11:46:46;27;;;;
303612;2;LINES_OF_CODE;2026-06-12 12:20:05;14;;;;
304088;2;LINES_OF_CODE;2026-06-12 12:35:00;4;;;;
303752;2;LINES_OF_CODE;2026-06-12 12:39:00;30;;;;
303646;2;LINES_OF_CODE;2026-06-12 13:35:41;8;;;;
303769;2;LINES_OF_CODE;2026-06-12 15:37:50;14;;;;
304073;2;LINES_OF_CODE;2026-06-12 15:52:56;9;;;;
303513;2;LINES_OF_CODE;2026-06-12 15:56:34;9;;;;
303557;2;LINES_OF_CODE;2026-06-12 15:58:19;25;;;;
303613;2;LINES_OF_CODE;2026-06-12 16:24:32;22;;;;
303997;2;LINES_OF_CODE;2026-06-12 17:09:03;8;;;;
303619;2;LINES_OF_CODE;2026-06-12 17:14:07;15;;;;
303609;2;LINES_OF_CODE;2026-06-12 17:15:23;17;;;;
303833;2;LINES_OF_CODE;2026-06-12 17:41:36;7;;;;
303940;2;LINES_OF_CODE;2026-06-12 17:48:26;-5;;;;
303713;2;LINES_OF_CODE;2026-06-15 08:14:20;16;;;;
303528;2;LINES_OF_CODE;2026-06-15 09:59:04;4;;;;
303915;2;LINES_OF_CODE;2026-06-15 10:29:04;29;;;;
303564;2;LINES_OF_CODE;2026-06-15 10:33:49;24;;;;
303900;2;LINES_OF_CODE;2026-06-15 11:13:24;16;;;;
303742;2;LINES_OF_CODE;2026-06-15 11:19:46;5;;;;
303703;2;LINES_OF_CODE;2026-06-15 11:42:16;9;;;;
303527;2;LINES_OF_CODE;2026-06-15 12:49:46;16;;;;
303504;2;LINES_OF_CODE;2026-06-15 12:51:41;5;;;;
303667;2;LINES_OF_CODE;2026-06-15 13:20:29;12;;;;
303965;2;LINES_OF_CODE;2026-06-15 13:22:16;3;;;;
304145;2;LINES_OF_CODE;2026-06-15 13:34:20;7;;;;
303773;2;LINES_OF_CODE;2026-06-15 13:51:09;11;;;;
303745;2;LINES_OF_CODE;2026-06-15 13:52:29;15;;;;
303966;2;LINES_OF_CODE;2026-06-15 14:29:00;-3;;;;
303508;2;LINES_OF_CODE;2026-06-15 14:40:05;17;;;;
303678;2;LINES_OF_CODE;2026-06-15 14:41:05;18;;;;
303913;2;LINES_OF_CODE;2026-06-15 15:10:40;22;;;;
303558;2;LINES_OF_CODE;2026-06-15 15:19:32;11;;;;
304142;2;LINES_OF_CODE;2026-06-15 15:41:22;7;;;;
303529;2;LINES_OF_CODE;2026-06-15 15:45:21;10;;;;
303794;2;LINES_OF_CODE;2026-06-15 15:49:44;20;;;;
303507;2;LINES_OF_CODE;2026-06-15 16:56:44;9;;;;
303545;2;LINES_OF_CODE;2026-06-15 16:58:49;9;;;;
304044;2;LINES_OF_CODE;2026-06-15 17:00:12;3;;;;
303651;2;LINES_OF_CODE;2026-06-15 17:12:36;20;;;;
303503;2;LINES_OF_CODE;2026-06-15 17:51:34;18;;;;
303846;2;LINES_OF_CODE;2026-06-16 08:51:34;3;;;;
303958;2;LINES_OF_CODE;2026-06-16 08:58:10;21;;;;
303969;2;LINES_OF_CODE;2026-06-16 09:02:42;13;;;;
303705;2;LINES_OF_CODE;2026-06-16 09:07:05;11;;;;
303760;2;LINES_OF_CODE;2026-06-16 09:17:41;11;;;;
303809;2;LINES_OF_CODE;2026-06-16 09:59:12;28;;;;
303906;2;LINES_OF_CODE;2026-06-16 10:01:00;13;;;;
303589;2;LINES_OF_CODE;2026-06-16 10:01:22;7;;;;
303633;2;LINES_OF_CODE;2026-06-16 10:16:09;7;;;;
303721;2;LINES_OF_CODE;2026-06-16 10:20:58;3;;;;
304093;2;LINES_OF_CODE;2026-06-16 10:23:01;19;;;;
303566;2;LINES_OF_CODE;2026-06-16 10:35:35;17;;;;
303818;2;LINES_OF_CODE;2026-06-16 10:48:04;5;;;;
303544;2;LINES_OF_CODE;2026-06-16 11:04:56;9;;;;
303938;2;LINES_OF_CODE;2026-06-16 11:05:57;19;;;;
303585;2;LINES_OF_CODE;2026-06-16 11:22:15;-2;;;;
304059;2;LINES_OF_CODE;2026-06-16 11:38:07;21;;;;
303910;2;LINES_OF_CODE;2026-06-16 11:45:27;12;;;;
304023;2;LINES_OF_CODE;2026-06-16 11:49:50;12;;;;
304089;2;LINES_OF_CODE;2026-06-16 11:56:03;7;;;;
303775;2;LINES_OF_CODE;2026-06-16 11:59:15;15;;;;
303572;2;LINES_OF_CODE;2026-06-16 12:09:57;19;;;;
303648;2;LINES_OF_CODE;2026-06-16 12:24:08;17;;;;
303923;2;LINES_OF_CODE;2026-06-16 12:28:33;5;;;;
303990;2;LINES_OF_CODE;2026-06-16 12:40:23;6;;;;
303863;2;LINES_OF_CODE;2026-06-16 12:51:34;7;;;;
303945;2;LINES_OF_CODE;2026-06-16 13:21:32;0;;;;
303499;2;LINES_OF_CODE;2026-06-16 13:26:36;21;;;;
303998;2;LINES_OF_CODE;2026-06-16 13:28:36;20;;;;
303696;2;LINES_OF_CODE;2026-06-16 13:30:15;19;;;;
303738;2;LINES_OF_CODE;2026-06-16 13:47:52;15;;;;
303574;2;LINES_OF_CODE;2026-06-16 13:48:11;22;;;;
303621;2;LINES_OF_CODE;2026-06-16 14:09:54;12;;;;
303886;2;LINES_OF_CODE;2026-06-16 14:48:05;26;;;;
303594;2;LINES_OF_CODE;2026-06-16 14:51:55;11;;;;
303639;2;LINES_OF_CODE;2026-06-16 15:17:01;1;;;;
303892;2;LINES_OF_CODE;2026-06-16 15:17:30;20;;;;
303637;2;LINES_OF_CODE;2026-06-16 16:00:28;11;;;;
303596;2;LINES_OF_CODE;2026-06-16 17:06:43;21;;;;
303964;2;LINES_OF_CODE;2026-06-16 17:09:34;14;;;;
303920;2;LINES_OF_CODE;2026-06-16 17:11:17;29;;;;
303668;2;LINES_OF_CODE;2026-06-16 17:36:55;7;;;;
303828;2;LINES_OF_CODE;2026-06-17 08:15:47;4;;;;
303976;2;LINES_OF_CODE;2026-06-17 08:40:28;13;;;;
303916;2;LINES_OF_CODE;2026-06-17 08:49:24;11;;;;
303890;2;LINES_OF_CODE;2026-06-17 10:02:41;-5;;;;
303834;2;LINES_OF_CODE;2026-06-17 10:08:52;19;;;;
304041;2;LINES_OF_CODE;2026-06-17 10:16:07;19;;;;
304130;2;LINES_OF_CODE;2026-06-17 10:18:24;20;;;;
303933;2;LINES_OF_CODE;2026-06-17 10:18:30;3;;;;
303587;2;LINES_OF_CODE;2026-06-17 11:11:55;2;;;;
303739;2;LINES_OF_CODE;2026-06-17 11:13:45;15;;;;
304098;2;LINES_OF_CODE;2026-06-17 11:39:43;22;;;;
303874;2;LINES_OF_CODE;2026-06-17 12:30:11;18;;;;
303671;2;LINES_OF_CODE;2026-06-17 12:32:53;7;;;;
303840;2;LINES_OF_CODE;2026-06-17 12:53:28;12;;;;
303758;2;LINES_OF_CODE;2026-06-17 14:28:01;24;;;;
303759;2;LINES_OF_CODE;2026-06-17 14:41:51;3;;;;
304121;2;LINES_OF_CODE;2026-06-17 15:01:26;23;;;;
303603;2;LINES_OF_CODE;2026-06-17 16:01:59;12;;;;
303693;2;LINES_OF_CODE;2026-06-17 16:02:33;19;;;;
303862;2;LINES_OF_CODE;2026-06-17 16:28:49;27;;;;
304070;2;LINES_OF_CODE;2026-06-17 16:35:33;4;;;;
303723;2;LINES_OF_CODE;2026-06-17 17:00:36;15;;;;
303709;2;LINES_OF_CODE;2026-06-17 17:07:23;14;;;;
303672;2;LINES_OF_CODE;2026-06-17 17:15:24;12;;;;
304004;2;LINES_OF_CODE;2026-06-18 08:09:53;16;;;;
303630;2;LINES_OF_CODE;2026-06-18 08:10:33;8;;;;
303679;2;LINES_OF_CODE;2026-06-18 08:12:33;16;;;;
303702;2;LINES_OF_CODE;2026-06-18 08:29:13;-5;;;;
303914;2;LINES_OF_CODE;2026-06-18 08:40:00;14;;;;
303686;2;LINES_OF_CODE;2026-06-18 08:52:34;15;;;;
303929;2;LINES_OF_CODE;2026-06-18 09:29:39;9;;;;
304082;2;LINES_OF_CODE;2026-06-18 09:42:21;18;;;;
303595;2;LINES_OF_CODE;2026-06-18 09:44:13;13;;;;
304133;2;LINES_OF_CODE;2026-06-18 09:54:37;20;;;;
303856;2;LINES_OF_CODE;2026-06-18 10:23:39;7;;;;
303791;2;LINES_OF_CODE;2026-06-18 10:29:24;7;;;;
303735;2;LINES_OF_CODE;2026-06-18 11:12:47;-3;;;;
304025;2;LINES_OF_CODE;2026-06-18 11:38:13;5;;;;
303728;2;LINES_OF_CODE;2026-06-18 11:40:28;20;;;;
304104;2;LINES_OF_CODE;2026-06-18 12:18:19;7;;;;
303729;2;LINES_OF_CODE;2026-06-18 12:33:15;10;;;;
303634;2;LINES_OF_CODE;2026-06-18 12:48:36;6;;;;
303700;2;LINES_OF_CODE;2026-06-18 13:45:13;0;;;;
303569;2;LINES_OF_CODE;2026-06-18 14:17:14;32;;;;
303931;2;LINES_OF_CODE;2026-06-18 14:18:58;8;;;;
303744;2;LINES_OF_CODE;2026-06-18 14:41:50;8;;;;
303656;2;LINES_OF_CODE;2026-06-18 14:52:16;-5;;;;
303817;2;LINES_OF_CODE;2026-06-18 15:18:16;4;;;;
303827;2;LINES_OF_CODE;2026-06-18 15:36:12;25;;;;
303649;2;LINES_OF_CODE;2026-06-18 15:40:14;1;;;;
303516;2;LINES_OF_CODE;2026-06-18 15:44:18;18;;;;
304019;2;LINES_OF_CODE;2026-06-18 16:36:05;1;;;;
303971;2;LINES_OF_CODE;2026-06-18 16:36:12;17;;;;
304018;2;LINES_OF_CODE;2026-06-18 17:18:37;11;;;;
303617;2;LINES_OF_CODE;2026-06-18 17:28:55;19;;;;
303811;2;LINES_OF_CODE;2026-06-18 17:29:59;16;;;;
303754;2;LINES_OF_CODE;2026-06-18 17:39:28;9;;;;
303785;2;LINES_OF_CODE;2026-06-18 17:47:30;5;;;;
303851;2;LINES_OF_CODE;2026-06-19 08:16:51;22;;;;
303750;2;LINES_OF_CODE;2026-06-19 09:51:31;28;;;;
303510;2;LINES_OF_CODE;2026-06-19 10:10:34;-4;;;;
303695;2;LINES_OF_CODE;2026-06-19 10:22:15;11;;;;
303737;2;LINES_OF_CODE;2026-06-19 10:30:54;2;;;;
303500;2;LINES_OF_CODE;2026-06-19 10:34:02;12;;;;
303983;2;LINES_OF_CODE;2026-06-19 11:42:29;7;;;;
303725;2;LINES_OF_CODE;2026-06-19 12:19:31;3;;;;
303953;2;LINES_OF_CODE;2026-06-19 12:42:02;10;;;;
304028;2;LINES_OF_CODE;2026-06-19 13:28:14;3;;;;
303670;2;LINES_OF_CODE;2026-06-19 13:33:15;12;;;;
304123;2;LINES_OF_CODE;2026-06-19 13:40:52;13;;;;
303873;2;LINES_OF_CODE;2026-06-19 14:05:46;11;;;;
303687;2;LINES_OF_CODE;2026-06-19 14:45:20;8;;;;
303727;2;LINES_OF_CODE;2026-06-19 15:56:01;12;;;;
303563;2;LINES_OF_CODE;2026-06-19 16:08:16;13;;;;
303822;2;LINES_OF_CODE;2026-06-19 16:40:31;28;;;;
303675;2;LINES_OF_CODE;2026-06-19 16:44:20;19;;;;
304117;2;LINES_OF_CODE;2026-06-19 17:10:17;18;;;;
304057;2;LINES_OF_CODE;2026-06-19 17:43:36;24;;;;
304105;2;LINES_OF_CODE;2026-06-19 17:57:01;11;;;;
303521;2;LINES_OF_CODE;2026-06-22 08:06:18;13;;;;
303556;2;LINES_OF_CODE;2026-06-22 08:48:13;-8;;;;
303559;2;LINES_OF_CODE;2026-06-22 09:44:41;5;;;;
304095;2;LINES_OF_CODE;2026-06-22 10:16:02;12;;;;
303831;2;LINES_OF_CODE;2026-06-22 12:08:15;27;;;;
303795;2;LINES_OF_CODE;2026-06-22 12:17:55;6;;;;
303644;2;LINES_OF_CODE;2026-06-22 12:26:01;-1;;;;
303761;2;LINES_OF_CODE;2026-06-22 12:55:52;26;;;;
303847;2;LINES_OF_CODE;2026-06-22 13:32:14;11;;;;
303511;2;LINES_OF_CODE;2026-06-22 13:36:43;-13;;;;
303524;2;LINES_OF_CODE;2026-06-22 13:44:06;16;;;;
303704;2;LINES_OF_CODE;2026-06-22 13:51:58;8;;;;
303685;2;LINES_OF_CODE;2026-06-22 14:22:44;13;;;;
303550;2;LINES_OF_CODE;2026-06-22 14:54:09;17;;;;
303562;2;LINES_OF_CODE;2026-06-22 15:05:19;10;;;;
303720;2;LINES_OF_CODE;2026-06-22 15:37:14;9;;;;
303730;2;LINES_OF_CODE;2026-06-22 15:43:13;9;;;;
303982;2;LINES_OF_CODE;2026-06-22 15:44:35;8;;;;
303606;2;LINES_OF_CODE;2026-06-22 16:15:00;11;;;;
304020;2;LINES_OF_CODE;2026-06-22 16:50:19;22;;;;
303719;2;LINES_OF_CODE;2026-06-22 16:50:29;14;;;;
303650;2;LINES_OF_CODE;2026-06-22 17:01:51;23;;;;
303919;2;LINES_OF_CODE;2026-06-22 17:07:39;15;;;;
303604;2;LINES_OF_CODE;2026-06-22 17:07:43;22;;;;
303864;2;LINES_OF_CODE;2026-06-22 17:15:52;10;;;;
303776;2;LINES_OF_CODE;2026-06-22 17:34:18;16;;;;
303523;2;LINES_OF_CODE;2026-06-22 17:35:18;15;;;;
304068;2;LINES_OF_CODE;2026-06-22 17:57:53;13;;;;
304113;2;LINES_OF_CODE;2026-06-22 17:59:24;28;;;;
303662;2;LINES_OF_CODE;2026-06-23 08:18:37;16;;;;
304146;2;LINES_OF_CODE;2026-06-23 09:05:28;3;;;;
303960;2;LINES_OF_CODE;2026-06-23 09:18:15;10;;;;
303541;2;LINES_OF_CODE;2026-06-23 09:23:33;8;;;;
303995;2;LINES_OF_CODE;2026-06-23 09:46:39;15;;;;
303942;2;LINES_OF_CODE;2026-06-23 09:48:30;7;;;;
303981;2;LINES_OF_CODE;2026-06-23 10:00:07;29;;;;
303869;2;LINES_OF_CODE;2026-06-23 10:49:59;27;;;;
303707;2;LINES_OF_CODE;2026-06-23 10:58:53;1;;;;
304107;2;LINES_OF_CODE;2026-06-23 11:05:28;3;;;;
303925;2;LINES_OF_CODE;2026-06-23 11:46:32;16;;;;
303565;2;LINES_OF_CODE;2026-06-23 11:54:08;14;;;;
303676;2;LINES_OF_CODE;2026-06-23 12:23:31;20;;;;
303677;2;LINES_OF_CODE;2026-06-23 12:30:30;13;;;;
303778;2;LINES_OF_CODE;2026-06-23 12:39:26;9;;;;
303946;2;LINES_OF_CODE;2026-06-23 12:56:53;34;;;;
304021;2;LINES_OF_CODE;2026-06-23 13:14:37;-11;;;;
304102;2;LINES_OF_CODE;2026-06-23 13:16:20;0;;;;
303722;2;LINES_OF_CODE;2026-06-23 13:30:52;17;;;;
303941;2;LINES_OF_CODE;2026-06-23 13:37:26;17;;;;
303875;2;LINES_OF_CODE;2026-06-23 13:47:23;23;;;;
303796;2;LINES_OF_CODE;2026-06-23 14:34:28;20;;;;
304051;2;LINES_OF_CODE;2026-06-23 14:48:31;22;;;;
304124;2;LINES_OF_CODE;2026-06-23 14:53:33;0;;;;
304096;2;LINES_OF_CODE;2026-06-23 15:03:53;7;;;;
303924;2;LINES_OF_CODE;2026-06-23 15:04:51;15;;;;
303660;2;LINES_OF_CODE;2026-06-23 15:53:44;9;;;;
304038;2;LINES_OF_CODE;2026-06-23 16:19:03;1;;;;
303699;2;LINES_OF_CODE;2026-06-23 16:25:26;20;;;;
303636;2;LINES_OF_CODE;2026-06-23 17:06:26;29;;;;
303590;2;LINES_OF_CODE;2026-06-23 17:38:59;0;;;;
303647;2;LINES_OF_CODE;2026-06-24 08:30:14;17;;;;
303820;2;LINES_OF_CODE;2026-06-24 08:37:33;14;;;;
304108;2;LINES_OF_CODE;2026-06-24 08:46:01;19;;;;
303994;2;LINES_OF_CODE;2026-06-24 09:12:11;12;;;;
303652;2;LINES_OF_CODE;2026-06-24 09:21:19;18;;;;
303917;2;LINES_OF_CODE;2026-06-24 09:53:58;12;;;;
303624;2;LINES_OF_CODE;2026-06-24 10:20:47;0;;;;
303903;2;LINES_OF_CODE;2026-06-24 10:46:17;21;;;;
303552;2;LINES_OF_CODE;2026-06-24 11:00:39;21;;;;
303770;2;LINES_OF_CODE;2026-06-24 11:20:25;21;;;;
304016;2;LINES_OF_CODE;2026-06-24 11:43:22;24;;;;
304066;2;LINES_OF_CODE;2026-06-24 11:53:23;9;;;;
303530;2;LINES_OF_CODE;2026-06-24 12:37:07;4;;;;
303580;2;LINES_OF_CODE;2026-06-24 12:42:56;21;;;;
304048;2;LINES_OF_CODE;2026-06-24 12:56:38;9;;;;
303921;2;LINES_OF_CODE;2026-06-24 13:31:09;29;;;;
303743;2;LINES_OF_CODE;2026-06-24 13:33:28;15;;;;
303980;2;LINES_OF_CODE;2026-06-24 13:48:09;0;;;;
304148;2;LINES_OF_CODE;2026-06-24 13:54:18;11;;;;
304067;2;LINES_OF_CODE;2026-06-24 13:56:48;31;;;;
304042;2;LINES_OF_CODE;2026-06-24 14:11:07;18;;;;
303786;2;LINES_OF_CODE;2026-06-24 14:38:49;28;;;;
303697;2;LINES_OF_CODE;2026-06-24 15:16:07;13;;;;
303963;2;LINES_OF_CODE;2026-06-24 15:26:50;8;;;;
303789;2;LINES_OF_CODE;2026-06-24 16:20:46;15;;;;
303628;2;LINES_OF_CODE;2026-06-24 16:24:14;18;;;;
303632;2;LINES_OF_CODE;2026-06-24 16:32:11;8;;;;
304129;2;LINES_OF_CODE;2026-06-24 17:07:44;12;;;;
303860;2;LINES_OF_CODE;2026-06-24 17:12:25;12;;;;
304074;2;LINES_OF_CODE;2026-06-24 17:25:28;4;;;;
303838;2;LINES_OF_CODE;2026-06-25 08:27:02;13;;;;
303663;2;LINES_OF_CODE;2026-06-25 08:46:21;-2;;;;
303891;2;LINES_OF_CODE;2026-06-25 09:02:30;18;;;;
303682;2;LINES_OF_CODE;2026-06-25 09:39:00;19;;;;
304008;2;LINES_OF_CODE;2026-06-25 09:58:50;16;;;;
303534;2;LINES_OF_CODE;2026-06-25 10:06:13;8;;;;
303806;2;LINES_OF_CODE;2026-06-25 10:18:49;4;;;;
304058;2;LINES_OF_CODE;2026-06-25 10:37:33;3;;;;
303790;2;LINES_OF_CODE;2026-06-25 10:55:03;6;;;;
304075;2;LINES_OF_CODE;2026-06-25 11:13:11;12;;;;
303537;2;LINES_OF_CODE;2026-06-25 11:29:25;9;;;;
304097;2;LINES_OF_CODE;2026-06-25 11:42:41;15;;;;
303706;2;LINES_OF_CODE;2026-06-25 11:59:14;17;;;;
303525;2;LINES_OF_CODE;2026-06-25 12:03:02;30;;;;
304062;2;LINES_OF_CODE;2026-06-25 12:05:56;-2;;;;
303698;2;LINES_OF_CODE;2026-06-25 12:31:41;3;;;;
303842;2;LINES_OF_CODE;2026-06-25 13:07:24;6;;;;
303859;2;LINES_OF_CODE;2026-06-25 13:08:53;17;;;;
303691;2;LINES_OF_CODE;2026-06-25 13:14:21;17;;;;
303577;2;LINES_OF_CODE;2026-06-25 13:24:37;17;;;;
303763;2;LINES_OF_CODE;2026-06-25 13:43:03;13;;;;
303518;2;LINES_OF_CODE;2026-06-25 14:09:13;10;;;;
303880;2;LINES_OF_CODE;2026-06-25 14:14:19;12;;;;
304012;2;LINES_OF_CODE;2026-06-25 14:14:47;-7;;;;
303800;2;LINES_OF_CODE;2026-06-25 14:25:26;7;;;;
304109;2;LINES_OF_CODE;2026-06-25 14:27:09;6;;;;
304092;2;LINES_OF_CODE;2026-06-25 15:00:12;-4;;;;
303543;2;LINES_OF_CODE;2026-06-25 15:27:21;12;;;;
304132;2;LINES_OF_CODE;2026-06-25 15:47:03;-10;;;;
304024;2;LINES_OF_CODE;2026-06-25 15:54:10;9;;;;
303708;2;LINES_OF_CODE;2026-06-25 16:09:22;20;;;;
303839;2;LINES_OF_CODE;2026-06-25 17:00:02;14;;;;
304003;2;LINES_OF_CODE;2026-06-25 17:04:47;-3;;;;
304139;2;LINES_OF_CODE;2026-06-25 17:32:13;-4;;;;
303514;2;LINES_OF_CODE;2026-06-26 08:04:29;14;;;;
304046;2;LINES_OF_CODE;2026-06-26 08:04:46;39;;;;
303991;2;LINES_OF_CODE;2026-06-26 08:29:02;11;;;;
303547;2;LINES_OF_CODE;2026-06-26 08:36:02;22;;;;
303876;2;LINES_OF_CODE;2026-06-26 09:28:14;22;;;;
303885;2;LINES_OF_CODE;2026-06-26 09:44:56;7;;;;
303597;2;LINES_OF_CODE;2026-06-26 10:10:29;12;;;;
303984;2;LINES_OF_CODE;2026-06-26 10:34:02;7;;;;
303858;2;LINES_OF_CODE;2026-06-26 11:07:10;0;;;;
303887;2;LINES_OF_CODE;2026-06-26 11:20:26;-5;;;;
304125;2;LINES_OF_CODE;2026-06-26 11:31:12;13;;;;
304045;2;LINES_OF_CODE;2026-06-26 11:38:04;10;;;;
303659;2;LINES_OF_CODE;2026-06-26 12:36:13;24;;;;
303888;2;LINES_OF_CODE;2026-06-26 12:50:01;13;;;;
304015;2;LINES_OF_CODE;2026-06-26 12:54:14;16;;;;
304090;2;LINES_OF_CODE;2026-06-26 13:15:58;9;;;;
303814;2;LINES_OF_CODE;2026-06-26 13:24:40;14;;;;
303912;2;LINES_OF_CODE;2026-06-26 13:26:37;8;;;;
303593;2;LINES_OF_CODE;2026-06-26 13:27:50;6;;;;
303629;2;LINES_OF_CODE;2026-06-26 14:06:56;9;;;;
303626;2;LINES_OF_CODE;2026-06-26 14:21:59;20;;;;
303567;2;LINES_OF_CODE;2026-06-26 15:00:02;8;;;;
303643;2;LINES_OF_CODE;2026-06-26 15:01:36;6;;;;
303850;2;LINES_OF_CODE;2026-06-26 15:07:43;18;;;;
303985;2;LINES_OF_CODE;2026-06-26 15:33:19;17;;;;
303762;2;LINES_OF_CODE;2026-06-26 16:13:57;17;;;;
304087;2;LINES_OF_CODE;2026-06-26 16:35:48;18;;;;
303551;2;LINES_OF_CODE;2026-06-29 08:08:54;12;;;;
303726;2;LINES_OF_CODE;2026-06-29 08:47:08;23;;;;
303854;2;LINES_OF_CODE;2026-06-29 09:30:08;2;;;;
304134;2;LINES_OF_CODE;2026-06-29 09:34:44;18;;;;
303768;2;LINES_OF_CODE;2026-06-29 09:59:52;11;;;;
303865;2;LINES_OF_CODE;2026-06-29 10:03:13;17;;;;
303623;2;LINES_OF_CODE;2026-06-29 10:05:43;9;;;;
304071;2;LINES_OF_CODE;2026-06-29 10:10:31;11;;;;
303970;2;LINES_OF_CODE;2026-06-29 11:09:53;13;;;;
304072;2;LINES_OF_CODE;2026-06-29 11:48:42;28;;;;
304022;2;LINES_OF_CODE;2026-06-29 13:02:09;7;;;;
303857;2;LINES_OF_CODE;2026-06-29 13:28:34;15;;;;
304040;2;LINES_OF_CODE;2026-06-29 13:29:30;24;;;;
303881;2;LINES_OF_CODE;2026-06-29 13:29:47;17;;;;
303973;2;LINES_OF_CODE;2026-06-29 13:32:37;2;;;;
304039;2;LINES_OF_CODE;2026-06-29 13:45:56;22;;;;
303757;2;LINES_OF_CODE;2026-06-29 14:00:29;12;;;;
303712;2;LINES_OF_CODE;2026-06-29 14:19:21;17;;;;
303555;2;LINES_OF_CODE;2026-06-29 14:27:28;7;;;;
303897;2;LINES_OF_CODE;2026-06-29 15:18:51;9;;;;
303821;2;LINES_OF_CODE;2026-06-29 15:26:31;4;;;;
304094;2;LINES_OF_CODE;2026-06-29 15:28:37;16;;;;
304065;2;LINES_OF_CODE;2026-06-29 16:10:00;18;;;;
303710;2;LINES_OF_CODE;2026-06-29 16:44:17;16;;;;
303542;2;LINES_OF_CODE;2026-06-29 16:49:14;2;;;;
303907;2;LINES_OF_CODE;2026-06-29 16:55:51;27;;;;
303956;2;LINES_OF_CODE;2026-06-29 17:12:27;-9;;;;
303512;2;LINES_OF_CODE;2026-06-29 17:18:38;10;;;;
303546;2;LINES_OF_CODE;2026-06-29 17:45:57;1;;;;
304033;2;LINES_OF_CODE;2026-06-30 08:24:32;-6;;;;
304001;2;LINES_OF_CODE;2026-06-30 08:34:48;13;;;;
303922;2;LINES_OF_CODE;2026-06-30 08:35:54;23;;;;
303592;2;LINES_OF_CODE;2026-06-30 08:47:32;16;;;;
304099;2;LINES_OF_CODE;2026-06-30 09:21:17;34;;;;
303797;2;LINES_OF_CODE;2026-06-30 09:26:34;7;;;;
303576;2;LINES_OF_CODE;2026-06-30 09:34:20;12;;;;
303883;2;LINES_OF_CODE;2026-06-30 10:22:46;0;;;;
304144;2;LINES_OF_CODE;2026-06-30 10:43:56;2;;;;
303799;2;LINES_OF_CODE;2026-06-30 10:52:57;6;;;;
303948;2;LINES_OF_CODE;2026-06-30 11:14:39;5;;;;
304083;2;LINES_OF_CODE;2026-06-30 12:10:34;24;;;;
303764;2;LINES_OF_CODE;2026-06-30 12:14:31;11;;;;
303583;2;LINES_OF_CODE;2026-06-30 12:29:36;22;;;;
303568;2;LINES_OF_CODE;2026-06-30 12:38:32;26;;;;
303506;2;LINES_OF_CODE;2026-06-30 12:54:28;21;;;;
303753;2;LINES_OF_CODE;2026-06-30 12:55:26;11;;;;
303724;2;LINES_OF_CODE;2026-06-30 13:10:27;6;;;;
304119;2;LINES_OF_CODE;2026-06-30 13:26:40;20;;;;
304106;2;LINES_OF_CODE;2026-06-30 13:29:35;0;;;;
303996;2;LINES_OF_CODE;2026-06-30 13:35:19;8;;;;
303939;2;LINES_OF_CODE;2026-06-30 13:39:42;-3;;;;
303584;2;LINES_OF_CODE;2026-06-30 13:45:06;22;;;;
303801;2;LINES_OF_CODE;2026-06-30 14:01:15;10;;;;
303540;2;LINES_OF_CODE;2026-06-30 14:21:47;11;;;;
303549;2;LINES_OF_CODE;2026-06-30 14:47:20;12;;;;
304136;2;LINES_OF_CODE;2026-06-30 14:47:42;19;;;;
303889;2;LINES_OF_CODE;2026-06-30 14:50:43;15;;;;
304031;2;LINES_OF_CODE;2026-06-30 15:06:41;9;;;;
304118;2;LINES_OF_CODE;2026-06-30 16:24:18;18;;;;
304084;2;LINES_OF_CODE;2026-06-30 17:43:06;7;;;;
304080;2;LINES_OF_CODE;2026-06-30 17:43:28;19;;;;
303893;2;LINES_OF_CODE;2026-06-30 17:46:14;14;;;;
303898;2;LINES_OF_CODE;2026-06-30 17:49:16;7;;;;
304301;2;LINES_OF_CODE;2026-07-01 08:39:05;13;;;;
304549;2;LINES_OF_CODE;2026-07-01 09:01:41;8;;;;
304183;2;LINES_OF_CODE;2026-07-01 09:09:12;2;;;;
304241;2;LINES_OF_CODE;2026-07-01 09:23:51;-1;;;;
304180;2;LINES_OF_CODE;2026-07-01 09:54:10;3;;;;
304634;2;LINES_OF_CODE;2026-07-01 10:05:12;0;;;;
304528;2;LINES_OF_CODE;2026-07-01 10:23:27;4;;;;
304585;2;LINES_OF_CODE;2026-07-01 10:28:02;-1;;;;
304423;2;LINES_OF_CODE;2026-07-01 10:54:11;1;;;;
304257;2;LINES_OF_CODE;2026-07-01 11:03:37;6;;;;
304176;2;LINES_OF_CODE;2026-07-01 11:33:47;8;;;;
304660;2;LINES_OF_CODE;2026-07-01 11:54:15;4;;;;
304582;2;LINES_OF_CODE;2026-07-01 12:00:24;1;;;;
304746;2;LINES_OF_CODE;2026-07-01 12:49:43;4;;;;
304240;2;LINES_OF_CODE;2026-07-01 13:15:41;-1;;;;
304744;2;LINES_OF_CODE;2026-07-01 14:06:19;5;;;;
304790;2;LINES_OF_CODE;2026-07-01 15:29:22;4;;;;
304203;2;LINES_OF_CODE;2026-07-01 15:38:11;5;;;;
304326;2;LINES_OF_CODE;2026-07-01 15:58:46;4;;;;
304271;2;LINES_OF_CODE;2026-07-01 16:25:51;15;;;;
304347;2;LINES_OF_CODE;2026-07-01 16:27:20;7;;;;
304616;2;LINES_OF_CODE;2026-07-01 17:19:18;-1;;;;
304334;2;LINES_OF_CODE;2026-07-01 17:47:59;14;;;;
304502;2;LINES_OF_CODE;2026-07-02 08:27:51;11;;;;
304731;2;LINES_OF_CODE;2026-07-02 08:31:49;3;;;;
304575;2;LINES_OF_CODE;2026-07-02 09:50:34;-1;;;;
304666;2;LINES_OF_CODE;2026-07-02 10:21:21;6;;;;
304406;2;LINES_OF_CODE;2026-07-02 10:23:44;6;;;;
304764;2;LINES_OF_CODE;2026-07-02 10:57:15;9;;;;
304716;2;LINES_OF_CODE;2026-07-02 11:15:56;7;;;;
304632;2;LINES_OF_CODE;2026-07-02 11:25:16;10;;;;
304621;2;LINES_OF_CODE;2026-07-02 11:55:26;-1;;;;
304345;2;LINES_OF_CODE;2026-07-02 12:05:34;2;;;;
304160;2;LINES_OF_CODE;2026-07-02 12:07:37;9;;;;
304540;2;LINES_OF_CODE;2026-07-02 12:39:52;3;;;;
304431;2;LINES_OF_CODE;2026-07-02 12:59:33;9;;;;
304397;2;LINES_OF_CODE;2026-07-02 13:49:17;13;;;;
304365;2;LINES_OF_CODE;2026-07-02 13:54:38;12;;;;
304512;2;LINES_OF_CODE;2026-07-02 14:02:05;8;;;;
304391;2;LINES_OF_CODE;2026-07-02 14:21:31;6;;;;
304425;2;LINES_OF_CODE;2026-07-02 14:33:29;8;;;;
304303;2;LINES_OF_CODE;2026-07-02 14:36:37;10;;;;
304788;2;LINES_OF_CODE;2026-07-02 14:52:25;6;;;;
304687;2;LINES_OF_CODE;2026-07-02 14:58:24;0;;;;
304565;2;LINES_OF_CODE;2026-07-02 15:08:47;1;;;;
304684;2;LINES_OF_CODE;2026-07-02 15:23:07;7;;;;
304814;2;LINES_OF_CODE;2026-07-02 16:28:40;5;;;;
304278;2;LINES_OF_CODE;2026-07-02 17:36:39;8;;;;
304467;2;LINES_OF_CODE;2026-07-02 17:41:42;4;;;;
304399;2;LINES_OF_CODE;2026-07-03 08:03:34;-2;;;;
304216;2;LINES_OF_CODE;2026-07-03 08:31:22;3;;;;
304681;2;LINES_OF_CODE;2026-07-03 08:57:28;9;;;;
304594;2;LINES_OF_CODE;2026-07-03 10:00:41;12;;;;
304351;2;LINES_OF_CODE;2026-07-03 10:03:11;8;;;;
304772;2;LINES_OF_CODE;2026-07-03 10:26:40;15;;;;
304571;2;LINES_OF_CODE;2026-07-03 10:50:38;-1;;;;
304407;2;LINES_OF_CODE;2026-07-03 11:10:01;4;;;;
304350;2;LINES_OF_CODE;2026-07-03 11:15:47;9;;;;
304758;2;LINES_OF_CODE;2026-07-03 11:20:01;4;;;;
304451;2;LINES_OF_CODE;2026-07-03 12:15:37;2;;;;
304677;2;LINES_OF_CODE;2026-07-03 12:46:25;8;;;;
304489;2;LINES_OF_CODE;2026-07-03 12:48:45;3;;;;
304270;2;LINES_OF_CODE;2026-07-03 13:22:18;10;;;;
304370;2;LINES_OF_CODE;2026-07-03 13:43:13;3;;;;
304475;2;LINES_OF_CODE;2026-07-03 13:54:48;0;;;;
304211;2;LINES_OF_CODE;2026-07-03 13:55:12;7;;;;
304600;2;LINES_OF_CODE;2026-07-03 15:10:19;1;;;;
304226;2;LINES_OF_CODE;2026-07-03 15:41:38;0;;;;
304601;2;LINES_OF_CODE;2026-07-03 15:57:30;8;;;;
304364;2;LINES_OF_CODE;2026-07-03 16:03:13;0;;;;
304539;2;LINES_OF_CODE;2026-07-03 16:35:47;1;;;;
304404;2;LINES_OF_CODE;2026-07-03 16:41:51;1;;;;
304736;2;LINES_OF_CODE;2026-07-03 17:05:33;3;;;;
304783;2;LINES_OF_CODE;2026-07-03 17:09:01;7;;;;
304486;2;LINES_OF_CODE;2026-07-03 17:16:19;13;;;;
304215;2;LINES_OF_CODE;2026-07-03 17:29:07;5;;;;
304751;2;LINES_OF_CODE;2026-07-03 17:30:11;6;;;;
304768;2;LINES_OF_CODE;2026-07-03 17:33:55;6;;;;
304460;2;LINES_OF_CODE;2026-07-03 17:59:48;-1;;;;
304699;2;LINES_OF_CODE;2026-07-06 08:05:19;5;;;;
304703;2;LINES_OF_CODE;2026-07-06 08:06:01;-7;;;;
304574;2;LINES_OF_CODE;2026-07-06 08:09:13;8;;;;
304186;2;LINES_OF_CODE;2026-07-06 08:50:15;0;;;;
304266;2;LINES_OF_CODE;2026-07-06 09:29:49;-1;;;;
304208;2;LINES_OF_CODE;2026-07-06 09:38:00;7;;;;
304513;2;LINES_OF_CODE;2026-07-06 09:38:18;5;;;;
304448;2;LINES_OF_CODE;2026-07-06 09:49:17;5;;;;
304452;2;LINES_OF_CODE;2026-07-06 10:06:56;1;;;;
304185;2;LINES_OF_CODE;2026-07-06 10:24:06;7;;;;
304293;2;LINES_OF_CODE;2026-07-06 10:47:59;-5;;;;
304253;2;LINES_OF_CODE;2026-07-06 11:40:08;6;;;;
304340;2;LINES_OF_CODE;2026-07-06 11:43:01;7;;;;
304286;2;LINES_OF_CODE;2026-07-06 12:02:58;5;;;;
304776;2;LINES_OF_CODE;2026-07-06 12:05:13;7;;;;
304274;2;LINES_OF_CODE;2026-07-06 12:20:05;9;;;;
304462;2;LINES_OF_CODE;2026-07-06 13:25:36;0;;;;
304514;2;LINES_OF_CODE;2026-07-06 13:33:28;5;;;;
304506;2;LINES_OF_CODE;2026-07-06 14:00:44;7;;;;
304662;2;LINES_OF_CODE;2026-07-06 14:09:28;3;;;;
304637;2;LINES_OF_CODE;2026-07-06 14:30:55;0;;;;
304611;2;LINES_OF_CODE;2026-07-06 14:48:17;14;;;;
304533;2;LINES_OF_CODE;2026-07-06 15:10:52;11;;;;
304433;2;LINES_OF_CODE;2026-07-06 15:31:31;-2;;;;
304224;2;LINES_OF_CODE;2026-07-06 15:40:24;6;;;;
304188;2;LINES_OF_CODE;2026-07-06 16:07:45;5;;;;
304232;2;LINES_OF_CODE;2026-07-06 16:19:10;12;;;;
304167;2;LINES_OF_CODE;2026-07-06 16:24:12;10;;;;
304636;2;LINES_OF_CODE;2026-07-06 16:27:18;9;;;;
304153;2;LINES_OF_CODE;2026-07-06 16:27:42;6;;;;
304509;2;LINES_OF_CODE;2026-07-06 16:39:09;3;;;;
304195;2;LINES_OF_CODE;2026-07-06 16:49:01;6;;;;
304289;2;LINES_OF_CODE;2026-07-06 16:52:23;-1;;;;
304441;2;LINES_OF_CODE;2026-07-06 17:31:24;0;;;;
304474;2;LINES_OF_CODE;2026-07-06 17:33:15;10;;;;
304492;2;LINES_OF_CODE;2026-07-07 10:08:19;0;;;;
304207;2;LINES_OF_CODE;2026-07-07 10:34:09;3;;;;
304643;2;LINES_OF_CODE;2026-07-07 10:40:34;2;;;;
304357;2;LINES_OF_CODE;2026-07-07 10:49:00;11;;;;
304693;2;LINES_OF_CODE;2026-07-07 11:16:12;3;;;;
304242;2;LINES_OF_CODE;2026-07-07 11:29:00;-1;;;;
304494;2;LINES_OF_CODE;2026-07-07 12:16:12;3;;;;
304651;2;LINES_OF_CODE;2026-07-07 13:21:03;2;;;;
304625;2;LINES_OF_CODE;2026-07-07 13:30:12;4;;;;
304664;2;LINES_OF_CODE;2026-07-07 13:39:35;12;;;;
304676;2;LINES_OF_CODE;2026-07-07 13:54:53;12;;;;
304323;2;LINES_OF_CODE;2026-07-07 14:11:54;2;;;;
304251;2;LINES_OF_CODE;2026-07-07 14:19:51;15;;;;
304312;2;LINES_OF_CODE;2026-07-07 14:39:46;5;;;;
304523;2;LINES_OF_CODE;2026-07-07 16:41:45;6;;;;
304418;2;LINES_OF_CODE;2026-07-07 17:37:16;4;;;;
304282;2;LINES_OF_CODE;2026-07-07 17:47:08;10;;;;
304618;2;LINES_OF_CODE;2026-07-07 17:57:35;11;;;;
304174;2;LINES_OF_CODE;2026-07-08 08:35:49;1;;;;
304461;2;LINES_OF_CODE;2026-07-08 08:52:48;9;;;;
304497;2;LINES_OF_CODE;2026-07-08 08:56:18;8;;;;
304604;2;LINES_OF_CODE;2026-07-08 09:33:32;14;;;;
304620;2;LINES_OF_CODE;2026-07-08 09:40:46;8;;;;
304481;2;LINES_OF_CODE;2026-07-08 09:43:40;8;;;;
304279;2;LINES_OF_CODE;2026-07-08 10:05:15;9;;;;
304380;2;LINES_OF_CODE;2026-07-08 10:17:09;0;;;;
304755;2;LINES_OF_CODE;2026-07-08 10:20:00;-4;;;;
304283;2;LINES_OF_CODE;2026-07-08 11:24:00;10;;;;
304438;2;LINES_OF_CODE;2026-07-08 11:27:08;13;;;;
304239;2;LINES_OF_CODE;2026-07-08 11:48:03;10;;;;
304162;2;LINES_OF_CODE;2026-07-08 11:48:31;0;;;;
304352;2;LINES_OF_CODE;2026-07-08 11:48:32;-5;;;;
304290;2;LINES_OF_CODE;2026-07-08 11:54:49;9;;;;
304639;2;LINES_OF_CODE;2026-07-08 12:02:42;11;;;;
304395;2;LINES_OF_CODE;2026-07-08 12:13:07;4;;;;
304192;2;LINES_OF_CODE;2026-07-08 12:14:34;6;;;;
304771;2;LINES_OF_CODE;2026-07-08 12:14:52;0;;;;
304366;2;LINES_OF_CODE;2026-07-08 12:58:52;2;;;;
304179;2;LINES_OF_CODE;2026-07-08 13:16:32;16;;;;
304728;2;LINES_OF_CODE;2026-07-08 13:22:56;-1;;;;
304233;2;LINES_OF_CODE;2026-07-08 14:12:12;17;;;;
304165;2;LINES_OF_CODE;2026-07-08 14:30:21;4;;;;
304647;2;LINES_OF_CODE;2026-07-08 14:38:58;7;;;;
304527;2;LINES_OF_CODE;2026-07-08 14:57:47;-1;;;;
304227;2;LINES_OF_CODE;2026-07-08 15:02:46;5;;;;
304713;2;LINES_OF_CODE;2026-07-08 15:12:54;9;;;;
304806;2;LINES_OF_CODE;2026-07-08 15:13:04;10;;;;
304317;2;LINES_OF_CODE;2026-07-08 15:28:57;4;;;;
304465;2;LINES_OF_CODE;2026-07-08 15:33:03;6;;;;
304296;2;LINES_OF_CODE;2026-07-08 15:39:04;10;;;;
304310;2;LINES_OF_CODE;2026-07-08 15:49:13;-3;;;;
304354;2;LINES_OF_CODE;2026-07-08 15:58:01;0;;;;
304155;2;LINES_OF_CODE;2026-07-08 16:38:03;7;;;;
304719;2;LINES_OF_CODE;2026-07-08 17:07:29;3;;;;
304307;2;LINES_OF_CODE;2026-07-08 17:25:03;3;;;;
304170;2;LINES_OF_CODE;2026-07-08 17:58:39;14;;;;
304615;2;LINES_OF_CODE;2026-07-09 08:07:56;3;;;;
304564;2;LINES_OF_CODE;2026-07-09 08:30:51;13;;;;
304796;2;LINES_OF_CODE;2026-07-09 09:41:25;13;;;;
304685;2;LINES_OF_CODE;2026-07-09 09:49:12;5;;;;
304443;2;LINES_OF_CODE;2026-07-09 09:50:27;2;;;;
304640;2;LINES_OF_CODE;2026-07-09 11:18:39;5;;;;
304210;2;LINES_OF_CODE;2026-07-09 11:59:58;6;;;;
304151;2;LINES_OF_CODE;2026-07-09 12:06:22;13;;;;
304586;2;LINES_OF_CODE;2026-07-09 12:11:35;1;;;;
304194;2;LINES_OF_CODE;2026-07-09 12:20:28;-3;;;;
304328;2;LINES_OF_CODE;2026-07-09 12:25:06;10;;;;
304402;2;LINES_OF_CODE;2026-07-09 12:29:51;12;;;;
304422;2;LINES_OF_CODE;2026-07-09 13:57:32;4;;;;
304738;2;LINES_OF_CODE;2026-07-09 14:25:26;5;;;;
304520;2;LINES_OF_CODE;2026-07-09 14:39:55;13;;;;
304537;2;LINES_OF_CODE;2026-07-09 15:13:48;11;;;;
304386;2;LINES_OF_CODE;2026-07-09 15:24:21;3;;;;
304792;2;LINES_OF_CODE;2026-07-09 15:26:05;7;;;;
304273;2;LINES_OF_CODE;2026-07-09 15:34:20;5;;;;
304387;2;LINES_OF_CODE;2026-07-09 15:45:53;8;;;;
304420;2;LINES_OF_CODE;2026-07-09 15:49:58;8;;;;
304808;2;LINES_OF_CODE;2026-07-09 16:39:16;-1;;;;
304265;2;LINES_OF_CODE;2026-07-09 17:01:34;6;;;;
304757;2;LINES_OF_CODE;2026-07-09 17:14:31;3;;;;
304429;2;LINES_OF_CODE;2026-07-09 17:23:04;7;;;;
304260;2;LINES_OF_CODE;2026-07-09 17:50:25;9;;;;
304626;2;LINES_OF_CODE;2026-07-09 17:55:55;18;;;;
304222;2;LINES_OF_CODE;2026-07-10 08:09:46;5;;;;
304244;2;LINES_OF_CODE;2026-07-10 08:29:02;3;;;;
304302;2;LINES_OF_CODE;2026-07-10 09:41:03;9;;;;
304545;2;LINES_OF_CODE;2026-07-10 09:49:26;6;;;;
304595;2;LINES_OF_CODE;2026-07-10 09:59:26;9;;;;
304629;2;LINES_OF_CODE;2026-07-10 10:07:13;6;;;;
304466;2;LINES_OF_CODE;2026-07-10 10:09:00;6;;;;
304291;2;LINES_OF_CODE;2026-07-10 10:09:21;14;;;;
304349;2;LINES_OF_CODE;2026-07-10 10:38:35;4;;;;
304646;2;LINES_OF_CODE;2026-07-10 11:27:05;6;;;;
304428;2;LINES_OF_CODE;2026-07-10 11:32:59;9;;;;
304733;2;LINES_OF_CODE;2026-07-10 11:37:28;9;;;;
304288;2;LINES_OF_CODE;2026-07-10 11:57:16;-2;;;;
304526;2;LINES_OF_CODE;2026-07-10 12:13:53;6;;;;
304314;2;LINES_OF_CODE;2026-07-10 12:34:56;6;;;;
304696;2;LINES_OF_CODE;2026-07-10 12:47:55;6;;;;
304587;2;LINES_OF_CODE;2026-07-10 12:54:02;13;;;;
304550;2;LINES_OF_CODE;2026-07-10 13:39:56;2;;;;
304580;2;LINES_OF_CODE;2026-07-10 14:42:30;11;;;;
304519;2;LINES_OF_CODE;2026-07-10 15:00:32;8;;;;
304308;2;LINES_OF_CODE;2026-07-10 15:09:52;14;;;;
304727;2;LINES_OF_CODE;2026-07-10 15:36:38;13;;;;
304608;2;LINES_OF_CODE;2026-07-10 15:46:40;4;;;;
304159;2;LINES_OF_CODE;2026-07-10 15:56:38;9;;;;
304652;2;LINES_OF_CODE;2026-07-10 16:12:45;7;;;;
304248;2;LINES_OF_CODE;2026-07-10 16:28:04;-4;;;;
304217;2;LINES_OF_CODE;2026-07-10 16:56:10;12;;;;
304313;2;LINES_OF_CODE;2026-07-10 16:59:28;10;;;;
304572;2;LINES_OF_CODE;2026-07-10 17:03:51;6;;;;
304478;2;LINES_OF_CODE;2026-07-10 17:21:11;0;;;;
304378;2;LINES_OF_CODE;2026-07-13 09:19:22;3;;;;
304801;2;LINES_OF_CODE;2026-07-13 10:31:00;10;;;;
304642;2;LINES_OF_CODE;2026-07-13 11:00:10;15;;;;
304193;2;LINES_OF_CODE;2026-07-13 11:38:34;7;;;;
304556;2;LINES_OF_CODE;2026-07-13 11:54:44;1;;;;
304204;2;LINES_OF_CODE;2026-07-13 11:56:55;2;;;;
304605;2;LINES_OF_CODE;2026-07-13 11:59:15;14;;;;
304714;2;LINES_OF_CODE;2026-07-13 12:11:16;1;;;;
304530;2;LINES_OF_CODE;2026-07-13 12:58:36;6;;;;
304670;2;LINES_OF_CODE;2026-07-13 13:13:00;-3;;;;
304316;2;LINES_OF_CODE;2026-07-13 13:26:31;4;;;;
304789;2;LINES_OF_CODE;2026-07-13 13:50:02;4;;;;
304741;2;LINES_OF_CODE;2026-07-13 14:30:37;6;;;;
304723;2;LINES_OF_CODE;2026-07-13 14:44:41;0;;;;
304263;2;LINES_OF_CODE;2026-07-13 14:56:57;6;;;;
304200;2;LINES_OF_CODE;2026-07-13 15:05:31;10;;;;
304570;2;LINES_OF_CODE;2026-07-13 15:05:55;6;;;;
304593;2;LINES_OF_CODE;2026-07-13 15:24:36;4;;;;
304280;2;LINES_OF_CODE;2026-07-13 16:03:19;4;;;;
304507;2;LINES_OF_CODE;2026-07-13 16:38:01;6;;;;
304161;2;LINES_OF_CODE;2026-07-13 16:56:41;12;;;;
304760;2;LINES_OF_CODE;2026-07-13 17:06:53;9;;;;
304797;2;LINES_OF_CODE;2026-07-13 17:51:36;13;;;;
304784;2;LINES_OF_CODE;2026-07-13 17:53:20;6;;;;
304734;2;LINES_OF_CODE;2026-07-14 08:53:10;-4;;;;
304363;2;LINES_OF_CODE;2026-07-14 09:38:48;-3;;;;
304416;2;LINES_OF_CODE;2026-07-14 09:42:35;15;;;;
304770;2;LINES_OF_CODE;2026-07-14 09:59:33;9;;;;
304385;2;LINES_OF_CODE;2026-07-14 10:19:56;-2;;;;
304410;2;LINES_OF_CODE;2026-07-14 10:46:02;0;;;;
304590;2;LINES_OF_CODE;2026-07-14 10:50:12;3;;;;
304306;2;LINES_OF_CODE;2026-07-14 10:53:23;-1;;;;
304650;2;LINES_OF_CODE;2026-07-14 10:53:28;7;;;;
304234;2;LINES_OF_CODE;2026-07-14 11:14:39;5;;;;
304339;2;LINES_OF_CODE;2026-07-14 11:23:25;7;;;;
304561;2;LINES_OF_CODE;2026-07-14 12:52:02;4;;;;
304743;2;LINES_OF_CODE;2026-07-14 14:00:44;7;;;;
304382;2;LINES_OF_CODE;2026-07-14 14:07:47;15;;;;
304154;2;LINES_OF_CODE;2026-07-14 14:12:10;6;;;;
304184;2;LINES_OF_CODE;2026-07-14 14:41:33;16;;;;
304197;2;LINES_OF_CODE;2026-07-14 15:09:44;5;;;;
304231;2;LINES_OF_CODE;2026-07-14 15:21:22;9;;;;
304300;2;LINES_OF_CODE;2026-07-14 16:32:28;4;;;;
304773;2;LINES_OF_CODE;2026-07-14 16:46:48;5;;;;
304735;2;LINES_OF_CODE;2026-07-14 16:52:39;-4;;;;
304706;2;LINES_OF_CODE;2026-07-14 17:04:57;2;;;;
304268;2;LINES_OF_CODE;2026-07-14 17:09:13;6;;;;
304358;2;LINES_OF_CODE;2026-07-14 17:10:48;0;;;;
304718;2;LINES_OF_CODE;2026-07-14 17:19:03;2;;;;
304214;2;LINES_OF_CODE;2026-07-14 17:24:54;3;;;;
304782;2;LINES_OF_CODE;2026-07-14 17:50:25;7;;;;
304504;2;LINES_OF_CODE;2026-07-14 17:58:40;21;;;;
304219;2;LINES_OF_CODE;2026-07-15 08:42:04;7;;;;
304563;2;LINES_OF_CODE;2026-07-15 09:18:44;0;;;;
304490;2;LINES_OF_CODE;2026-07-15 09:30:53;1;;;;
304287;2;LINES_OF_CODE;2026-07-15 09:34:54;6;;;;
304748;2;LINES_OF_CODE;2026-07-15 09:36:38;9;;;;
304344;2;LINES_OF_CODE;2026-07-15 09:53:31;12;;;;
304202;2;LINES_OF_CODE;2026-07-15 09:59:35;2;;;;
304285;2;LINES_OF_CODE;2026-07-15 10:35:05;9;;;;
304281;2;LINES_OF_CODE;2026-07-15 10:47:48;13;;;;
304795;2;LINES_OF_CODE;2026-07-15 11:06:48;-4;;;;
304588;2;LINES_OF_CODE;2026-07-15 11:09:56;-1;;;;
304267;2;LINES_OF_CODE;2026-07-15 11:11:07;7;;;;
304599;2;LINES_OF_CODE;2026-07-15 11:31:06;7;;;;
304304;2;LINES_OF_CODE;2026-07-15 11:37:33;5;;;;
304196;2;LINES_OF_CODE;2026-07-15 11:59:11;10;;;;
304739;2;LINES_OF_CODE;2026-07-15 12:05:56;11;;;;
304379;2;LINES_OF_CODE;2026-07-15 12:35:32;6;;;;
304711;2;LINES_OF_CODE;2026-07-15 12:37:48;2;;;;
304315;2;LINES_OF_CODE;2026-07-15 12:38:26;9;;;;
304707;2;LINES_OF_CODE;2026-07-15 13:11:21;7;;;;
304695;2;LINES_OF_CODE;2026-07-15 13:37:41;1;;;;
304763;2;LINES_OF_CODE;2026-07-15 13:46:45;-1;;;;
304667;2;LINES_OF_CODE;2026-07-15 13:54:03;4;;;;
304644;2;LINES_OF_CODE;2026-07-15 14:08:49;6;;;;
304786;2;LINES_OF_CODE;2026-07-15 14:17:45;11;;;;
304455;2;LINES_OF_CODE;2026-07-15 14:37:11;0;;;;
304454;2;LINES_OF_CODE;2026-07-15 14:46:14;16;;;;
304686;2;LINES_OF_CODE;2026-07-15 15:21:26;12;;;;
304374;2;LINES_OF_CODE;2026-07-15 15:27:12;5;;;;
304762;2;LINES_OF_CODE;2026-07-15 16:02:24;5;;;;
304779;2;LINES_OF_CODE;2026-07-15 17:11:01;8;;;;
304439;2;LINES_OF_CODE;2026-07-15 17:19:12;6;;;;
304458;2;LINES_OF_CODE;2026-07-15 17:44:34;9;;;;
304341;2;LINES_OF_CODE;2026-07-15 17:47:23;0;;;;
304250;2;LINES_OF_CODE;2026-07-15 17:57:26;8;;;;
304551;2;LINES_OF_CODE;2026-07-16 08:16:26;5;;;;
304356;2;LINES_OF_CODE;2026-07-16 08:26:42;3;;;;
304524;2;LINES_OF_CODE;2026-07-16 08:31:54;3;;;;
304434;2;LINES_OF_CODE;2026-07-16 08:35:49;5;;;;
304199;2;LINES_OF_CODE;2026-07-16 09:01:10;5;;;;
304299;2;LINES_OF_CODE;2026-07-16 09:19:43;6;;;;
304547;2;LINES_OF_CODE;2026-07-16 09:22:30;3;;;;
304440;2;LINES_OF_CODE;2026-07-16 09:40:24;4;;;;
304421;2;LINES_OF_CODE;2026-07-16 09:40:52;6;;;;
304320;2;LINES_OF_CODE;2026-07-16 09:54:20;7;;;;
304546;2;LINES_OF_CODE;2026-07-16 10:05:33;6;;;;
304292;2;LINES_OF_CODE;2026-07-16 10:14:05;0;;;;
304221;2;LINES_OF_CODE;2026-07-16 10:42:01;10;;;;
304163;2;LINES_OF_CODE;2026-07-16 10:50:11;12;;;;
304252;2;LINES_OF_CODE;2026-07-16 11:52:32;11;;;;
304536;2;LINES_OF_CODE;2026-07-16 11:53:41;9;;;;
304742;2;LINES_OF_CODE;2026-07-16 12:11:12;12;;;;
304548;2;LINES_OF_CODE;2026-07-16 12:48:03;-2;;;;
304149;2;LINES_OF_CODE;2026-07-16 13:26:33;5;;;;
304753;2;LINES_OF_CODE;2026-07-16 13:32:58;12;;;;
304649;2;LINES_OF_CODE;2026-07-16 13:33:05;3;;;;
304689;2;LINES_OF_CODE;2026-07-16 14:07:09;1;;;;
304246;2;LINES_OF_CODE;2026-07-16 14:25:25;16;;;;
304654;2;LINES_OF_CODE;2026-07-16 15:09:01;1;;;;
304631;2;LINES_OF_CODE;2026-07-16 15:11:20;8;;;;
304337;2;LINES_OF_CODE;2026-07-16 15:12:43;7;;;;
304413;2;LINES_OF_CODE;2026-07-16 15:17:09;9;;;;
304201;2;LINES_OF_CODE;2026-07-16 15:41:19;2;;;;
304182;2;LINES_OF_CODE;2026-07-16 15:58:08;8;;;;
304446;2;LINES_OF_CODE;2026-07-16 16:06:14;0;;;;
304355;2;LINES_OF_CODE;2026-07-16 16:41:24;7;;;;
304277;2;LINES_OF_CODE;2026-07-16 16:43:17;12;;;;
304633;2;LINES_OF_CODE;2026-07-16 17:24:03;2;;;;
304690;2;LINES_OF_CODE;2026-07-16 17:26:53;10;;;;
304449;2;LINES_OF_CODE;2026-07-16 17:43:43;9;;;;
304464;2;LINES_OF_CODE;2026-07-16 17:56:02;0;;;;
304665;2;LINES_OF_CODE;2026-07-17 08:32:13;0;;;;
304342;2;LINES_OF_CODE;2026-07-17 08:33:11;-1;;;;
304468;2;LINES_OF_CODE;2026-07-17 08:35:18;12;;;;
304813;2;LINES_OF_CODE;2026-07-17 08:46:28;8;;;;
304213;2;LINES_OF_CODE;2026-07-17 09:05:22;0;;;;
304607;2;LINES_OF_CODE;2026-07-17 09:43:04;-1;;;;
304295;2;LINES_OF_CODE;2026-07-17 10:15:13;6;;;;
304424;2;LINES_OF_CODE;2026-07-17 10:18:13;-9;;;;
304445;2;LINES_OF_CODE;2026-07-17 10:35:03;8;;;;
304726;2;LINES_OF_CODE;2026-07-17 11:55:52;13;;;;
304543;2;LINES_OF_CODE;2026-07-17 12:14:29;3;;;;
304737;2;LINES_OF_CODE;2026-07-17 12:15:39;11;;;;
304319;2;LINES_OF_CODE;2026-07-17 12:59:55;15;;;;
304245;2;LINES_OF_CODE;2026-07-17 13:34:58;4;;;;
304516;2;LINES_OF_CODE;2026-07-17 13:54:13;7;;;;
304809;2;LINES_OF_CODE;2026-07-17 14:20:17;4;;;;
304256;2;LINES_OF_CODE;2026-07-17 14:24:35;2;;;;
304573;2;LINES_OF_CODE;2026-07-17 14:32:10;7;;;;
304318;2;LINES_OF_CODE;2026-07-17 14:36:23;9;;;;
304697;2;LINES_OF_CODE;2026-07-17 14:39:38;8;;;;
304498;2;LINES_OF_CODE;2026-07-17 14:45:06;6;;;;
304553;2;LINES_OF_CODE;2026-07-17 15:28:54;-2;;;;
304522;2;LINES_OF_CODE;2026-07-17 15:39:17;5;;;;
304392;2;LINES_OF_CODE;2026-07-17 15:46:31;11;;;;
304815;2;LINES_OF_CODE;2026-07-17 15:49:04;6;;;;
304177;2;LINES_OF_CODE;2026-07-17 16:00:44;2;;;;
304592;2;LINES_OF_CODE;2026-07-17 16:10:56;3;;;;
304499;2;LINES_OF_CODE;2026-07-17 16:29:56;6;;;;
304298;2;LINES_OF_CODE;2026-07-17 16:57:50;5;;;;
304259;2;LINES_OF_CODE;2026-07-17 17:06:49;-1;;;;
304426;2;LINES_OF_CODE;2026-07-17 17:08:22;6;;;;
304705;2;LINES_OF_CODE;2026-07-17 17:25:43;9;;;;
304262;2;LINES_OF_CODE;2026-07-17 17:35:38;4;;;;
304811;2;LINES_OF_CODE;2026-07-17 17:49:08;9;;;;
304609;2;LINES_OF_CODE;2026-07-20 08:21:17;9;;;;
304483;2;LINES_OF_CODE;2026-07-20 08:40:00;-2;;;;
304171;2;LINES_OF_CODE;2026-07-20 09:23:40;7;;;;
304577;2;LINES_OF_CODE;2026-07-20 09:36:13;2;;;;
304463;2;LINES_OF_CODE;2026-07-20 09:38:45;7;;;;
304717;2;LINES_OF_CODE;2026-07-20 10:09:30;14;;;;
304555;2;LINES_OF_CODE;2026-07-20 10:40:21;3;;;;
304661;2;LINES_OF_CODE;2026-07-20 11:20:23;-2;;;;
304152;2;LINES_OF_CODE;2026-07-20 11:29:24;6;;;;
304437;2;LINES_OF_CODE;2026-07-20 11:54:00;19;;;;
304247;2;LINES_OF_CODE;2026-07-20 12:05:03;3;;;;
304230;2;LINES_OF_CODE;2026-07-20 12:33:39;6;;;;
304589;2;LINES_OF_CODE;2026-07-20 12:38:34;6;;;;
304335;2;LINES_OF_CODE;2026-07-20 13:18:02;-3;;;;
304785;2;LINES_OF_CODE;2026-07-20 13:45:59;7;;;;
304369;2;LINES_OF_CODE;2026-07-20 14:02:46;8;;;;
304562;2;LINES_OF_CODE;2026-07-20 14:26:12;9;;;;
304761;2;LINES_OF_CODE;2026-07-20 14:30:38;12;;;;
304377;2;LINES_OF_CODE;2026-07-20 14:39:46;5;;;;
304411;2;LINES_OF_CODE;2026-07-20 14:45:07;7;;;;
304444;2;LINES_OF_CODE;2026-07-20 14:45:36;9;;;;
304679;2;LINES_OF_CODE;2026-07-20 15:21:34;7;;;;
304658;2;LINES_OF_CODE;2026-07-20 15:34:40;13;;;;
304740;2;LINES_OF_CODE;2026-07-20 15:39:46;6;;;;
304614;2;LINES_OF_CODE;2026-07-20 16:06:22;3;;;;
304243;2;LINES_OF_CODE;2026-07-20 17:22:07;2;;;;
304581;2;LINES_OF_CODE;2026-07-20 17:41:22;-5;;;;
304488;2;LINES_OF_CODE;2026-07-20 17:44:06;2;;;;
304417;2;LINES_OF_CODE;2026-07-20 17:49:38;12;;;;
304476;2;LINES_OF_CODE;2026-07-21 08:16:14;10;;;;
304409;2;LINES_OF_CODE;2026-07-21 10:04:45;11;;;;
304505;2;LINES_OF_CODE;2026-07-21 11:20:59;0;;;;
304759;2;LINES_OF_CODE;2026-07-21 11:25:31;18;;;;
304330;2;LINES_OF_CODE;2026-07-21 11:43:56;4;;;;
304450;2;LINES_OF_CODE;2026-07-21 11:55:16;10;;;;
304447;2;LINES_OF_CODE;2026-07-21 12:04:20;-1;;;;
304659;2;LINES_OF_CODE;2026-07-21 12:09:19;1;;;;
304721;2;LINES_OF_CODE;2026-07-21 12:26:36;13;;;;
304756;2;LINES_OF_CODE;2026-07-21 12:33:57;6;;;;
304471;2;LINES_OF_CODE;2026-07-21 12:36:26;5;;;;
304655;2;LINES_OF_CODE;2026-07-21 12:44:55;5;;;;
304189;2;LINES_OF_CODE;2026-07-21 13:04:44;13;;;;
304480;2;LINES_OF_CODE;2026-07-21 13:12:21;12;;;;
304249;2;LINES_OF_CODE;2026-07-21 14:23:02;6;;;;
304781;2;LINES_OF_CODE;2026-07-21 14:31:45;12;;;;
304218;2;LINES_OF_CODE;2026-07-21 14:50:35;2;;;;
304485;2;LINES_OF_CODE;2026-07-21 14:53:29;8;;;;
304173;2;LINES_OF_CODE;2026-07-21 15:15:12;6;;;;
304700;2;LINES_OF_CODE;2026-07-21 15:46:46;4;;;;
304376;2;LINES_OF_CODE;2026-07-21 16:32:16;9;;;;
304190;2;LINES_OF_CODE;2026-07-21 16:39:38;12;;;;
304775;2;LINES_OF_CODE;2026-07-21 16:45:31;11;;;;
304708;2;LINES_OF_CODE;2026-07-21 17:01:37;5;;;;
304371;2;LINES_OF_CODE;2026-07-21 17:02:44;7;;;;
304175;2;LINES_OF_CODE;2026-07-21 17:20:46;5;;;;
304359;2;LINES_OF_CODE;2026-07-21 17:22:37;9;;;;
304487;2;LINES_OF_CODE;2026-07-21 17:31:11;11;;;;
304166;2;LINES_OF_CODE;2026-07-22 09:03:55;9;;;;
304624;2;LINES_OF_CODE;2026-07-22 09:14:49;10;;;;
304412;2;LINES_OF_CODE;2026-07-22 10:53:34;2;;;;
304261;2;LINES_OF_CODE;2026-07-22 11:08:41;-1;;;;
304777;2;LINES_OF_CODE;2026-07-22 11:17:06;0;;;;
304198;2;LINES_OF_CODE;2026-07-22 11:32:47;-6;;;;
304576;2;LINES_OF_CODE;2026-07-22 11:34:07;7;;;;
304810;2;LINES_OF_CODE;2026-07-22 11:54:40;-1;;;;
304209;2;LINES_OF_CODE;2026-07-22 12:30:22;8;;;;
304322;2;LINES_OF_CODE;2026-07-22 13:12:44;6;;;;
304297;2;LINES_OF_CODE;2026-07-22 13:21:05;8;;;;
304538;2;LINES_OF_CODE;2026-07-22 13:56:44;6;;;;
304613;2;LINES_OF_CODE;2026-07-22 14:05:26;5;;;;
304223;2;LINES_OF_CODE;2026-07-22 14:21:41;12;;;;
304508;2;LINES_OF_CODE;2026-07-22 14:34:39;9;;;;
304778;2;LINES_OF_CODE;2026-07-22 14:38:54;12;;;;
304368;2;LINES_OF_CODE;2026-07-22 15:17:52;5;;;;
304172;2;LINES_OF_CODE;2026-07-22 16:25:59;4;;;;
304798;2;LINES_OF_CODE;2026-07-22 17:09:25;6;;;;
304766;2;LINES_OF_CODE;2026-07-22 17:55:38;12;;;;
304578;2;LINES_OF_CODE;2026-07-23 08:45:04;2;;;;
304393;2;LINES_OF_CODE;2026-07-23 09:13:18;1;;;;
304529;2;LINES_OF_CODE;2026-07-23 10:58:36;10;;;;
304456;2;LINES_OF_CODE;2026-07-23 11:01:53;4;;;;
304510;2;LINES_OF_CODE;2026-07-23 11:04:02;11;;;;
304709;2;LINES_OF_CODE;2026-07-23 11:12:26;3;;;;
304729;2;LINES_OF_CODE;2026-07-23 11:16:57;12;;;;
304799;2;LINES_OF_CODE;2026-07-23 11:21:03;3;;;;
304750;2;LINES_OF_CODE;2026-07-23 11:31:48;9;;;;
304284;2;LINES_OF_CODE;2026-07-23 11:53:53;11;;;;
304653;2;LINES_OF_CODE;2026-07-23 11:55:09;5;;;;
304479;2;LINES_OF_CODE;2026-07-23 12:11:24;10;;;;
304375;2;LINES_OF_CODE;2026-07-23 12:55:33;17;;;;
304343;2;LINES_OF_CODE;2026-07-23 13:30:04;11;;;;
304491;2;LINES_OF_CODE;2026-07-23 13:48:55;16;;;;
304321;2;LINES_OF_CODE;2026-07-23 14:01:00;9;;;;
304534;2;LINES_OF_CODE;2026-07-23 14:55:22;15;;;;
304338;2;LINES_OF_CODE;2026-07-23 15:02:32;8;;;;
304336;2;LINES_OF_CODE;2026-07-23 16:41:23;14;;;;
304812;2;LINES_OF_CODE;2026-07-23 16:49:01;2;;;;
304725;2;LINES_OF_CODE;2026-07-23 16:51:25;20;;;;
304361;2;LINES_OF_CODE;2026-07-23 16:56:40;6;;;;
304353;2;LINES_OF_CODE;2026-07-23 17:05:48;6;;;;
304710;2;LINES_OF_CODE;2026-07-23 17:23:20;8;;;;
304470;2;LINES_OF_CODE;2026-07-23 17:37:49;2;;;;
304164;2;LINES_OF_CODE;2026-07-24 08:04:54;8;;;;
304432;2;LINES_OF_CODE;2026-07-24 08:44:56;3;;;;
304704;2;LINES_OF_CODE;2026-07-24 09:16:20;6;;;;
304567;2;LINES_OF_CODE;2026-07-24 09:18:59;9;;;;
304269;2;LINES_OF_CODE;2026-07-24 10:00:21;-1;;;;
304591;2;LINES_OF_CODE;2026-07-24 10:08:01;8;;;;
304803;2;LINES_OF_CODE;2026-07-24 10:19:02;6;;;;
304791;2;LINES_OF_CODE;2026-07-24 10:42:57;7;;;;
304612;2;LINES_OF_CODE;2026-07-24 10:43:52;-4;;;;
304804;2;LINES_OF_CODE;2026-07-24 11:26:27;9;;;;
304264;2;LINES_OF_CODE;2026-07-24 11:36:18;11;;;;
304525;2;LINES_OF_CODE;2026-07-24 12:07:07;11;;;;
304157;2;LINES_OF_CODE;2026-07-24 12:57:35;3;;;;
304156;2;LINES_OF_CODE;2026-07-24 13:18:12;7;;;;
304405;2;LINES_OF_CODE;2026-07-24 13:20:18;14;;;;
304400;2;LINES_OF_CODE;2026-07-24 13:56:01;9;;;;
304484;2;LINES_OF_CODE;2026-07-24 14:03:58;0;;;;
304623;2;LINES_OF_CODE;2026-07-24 14:15:57;0;;;;
304187;2;LINES_OF_CODE;2026-07-24 14:37:32;5;;;;
304544;2;LINES_OF_CODE;2026-07-24 15:40:39;13;;;;
304603;2;LINES_OF_CODE;2026-07-24 15:42:37;10;;;;
304673;2;LINES_OF_CODE;2026-07-24 15:46:28;9;;;;
304767;2;LINES_OF_CODE;2026-07-24 16:06:37;11;;;;
304408;2;LINES_OF_CODE;2026-07-24 16:22:44;5;;;;
304384;2;LINES_OF_CODE;2026-07-24 16:30:08;8;;;;
304275;2;LINES_OF_CODE;2026-07-24 16:40:48;10;;;;
304329;2;LINES_OF_CODE;2026-07-24 16:59:20;13;;;;
304774;2;LINES_OF_CODE;2026-07-24 17:20:26;8;;;;
304388;2;LINES_OF_CODE;2026-07-24 17:52:37;5;;;;
304459;2;LINES_OF_CODE;2026-07-27 08:18:36;11;;;;
304619;2;LINES_OF_CODE;2026-07-27 09:14:33;-2;;;;
304237;2;LINES_OF_CODE;2026-07-27 09:43:03;2;;;;
304496;2;LINES_OF_CODE;2026-07-27 10:37:26;6;;;;
304150;2;LINES_OF_CODE;2026-07-27 10:42:21;6;;;;
304683;2;LINES_OF_CODE;2026-07-27 11:05:13;15;;;;
304419;2;LINES_OF_CODE;2026-07-27 11:14:48;3;;;;
304749;2;LINES_OF_CODE;2026-07-27 11:15:07;2;;;;
304598;2;LINES_OF_CODE;2026-07-27 12:13:35;11;;;;
304671;2;LINES_OF_CODE;2026-07-27 12:43:11;11;;;;
304372;2;LINES_OF_CODE;2026-07-27 12:53:31;6;;;;
304691;2;LINES_OF_CODE;2026-07-27 13:20:00;16;;;;
304511;2;LINES_OF_CODE;2026-07-27 13:26:58;8;;;;
304390;2;LINES_OF_CODE;2026-07-27 13:53:42;5;;;;
304674;2;LINES_OF_CODE;2026-07-27 14:39:54;7;;;;
304583;2;LINES_OF_CODE;2026-07-27 14:49:19;12;;;;
304493;2;LINES_OF_CODE;2026-07-27 14:49:36;20;;;;
304752;2;LINES_OF_CODE;2026-07-27 15:04:10;7;;;;
304381;2;LINES_OF_CODE;2026-07-27 15:21:33;7;;;;
304518;2;LINES_OF_CODE;2026-07-27 15:32:20;11;;;;
304656;2;LINES_OF_CODE;2026-07-27 15:52:39;15;;;;
304541;2;LINES_OF_CODE;2026-07-27 16:56:09;8;;;;
304692;2;LINES_OF_CODE;2026-07-28 08:05:35;2;;;;
304517;2;LINES_OF_CODE;2026-07-28 08:10:55;3;;;;
304178;2;LINES_OF_CODE;2026-07-28 08:21:18;-1;;;;
304367;2;LINES_OF_CODE;2026-07-28 08:23:21;2;;;;
304694;2;LINES_OF_CODE;2026-07-28 08:34:43;7;;;;
304720;2;LINES_OF_CODE;2026-07-28 08:50:23;0;;;;
304206;2;LINES_OF_CODE;2026-07-28 08:50:40;13;;;;
304495;2;LINES_OF_CODE;2026-07-28 08:51:20;-2;;;;
304669;2;LINES_OF_CODE;2026-07-28 09:17:00;3;;;;
304394;2;LINES_OF_CODE;2026-07-28 09:33:14;12;;;;
304554;2;LINES_OF_CODE;2026-07-28 09:45:45;0;;;;
304212;2;LINES_OF_CODE;2026-07-28 10:06:30;0;;;;
304276;2;LINES_OF_CODE;2026-07-28 10:17:50;4;;;;
304722;2;LINES_OF_CODE;2026-07-28 10:19:02;2;;;;
304331;2;LINES_OF_CODE;2026-07-28 10:35:14;7;;;;
304346;2;LINES_OF_CODE;2026-07-28 10:35:22;9;;;;
304702;2;LINES_OF_CODE;2026-07-28 10:58:42;2;;;;
304305;2;LINES_OF_CODE;2026-07-28 11:17:32;9;;;;
304205;2;LINES_OF_CODE;2026-07-28 11:50:13;12;;;;
304373;2;LINES_OF_CODE;2026-07-28 12:15:01;5;;;;
304754;2;LINES_OF_CODE;2026-07-28 12:19:59;9;;;;
304532;2;LINES_OF_CODE;2026-07-28 12:47:57;7;;;;
304503;2;LINES_OF_CODE;2026-07-28 13:05:05;8;;;;
304724;2;LINES_OF_CODE;2026-07-28 13:44:55;-1;;;;
304569;2;LINES_OF_CODE;2026-07-28 14:03:38;10;;;;
304501;2;LINES_OF_CODE;2026-07-28 14:05:32;13;;;;
304787;2;LINES_OF_CODE;2026-07-28 14:16:52;7;;;;
304360;2;LINES_OF_CODE;2026-07-28 15:25:36;2;;;;
304794;2;LINES_OF_CODE;2026-07-28 15:55:25;7;;;;
304158;2;LINES_OF_CODE;2026-07-28 16:39:47;12;;;;
304500;2;LINES_OF_CODE;2026-07-28 17:09:43;2;;;;
304327;2;LINES_OF_CODE;2026-07-28 17:13:00;2;;;;
304807;2;LINES_OF_CODE;2026-07-28 17:46:25;0;;;;
304597;2;LINES_OF_CODE;2026-07-28 17:57:09;5;;;;
304610;2;LINES_OF_CODE;2026-07-29 08:03:55;6;;;;
304542;2;LINES_OF_CODE;2026-07-29 08:11:53;5;;;;
304732;2;LINES_OF_CODE;2026-07-29 08:39:20;2;;;;
304309;2;LINES_OF_CODE;2026-07-29 08:58:10;1;;;;
304414;2;LINES_OF_CODE;2026-07-29 09:28:10;7;;;;
304745;2;LINES_OF_CODE;2026-07-29 09:34:41;9;;;;
304254;2;LINES_OF_CODE;2026-07-29 09:42:50;8;;;;
304181;2;LINES_OF_CODE;2026-07-29 09:56:30;17;;;;
304436;2;LINES_OF_CODE;2026-07-29 10:00:14;0;;;;
304802;2;LINES_OF_CODE;2026-07-29 10:01:08;8;;;;
304472;2;LINES_OF_CODE;2026-07-29 10:01:16;1;;;;
304645;2;LINES_OF_CODE;2026-07-29 10:18:34;5;;;;
304715;2;LINES_OF_CODE;2026-07-29 10:25:47;8;;;;
304769;2;LINES_OF_CODE;2026-07-29 10:25:47;0;;;;
304325;2;LINES_OF_CODE;2026-07-29 11:06:13;2;;;;
304617;2;LINES_OF_CODE;2026-07-29 11:56:02;-3;;;;
304435;2;LINES_OF_CODE;2026-07-29 12:15:00;-2;;;;
304324;2;LINES_OF_CODE;2026-07-29 12:23:53;9;;;;
304362;2;LINES_OF_CODE;2026-07-29 12:39:58;9;;;;
304403;2;LINES_OF_CODE;2026-07-29 13:55:10;7;;;;
304294;2;LINES_OF_CODE;2026-07-29 14:17:30;-1;;;;
304627;2;LINES_OF_CODE;2026-07-29 14:31:02;3;;;;
304225;2;LINES_OF_CODE;2026-07-29 14:42:21;1;;;;
304469;2;LINES_OF_CODE;2026-07-29 16:02:01;8;;;;
304169;2;LINES_OF_CODE;2026-07-29 16:11:52;5;;;;
304780;2;LINES_OF_CODE;2026-07-29 16:22:14;-4;;;;
304579;2;LINES_OF_CODE;2026-07-29 16:52:38;8;;;;
304635;2;LINES_OF_CODE;2026-07-29 16:54:28;7;;;;
304680;2;LINES_OF_CODE;2026-07-29 17:14:41;0;;;;
304606;2;LINES_OF_CODE;2026-07-29 17:20:13;6;;;;
304678;2;LINES_OF_CODE;2026-07-29 17:27:18;5;;;;
304552;2;LINES_OF_CODE;2026-07-29 17:36:06;11;;;;
304747;2;LINES_OF_CODE;2026-07-29 17:49:43;4;;;;
304584;2;LINES_OF_CODE;2026-07-30 08:00:03;4;;;;
304638;2;LINES_OF_CODE;2026-07-30 08:24:53;9;;;;
304668;2;LINES_OF_CODE;2026-07-30 08:53:37;8;;;;
304531;2;LINES_OF_CODE;2026-07-30 09:29:56;14;;;;
304657;2;LINES_OF_CODE;2026-07-30 09:38:00;1;;;;
304430;2;LINES_OF_CODE;2026-07-30 09:47:42;11;;;;
304389;2;LINES_OF_CODE;2026-07-30 10:16:19;2;;;;
304332;2;LINES_OF_CODE;2026-07-30 10:23:08;6;;;;
304622;2;LINES_OF_CODE;2026-07-30 10:58:04;2;;;;
304557;2;LINES_OF_CODE;2026-07-30 11:08:47;3;;;;
304596;2;LINES_OF_CODE;2026-07-30 11:08:51;4;;;;
304521;2;LINES_OF_CODE;2026-07-30 12:14:27;0;;;;
304566;2;LINES_OF_CODE;2026-07-30 12:20:41;14;;;;
304255;2;LINES_OF_CODE;2026-07-30 12:31:49;7;;;;
304238;2;LINES_OF_CODE;2026-07-30 13:12:43;2;;;;
304229;2;LINES_OF_CODE;2026-07-30 13:19:55;1;;;;
304701;2;LINES_OF_CODE;2026-07-30 13:22:47;-1;;;;
304235;2;LINES_OF_CODE;2026-07-30 13:27:45;0;;;;
304228;2;LINES_OF_CODE;2026-07-30 13:40:09;0;;;;
304236;2;LINES_OF_CODE;2026-07-30 13:46:27;6;;;;
304258;2;LINES_OF_CODE;2026-07-30 14:27:44;9;;;;
304793;2;LINES_OF_CODE;2026-07-30 15:29:46;7;;;;
304628;2;LINES_OF_CODE;2026-07-30 16:02:32;9;;;;
304558;2;LINES_OF_CODE;2026-07-30 16:28:08;5;;;;
304560;2;LINES_OF_CODE;2026-07-30 16:34:50;16;;;;
304672;2;LINES_OF_CODE;2026-07-30 16:39:52;7;;;;
304333;2;LINES_OF_CODE;2026-07-30 17:08:27;6;;;;
304477;2;LINES_OF_CODE;2026-07-30 17:08:54;12;;;;
304688;2;LINES_OF_CODE;2026-07-30 17:45:18;3;;;;
304805;2;LINES_OF_CODE;2026-07-30 17:56:55;6;;;;
304712;2;LINES_OF_CODE;2026-07-31 08:38:54;-1;;;;
304641;2;LINES_OF_CODE;2026-07-31 08:50:41;7;;;;
304698;2;LINES_OF_CODE;2026-07-31 09:01:06;5;;;;
304800;2;LINES_OF_CODE;2026-07-31 09:23:14;13;;;;
304348;2;LINES_OF_CODE;2026-07-31 09:29:18;-1;;;;
304682;2;LINES_OF_CODE;2026-07-31 10:25:35;12;;;;
304535;2;LINES_OF_CODE;2026-07-31 10:29:14;-1;;;;
304220;2;LINES_OF_CODE;2026-07-31 10:35:16;0;;;;
304191;2;LINES_OF_CODE;2026-07-31 10:42:34;4;;;;
304482;2;LINES_OF_CODE;2026-07-31 11:00:21;1;;;;
304442;2;LINES_OF_CODE;2026-07-31 11:36:46;9;;;;
304427;2;LINES_OF_CODE;2026-07-31 11:59:11;7;;;;
304383;2;LINES_OF_CODE;2026-07-31 12:29:13;15;;;;
304515;2;LINES_OF_CODE;2026-07-31 12:29:51;0;;;;
304730;2;LINES_OF_CODE;2026-07-31 12:30:57;10;;;;
304602;2;LINES_OF_CODE;2026-07-31 12:46:45;13;;;;
304559;2;LINES_OF_CODE;2026-07-31 13:36:12;1;;;;
304396;2;LINES_OF_CODE;2026-07-31 13:41:27;3;;;;
304473;2;LINES_OF_CODE;2026-07-31 13:47:52;3;;;;
304663;2;LINES_OF_CODE;2026-07-31 14:08:23;8;;;;
304648;2;LINES_OF_CODE;2026-07-31 14:17:21;4;;;;
304398;2;LINES_OF_CODE;2026-07-31 14:57:13;7;;;;
304630;2;LINES_OF_CODE;2026-07-31 15:15:57;10;;;;
304272;2;LINES_OF_CODE;2026-07-31 15:31:56;13;;;;
304453;2;LINES_OF_CODE;2026-07-31 15:49:01;15;;;;
304457;2;LINES_OF_CODE;2026-07-31 15:49:19;6;;;;
304168;2;LINES_OF_CODE;2026-07-31 15:51:09;1;;;;
304765;2;LINES_OF_CODE;2026-07-31 15:54:28;4;;;;
304675;2;LINES_OF_CODE;2026-07-31 16:30:47;4;;;;
304311;2;LINES_OF_CODE;2026-07-31 16:45:16;1;;;;
304401;2;LINES_OF_CODE;2026-07-31 17:23:43;9;;;;
304568;2;LINES_OF_CODE;2026-07-31 17:29:38;4;;;;
304415;2;LINES_OF_CODE;2026-07-31 17:40:37;7;;;;
304975;2;LINES_OF_CODE;2026-08-03 08:22:33;5;;;;
305154;2;LINES_OF_CODE;2026-08-03 09:11:07;9;;;;
305270;2;LINES_OF_CODE;2026-08-03 09:39:09;6;;;;
305324;2;LINES_OF_CODE;2026-08-03 09:40:53;11;;;;
304921;2;LINES_OF_CODE;2026-08-03 10:08:25;4;;;;
305058;2;LINES_OF_CODE;2026-08-03 10:11:37;6;;;;
305044;2;LINES_OF_CODE;2026-08-03 10:51:10;11;;;;
304934;2;LINES_OF_CODE;2026-08-03 11:53:43;1;;;;
304871;2;LINES_OF_CODE;2026-08-03 12:09:59;7;;;;
305037;2;LINES_OF_CODE;2026-08-03 12:43:52;4;;;;
305376;2;LINES_OF_CODE;2026-08-03 12:44:54;3;;;;
305236;2;LINES_OF_CODE;2026-08-03 12:45:06;4;;;;
305237;2;LINES_OF_CODE;2026-08-03 13:12:16;9;;;;
304953;2;LINES_OF_CODE;2026-08-03 13:21:08;11;;;;
305350;2;LINES_OF_CODE;2026-08-03 13:37:08;6;;;;
305275;2;LINES_OF_CODE;2026-08-03 13:57:26;6;;;;
305357;2;LINES_OF_CODE;2026-08-03 13:58:00;8;;;;
305223;2;LINES_OF_CODE;2026-08-03 14:45:35;7;;;;
305443;2;LINES_OF_CODE;2026-08-03 14:47:50;7;;;;
304820;2;LINES_OF_CODE;2026-08-03 15:48:02;-1;;;;
305370;2;LINES_OF_CODE;2026-08-03 15:55:15;8;;;;
305233;2;LINES_OF_CODE;2026-08-03 16:02:17;6;;;;
305122;2;LINES_OF_CODE;2026-08-03 16:24:11;2;;;;
305008;2;LINES_OF_CODE;2026-08-03 16:24:28;3;;;;
305177;2;LINES_OF_CODE;2026-08-03 16:42:39;6;;;;
304906;2;LINES_OF_CODE;2026-08-03 16:55:04;3;;;;
305078;2;LINES_OF_CODE;2026-08-03 17:37:48;7;;;;
305130;2;LINES_OF_CODE;2026-08-03 17:49:49;0;;;;
304817;2;LINES_OF_CODE;2026-08-04 09:31:37;-5;;;;
304986;2;LINES_OF_CODE;2026-08-04 09:50:38;0;;;;
304845;2;LINES_OF_CODE;2026-08-04 10:36:36;5;;;;
305331;2;LINES_OF_CODE;2026-08-04 10:58:39;5;;;;
305327;2;LINES_OF_CODE;2026-08-04 11:02:14;5;;;;
305198;2;LINES_OF_CODE;2026-08-04 11:13:25;-2;;;;
305131;2;LINES_OF_CODE;2026-08-04 11:32:59;9;;;;
304995;2;LINES_OF_CODE;2026-08-04 11:38:26;8;;;;
305269;2;LINES_OF_CODE;2026-08-04 11:55:16;-2;;;;
305262;2;LINES_OF_CODE;2026-08-04 12:03:57;13;;;;
304874;2;LINES_OF_CODE;2026-08-04 12:04:14;-4;;;;
305208;2;LINES_OF_CODE;2026-08-04 12:24:37;3;;;;
305359;2;LINES_OF_CODE;2026-08-04 12:31:52;2;;;;
305174;2;LINES_OF_CODE;2026-08-04 12:58:55;3;;;;
305109;2;LINES_OF_CODE;2026-08-04 13:14:48;3;;;;
305489;2;LINES_OF_CODE;2026-08-04 13:20:25;1;;;;
305493;2;LINES_OF_CODE;2026-08-04 13:23:16;0;;;;
305362;2;LINES_OF_CODE;2026-08-04 14:36:36;0;;;;
305095;2;LINES_OF_CODE;2026-08-04 14:40:47;1;;;;
304819;2;LINES_OF_CODE;2026-08-04 14:48:48;15;;;;
305487;2;LINES_OF_CODE;2026-08-04 14:49:33;4;;;;
304860;2;LINES_OF_CODE;2026-08-04 14:56:17;8;;;;
305178;2;LINES_OF_CODE;2026-08-04 15:25:21;2;;;;
305121;2;LINES_OF_CODE;2026-08-04 16:21:24;10;;;;
305416;2;LINES_OF_CODE;2026-08-04 16:25:37;-6;;;;
305013;2;LINES_OF_CODE;2026-08-04 16:52:06;0;;;;
305035;2;LINES_OF_CODE;2026-08-04 17:06:11;12;;;;
304919;2;LINES_OF_CODE;2026-08-04 17:36:14;0;;;;
305455;2;LINES_OF_CODE;2026-08-04 17:41:33;5;;;;
305402;2;LINES_OF_CODE;2026-08-05 08:43:35;8;;;;
305446;2;LINES_OF_CODE;2026-08-05 09:19:03;11;;;;
305030;2;LINES_OF_CODE;2026-08-05 09:32:07;8;;;;
305490;2;LINES_OF_CODE;2026-08-05 09:46:37;3;;;;
305390;2;LINES_OF_CODE;2026-08-05 10:08:58;1;;;;
305518;2;LINES_OF_CODE;2026-08-05 10:29:05;3;;;;
305232;2;LINES_OF_CODE;2026-08-05 10:32:29;5;;;;
305268;2;LINES_OF_CODE;2026-08-05 10:34:39;4;;;;
304879;2;LINES_OF_CODE;2026-08-05 10:48:49;3;;;;
305316;2;LINES_OF_CODE;2026-08-05 11:03:55;-1;;;;
305135;2;LINES_OF_CODE;2026-08-05 11:44:40;15;;;;
305435;2;LINES_OF_CODE;2026-08-05 11:45:08;5;;;;
305427;2;LINES_OF_CODE;2026-08-05 11:47:15;12;;;;
305158;2;LINES_OF_CODE;2026-08-05 12:01:50;3;;;;
305520;2;LINES_OF_CODE;2026-08-05 12:27:13;8;;;;
304913;2;LINES_OF_CODE;2026-08-05 13:44:32;7;;;;
304885;2;LINES_OF_CODE;2026-08-05 14:03:53;6;;;;
305052;2;LINES_OF_CODE;2026-08-05 14:04:48;7;;;;
305452;2;LINES_OF_CODE;2026-08-05 15:20:46;8;;;;
305283;2;LINES_OF_CODE;2026-08-05 15:23:47;9;;;;
305441;2;LINES_OF_CODE;2026-08-05 15:46:50;6;;;;
305137;2;LINES_OF_CODE;2026-08-05 15:55:03;1;;;;
304955;2;LINES_OF_CODE;2026-08-05 16:37:14;0;;;;
305257;2;LINES_OF_CODE;2026-08-05 16:42:25;12;;;;
305430;2;LINES_OF_CODE;2026-08-05 17:30:30;0;;;;
305345;2;LINES_OF_CODE;2026-08-05 17:42:57;-1;;;;
304923;2;LINES_OF_CODE;2026-08-05 17:56:05;10;;;;
305397;2;LINES_OF_CODE;2026-08-06 08:09:42;2;;;;
304826;2;LINES_OF_CODE;2026-08-06 09:26:13;9;;;;
305461;2;LINES_OF_CODE;2026-08-06 09:41:35;1;;;;
305139;2;LINES_OF_CODE;2026-08-06 09:57:16;7;;;;
305094;2;LINES_OF_CODE;2026-08-06 10:00:11;4;;;;
305061;2;LINES_OF_CODE;2026-08-06 10:11:36;1;;;;
304833;2;LINES_OF_CODE;2026-08-06 10:27:25;7;;;;
305077;2;LINES_OF_CODE;2026-08-06 10:55:41;5;;;;
304897;2;LINES_OF_CODE;2026-08-06 11:00:49;4;;;;
305104;2;LINES_OF_CODE;2026-08-06 11:04:23;7;;;;
305437;2;LINES_OF_CODE;2026-08-06 11:41:38;5;;;;
305207;2;LINES_OF_CODE;2026-08-06 11:49:35;7;;;;
305151;2;LINES_OF_CODE;2026-08-06 12:00:40;3;;;;
305197;2;LINES_OF_CODE;2026-08-06 12:24:08;9;;;;
304949;2;LINES_OF_CODE;2026-08-06 12:35:50;9;;;;
305243;2;LINES_OF_CODE;2026-08-06 12:42:11;6;;;;
304969;2;LINES_OF_CODE;2026-08-06 13:06:30;6;;;;
304963;2;LINES_OF_CODE;2026-08-06 13:43:21;5;;;;
305389;2;LINES_OF_CODE;2026-08-06 13:59:27;2;;;;
304954;2;LINES_OF_CODE;2026-08-06 14:16:48;7;;;;
304959;2;LINES_OF_CODE;2026-08-06 14:32:23;9;;;;
305132;2;LINES_OF_CODE;2026-08-06 15:16:21;2;;;;
304946;2;LINES_OF_CODE;2026-08-06 15:19:41;-3;;;;
305014;2;LINES_OF_CODE;2026-08-06 15:57:17;3;;;;
305274;2;LINES_OF_CODE;2026-08-06 15:58:45;10;;;;
305476;2;LINES_OF_CODE;2026-08-06 16:02:11;7;;;;
305504;2;LINES_OF_CODE;2026-08-06 16:40:37;6;;;;
304830;2;LINES_OF_CODE;2026-08-06 17:01:53;4;;;;
305062;2;LINES_OF_CODE;2026-08-06 17:11:26;13;;;;
305369;2;LINES_OF_CODE;2026-08-06 17:32:02;-4;;;;
305379;2;LINES_OF_CODE;2026-08-06 17:38:56;-9;;;;
305040;2;LINES_OF_CODE;2026-08-06 17:39:02;2;;;;
305134;2;LINES_OF_CODE;2026-08-07 08:17:16;9;;;;
304827;2;LINES_OF_CODE;2026-08-07 08:37:57;8;;;;
305417;2;LINES_OF_CODE;2026-08-07 09:07:48;5;;;;
305308;2;LINES_OF_CODE;2026-08-07 09:19:12;5;;;;
305225;2;LINES_OF_CODE;2026-08-07 09:21:04;2;;;;
305096;2;LINES_OF_CODE;2026-08-07 09:32:50;6;;;;
305472;2;LINES_OF_CODE;2026-08-07 09:34:42;-1;;;;
305339;2;LINES_OF_CODE;2026-08-07 09:45:14;1;;;;
305097;2;LINES_OF_CODE;2026-08-07 09:55:30;16;;;;
305500;2;LINES_OF_CODE;2026-08-07 09:58:07;7;;;;
305182;2;LINES_OF_CODE;2026-08-07 10:00:47;0;;;;
305031;2;LINES_OF_CODE;2026-08-07 10:12:20;5;;;;
304950;2;LINES_OF_CODE;2026-08-07 10:21:06;11;;;;
305221;2;LINES_OF_CODE;2026-08-07 10:28:54;5;;;;
304881;2;LINES_OF_CODE;2026-08-07 10:44:30;9;;;;
304891;2;LINES_OF_CODE;2026-08-07 10:46:43;6;;;;
305184;2;LINES_OF_CODE;2026-08-07 11:11:01;6;;;;
305471;2;LINES_OF_CODE;2026-08-07 11:20:41;7;;;;
305343;2;LINES_OF_CODE;2026-08-07 11:29:11;5;;;;
305230;2;LINES_OF_CODE;2026-08-07 11:34:44;7;;;;
304948;2;LINES_OF_CODE;2026-08-07 12:11:27;4;;;;
305498;2;LINES_OF_CODE;2026-08-07 12:31:50;9;;;;
304966;2;LINES_OF_CODE;2026-08-07 13:31:02;-1;;;;
305071;2;LINES_OF_CODE;2026-08-07 14:08:35;7;;;;
304865;2;LINES_OF_CODE;2026-08-07 14:59:51;10;;;;
304856;2;LINES_OF_CODE;2026-08-07 15:05:31;2;;;;
305398;2;LINES_OF_CODE;2026-08-07 15:30:40;14;;;;
305356;2;LINES_OF_CODE;2026-08-07 15:38:03;8;;;;
305252;2;LINES_OF_CODE;2026-08-07 15:52:56;12;;;;
305026;2;LINES_OF_CODE;2026-08-07 16:02:18;0;;;;
305245;2;LINES_OF_CODE;2026-08-07 16:41:40;3;;;;
304938;2;LINES_OF_CODE;2026-08-07 17:01:21;9;;;;
305375;2;LINES_OF_CODE;2026-08-07 17:25:41;9;;;;
305227;2;LINES_OF_CODE;2026-08-07 17:35:48;-2;;;;
304882;2;LINES_OF_CODE;2026-08-07 17:56:26;5;;;;
304825;2;LINES_OF_CODE;2026-08-10 08:02:16;7;;;;
305366;2;LINES_OF_CODE;2026-08-10 08:17:33;4;;;;
305115;2;LINES_OF_CODE;2026-08-10 08:31:56;12;;;;
305195;2;LINES_OF_CODE;2026-08-10 08:46:38;0;;;;
305144;2;LINES_OF_CODE;2026-08-10 09:05:27;3;;;;
305090;2;LINES_OF_CODE;2026-08-10 09:14:41;5;;;;
305484;2;LINES_OF_CODE;2026-08-10 09:28:50;10;;;;
305298;2;LINES_OF_CODE;2026-08-10 09:32:33;2;;;;
304908;2;LINES_OF_CODE;2026-08-10 09:45:15;1;;;;
305032;2;LINES_OF_CODE;2026-08-10 09:50:44;10;;;;
305367;2;LINES_OF_CODE;2026-08-10 10:10:41;11;;;;
304859;2;LINES_OF_CODE;2026-08-10 10:16:29;13;;;;
305264;2;LINES_OF_CODE;2026-08-10 10:45:21;4;;;;
304965;2;LINES_OF_CODE;2026-08-10 10:47:33;6;;;;
304957;2;LINES_OF_CODE;2026-08-10 11:31:04;2;;;;
305089;2;LINES_OF_CODE;2026-08-10 11:36:28;2;;;;
304987;2;LINES_OF_CODE;2026-08-10 11:43:42;5;;;;
305494;2;LINES_OF_CODE;2026-08-10 11:52:13;0;;;;
304846;2;LINES_OF_CODE;2026-08-10 12:14:59;10;;;;
305147;2;LINES_OF_CODE;2026-08-10 12:29:51;2;;;;
304998;2;LINES_OF_CODE;2026-08-10 12:42:09;0;;;;
305442;2;LINES_OF_CODE;2026-08-10 13:37:29;1;;;;
305133;2;LINES_OF_CODE;2026-08-10 13:44:42;-2;;;;
304907;2;LINES_OF_CODE;2026-08-10 14:30:53;13;;;;
305438;2;LINES_OF_CODE;2026-08-10 14:46:35;10;;;;
305023;2;LINES_OF_CODE;2026-08-10 15:37:36;3;;;;
305168;2;LINES_OF_CODE;2026-08-10 15:40:46;11;;;;
305129;2;LINES_OF_CODE;2026-08-10 16:14:27;5;;;;
305401;2;LINES_OF_CODE;2026-08-10 16:35:02;5;;;;
305378;2;LINES_OF_CODE;2026-08-10 16:45:31;5;;;;
304848;2;LINES_OF_CODE;2026-08-10 16:47:03;4;;;;
305414;2;LINES_OF_CODE;2026-08-10 17:09:00;6;;;;
304940;2;LINES_OF_CODE;2026-08-11 08:08:05;-2;;;;
305210;2;LINES_OF_CODE;2026-08-11 08:40:36;7;;;;
305502;2;LINES_OF_CODE;2026-08-11 08:50:02;7;;;;
305101;2;LINES_OF_CODE;2026-08-11 09:05:51;8;;;;
305100;2;LINES_OF_CODE;2026-08-11 09:11:34;7;;;;
305059;2;LINES_OF_CODE;2026-08-11 09:15:53;-1;;;;
305296;2;LINES_OF_CODE;2026-08-11 09:41:35;11;;;;
304855;2;LINES_OF_CODE;2026-08-11 09:50:19;4;;;;
304894;2;LINES_OF_CODE;2026-08-11 09:54:54;7;;;;
305160;2;LINES_OF_CODE;2026-08-11 11:02:36;2;;;;
305328;2;LINES_OF_CODE;2026-08-11 11:26:48;-1;;;;
304893;2;LINES_OF_CODE;2026-08-11 12:27:11;0;;;;
305162;2;LINES_OF_CODE;2026-08-11 12:53:20;0;;;;
304876;2;LINES_OF_CODE;2026-08-11 13:03:22;4;;;;
305381;2;LINES_OF_CODE;2026-08-11 13:19:37;1;;;;
305250;2;LINES_OF_CODE;2026-08-11 13:38:17;19;;;;
305106;2;LINES_OF_CODE;2026-08-11 14:01:37;11;;;;
304988;2;LINES_OF_CODE;2026-08-11 14:09:06;14;;;;
305240;2;LINES_OF_CODE;2026-08-11 14:26:57;0;;;;
305304;2;LINES_OF_CODE;2026-08-11 14:34:36;12;;;;
305165;2;LINES_OF_CODE;2026-08-11 14:43:44;5;;;;
304889;2;LINES_OF_CODE;2026-08-11 14:50:05;-4;;;;
304937;2;LINES_OF_CODE;2026-08-11 14:54:16;10;;;;
304964;2;LINES_OF_CODE;2026-08-11 15:01:20;5;;;;
304886;2;LINES_OF_CODE;2026-08-11 15:20:09;4;;;;
305299;2;LINES_OF_CODE;2026-08-11 15:22:20;4;;;;
305249;2;LINES_OF_CODE;2026-08-11 16:01:45;3;;;;
304823;2;LINES_OF_CODE;2026-08-11 16:10:10;-1;;;;
305365;2;LINES_OF_CODE;2026-08-11 16:23:00;8;;;;
305103;2;LINES_OF_CODE;2026-08-11 16:59:55;10;;;;
305431;2;LINES_OF_CODE;2026-08-11 17:06:45;8;;;;
305204;2;LINES_OF_CODE;2026-08-11 17:32:44;6;;;;
305396;2;LINES_OF_CODE;2026-08-11 17:37:47;8;;;;
305247;2;LINES_OF_CODE;2026-08-11 17:46:16;6;;;;
304974;2;LINES_OF_CODE;2026-08-11 17:54:58;7;;;;
305281;2;LINES_OF_CODE;2026-08-12 08:01:11;12;;;;
305018;2;LINES_OF_CODE;2026-08-12 08:18:43;2;;;;
304956;2;LINES_OF_CODE;2026-08-12 08:28:02;0;;;;
305507;2;LINES_OF_CODE;2026-08-12 08:34:09;4;;;;
305464;2;LINES_OF_CODE;2026-08-12 08:47:06;-1;;;;
305373;2;LINES_OF_CODE;2026-08-12 08:57:13;2;;;;
305491;2;LINES_OF_CODE;2026-08-12 09:05:37;4;;;;
304890;2;LINES_OF_CODE;2026-08-12 09:09:14;5;;;;
304971;2;LINES_OF_CODE;2026-08-12 09:29:07;9;;;;
305033;2;LINES_OF_CODE;2026-08-12 09:52:22;1;;;;
305289;2;LINES_OF_CODE;2026-08-12 10:07:20;5;;;;
305371;2;LINES_OF_CODE;2026-08-12 10:23:38;7;;;;
305433;2;LINES_OF_CODE;2026-08-12 10:40:51;6;;;;
305512;2;LINES_OF_CODE;2026-08-12 10:52:22;4;;;;
305424;2;LINES_OF_CODE;2026-08-12 11:04:19;7;;;;
305066;2;LINES_OF_CODE;2026-08-12 11:26:28;1;;;;
305363;2;LINES_OF_CODE;2026-08-12 11:37:11;6;;;;
305075;2;LINES_OF_CODE;2026-08-12 11:45:07;5;;;;
305123;2;LINES_OF_CODE;2026-08-12 12:14:05;10;;;;
305001;2;LINES_OF_CODE;2026-08-12 12:22:46;2;;;;
304932;2;LINES_OF_CODE;2026-08-12 12:23:06;10;;;;
305127;2;LINES_OF_CODE;2026-08-12 13:31:03;18;;;;
305053;2;LINES_OF_CODE;2026-08-12 13:37:04;8;;;;
305423;2;LINES_OF_CODE;2026-08-12 13:56:38;8;;;;
305193;2;LINES_OF_CODE;2026-08-12 14:13:12;0;;;;
304943;2;LINES_OF_CODE;2026-08-12 14:25:12;-1;;;;
305126;2;LINES_OF_CODE;2026-08-12 14:26:16;5;;;;
305346;2;LINES_OF_CODE;2026-08-12 14:31:49;8;;;;
305315;2;LINES_OF_CODE;2026-08-12 14:43:42;8;;;;
304997;2;LINES_OF_CODE;2026-08-12 15:29:33;0;;;;
304841;2;LINES_OF_CODE;2026-08-12 15:37:22;9;;;;
305038;2;LINES_OF_CODE;2026-08-12 15:44:16;1;;;;
305447;2;LINES_OF_CODE;2026-08-12 15:44:26;0;;;;
305454;2;LINES_OF_CODE;2026-08-12 16:00:41;3;;;;
304818;2;LINES_OF_CODE;2026-08-12 16:02:59;3;;;;
305153;2;LINES_OF_CODE;2026-08-12 16:07:59;2;;;;
304872;2;LINES_OF_CODE;2026-08-12 16:09:39;2;;;;
305025;2;LINES_OF_CODE;2026-08-12 16:21:22;-1;;;;
305403;2;LINES_OF_CODE;2026-08-12 16:27:42;8;;;;
304877;2;LINES_OF_CODE;2026-08-12 16:34:52;1;;;;
304982;2;LINES_OF_CODE;2026-08-12 16:35:14;9;;;;
305380;2;LINES_OF_CODE;2026-08-12 16:47:56;6;;;;
304909;2;LINES_OF_CODE;2026-08-12 16:50:57;1;;;;
305495;2;LINES_OF_CODE;2026-08-12 17:06:49;10;;;;
305466;2;LINES_OF_CODE;2026-08-12 17:18:44;2;;;;
305180;2;LINES_OF_CODE;2026-08-12 17:19:40;3;;;;
304973;2;LINES_OF_CODE;2026-08-13 09:24:22;7;;;;
304850;2;LINES_OF_CODE;2026-08-13 09:38:35;11;;;;
304862;2;LINES_OF_CODE;2026-08-13 09:40:34;9;;;;
304936;2;LINES_OF_CODE;2026-08-13 10:14:26;3;;;;
305194;2;LINES_OF_CODE;2026-08-13 10:25:58;-2;;;;
305377;2;LINES_OF_CODE;2026-08-13 11:39:02;0;;;;
305200;2;LINES_OF_CODE;2026-08-13 11:55:52;7;;;;
305190;2;LINES_OF_CODE;2026-08-13 12:21:14;4;;;;
304999;2;LINES_OF_CODE;2026-08-13 12:31:50;9;;;;
305319;2;LINES_OF_CODE;2026-08-13 12:45:21;4;;;;
305120;2;LINES_OF_CODE;2026-08-13 13:02:04;6;;;;
304933;2;LINES_OF_CODE;2026-08-13 13:25:19;-1;;;;
305155;2;LINES_OF_CODE;2026-08-13 13:49:12;11;;;;
305145;2;LINES_OF_CODE;2026-08-13 13:57:55;-2;;;;
305093;2;LINES_OF_CODE;2026-08-13 14:09:00;13;;;;
305317;2;LINES_OF_CODE;2026-08-13 14:15:06;9;;;;
305050;2;LINES_OF_CODE;2026-08-13 14:27:57;11;;;;
304912;2;LINES_OF_CODE;2026-08-13 14:34:26;2;;;;
305098;2;LINES_OF_CODE;2026-08-13 14:36:40;11;;;;
304976;2;LINES_OF_CODE;2026-08-13 14:42:47;7;;;;
305320;2;LINES_OF_CODE;2026-08-13 14:43:07;5;;;;
305481;2;LINES_OF_CODE;2026-08-13 14:46:33;9;;;;
305486;2;LINES_OF_CODE;2026-08-13 14:56:22;0;;;;
304917;2;LINES_OF_CODE;2026-08-13 15:25:48;13;;;;
305492;2;LINES_OF_CODE;2026-08-13 16:09:38;1;;;;
305006;2;LINES_OF_CODE;2026-08-13 16:49:16;4;;;;
304834;2;LINES_OF_CODE;2026-08-13 17:01:45;0;;;;
305277;2;LINES_OF_CODE;2026-08-13 17:53:32;4;;;;
305172;2;LINES_OF_CODE;2026-08-14 08:12:18;1;;;;
305480;2;LINES_OF_CODE;2026-08-14 08:23:41;8;;;;
304892;2;LINES_OF_CODE;2026-08-14 08:28:04;7;;;;
305255;2;LINES_OF_CODE;2026-08-14 08:47:16;7;;;;
305360;2;LINES_OF_CODE;2026-08-14 08:48:39;0;;;;
305290;2;LINES_OF_CODE;2026-08-14 09:08:38;0;;;;
304900;2;LINES_OF_CODE;2026-08-14 09:21:17;2;;;;
305321;2;LINES_OF_CODE;2026-08-14 09:29:40;10;;;;
305116;2;LINES_OF_CODE;2026-08-14 09:38:16;12;;;;
304983;2;LINES_OF_CODE;2026-08-14 09:53:45;7;;;;
304895;2;LINES_OF_CODE;2026-08-14 10:52:55;5;;;;
305352;2;LINES_OF_CODE;2026-08-14 10:57:22;11;;;;
305056;2;LINES_OF_CODE;2026-08-14 11:28:36;4;;;;
305234;2;LINES_OF_CODE;2026-08-14 12:18:04;0;;;;
305003;2;LINES_OF_CODE;2026-08-14 12:36:05;7;;;;
305353;2;LINES_OF_CODE;2026-08-14 12:36:39;7;;;;
305344;2;LINES_OF_CODE;2026-08-14 13:04:34;3;;;;
305488;2;LINES_OF_CODE;2026-08-14 13:05:18;1;;;;
305119;2;LINES_OF_CODE;2026-08-14 13:10:05;13;;;;
304816;2;LINES_OF_CODE;2026-08-14 13:11:27;2;;;;
305002;2;LINES_OF_CODE;2026-08-14 13:28:20;7;;;;
305253;2;LINES_OF_CODE;2026-08-14 13:32:45;4;;;;
305043;2;LINES_OF_CODE;2026-08-14 13:47:25;0;;;;
305313;2;LINES_OF_CODE;2026-08-14 14:13:56;12;;;;
305309;2;LINES_OF_CODE;2026-08-14 14:15:11;6;;;;
305409;2;LINES_OF_CODE;2026-08-14 14:59:13;1;;;;
304883;2;LINES_OF_CODE;2026-08-14 15:47:39;14;;;;
305086;2;LINES_OF_CODE;2026-08-14 16:33:39;10;;;;
304863;2;LINES_OF_CODE;2026-08-14 17:06:29;9;;;;
305273;2;LINES_OF_CODE;2026-08-14 17:08:51;5;;;;
305076;2;LINES_OF_CODE;2026-08-14 17:16:51;7;;;;
304922;2;LINES_OF_CODE;2026-08-14 17:28:23;0;;;;
305479;2;LINES_OF_CODE;2026-08-14 17:55:31;5;;;;
305392;2;LINES_OF_CODE;2026-08-14 17:58:18;9;;;;
305213;2;LINES_OF_CODE;2026-08-17 08:20:38;0;;;;
304930;2;LINES_OF_CODE;2026-08-17 08:25:12;6;;;;
305057;2;LINES_OF_CODE;2026-08-17 08:34:12;7;;;;
305010;2;LINES_OF_CODE;2026-08-17 08:46:20;3;;;;
305336;2;LINES_OF_CODE;2026-08-17 08:54:52;9;;;;
305231;2;LINES_OF_CODE;2026-08-17 09:06:57;10;;;;
305284;2;LINES_OF_CODE;2026-08-17 09:10:40;3;;;;
305244;2;LINES_OF_CODE;2026-08-17 09:19:20;7;;;;
305128;2;LINES_OF_CODE;2026-08-17 09:43:32;7;;;;
304990;2;LINES_OF_CODE;2026-08-17 10:18:47;2;;;;
305297;2;LINES_OF_CODE;2026-08-17 10:19:41;2;;;;
304837;2;LINES_OF_CODE;2026-08-17 10:23:28;7;;;;
305029;2;LINES_OF_CODE;2026-08-17 11:08:17;11;;;;
305434;2;LINES_OF_CODE;2026-08-17 11:23:07;11;;;;
305391;2;LINES_OF_CODE;2026-08-17 11:42:23;-8;;;;
305034;2;LINES_OF_CODE;2026-08-17 12:02:52;9;;;;
305187;2;LINES_OF_CODE;2026-08-17 12:34:35;8;;;;
304967;2;LINES_OF_CODE;2026-08-17 12:38:30;6;;;;
304929;2;LINES_OF_CODE;2026-08-17 12:43:43;8;;;;
305179;2;LINES_OF_CODE;2026-08-17 12:51:58;11;;;;
305280;2;LINES_OF_CODE;2026-08-17 13:14:57;-2;;;;
305285;2;LINES_OF_CODE;2026-08-17 13:33:39;6;;;;
305142;2;LINES_OF_CODE;2026-08-17 15:44:06;10;;;;
304991;2;LINES_OF_CODE;2026-08-17 15:52:28;12;;;;
304849;2;LINES_OF_CODE;2026-08-17 15:55:07;8;;;;
305429;2;LINES_OF_CODE;2026-08-17 16:06:47;5;;;;
304945;2;LINES_OF_CODE;2026-08-17 16:13:00;7;;;;
305349;2;LINES_OF_CODE;2026-08-17 16:31:37;2;;;;
305506;2;LINES_OF_CODE;2026-08-17 16:43:18;6;;;;
305092;2;LINES_OF_CODE;2026-08-17 16:46:43;1;;;;
305256;2;LINES_OF_CODE;2026-08-17 16:46:50;7;;;;
305338;2;LINES_OF_CODE;2026-08-17 17:08:22;-1;;;;
305400;2;LINES_OF_CODE;2026-08-17 17:23:52;13;;;;
305291;2;LINES_OF_CODE;2026-08-17 17:33:28;7;;;;
305011;2;LINES_OF_CODE;2026-08-17 17:40:56;3;;;;
305082;2;LINES_OF_CODE;2026-08-18 08:04:11;3;;;;
304838;2;LINES_OF_CODE;2026-08-18 08:32:53;7;;;;
305146;2;LINES_OF_CODE;2026-08-18 08:54:59;1;;;;
304961;2;LINES_OF_CODE;2026-08-18 09:03:01;2;;;;
305199;2;LINES_OF_CODE;2026-08-18 09:21:40;7;;;;
305000;2;LINES_OF_CODE;2026-08-18 09:48:48;10;;;;
304880;2;LINES_OF_CODE;2026-08-18 10:05:27;-5;;;;
305156;2;LINES_OF_CODE;2026-08-18 10:49:21;12;;;;
305306;2;LINES_OF_CODE;2026-08-18 10:53:43;0;;;;
305388;2;LINES_OF_CODE;2026-08-18 11:01:02;0;;;;
305042;2;LINES_OF_CODE;2026-08-18 11:07:59;5;;;;
305405;2;LINES_OF_CODE;2026-08-18 11:26:20;4;;;;
304915;2;LINES_OF_CODE;2026-08-18 11:44:34;1;;;;
305214;2;LINES_OF_CODE;2026-08-18 12:08:27;15;;;;
305072;2;LINES_OF_CODE;2026-08-18 12:10:09;4;;;;
304944;2;LINES_OF_CODE;2026-08-18 12:13:54;14;;;;
305318;2;LINES_OF_CODE;2026-08-18 12:23:44;10;;;;
305470;2;LINES_OF_CODE;2026-08-18 12:27:36;11;;;;
304979;2;LINES_OF_CODE;2026-08-18 12:39:55;7;;;;
305468;2;LINES_OF_CODE;2026-08-18 12:40:18;3;;;;
305189;2;LINES_OF_CODE;2026-08-18 13:10:33;7;;;;
305351;2;LINES_OF_CODE;2026-08-18 13:17:30;3;;;;
305496;2;LINES_OF_CODE;2026-08-18 13:56:13;3;;;;
305218;2;LINES_OF_CODE;2026-08-18 13:59:56;0;;;;
304898;2;LINES_OF_CODE;2026-08-18 14:24:39;11;;;;
305272;2;LINES_OF_CODE;2026-08-18 14:41:43;1;;;;
305248;2;LINES_OF_CODE;2026-08-18 15:01:26;4;;;;
305212;2;LINES_OF_CODE;2026-08-18 16:10:57;6;;;;
305462;2;LINES_OF_CODE;2026-08-18 16:24:36;-5;;;;
305048;2;LINES_OF_CODE;2026-08-18 16:44:33;6;;;;
305287;2;LINES_OF_CODE;2026-08-18 16:54:27;4;;;;
305022;2;LINES_OF_CODE;2026-08-18 17:49:11;10;;;;
305166;2;LINES_OF_CODE;2026-08-18 17:52:46;7;;;;
305102;2;LINES_OF_CODE;2026-08-18 17:53:44;7;;;;
305260;2;LINES_OF_CODE;2026-08-19 08:37:27;8;;;;
305458;2;LINES_OF_CODE;2026-08-19 08:47:24;4;;;;
305384;2;LINES_OF_CODE;2026-08-19 09:09:30;6;;;;
305394;2;LINES_OF_CODE;2026-08-19 09:17:51;0;;;;
305216;2;LINES_OF_CODE;2026-08-19 09:31:52;0;;;;
305386;2;LINES_OF_CODE;2026-08-19 09:34:27;4;;;;
305181;2;LINES_OF_CODE;2026-08-19 09:52:52;1;;;;
305469;2;LINES_OF_CODE;2026-08-19 10:03:28;2;;;;
305303;2;LINES_OF_CODE;2026-08-19 10:03:55;7;;;;
305105;2;LINES_OF_CODE;2026-08-19 10:14:50;-7;;;;
305070;2;LINES_OF_CODE;2026-08-19 10:26:40;5;;;;
305205;2;LINES_OF_CODE;2026-08-19 10:31:17;7;;;;
304836;2;LINES_OF_CODE;2026-08-19 11:07:19;0;;;;
304925;2;LINES_OF_CODE;2026-08-19 11:18:35;11;;;;
304916;2;LINES_OF_CODE;2026-08-19 12:05:51;7;;;;
305477;2;LINES_OF_CODE;2026-08-19 12:18:23;5;;;;
305063;2;LINES_OF_CODE;2026-08-19 12:23:41;4;;;;
305017;2;LINES_OF_CODE;2026-08-19 12:29:13;16;;;;
305173;2;LINES_OF_CODE;2026-08-19 12:58:07;0;;;;
305157;2;LINES_OF_CODE;2026-08-19 13:06:35;3;;;;
305361;2;LINES_OF_CODE;2026-08-19 14:32:41;3;;;;
305485;2;LINES_OF_CODE;2026-08-19 15:25:49;1;;;;
305421;2;LINES_OF_CODE;2026-08-19 15:33:07;3;;;;
305404;2;LINES_OF_CODE;2026-08-19 15:38:53;5;;;;
304941;2;LINES_OF_CODE;2026-08-19 15:55:11;4;;;;
305186;2;LINES_OF_CODE;2026-08-19 16:25:49;3;;;;
304977;2;LINES_OF_CODE;2026-08-19 17:01:35;5;;;;
305310;2;LINES_OF_CODE;2026-08-19 17:31:31;15;;;;
304970;2;LINES_OF_CODE;2026-08-19 17:36:13;12;;;;
305209;2;LINES_OF_CODE;2026-08-19 17:41:31;8;;;;
305407;2;LINES_OF_CODE;2026-08-20 08:23:45;8;;;;
304911;2;LINES_OF_CODE;2026-08-20 08:48:49;2;;;;
304984;2;LINES_OF_CODE;2026-08-20 09:09:46;9;;;;
304989;2;LINES_OF_CODE;2026-08-20 09:19:04;7;;;;
305041;2;LINES_OF_CODE;2026-08-20 09:29:42;3;;;;
305408;2;LINES_OF_CODE;2026-08-20 09:54:11;5;;;;
305202;2;LINES_OF_CODE;2026-08-20 10:12:30;6;;;;
305143;2;LINES_OF_CODE;2026-08-20 10:15:18;6;;;;
305395;2;LINES_OF_CODE;2026-08-20 10:25:17;3;;;;
305426;2;LINES_OF_CODE;2026-08-20 10:36:05;6;;;;
304996;2;LINES_OF_CODE;2026-08-20 10:38:28;4;;;;
304942;2;LINES_OF_CODE;2026-08-20 10:54:17;-2;;;;
305341;2;LINES_OF_CODE;2026-08-20 11:16:45;1;;;;
305046;2;LINES_OF_CODE;2026-08-20 11:17:56;13;;;;
304905;2;LINES_OF_CODE;2026-08-20 11:40:36;9;;;;
305501;2;LINES_OF_CODE;2026-08-20 11:53:07;0;;;;
305228;2;LINES_OF_CODE;2026-08-20 11:59:20;6;;;;
304947;2;LINES_OF_CODE;2026-08-20 12:23:46;5;;;;
305312;2;LINES_OF_CODE;2026-08-20 12:28:28;4;;;;
304887;2;LINES_OF_CODE;2026-08-20 13:04:41;8;;;;
305515;2;LINES_OF_CODE;2026-08-20 13:14:19;3;;;;
304878;2;LINES_OF_CODE;2026-08-20 13:19:37;15;;;;
305276;2;LINES_OF_CODE;2026-08-20 13:35:21;-4;;;;
305460;2;LINES_OF_CODE;2026-08-20 13:55:01;-8;;;;
304866;2;LINES_OF_CODE;2026-08-20 13:58:07;-1;;;;
305055;2;LINES_OF_CODE;2026-08-20 14:31:11;-1;;;;
305169;2;LINES_OF_CODE;2026-08-20 14:37:29;5;;;;
304981;2;LINES_OF_CODE;2026-08-20 14:38:55;6;;;;
305163;2;LINES_OF_CODE;2026-08-20 14:40:40;9;;;;
305428;2;LINES_OF_CODE;2026-08-20 14:49:29;10;;;;
305175;2;LINES_OF_CODE;2026-08-20 15:04:48;15;;;;
305415;2;LINES_OF_CODE;2026-08-20 15:21:05;13;;;;
305440;2;LINES_OF_CODE;2026-08-20 15:39:03;1;;;;
305171;2;LINES_OF_CODE;2026-08-20 15:54:11;1;;;;
304992;2;LINES_OF_CODE;2026-08-20 15:58:40;2;;;;
305288;2;LINES_OF_CODE;2026-08-20 17:20:49;8;;;;
305451;2;LINES_OF_CODE;2026-08-20 17:27:47;-1;;;;
305322;2;LINES_OF_CODE;2026-08-20 17:31:52;6;;;;
305191;2;LINES_OF_CODE;2026-08-21 08:13:01;6;;;;
305385;2;LINES_OF_CODE;2026-08-21 08:17:29;0;;;;
305039;2;LINES_OF_CODE;2026-08-21 08:23:03;7;;;;
305419;2;LINES_OF_CODE;2026-08-21 08:26:01;15;;;;
305292;2;LINES_OF_CODE;2026-08-21 08:27:47;7;;;;
304939;2;LINES_OF_CODE;2026-08-21 08:29:17;6;;;;
305188;2;LINES_OF_CODE;2026-08-21 08:48:52;5;;;;
304904;2;LINES_OF_CODE;2026-08-21 08:55:59;5;;;;
304980;2;LINES_OF_CODE;2026-08-21 09:19:01;2;;;;
305016;2;LINES_OF_CODE;2026-08-21 09:31:19;4;;;;
305111;2;LINES_OF_CODE;2026-08-21 09:34:13;9;;;;
304857;2;LINES_OF_CODE;2026-08-21 09:35:48;12;;;;
305051;2;LINES_OF_CODE;2026-08-21 09:44:41;0;;;;
305510;2;LINES_OF_CODE;2026-08-21 10:12:10;3;;;;
305028;2;LINES_OF_CODE;2026-08-21 11:14:48;2;;;;
305251;2;LINES_OF_CODE;2026-08-21 11:16:37;5;;;;
304832;2;LINES_OF_CODE;2026-08-21 11:46:42;2;;;;
305161;2;LINES_OF_CODE;2026-08-21 11:55:38;3;;;;
305456;2;LINES_OF_CODE;2026-08-21 12:21:32;7;;;;
304869;2;LINES_OF_CODE;2026-08-21 12:21:48;6;;;;
305436;2;LINES_OF_CODE;2026-08-21 12:53:30;4;;;;
304931;2;LINES_OF_CODE;2026-08-21 13:12:13;10;;;;
305099;2;LINES_OF_CODE;2026-08-21 13:44:02;3;;;;
305159;2;LINES_OF_CODE;2026-08-21 13:49:39;3;;;;
304864;2;LINES_OF_CODE;2026-08-21 14:12:32;4;;;;
305219;2;LINES_OF_CODE;2026-08-21 14:16:00;7;;;;
305091;2;LINES_OF_CODE;2026-08-21 14:26:46;2;;;;
304924;2;LINES_OF_CODE;2026-08-21 14:39:49;6;;;;
305220;2;LINES_OF_CODE;2026-08-21 15:56:58;5;;;;
305201;2;LINES_OF_CODE;2026-08-21 16:36:08;-1;;;;
305475;2;LINES_OF_CODE;2026-08-21 16:44:24;5;;;;
305503;2;LINES_OF_CODE;2026-08-21 16:47:50;0;;;;
305445;2;LINES_OF_CODE;2026-08-21 17:17:01;4;;;;
304951;2;LINES_OF_CODE;2026-08-21 17:23:35;10;;;;
304958;2;LINES_OF_CODE;2026-08-21 17:41:39;6;;;;
305305;2;LINES_OF_CODE;2026-08-24 08:03:42;12;;;;
305138;2;LINES_OF_CODE;2026-08-24 08:15:45;1;;;;
305239;2;LINES_OF_CODE;2026-08-24 08:18:58;7;;;;
304858;2;LINES_OF_CODE;2026-08-24 08:41:09;9;;;;
305335;2;LINES_OF_CODE;2026-08-24 09:30:50;3;;;;
305229;2;LINES_OF_CODE;2026-08-24 09:48:46;4;;;;
305412;2;LINES_OF_CODE;2026-08-24 09:49:34;8;;;;
304868;2;LINES_OF_CODE;2026-08-24 10:32:18;4;;;;
305508;2;LINES_OF_CODE;2026-08-24 10:32:35;13;;;;
304854;2;LINES_OF_CODE;2026-08-24 10:38:12;4;;;;
305302;2;LINES_OF_CODE;2026-08-24 10:41:44;5;;;;
305206;2;LINES_OF_CODE;2026-08-24 11:04:54;13;;;;
304839;2;LINES_OF_CODE;2026-08-24 11:18:13;16;;;;
305301;2;LINES_OF_CODE;2026-08-24 11:34:27;9;;;;
305211;2;LINES_OF_CODE;2026-08-24 11:37:19;4;;;;
305511;2;LINES_OF_CODE;2026-08-24 12:27:55;7;;;;
305450;2;LINES_OF_CODE;2026-08-24 12:46:05;0;;;;
305473;2;LINES_OF_CODE;2026-08-24 12:50:14;4;;;;
305149;2;LINES_OF_CODE;2026-08-24 12:53:59;1;;;;
305124;2;LINES_OF_CODE;2026-08-24 13:28:14;7;;;;
305457;2;LINES_OF_CODE;2026-08-24 13:32:29;5;;;;
305088;2;LINES_OF_CODE;2026-08-24 13:44:53;3;;;;
304928;2;LINES_OF_CODE;2026-08-24 14:31:54;7;;;;
305314;2;LINES_OF_CODE;2026-08-24 14:37:42;1;;;;
305354;2;LINES_OF_CODE;2026-08-24 14:47:16;3;;;;
305348;2;LINES_OF_CODE;2026-08-24 14:50:45;5;;;;
305226;2;LINES_OF_CODE;2026-08-24 15:22:03;7;;;;
304884;2;LINES_OF_CODE;2026-08-24 15:27:58;-4;;;;
305517;2;LINES_OF_CODE;2026-08-24 15:38:14;1;;;;
305060;2;LINES_OF_CODE;2026-08-24 16:00:37;3;;;;
305049;2;LINES_OF_CODE;2026-08-24 16:08:17;8;;;;
305148;2;LINES_OF_CODE;2026-08-24 16:58:58;3;;;;
305084;2;LINES_OF_CODE;2026-08-24 17:11:30;13;;;;
305080;2;LINES_OF_CODE;2026-08-25 08:04:08;5;;;;
305254;2;LINES_OF_CODE;2026-08-25 08:08:34;3;;;;
305267;2;LINES_OF_CODE;2026-08-25 08:48:05;4;;;;
305222;2;LINES_OF_CODE;2026-08-25 08:59:25;8;;;;
305355;2;LINES_OF_CODE;2026-08-25 09:19:10;0;;;;
305164;2;LINES_OF_CODE;2026-08-25 09:32:36;7;;;;
305185;2;LINES_OF_CODE;2026-08-25 09:38:17;0;;;;
305265;2;LINES_OF_CODE;2026-08-25 09:42:21;5;;;;
305358;2;LINES_OF_CODE;2026-08-25 09:49:40;9;;;;
305406;2;LINES_OF_CODE;2026-08-25 10:24:52;5;;;;
304903;2;LINES_OF_CODE;2026-08-25 10:29:17;3;;;;
305242;2;LINES_OF_CODE;2026-08-25 10:31:28;3;;;;
305432;2;LINES_OF_CODE;2026-08-25 11:43:56;9;;;;
305418;2;LINES_OF_CODE;2026-08-25 12:10:15;13;;;;
304824;2;LINES_OF_CODE;2026-08-25 12:19:18;0;;;;
305413;2;LINES_OF_CODE;2026-08-25 12:38:59;1;;;;
304840;2;LINES_OF_CODE;2026-08-25 12:50:16;-3;;;;
305383;2;LINES_OF_CODE;2026-08-25 13:11:06;5;;;;
304993;2;LINES_OF_CODE;2026-08-25 13:27:03;4;;;;
305141;2;LINES_OF_CODE;2026-08-25 13:31:49;12;;;;
305326;2;LINES_OF_CODE;2026-08-25 13:40:34;2;;;;
305387;2;LINES_OF_CODE;2026-08-25 13:58:46;2;;;;
305020;2;LINES_OF_CODE;2026-08-25 14:31:49;3;;;;
305215;2;LINES_OF_CODE;2026-08-25 14:56:56;8;;;;
304985;2;LINES_OF_CODE;2026-08-25 15:26:39;5;;;;
305007;2;LINES_OF_CODE;2026-08-25 15:40:32;14;;;;
305005;2;LINES_OF_CODE;2026-08-25 15:54:33;3;;;;
304829;2;LINES_OF_CODE;2026-08-25 16:54:27;4;;;;
305004;2;LINES_OF_CODE;2026-08-25 16:58:58;6;;;;
305509;2;LINES_OF_CODE;2026-08-25 17:16:11;8;;;;
305107;2;LINES_OF_CODE;2026-08-25 17:43:52;7;;;;
305332;2;LINES_OF_CODE;2026-08-25 17:57:32;5;;;;
304842;2;LINES_OF_CODE;2026-08-26 08:01:55;2;;;;
305079;2;LINES_OF_CODE;2026-08-26 08:07:14;3;;;;
305514;2;LINES_OF_CODE;2026-08-26 08:07:31;1;;;;
305118;2;LINES_OF_CODE;2026-08-26 08:11:17;4;;;;
304853;2;LINES_OF_CODE;2026-08-26 08:36:19;7;;;;
305235;2;LINES_OF_CODE;2026-08-26 08:43:17;9;;;;
305087;2;LINES_OF_CODE;2026-08-26 08:49:40;6;;;;
305167;2;LINES_OF_CODE;2026-08-26 08:54:04;-4;;;;
304851;2;LINES_OF_CODE;2026-08-26 08:54:35;6;;;;
305069;2;LINES_OF_CODE;2026-08-26 09:01:21;0;;;;
304968;2;LINES_OF_CODE;2026-08-26 10:09:03;0;;;;
305294;2;LINES_OF_CODE;2026-08-26 10:16:49;0;;;;
305411;2;LINES_OF_CODE;2026-08-26 10:29:43;-7;;;;
305368;2;LINES_OF_CODE;2026-08-26 10:43:34;3;;;;
305330;2;LINES_OF_CODE;2026-08-26 11:03:16;7;;;;
305483;2;LINES_OF_CODE;2026-08-26 11:05:01;2;;;;
304870;2;LINES_OF_CODE;2026-08-26 11:14:14;1;;;;
305217;2;LINES_OF_CODE;2026-08-26 11:14:15;-1;;;;
305505;2;LINES_OF_CODE;2026-08-26 11:33:16;2;;;;
304896;2;LINES_OF_CODE;2026-08-26 12:07:52;6;;;;
305311;2;LINES_OF_CODE;2026-08-26 12:31:19;10;;;;
305067;2;LINES_OF_CODE;2026-08-26 13:12:20;14;;;;
305449;2;LINES_OF_CODE;2026-08-26 13:15:15;0;;;;
304918;2;LINES_OF_CODE;2026-08-26 14:03:31;7;;;;
305125;2;LINES_OF_CODE;2026-08-26 14:17:04;8;;;;
304831;2;LINES_OF_CODE;2026-08-26 14:31:01;5;;;;
304914;2;LINES_OF_CODE;2026-08-26 14:56:46;4;;;;
304843;2;LINES_OF_CODE;2026-08-26 15:01:50;1;;;;
305015;2;LINES_OF_CODE;2026-08-26 15:37:30;-2;;;;
305516;2;LINES_OF_CODE;2026-08-26 15:54:35;0;;;;
304960;2;LINES_OF_CODE;2026-08-26 16:06:41;-1;;;;
304852;2;LINES_OF_CODE;2026-08-26 16:20:38;3;;;;
304861;2;LINES_OF_CODE;2026-08-26 16:36:54;0;;;;
305176;2;LINES_OF_CODE;2026-08-26 16:49:17;6;;;;
305519;2;LINES_OF_CODE;2026-08-26 17:08:51;4;;;;
304972;2;LINES_OF_CODE;2026-08-26 17:10:29;6;;;;
305263;2;LINES_OF_CODE;2026-08-26 17:39:02;2;;;;
304888;2;LINES_OF_CODE;2026-08-26 17:50:02;1;;;;
305183;2;LINES_OF_CODE;2026-08-27 08:10:12;2;;;;
304828;2;LINES_OF_CODE;2026-08-27 08:58:01;7;;;;
305150;2;LINES_OF_CODE;2026-08-27 10:02:59;2;;;;
305465;2;LINES_OF_CODE;2026-08-27 10:15:36;6;;;;
304847;2;LINES_OF_CODE;2026-08-27 10:57:55;6;;;;
304867;2;LINES_OF_CODE;2026-08-27 10:59:40;1;;;;
305467;2;LINES_OF_CODE;2026-08-27 11:01:53;1;;;;
305459;2;LINES_OF_CODE;2026-08-27 11:23:26;14;;;;
305064;2;LINES_OF_CODE;2026-08-27 12:08:52;6;;;;
305295;2;LINES_OF_CODE;2026-08-27 12:15:21;5;;;;
305068;2;LINES_OF_CODE;2026-08-27 12:27:19;1;;;;
305021;2;LINES_OF_CODE;2026-08-27 13:26:22;7;;;;
305329;2;LINES_OF_CODE;2026-08-27 13:37:56;0;;;;
305027;2;LINES_OF_CODE;2026-08-27 13:43:26;7;;;;
305293;2;LINES_OF_CODE;2026-08-27 13:44:47;-2;;;;
305073;2;LINES_OF_CODE;2026-08-27 13:50:09;9;;;;
305439;2;LINES_OF_CODE;2026-08-27 15:08:06;-4;;;;
305246;2;LINES_OF_CODE;2026-08-27 15:32:48;7;;;;
305323;2;LINES_OF_CODE;2026-08-27 15:46:23;-2;;;;
305463;2;LINES_OF_CODE;2026-08-27 16:16:52;1;;;;
305140;2;LINES_OF_CODE;2026-08-27 16:26:02;0;;;;
305074;2;LINES_OF_CODE;2026-08-27 17:05:16;10;;;;
305337;2;LINES_OF_CODE;2026-08-27 17:09:10;0;;;;
305110;2;LINES_OF_CODE;2026-08-27 17:10:53;5;;;;
304935;2;LINES_OF_CODE;2026-08-27 17:13:13;12;;;;
304821;2;LINES_OF_CODE;2026-08-27 17:17:32;10;;;;
305474;2;LINES_OF_CODE;2026-08-27 17:18:41;5;;;;
305012;2;LINES_OF_CODE;2026-08-27 17:33:13;14;;;;
304978;2;LINES_OF_CODE;2026-08-27 17:36:13;0;;;;
305393;2;LINES_OF_CODE;2026-08-27 17:56:26;5;;;;
305241;2;LINES_OF_CODE;2026-08-28 08:04:36;10;;;;
304962;2;LINES_OF_CODE;2026-08-28 08:34:05;3;;;;
305325;2;LINES_OF_CODE;2026-08-28 08:59:41;10;;;;
305453;2;LINES_OF_CODE;2026-08-28 09:10:19;3;;;;
304910;2;LINES_OF_CODE;2026-08-28 09:27:02;5;;;;
305259;2;LINES_OF_CODE;2026-08-28 09:42:20;3;;;;
305347;2;LINES_OF_CODE;2026-08-28 09:48:35;6;;;;
305279;2;LINES_OF_CODE;2026-08-28 09:50:41;5;;;;
305382;2;LINES_OF_CODE;2026-08-28 09:53:09;6;;;;
305054;2;LINES_OF_CODE;2026-08-28 10:54:34;10;;;;
305117;2;LINES_OF_CODE;2026-08-28 11:09:09;6;;;;
305108;2;LINES_OF_CODE;2026-08-28 11:11:20;3;;;;
305136;2;LINES_OF_CODE;2026-08-28 11:35:01;9;;;;
305282;2;LINES_OF_CODE;2026-08-28 11:41:34;15;;;;
305019;2;LINES_OF_CODE;2026-08-28 11:58:20;9;;;;
305399;2;LINES_OF_CODE;2026-08-28 12:33:23;3;;;;
305482;2;LINES_OF_CODE;2026-08-28 12:40:56;6;;;;
305114;2;LINES_OF_CODE;2026-08-28 12:52:11;-1;;;;
304920;2;LINES_OF_CODE;2026-08-28 13:06:47;8;;;;
305307;2;LINES_OF_CODE;2026-08-28 13:15:12;5;;;;
305410;2;LINES_OF_CODE;2026-08-28 13:16:11;-3;;;;
305340;2;LINES_OF_CODE;2026-08-28 13:33:58;0;;;;
305286;2;LINES_OF_CODE;2026-08-28 13:40:18;9;;;;
305047;2;LINES_OF_CODE;2026-08-28 13:47:55;10;;;;
304902;2;LINES_OF_CODE;2026-08-28 13:58:28;8;;;;
305278;2;LINES_OF_CODE;2026-08-28 14:03:19;3;;;;
305196;2;LINES_OF_CODE;2026-08-28 14:25:21;-2;;;;
305045;2;LINES_OF_CODE;2026-08-28 14:25:49;11;;;;
305342;2;LINES_OF_CODE;2026-08-28 14:48:02;12;;;;
305036;2;LINES_OF_CODE;2026-08-28 15:43:21;9;;;;
305192;2;LINES_OF_CODE;2026-08-28 15:45:05;3;;;;
305170;2;LINES_OF_CODE;2026-08-28 15:47:23;-6;;;;
305081;2;LINES_OF_CODE;2026-08-28 16:07:19;2;;;;
305372;2;LINES_OF_CODE;2026-08-28 16:41:38;6;;;;
305513;2;LINES_OF_CODE;2026-08-28 17:07:49;1;;;;
305083;2;LINES_OF_CODE;2026-08-28 17:12:03;3;;;;
304952;2;LINES_OF_CODE;2026-08-28 17:32:31;10;;;;
304873;2;LINES_OF_CODE;2026-08-28 17:42:45;13;;;;
304926;2;LINES_OF_CODE;2026-08-31 08:41:27;8;;;;
305271;2;LINES_OF_CODE;2026-08-31 09:00:29;5;;;;
305497;2;LINES_OF_CODE;2026-08-31 09:06:37;-1;;;;
304835;2;LINES_OF_CODE;2026-08-31 09:20:38;10;;;;
305448;2;LINES_OF_CODE;2026-08-31 09:38:43;0;;;;
305422;2;LINES_OF_CODE;2026-08-31 10:15:25;2;;;;
305203;2;LINES_OF_CODE;2026-08-31 10:39:18;4;;;;
305065;2;LINES_OF_CODE;2026-08-31 10:41:58;0;;;;
305374;2;LINES_OF_CODE;2026-08-31 11:01:44;1;;;;
305499;2;LINES_OF_CODE;2026-08-31 11:14:22;8;;;;
305113;2;LINES_OF_CODE;2026-08-31 11:33:20;2;;;;
305333;2;LINES_OF_CODE;2026-08-31 12:05:05;5;;;;
304899;2;LINES_OF_CODE;2026-08-31 12:10:01;0;;;;
305152;2;LINES_OF_CODE;2026-08-31 12:11:40;4;;;;
304994;2;LINES_OF_CODE;2026-08-31 12:20:42;4;;;;
305085;2;LINES_OF_CODE;2026-08-31 12:32:21;1;;;;
305300;2;LINES_OF_CODE;2026-08-31 12:43:10;6;;;;
305425;2;LINES_OF_CODE;2026-08-31 12:56:28;-2;;;;
305266;2;LINES_OF_CODE;2026-08-31 13:23:00;5;;;;
305009;2;LINES_OF_CODE;2026-08-31 14:31:05;5;;;;
304901;2;LINES_OF_CODE;2026-08-31 14:46:07;7;;;;
305258;2;LINES_OF_CODE;2026-08-31 14:49:43;3;;;;
305261;2;LINES_OF_CODE;2026-08-31 14:51:15;2;;;;
305420;2;LINES_OF_CODE;2026-08-31 14:58:11;3;;;;
304875;2;LINES_OF_CODE;2026-08-31 15:06:20;5;;;;
304844;2;LINES_OF_CODE;2026-08-31 15:49:15;13;;;;
305224;2;LINES_OF_CODE;2026-08-31 15:51:30;8;;;;
305444;2;LINES_OF_CODE;2026-08-31 16:14:04;9;;;;
305334;2;LINES_OF_CODE;2026-08-31 16:16:49;4;;;;
304927;2;LINES_OF_CODE;2026-08-31 16:39:56;2;;;;
304822;2;LINES_OF_CODE;2026-08-31 16:50:33;8;;;;
305478;2;LINES_OF_CODE;2026-08-31 16:59:53;5;;;;
305238;2;LINES_OF_CODE;2026-08-31 17:11:59;11;;;;
305024;2;LINES_OF_CODE;2026-08-31 17:20:45;14;;;;
305364;2;LINES_OF_CODE;2026-08-31 17:26:10;0;;;;
305112;2;LINES_OF_CODE;2026-08-31 17:45:36;8;;;;
305946;2;LINES_OF_CODE;2026-09-01 08:10:13;2;;;;
305881;2;LINES_OF_CODE;2026-09-01 08:12:01;3;;;;
306204;2;LINES_OF_CODE;2026-09-01 08:15:06;2;;;;
305955;2;LINES_OF_CODE;2026-09-01 08:26:57;7;;;;
306082;2;LINES_OF_CODE;2026-09-01 09:03:15;7;;;;
306200;2;LINES_OF_CODE;2026-09-01 09:15:17;3;;;;
305797;2;LINES_OF_CODE;2026-09-01 10:07:44;1;;;;
305774;2;LINES_OF_CODE;2026-09-01 10:37:25;3;;;;
305575;2;LINES_OF_CODE;2026-09-01 10:54:04;4;;;;
305747;2;LINES_OF_CODE;2026-09-01 11:42:56;3;;;;
306139;2;LINES_OF_CODE;2026-09-01 11:45:33;2;;;;
306090;2;LINES_OF_CODE;2026-09-01 12:49:53;6;;;;
305551;2;LINES_OF_CODE;2026-09-01 12:50:46;4;;;;
305938;2;LINES_OF_CODE;2026-09-01 13:15:30;6;;;;
306077;2;LINES_OF_CODE;2026-09-01 13:43:36;5;;;;
305823;2;LINES_OF_CODE;2026-09-01 13:59:29;2;;;;
305916;2;LINES_OF_CODE;2026-09-01 14:01:17;1;;;;
305884;2;LINES_OF_CODE;2026-09-01 14:01:24;3;;;;
306155;2;LINES_OF_CODE;2026-09-01 14:08:31;3;;;;
306073;2;LINES_OF_CODE;2026-09-01 14:25:31;3;;;;
305873;2;LINES_OF_CODE;2026-09-01 14:31:45;1;;;;
305605;2;LINES_OF_CODE;2026-09-01 14:35:47;4;;;;
305677;2;LINES_OF_CODE;2026-09-01 14:44:18;2;;;;
305837;2;LINES_OF_CODE;2026-09-01 14:48:16;2;;;;
306052;2;LINES_OF_CODE;2026-09-01 14:51:19;2;;;;
305870;2;LINES_OF_CODE;2026-09-01 14:54:24;0;;;;
305968;2;LINES_OF_CODE;2026-09-01 14:58:44;1;;;;
306136;2;LINES_OF_CODE;2026-09-01 16:19:09;3;;;;
305548;2;LINES_OF_CODE;2026-09-01 16:19:47;2;;;;
305754;2;LINES_OF_CODE;2026-09-01 16:28:37;8;;;;
305521;2;LINES_OF_CODE;2026-09-01 16:32:19;6;;;;
305543;2;LINES_OF_CODE;2026-09-01 16:48:14;-1;;;;
305685;2;LINES_OF_CODE;2026-09-01 16:57:24;4;;;;
306145;2;LINES_OF_CODE;2026-09-01 17:28:52;1;;;;
305576;2;LINES_OF_CODE;2026-09-01 17:58:26;1;;;;
306110;2;LINES_OF_CODE;2026-09-02 08:03:12;3;;;;
306039;2;LINES_OF_CODE;2026-09-02 08:03:50;7;;;;
305700;2;LINES_OF_CODE;2026-09-02 08:09:44;-1;;;;
305628;2;LINES_OF_CODE;2026-09-02 08:23:15;2;;;;
305528;2;LINES_OF_CODE;2026-09-02 08:56:47;7;;;;
306018;2;LINES_OF_CODE;2026-09-02 09:00:28;9;;;;
306194;2;LINES_OF_CODE;2026-09-02 09:27:03;2;;;;
305803;2;LINES_OF_CODE;2026-09-02 09:29:35;0;;;;
306149;2;LINES_OF_CODE;2026-09-02 10:21:20;2;;;;
305709;2;LINES_OF_CODE;2026-09-02 10:35:05;3;;;;
305761;2;LINES_OF_CODE;2026-09-02 10:59:29;5;;;;
306099;2;LINES_OF_CODE;2026-09-02 11:18:12;2;;;;
305920;2;LINES_OF_CODE;2026-09-02 11:20:35;4;;;;
306022;2;LINES_OF_CODE;2026-09-02 11:26:25;4;;;;
306120;2;LINES_OF_CODE;2026-09-02 11:50:45;4;;;;
305905;2;LINES_OF_CODE;2026-09-02 11:57:29;4;;;;
305545;2;LINES_OF_CODE;2026-09-02 12:05:16;2;;;;
306228;2;LINES_OF_CODE;2026-09-02 12:09:26;6;;;;
305642;2;LINES_OF_CODE;2026-09-02 13:40:00;1;;;;
305942;2;LINES_OF_CODE;2026-09-02 13:43:08;1;;;;
305730;2;LINES_OF_CODE;2026-09-02 13:47:40;-1;;;;
306029;2;LINES_OF_CODE;2026-09-02 13:50:18;0;;;;
305655;2;LINES_OF_CODE;2026-09-02 13:57:22;7;;;;
305571;2;LINES_OF_CODE;2026-09-02 14:11:53;1;;;;
306084;2;LINES_OF_CODE;2026-09-02 14:54:15;-1;;;;
305561;2;LINES_OF_CODE;2026-09-02 15:03:38;7;;;;
305856;2;LINES_OF_CODE;2026-09-02 15:16:01;4;;;;
305840;2;LINES_OF_CODE;2026-09-02 15:23:20;3;;;;
305947;2;LINES_OF_CODE;2026-09-02 16:47:11;4;;;;
305851;2;LINES_OF_CODE;2026-09-02 16:52:17;-1;;;;
305626;2;LINES_OF_CODE;2026-09-02 17:16:32;2;;;;
305906;2;LINES_OF_CODE;2026-09-03 08:05:43;7;;;;
306080;2;LINES_OF_CODE;2026-09-03 08:06:55;3;;;;
306088;2;LINES_OF_CODE;2026-09-03 08:08:31;5;;;;
305874;2;LINES_OF_CODE;2026-09-03 08:32:00;4;;;;
305594;2;LINES_OF_CODE;2026-09-03 08:49:49;0;;;;
305897;2;LINES_OF_CODE;2026-09-03 08:56:30;0;;;;
305727;2;LINES_OF_CODE;2026-09-03 09:12:16;1;;;;
305793;2;LINES_OF_CODE;2026-09-03 09:39:51;4;;;;
306013;2;LINES_OF_CODE;2026-09-03 10:30:36;5;;;;
305891;2;LINES_OF_CODE;2026-09-03 10:41:27;6;;;;
305752;2;LINES_OF_CODE;2026-09-03 10:43:53;3;;;;
306133;2;LINES_OF_CODE;2026-09-03 10:49:51;0;;;;
305602;2;LINES_OF_CODE;2026-09-03 11:12:55;6;;;;
306154;2;LINES_OF_CODE;2026-09-03 11:43:59;3;;;;
305533;2;LINES_OF_CODE;2026-09-03 11:49:15;3;;;;
305949;2;LINES_OF_CODE;2026-09-03 12:02:37;5;;;;
306144;2;LINES_OF_CODE;2026-09-03 12:29:43;-1;;;;
306164;2;LINES_OF_CODE;2026-09-03 13:01:36;4;;;;
305637;2;LINES_OF_CODE;2026-09-03 13:21:13;2;;;;
306132;2;LINES_OF_CODE;2026-09-03 13:34:01;5;;;;
305568;2;LINES_OF_CODE;2026-09-03 13:51:42;5;;;;
305556;2;LINES_OF_CODE;2026-09-03 14:09:07;3;;;;
306179;2;LINES_OF_CODE;2026-09-03 14:45:51;5;;;;
305841;2;LINES_OF_CODE;2026-09-03 14:48:46;0;;;;
305786;2;LINES_OF_CODE;2026-09-03 14:51:31;6;;;;
305917;2;LINES_OF_CODE;2026-09-03 15:54:57;3;;;;
306189;2;LINES_OF_CODE;2026-09-03 15:56:52;1;;;;
305880;2;LINES_OF_CODE;2026-09-03 16:26:42;-2;;;;
305763;2;LINES_OF_CODE;2026-09-03 16:56:50;3;;;;
306004;2;LINES_OF_CODE;2026-09-03 17:01:04;2;;;;
305887;2;LINES_OF_CODE;2026-09-03 17:03:22;4;;;;
306238;2;LINES_OF_CODE;2026-09-03 17:13:15;3;;;;
305777;2;LINES_OF_CODE;2026-09-03 17:32:32;2;;;;
306040;2;LINES_OF_CODE;2026-09-03 17:41:14;2;;;;
305641;2;LINES_OF_CODE;2026-09-03 17:42:30;7;;;;
306125;2;LINES_OF_CODE;2026-09-03 17:44:31;1;;;;
305739;2;LINES_OF_CODE;2026-09-03 17:57:24;5;;;;
305978;2;LINES_OF_CODE;2026-09-04 08:01:44;0;;;;
306066;2;LINES_OF_CODE;2026-09-04 08:52:27;1;;;;
305850;2;LINES_OF_CODE;2026-09-04 09:06:11;3;;;;
305769;2;LINES_OF_CODE;2026-09-04 09:41:26;0;;;;
305710;2;LINES_OF_CODE;2026-09-04 09:49:42;3;;;;
305992;2;LINES_OF_CODE;2026-09-04 10:10:45;4;;;;
306138;2;LINES_OF_CODE;2026-09-04 10:23:08;3;;;;
305600;2;LINES_OF_CODE;2026-09-04 10:57:50;4;;;;
306087;2;LINES_OF_CODE;2026-09-04 11:38:46;6;;;;
305979;2;LINES_OF_CODE;2026-09-04 11:43:15;1;;;;
305852;2;LINES_OF_CODE;2026-09-04 11:54:47;3;;;;
305759;2;LINES_OF_CODE;2026-09-04 12:05:04;0;;;;
305991;2;LINES_OF_CODE;2026-09-04 12:13:46;3;;;;
305535;2;LINES_OF_CODE;2026-09-04 12:26:29;0;;;;
305923;2;LINES_OF_CODE;2026-09-04 12:48:24;8;;;;
305892;2;LINES_OF_CODE;2026-09-04 12:51:59;0;;;;
305597;2;LINES_OF_CODE;2026-09-04 14:01:40;0;;;;
306101;2;LINES_OF_CODE;2026-09-04 15:01:57;3;;;;
305701;2;LINES_OF_CODE;2026-09-04 15:34:10;0;;;;
306063;2;LINES_OF_CODE;2026-09-04 16:15:27;2;;;;
305855;2;LINES_OF_CODE;2026-09-04 16:17:13;2;;;;
306074;2;LINES_OF_CODE;2026-09-04 16:32:17;6;;;;
305726;2;LINES_OF_CODE;2026-09-04 16:53:51;3;;;;
305714;2;LINES_OF_CODE;2026-09-04 17:01:40;0;;;;
306086;2;LINES_OF_CODE;2026-09-04 17:32:19;4;;;;
305926;2;LINES_OF_CODE;2026-09-07 08:02:36;4;;;;
306027;2;LINES_OF_CODE;2026-09-07 08:07:44;2;;;;
305690;2;LINES_OF_CODE;2026-09-07 08:45:33;5;;;;
305525;2;LINES_OF_CODE;2026-09-07 08:57:36;3;;;;
306146;2;LINES_OF_CODE;2026-09-07 09:00:37;5;;;;
305653;2;LINES_OF_CODE;2026-09-07 09:04:56;0;;;;
305988;2;LINES_OF_CODE;2026-09-07 09:08:09;1;;;;
305704;2;LINES_OF_CODE;2026-09-07 09:14:04;6;;;;
305816;2;LINES_OF_CODE;2026-09-07 09:23:58;6;;;;
305648;2;LINES_OF_CODE;2026-09-07 09:24:30;10;;;;
305833;2;LINES_OF_CODE;2026-09-07 09:45:11;1;;;;
306174;2;LINES_OF_CODE;2026-09-07 10:24:01;6;;;;
305693;2;LINES_OF_CODE;2026-09-07 10:29:39;0;;;;
306043;2;LINES_OF_CODE;2026-09-07 10:33:15;3;;;;
306215;2;LINES_OF_CODE;2026-09-07 10:41:19;4;;;;
305782;2;LINES_OF_CODE;2026-09-07 11:08:30;0;;;;
305789;2;LINES_OF_CODE;2026-09-07 11:13:38;0;;;;
305810;2;LINES_OF_CODE;2026-09-07 11:17:41;1;;;;
306175;2;LINES_OF_CODE;2026-09-07 11:22:40;2;;;;
305746;2;LINES_OF_CODE;2026-09-07 11:29:29;4;;;;
305567;2;LINES_OF_CODE;2026-09-07 11:37:01;6;;;;
305686;2;LINES_OF_CODE;2026-09-07 12:04:10;3;;;;
305868;2;LINES_OF_CODE;2026-09-07 12:04:16;0;;;;
305592;2;LINES_OF_CODE;2026-09-07 12:28:51;7;;;;
306161;2;LINES_OF_CODE;2026-09-07 13:28:53;2;;;;
306054;2;LINES_OF_CODE;2026-09-07 13:37:14;0;;;;
305962;2;LINES_OF_CODE;2026-09-07 13:38:27;3;;;;
306071;2;LINES_OF_CODE;2026-09-07 13:38:28;6;;;;
305745;2;LINES_OF_CODE;2026-09-07 13:44:28;6;;;;
306239;2;LINES_OF_CODE;2026-09-07 14:00:12;7;;;;
305560;2;LINES_OF_CODE;2026-09-07 14:16:27;2;;;;
305981;2;LINES_OF_CODE;2026-09-07 14:44:56;4;;;;
305609;2;LINES_OF_CODE;2026-09-07 14:53:51;1;;;;
306033;2;LINES_OF_CODE;2026-09-07 15:29:05;6;;;;
305842;2;LINES_OF_CODE;2026-09-07 15:49:07;3;;;;
306152;2;LINES_OF_CODE;2026-09-07 16:32:43;0;;;;
305864;2;LINES_OF_CODE;2026-09-07 16:55:38;5;;;;
305708;2;LINES_OF_CODE;2026-09-07 17:47:35;2;;;;
305828;2;LINES_OF_CODE;2026-09-08 09:19:34;1;;;;
305753;2;LINES_OF_CODE;2026-09-08 09:54:16;2;;;;
305564;2;LINES_OF_CODE;2026-09-08 10:58:00;6;;;;
305965;2;LINES_OF_CODE;2026-09-08 11:01:58;3;;;;
305983;2;LINES_OF_CODE;2026-09-08 11:14:36;3;;;;
305993;2;LINES_OF_CODE;2026-09-08 11:16:23;4;;;;
306217;2;LINES_OF_CODE;2026-09-08 11:25:44;3;;;;
305731;2;LINES_OF_CODE;2026-09-08 11:32:16;0;;;;
305907;2;LINES_OF_CODE;2026-09-08 11:35:29;5;;;;
305895;2;LINES_OF_CODE;2026-09-08 11:57:30;2;;;;
306235;2;LINES_OF_CODE;2026-09-08 12:16:55;3;;;;
305999;2;LINES_OF_CODE;2026-09-08 13:09:40;2;;;;
305529;2;LINES_OF_CODE;2026-09-08 14:25:45;2;;;;
305573;2;LINES_OF_CODE;2026-09-08 14:28:42;1;;;;
305530;2;LINES_OF_CODE;2026-09-08 14:37:15;4;;;;
305785;2;LINES_OF_CODE;2026-09-08 14:56:57;-1;;;;
306216;2;LINES_OF_CODE;2026-09-08 15:01:13;1;;;;
305908;2;LINES_OF_CODE;2026-09-08 15:26:24;4;;;;
306251;2;LINES_OF_CODE;2026-09-08 15:41:54;6;;;;
305740;2;LINES_OF_CODE;2026-09-08 16:33:10;3;;;;
305807;2;LINES_OF_CODE;2026-09-08 16:58:09;-1;;;;
306212;2;LINES_OF_CODE;2026-09-08 17:13:56;0;;;;
305853;2;LINES_OF_CODE;2026-09-08 17:34:26;3;;;;
305536;2;LINES_OF_CODE;2026-09-08 17:42:41;2;;;;
306012;2;LINES_OF_CODE;2026-09-08 17:54:22;2;;;;
306150;2;LINES_OF_CODE;2026-09-09 09:01:37;3;;;;
305927;2;LINES_OF_CODE;2026-09-09 09:21:36;3;;;;
306165;2;LINES_OF_CODE;2026-09-09 10:00:36;1;;;;
305719;2;LINES_OF_CODE;2026-09-09 10:08:28;6;;;;
305767;2;LINES_OF_CODE;2026-09-09 10:12:26;3;;;;
305554;2;LINES_OF_CODE;2026-09-09 10:32:54;9;;;;
305915;2;LINES_OF_CODE;2026-09-09 10:39:52;5;;;;
305611;2;LINES_OF_CODE;2026-09-09 10:51:13;3;;;;
306182;2;LINES_OF_CODE;2026-09-09 11:21:53;-1;;;;
305994;2;LINES_OF_CODE;2026-09-09 11:49:52;2;;;;
305911;2;LINES_OF_CODE;2026-09-09 12:00:12;2;;;;
306060;2;LINES_OF_CODE;2026-09-09 12:25:19;4;;;;
306245;2;LINES_OF_CODE;2026-09-09 12:30:43;6;;;;
305945;2;LINES_OF_CODE;2026-09-09 12:34:53;3;;;;
306232;2;LINES_OF_CODE;2026-09-09 13:03:07;2;;;;
305831;2;LINES_OF_CODE;2026-09-09 13:30:30;2;;;;
305676;2;LINES_OF_CODE;2026-09-09 13:35:21;2;;;;
306037;2;LINES_OF_CODE;2026-09-09 13:36:15;1;;;;
305582;2;LINES_OF_CODE;2026-09-09 13:43:13;2;;;;
305657;2;LINES_OF_CODE;2026-09-09 13:50:48;4;;;;
306107;2;LINES_OF_CODE;2026-09-09 14:02:20;2;;;;
306163;2;LINES_OF_CODE;2026-09-09 14:11:19;6;;;;
305735;2;LINES_OF_CODE;2026-09-09 14:19:13;0;;;;
305812;2;LINES_OF_CODE;2026-09-09 15:08:41;5;;;;
306177;2;LINES_OF_CODE;2026-09-09 15:20:43;4;;;;
305998;2;LINES_OF_CODE;2026-09-09 15:39:14;6;;;;
305703;2;LINES_OF_CODE;2026-09-09 15:43:31;5;;;;
305757;2;LINES_OF_CODE;2026-09-09 15:55:26;2;;;;
305890;2;LINES_OF_CODE;2026-09-09 16:11:30;4;;;;
305618;2;LINES_OF_CODE;2026-09-09 16:20:24;7;;;;
305885;2;LINES_OF_CODE;2026-09-09 16:40:53;7;;;;
305836;2;LINES_OF_CODE;2026-09-09 16:52:27;-1;;;;
306081;2;LINES_OF_CODE;2026-09-09 17:19:44;5;;;;
305663;2;LINES_OF_CODE;2026-09-09 17:49:51;3;;;;
306191;2;LINES_OF_CODE;2026-09-10 08:39:38;3;;;;
305861;2;LINES_OF_CODE;2026-09-10 09:03:23;1;;;;
305679;2;LINES_OF_CODE;2026-09-10 09:17:39;-1;;;;
306038;2;LINES_OF_CODE;2026-09-10 10:42:10;4;;;;
306151;2;LINES_OF_CODE;2026-09-10 11:19:28;1;;;;
306021;2;LINES_OF_CODE;2026-09-10 11:21:02;-1;;;;
305886;2;LINES_OF_CODE;2026-09-10 11:29:10;1;;;;
305919;2;LINES_OF_CODE;2026-09-10 11:38:17;2;;;;
305621;2;LINES_OF_CODE;2026-09-10 11:51:16;3;;;;
305699;2;LINES_OF_CODE;2026-09-10 11:52:43;0;;;;
306078;2;LINES_OF_CODE;2026-09-10 11:59:21;7;;;;
306076;2;LINES_OF_CODE;2026-09-10 12:36:06;0;;;;
306112;2;LINES_OF_CODE;2026-09-10 13:29:25;5;;;;
305728;2;LINES_OF_CODE;2026-09-10 13:32:59;4;;;;
306114;2;LINES_OF_CODE;2026-09-10 13:54:54;5;;;;
306045;2;LINES_OF_CODE;2026-09-10 14:07:41;8;;;;
306094;2;LINES_OF_CODE;2026-09-10 14:36:52;0;;;;
306006;2;LINES_OF_CODE;2026-09-10 14:50:01;0;;;;
305539;2;LINES_OF_CODE;2026-09-10 15:51:43;7;;;;
306106;2;LINES_OF_CODE;2026-09-10 15:54:34;0;;;;
305729;2;LINES_OF_CODE;2026-09-10 15:55:18;4;;;;
306180;2;LINES_OF_CODE;2026-09-10 16:04:39;5;;;;
306085;2;LINES_OF_CODE;2026-09-10 16:55:55;7;;;;
306017;2;LINES_OF_CODE;2026-09-10 16:57:47;1;;;;
305846;2;LINES_OF_CODE;2026-09-10 17:10:03;5;;;;
305818;2;LINES_OF_CODE;2026-09-10 17:31:40;0;;;;
305562;2;LINES_OF_CODE;2026-09-10 17:34:58;0;;;;
305808;2;LINES_OF_CODE;2026-09-10 17:54:24;2;;;;
305563;2;LINES_OF_CODE;2026-09-11 08:29:12;-1;;;;
305540;2;LINES_OF_CODE;2026-09-11 08:40:55;2;;;;
305766;2;LINES_OF_CODE;2026-09-11 09:11:46;2;;;;
305660;2;LINES_OF_CODE;2026-09-11 09:31:35;1;;;;
305809;2;LINES_OF_CODE;2026-09-11 09:52:48;0;;;;
306213;2;LINES_OF_CODE;2026-09-11 09:52:50;7;;;;
305532;2;LINES_OF_CODE;2026-09-11 10:56:07;0;;;;
305984;2;LINES_OF_CODE;2026-09-11 12:23:16;2;;;;
305792;2;LINES_OF_CODE;2026-09-11 12:32:30;3;;;;
305717;2;LINES_OF_CODE;2026-09-11 12:37:55;5;;;;
306197;2;LINES_OF_CODE;2026-09-11 12:57:17;3;;;;
306208;2;LINES_OF_CODE;2026-09-11 13:04:28;5;;;;
305755;2;LINES_OF_CODE;2026-09-11 13:06:38;3;;;;
305527;2;LINES_OF_CODE;2026-09-11 13:25:15;5;;;;
305768;2;LINES_OF_CODE;2026-09-11 13:36:49;5;;;;
305924;2;LINES_OF_CODE;2026-09-11 13:40:35;3;;;;
305901;2;LINES_OF_CODE;2026-09-11 14:12:14;2;;;;
306173;2;LINES_OF_CODE;2026-09-11 14:24:46;6;;;;
306240;2;LINES_OF_CODE;2026-09-11 14:50:13;6;;;;
305804;2;LINES_OF_CODE;2026-09-11 15:02:42;4;;;;
305584;2;LINES_OF_CODE;2026-09-11 15:03:00;4;;;;
305975;2;LINES_OF_CODE;2026-09-11 15:03:19;6;;;;
306249;2;LINES_OF_CODE;2026-09-11 15:19:14;1;;;;
306230;2;LINES_OF_CODE;2026-09-11 15:19:57;2;;;;
305982;2;LINES_OF_CODE;2026-09-11 15:37:51;8;;;;
306059;2;LINES_OF_CODE;2026-09-11 15:55:27;0;;;;
305698;2;LINES_OF_CODE;2026-09-11 16:03:56;2;;;;
306008;2;LINES_OF_CODE;2026-09-11 16:32:16;8;;;;
306032;2;LINES_OF_CODE;2026-09-11 16:47:42;2;;;;
306041;2;LINES_OF_CODE;2026-09-11 16:56:59;1;;;;
305896;2;LINES_OF_CODE;2026-09-11 17:18:37;2;;;;
305624;2;LINES_OF_CODE;2026-09-11 17:28:27;2;;;;
305697;2;LINES_OF_CODE;2026-09-11 17:38:51;3;;;;
305959;2;LINES_OF_CODE;2026-09-14 08:04:50;4;;;;
305649;2;LINES_OF_CODE;2026-09-14 08:06:31;4;;;;
305995;2;LINES_OF_CODE;2026-09-14 09:02:25;1;;;;
305640;2;LINES_OF_CODE;2026-09-14 09:12:28;8;;;;
306209;2;LINES_OF_CODE;2026-09-14 09:44:10;6;;;;
306030;2;LINES_OF_CODE;2026-09-14 09:45:56;0;;;;
306057;2;LINES_OF_CODE;2026-09-14 09:54:04;0;;;;
306214;2;LINES_OF_CODE;2026-09-14 10:07:03;3;;;;
305595;2;LINES_OF_CODE;2026-09-14 10:21:33;-3;;;;
306187;2;LINES_OF_CODE;2026-09-14 11:15:35;5;;;;
305918;2;LINES_OF_CODE;2026-09-14 11:39:28;1;;;;
305957;2;LINES_OF_CODE;2026-09-14 11:55:07;4;;;;
305606;2;LINES_OF_CODE;2026-09-14 11:57:43;5;;;;
306241;2;LINES_OF_CODE;2026-09-14 11:59:08;7;;;;
306096;2;LINES_OF_CODE;2026-09-14 12:16:24;4;;;;
305848;2;LINES_OF_CODE;2026-09-14 12:22:18;4;;;;
305944;2;LINES_OF_CODE;2026-09-14 12:23:34;4;;;;
305724;2;LINES_OF_CODE;2026-09-14 12:27:47;5;;;;
305775;2;LINES_OF_CODE;2026-09-14 13:02:32;4;;;;
305695;2;LINES_OF_CODE;2026-09-14 13:03:11;4;;;;
306135;2;LINES_OF_CODE;2026-09-14 13:14:02;3;;;;
305996;2;LINES_OF_CODE;2026-09-14 13:22:53;6;;;;
305903;2;LINES_OF_CODE;2026-09-14 13:24:53;2;;;;
306070;2;LINES_OF_CODE;2026-09-14 13:40:06;-2;;;;
305913;2;LINES_OF_CODE;2026-09-14 13:59:41;0;;;;
305773;2;LINES_OF_CODE;2026-09-14 14:06:03;2;;;;
306119;2;LINES_OF_CODE;2026-09-14 14:12:18;4;;;;
305619;2;LINES_OF_CODE;2026-09-14 14:21:34;0;;;;
305820;2;LINES_OF_CODE;2026-09-14 14:23:05;-2;;;;
305725;2;LINES_OF_CODE;2026-09-14 14:39:54;-2;;;;
305805;2;LINES_OF_CODE;2026-09-14 14:48:20;6;;;;
305819;2;LINES_OF_CODE;2026-09-14 15:04:23;6;;;;
306236;2;LINES_OF_CODE;2026-09-14 15:53:50;3;;;;
305764;2;LINES_OF_CODE;2026-09-14 16:10:10;2;;;;
305964;2;LINES_OF_CODE;2026-09-14 16:28:25;7;;;;
305552;2;LINES_OF_CODE;2026-09-14 16:49:27;4;;;;
305537;2;LINES_OF_CODE;2026-09-14 16:54:11;8;;;;
305629;2;LINES_OF_CODE;2026-09-14 17:12:14;6;;;;
305650;2;LINES_OF_CODE;2026-09-14 17:26:45;3;;;;
305910;2;LINES_OF_CODE;2026-09-14 17:33:54;2;;;;
306053;2;LINES_OF_CODE;2026-09-14 17:36:17;0;;;;
305832;2;LINES_OF_CODE;2026-09-14 17:51:55;6;;;;
306115;2;LINES_OF_CODE;2026-09-15 08:12:30;0;;;;
305559;2;LINES_OF_CODE;2026-09-15 08:13:29;4;;;;
305712;2;LINES_OF_CODE;2026-09-15 08:22:20;2;;;;
305876;2;LINES_OF_CODE;2026-09-15 08:23:40;3;;;;
305835;2;LINES_OF_CODE;2026-09-15 08:30:46;-1;;;;
305893;2;LINES_OF_CODE;2026-09-15 08:33:30;5;;;;
305645;2;LINES_OF_CODE;2026-09-15 08:56:32;4;;;;
305671;2;LINES_OF_CODE;2026-09-15 08:57:04;0;;;;
306219;2;LINES_OF_CODE;2026-09-15 09:03:49;2;;;;
306193;2;LINES_OF_CODE;2026-09-15 09:38:00;0;;;;
305898;2;LINES_OF_CODE;2026-09-15 10:10:18;1;;;;
305549;2;LINES_OF_CODE;2026-09-15 10:17:05;2;;;;
305716;2;LINES_OF_CODE;2026-09-15 10:18:21;2;;;;
306159;2;LINES_OF_CODE;2026-09-15 10:18:48;2;;;;
306075;2;LINES_OF_CODE;2026-09-15 10:36:38;2;;;;
306205;2;LINES_OF_CODE;2026-09-15 11:15:40;6;;;;
306093;2;LINES_OF_CODE;2026-09-15 11:23:36;9;;;;
305578;2;LINES_OF_CODE;2026-09-15 11:25:54;3;;;;
306064;2;LINES_OF_CODE;2026-09-15 12:13:45;5;;;;
306048;2;LINES_OF_CODE;2026-09-15 12:46:02;2;;;;
305989;2;LINES_OF_CODE;2026-09-15 13:29:03;3;;;;
305799;2;LINES_OF_CODE;2026-09-15 13:33:04;4;;;;
306147;2;LINES_OF_CODE;2026-09-15 13:56:44;-1;;;;
305948;2;LINES_OF_CODE;2026-09-15 14:10:31;0;;;;
306226;2;LINES_OF_CODE;2026-09-15 14:55:36;-1;;;;
305557;2;LINES_OF_CODE;2026-09-15 15:36:21;4;;;;
305857;2;LINES_OF_CODE;2026-09-15 15:36:38;3;;;;
305811;2;LINES_OF_CODE;2026-09-15 15:42:44;0;;;;
305581;2;LINES_OF_CODE;2026-09-15 16:26:55;5;;;;
305718;2;LINES_OF_CODE;2026-09-15 16:43:38;2;;;;
305940;2;LINES_OF_CODE;2026-09-15 16:46:30;3;;;;
305795;2;LINES_OF_CODE;2026-09-15 17:30:43;2;;;;
306065;2;LINES_OF_CODE;2026-09-15 17:31:24;5;;;;
305796;2;LINES_OF_CODE;2026-09-15 17:38:56;0;;;;
305647;2;LINES_OF_CODE;2026-09-15 17:43:44;3;;;;
306130;2;LINES_OF_CODE;2026-09-16 08:02:00;0;;;;
305815;2;LINES_OF_CODE;2026-09-16 08:11:20;6;;;;
305577;2;LINES_OF_CODE;2026-09-16 08:15:14;1;;;;
305669;2;LINES_OF_CODE;2026-09-16 08:50:52;0;;;;
305909;2;LINES_OF_CODE;2026-09-16 08:56:13;3;;;;
305956;2;LINES_OF_CODE;2026-09-16 09:28:01;2;;;;
305612;2;LINES_OF_CODE;2026-09-16 09:56:36;3;;;;
305879;2;LINES_OF_CODE;2026-09-16 10:49:42;-1;;;;
306005;2;LINES_OF_CODE;2026-09-16 11:19:00;4;;;;
305867;2;LINES_OF_CODE;2026-09-16 12:02:48;1;;;;
305928;2;LINES_OF_CODE;2026-09-16 12:11:00;2;;;;
305986;2;LINES_OF_CODE;2026-09-16 12:43:03;1;;;;
305742;2;LINES_OF_CODE;2026-09-16 12:59:22;4;;;;
305977;2;LINES_OF_CODE;2026-09-16 13:20:39;5;;;;
305904;2;LINES_OF_CODE;2026-09-16 14:08:47;5;;;;
305784;2;LINES_OF_CODE;2026-09-16 15:04:45;7;;;;
306171;2;LINES_OF_CODE;2026-09-16 15:05:24;0;;;;
305610;2;LINES_OF_CODE;2026-09-16 15:09:33;0;;;;
305547;2;LINES_OF_CODE;2026-09-16 15:31:45;2;;;;
306167;2;LINES_OF_CODE;2026-09-16 15:37:21;5;;;;
305976;2;LINES_OF_CODE;2026-09-16 15:42:40;2;;;;
305627;2;LINES_OF_CODE;2026-09-16 16:17:39;-2;;;;
306143;2;LINES_OF_CODE;2026-09-16 16:49:26;3;;;;
305633;2;LINES_OF_CODE;2026-09-16 17:09:03;5;;;;
306142;2;LINES_OF_CODE;2026-09-16 17:12:16;6;;;;
306050;2;LINES_OF_CODE;2026-09-16 17:22:29;1;;;;
305713;2;LINES_OF_CODE;2026-09-16 17:22:31;6;;;;
306153;2;LINES_OF_CODE;2026-09-16 17:25:18;0;;;;
305889;2;LINES_OF_CODE;2026-09-16 17:26:13;0;;;;
306049;2;LINES_OF_CODE;2026-09-16 17:31:57;7;;;;
305838;2;LINES_OF_CODE;2026-09-16 17:33:46;0;;;;
306243;2;LINES_OF_CODE;2026-09-16 17:47:41;1;;;;
305951;2;LINES_OF_CODE;2026-09-16 17:53:57;2;;;;
306227;2;LINES_OF_CODE;2026-09-17 08:11:56;3;;;;
306223;2;LINES_OF_CODE;2026-09-17 08:14:37;0;;;;
306220;2;LINES_OF_CODE;2026-09-17 09:22:18;3;;;;
305598;2;LINES_OF_CODE;2026-09-17 09:51:51;3;;;;
306123;2;LINES_OF_CODE;2026-09-17 10:23:53;6;;;;
305817;2;LINES_OF_CODE;2026-09-17 10:45:28;5;;;;
305622;2;LINES_OF_CODE;2026-09-17 11:00:02;5;;;;
306072;2;LINES_OF_CODE;2026-09-17 11:03:01;1;;;;
306023;2;LINES_OF_CODE;2026-09-17 11:13:29;2;;;;
306170;2;LINES_OF_CODE;2026-09-17 11:31:43;0;;;;
305800;2;LINES_OF_CODE;2026-09-17 12:06:25;5;;;;
305569;2;LINES_OF_CODE;2026-09-17 12:29:43;2;;;;
306157;2;LINES_OF_CODE;2026-09-17 12:41:29;2;;;;
306156;2;LINES_OF_CODE;2026-09-17 12:42:24;3;;;;
305950;2;LINES_OF_CODE;2026-09-17 12:58:39;0;;;;
305659;2;LINES_OF_CODE;2026-09-17 13:35:39;6;;;;
305683;2;LINES_OF_CODE;2026-09-17 13:36:39;8;;;;
305781;2;LINES_OF_CODE;2026-09-17 13:54:25;3;;;;
305711;2;LINES_OF_CODE;2026-09-17 14:06:24;2;;;;
305741;2;LINES_OF_CODE;2026-09-17 14:18:15;2;;;;
305941;2;LINES_OF_CODE;2026-09-17 14:45:39;3;;;;
305738;2;LINES_OF_CODE;2026-09-17 14:45:47;2;;;;
305875;2;LINES_OF_CODE;2026-09-17 14:48:24;1;;;;
305723;2;LINES_OF_CODE;2026-09-17 15:16:51;5;;;;
306003;2;LINES_OF_CODE;2026-09-17 15:28:25;1;;;;
305601;2;LINES_OF_CODE;2026-09-17 15:33:56;3;;;;
305744;2;LINES_OF_CODE;2026-09-17 15:36:28;2;;;;
306092;2;LINES_OF_CODE;2026-09-17 16:05:19;1;;;;
305750;2;LINES_OF_CODE;2026-09-17 16:38:07;3;;;;
306129;2;LINES_OF_CODE;2026-09-17 16:40:24;0;;;;
306083;2;LINES_OF_CODE;2026-09-17 17:13:24;4;;;;
305822;2;LINES_OF_CODE;2026-09-17 17:22:39;0;;;;
306108;2;LINES_OF_CODE;2026-09-17 17:25:11;3;;;;
305914;2;LINES_OF_CODE;2026-09-17 17:36:41;5;;;;
306233;2;LINES_OF_CODE;2026-09-17 17:57:31;0;;;;
306128;2;LINES_OF_CODE;2026-09-18 08:03:25;2;;;;
305654;2;LINES_OF_CODE;2026-09-18 08:19:07;2;;;;
305616;2;LINES_OF_CODE;2026-09-18 08:49:52;2;;;;
305636;2;LINES_OF_CODE;2026-09-18 08:51:18;0;;;;
305614;2;LINES_OF_CODE;2026-09-18 09:05:10;3;;;;
306124;2;LINES_OF_CODE;2026-09-18 09:17:24;5;;;;
305688;2;LINES_OF_CODE;2026-09-18 10:01:44;5;;;;
306068;2;LINES_OF_CODE;2026-09-18 10:17:19;2;;;;
305865;2;LINES_OF_CODE;2026-09-18 10:23:13;3;;;;
305634;2;LINES_OF_CODE;2026-09-18 10:44:53;4;;;;
306221;2;LINES_OF_CODE;2026-09-18 11:27:00;1;;;;
305972;2;LINES_OF_CODE;2026-09-18 11:44:43;1;;;;
305615;2;LINES_OF_CODE;2026-09-18 12:12:43;0;;;;
305715;2;LINES_OF_CODE;2026-09-18 12:18:16;1;;;;
305743;2;LINES_OF_CODE;2026-09-18 12:56:02;0;;;;
306001;2;LINES_OF_CODE;2026-09-18 13:57:13;5;;;;
306198;2;LINES_OF_CODE;2026-09-18 14:00:33;3;;;;
306183;2;LINES_OF_CODE;2026-09-18 14:18:55;2;;;;
305788;2;LINES_OF_CODE;2026-09-18 14:29:51;5;;;;
306095;2;LINES_OF_CODE;2026-09-18 14:58:32;6;;;;
305894;2;LINES_OF_CODE;2026-09-18 15:54:03;0;;;;
306028;2;LINES_OF_CODE;2026-09-18 15:55:53;5;;;;
305651;2;LINES_OF_CODE;2026-09-18 16:01:27;2;;;;
306067;2;LINES_OF_CODE;2026-09-18 16:14:22;-2;;;;
306020;2;LINES_OF_CODE;2026-09-18 16:26:56;1;;;;
306069;2;LINES_OF_CODE;2026-09-18 16:50:53;5;;;;
306140;2;LINES_OF_CODE;2026-09-18 17:10:38;3;;;;
305902;2;LINES_OF_CODE;2026-09-18 17:33:43;5;;;;
305939;2;LINES_OF_CODE;2026-09-18 17:42:08;6;;;;
305670;2;LINES_OF_CODE;2026-09-21 08:07:03;4;;;;
305590;2;LINES_OF_CODE;2026-09-21 08:52:55;1;;;;
305706;2;LINES_OF_CODE;2026-09-21 09:18:10;3;;;;
305643;2;LINES_OF_CODE;2026-09-21 09:19:37;-3;;;;
306035;2;LINES_OF_CODE;2026-09-21 09:34:28;4;;;;
305565;2;LINES_OF_CODE;2026-09-21 09:43:17;1;;;;
306160;2;LINES_OF_CODE;2026-09-21 09:51:35;0;;;;
305751;2;LINES_OF_CODE;2026-09-21 09:55:15;0;;;;
306224;2;LINES_OF_CODE;2026-09-21 10:04:56;6;;;;
305762;2;LINES_OF_CODE;2026-09-21 10:23:34;5;;;;
305869;2;LINES_OF_CODE;2026-09-21 11:51:49;2;;;;
306250;2;LINES_OF_CODE;2026-09-21 12:05:28;1;;;;
305587;2;LINES_OF_CODE;2026-09-21 12:22:40;2;;;;
306034;2;LINES_OF_CODE;2026-09-21 12:47:29;0;;;;
305843;2;LINES_OF_CODE;2026-09-21 12:50:10;0;;;;
305692;2;LINES_OF_CODE;2026-09-21 12:58:37;6;;;;
305966;2;LINES_OF_CODE;2026-09-21 13:16:34;-1;;;;
305632;2;LINES_OF_CODE;2026-09-21 13:25:32;2;;;;
305932;2;LINES_OF_CODE;2026-09-21 13:27:53;9;;;;
306046;2;LINES_OF_CODE;2026-09-21 13:34:18;5;;;;
306210;2;LINES_OF_CODE;2026-09-21 13:46:31;0;;;;
305721;2;LINES_OF_CODE;2026-09-21 13:49:33;5;;;;
305787;2;LINES_OF_CODE;2026-09-21 13:50:23;5;;;;
306051;2;LINES_OF_CODE;2026-09-21 14:34:45;2;;;;
305844;2;LINES_OF_CODE;2026-09-21 15:07:06;1;;;;
305758;2;LINES_OF_CODE;2026-09-21 15:27:49;3;;;;
305599;2;LINES_OF_CODE;2026-09-21 15:50:46;3;;;;
305973;2;LINES_OF_CODE;2026-09-21 16:15:12;0;;;;
305770;2;LINES_OF_CODE;2026-09-21 16:25:51;2;;;;
306169;2;LINES_OF_CODE;2026-09-21 16:26:19;5;;;;
305667;2;LINES_OF_CODE;2026-09-21 17:10:21;3;;;;
305593;2;LINES_OF_CODE;2026-09-21 17:23:02;0;;;;
306118;2;LINES_OF_CODE;2026-09-21 17:41:50;0;;;;
305872;2;LINES_OF_CODE;2026-09-21 17:44:18;5;;;;
305526;2;LINES_OF_CODE;2026-09-21 17:58:25;2;;;;
306097;2;LINES_OF_CODE;2026-09-22 08:30:57;5;;;;
306229;2;LINES_OF_CODE;2026-09-22 08:36:04;1;;;;
305544;2;LINES_OF_CODE;2026-09-22 08:47:23;1;;;;
306246;2;LINES_OF_CODE;2026-09-22 10:00:21;7;;;;
306061;2;LINES_OF_CODE;2026-09-22 10:27:58;0;;;;
305858;2;LINES_OF_CODE;2026-09-22 10:30:37;4;;;;
305522;2;LINES_OF_CODE;2026-09-22 11:07:17;0;;;;
305862;2;LINES_OF_CODE;2026-09-22 11:24:07;4;;;;
306055;2;LINES_OF_CODE;2026-09-22 11:25:59;-1;;;;
306218;2;LINES_OF_CODE;2026-09-22 11:42:33;2;;;;
305821;2;LINES_OF_CODE;2026-09-22 11:57:43;4;;;;
306166;2;LINES_OF_CODE;2026-09-22 11:58:34;4;;;;
306186;2;LINES_OF_CODE;2026-09-22 12:01:38;4;;;;
306237;2;LINES_OF_CODE;2026-09-22 12:04:45;5;;;;
306184;2;LINES_OF_CODE;2026-09-22 12:54:12;5;;;;
305849;2;LINES_OF_CODE;2026-09-22 13:03:37;1;;;;
305613;2;LINES_OF_CODE;2026-09-22 13:04:32;0;;;;
306015;2;LINES_OF_CODE;2026-09-22 14:06:01;4;;;;
305953;2;LINES_OF_CODE;2026-09-22 14:28:53;5;;;;
305668;2;LINES_OF_CODE;2026-09-22 15:17:48;6;;;;
305921;2;LINES_OF_CODE;2026-09-22 15:39:05;6;;;;
306127;2;LINES_OF_CODE;2026-09-22 15:41:44;5;;;;
305974;2;LINES_OF_CODE;2026-09-22 15:52:36;7;;;;
305922;2;LINES_OF_CODE;2026-09-22 16:04:38;0;;;;
305638;2;LINES_OF_CODE;2026-09-22 16:15:27;5;;;;
305604;2;LINES_OF_CODE;2026-09-22 16:38:14;2;;;;
305780;2;LINES_OF_CODE;2026-09-22 16:58:41;3;;;;
305617;2;LINES_OF_CODE;2026-09-22 17:06:47;-1;;;;
305985;2;LINES_OF_CODE;2026-09-22 17:07:30;1;;;;
305925;2;LINES_OF_CODE;2026-09-22 17:07:44;1;;;;
305570;2;LINES_OF_CODE;2026-09-22 17:30:41;2;;;;
306122;2;LINES_OF_CODE;2026-09-22 17:36:06;2;;;;
305607;2;LINES_OF_CODE;2026-09-23 08:29:09;0;;;;
306113;2;LINES_OF_CODE;2026-09-23 08:30:56;5;;;;
305733;2;LINES_OF_CODE;2026-09-23 08:38:53;5;;;;
305934;2;LINES_OF_CODE;2026-09-23 09:08:37;5;;;;
305813;2;LINES_OF_CODE;2026-09-23 09:35:11;2;;;;
306168;2;LINES_OF_CODE;2026-09-23 10:21:34;-1;;;;
305737;2;LINES_OF_CODE;2026-09-23 11:12:53;6;;;;
305538;2;LINES_OF_CODE;2026-09-23 11:24:09;6;;;;
306199;2;LINES_OF_CODE;2026-09-23 11:29:04;1;;;;
306031;2;LINES_OF_CODE;2026-09-23 11:59:18;1;;;;
305585;2;LINES_OF_CODE;2026-09-23 12:04:44;3;;;;
306014;2;LINES_OF_CODE;2026-09-23 12:26:31;0;;;;
305555;2;LINES_OF_CODE;2026-09-23 13:00:07;7;;;;
305824;2;LINES_OF_CODE;2026-09-23 13:31:29;1;;;;
306056;2;LINES_OF_CODE;2026-09-23 13:52:50;3;;;;
306247;2;LINES_OF_CODE;2026-09-23 13:59:17;3;;;;
306162;2;LINES_OF_CODE;2026-09-23 14:00:00;6;;;;
305791;2;LINES_OF_CODE;2026-09-23 14:00:56;6;;;;
306231;2;LINES_OF_CODE;2026-09-23 14:11:12;0;;;;
306211;2;LINES_OF_CODE;2026-09-23 14:14:23;1;;;;
305776;2;LINES_OF_CODE;2026-09-23 14:30:45;0;;;;
306248;2;LINES_OF_CODE;2026-09-23 14:42:51;5;;;;
306222;2;LINES_OF_CODE;2026-09-23 14:56:44;0;;;;
305591;2;LINES_OF_CODE;2026-09-23 15:04:02;5;;;;
306100;2;LINES_OF_CODE;2026-09-23 15:05:13;5;;;;
305749;2;LINES_OF_CODE;2026-09-23 16:18:31;2;;;;
305524;2;LINES_OF_CODE;2026-09-23 16:22:51;4;;;;
306047;2;LINES_OF_CODE;2026-09-23 16:36:18;2;;;;
305826;2;LINES_OF_CODE;2026-09-23 17:23:14;0;;;;
306242;2;LINES_OF_CODE;2026-09-23 17:24:23;1;;;;
306025;2;LINES_OF_CODE;2026-09-23 17:29:40;10;;;;
305572;2;LINES_OF_CODE;2026-09-23 17:41:13;5;;;;
306091;2;LINES_OF_CODE;2026-09-24 08:10:35;1;;;;
305952;2;LINES_OF_CODE;2026-09-24 08:13:26;5;;;;
305687;2;LINES_OF_CODE;2026-09-24 08:23:41;1;;;;
306148;2;LINES_OF_CODE;2026-09-24 08:23:58;3;;;;
305878;2;LINES_OF_CODE;2026-09-24 09:00:27;2;;;;
306176;2;LINES_OF_CODE;2026-09-24 10:29:36;4;;;;
305830;2;LINES_OF_CODE;2026-09-24 10:32:27;4;;;;
305586;2;LINES_OF_CODE;2026-09-24 10:50:47;5;;;;
306116;2;LINES_OF_CODE;2026-09-24 10:58:42;1;;;;
306185;2;LINES_OF_CODE;2026-09-24 11:09:21;2;;;;
306172;2;LINES_OF_CODE;2026-09-24 11:16:15;5;;;;
305666;2;LINES_OF_CODE;2026-09-24 11:22:56;0;;;;
306009;2;LINES_OF_CODE;2026-09-24 11:38:48;0;;;;
305970;2;LINES_OF_CODE;2026-09-24 11:49:14;0;;;;
306105;2;LINES_OF_CODE;2026-09-24 12:28:24;3;;;;
305760;2;LINES_OF_CODE;2026-09-24 12:47:53;5;;;;
305694;2;LINES_OF_CODE;2026-09-24 12:50:51;5;;;;
305960;2;LINES_OF_CODE;2026-09-24 12:51:23;5;;;;
306002;2;LINES_OF_CODE;2026-09-24 13:17:45;6;;;;
306207;2;LINES_OF_CODE;2026-09-24 13:52:30;4;;;;
305790;2;LINES_OF_CODE;2026-09-24 14:04:11;3;;;;
305937;2;LINES_OF_CODE;2026-09-24 14:36:08;4;;;;
305665;2;LINES_OF_CODE;2026-09-24 14:36:19;7;;;;
306010;2;LINES_OF_CODE;2026-09-24 15:08:37;1;;;;
305971;2;LINES_OF_CODE;2026-09-24 15:42:52;3;;;;
305899;2;LINES_OF_CODE;2026-09-24 15:45:44;9;;;;
305589;2;LINES_OF_CODE;2026-09-24 15:58:15;6;;;;
305990;2;LINES_OF_CODE;2026-09-24 16:16:37;3;;;;
305702;2;LINES_OF_CODE;2026-09-24 16:20:05;4;;;;
305771;2;LINES_OF_CODE;2026-09-24 16:21:29;2;;;;
305794;2;LINES_OF_CODE;2026-09-24 17:02:40;-1;;;;
306192;2;LINES_OF_CODE;2026-09-24 17:09:04;4;;;;
306089;2;LINES_OF_CODE;2026-09-24 17:22:04;1;;;;
305635;2;LINES_OF_CODE;2026-09-24 17:40:45;3;;;;
305882;2;LINES_OF_CODE;2026-09-24 17:42:56;0;;;;
305935;2;LINES_OF_CODE;2026-09-25 08:09:18;0;;;;
305553;2;LINES_OF_CODE;2026-09-25 09:23:03;3;;;;
305779;2;LINES_OF_CODE;2026-09-25 09:41:23;5;;;;
305900;2;LINES_OF_CODE;2026-09-25 09:55:37;1;;;;
305802;2;LINES_OF_CODE;2026-09-25 10:07:53;7;;;;
306109;2;LINES_OF_CODE;2026-09-25 10:10:17;4;;;;
305961;2;LINES_OF_CODE;2026-09-25 10:35:47;2;;;;
305825;2;LINES_OF_CODE;2026-09-25 10:59:14;2;;;;
305691;2;LINES_OF_CODE;2026-09-25 11:14:52;3;;;;
306104;2;LINES_OF_CODE;2026-09-25 11:34:13;4;;;;
305732;2;LINES_OF_CODE;2026-09-25 11:35:45;5;;;;
305933;2;LINES_OF_CODE;2026-09-25 11:56:11;5;;;;
305980;2;LINES_OF_CODE;2026-09-25 11:59:57;5;;;;
305814;2;LINES_OF_CODE;2026-09-25 12:07:41;6;;;;
306103;2;LINES_OF_CODE;2026-09-25 12:36:39;-1;;;;
305523;2;LINES_OF_CODE;2026-09-25 12:42:25;0;;;;
305566;2;LINES_OF_CODE;2026-09-25 12:45:20;2;;;;
305765;2;LINES_OF_CODE;2026-09-25 12:46:41;5;;;;
306011;2;LINES_OF_CODE;2026-09-25 12:53:38;6;;;;
306134;2;LINES_OF_CODE;2026-09-25 13:04:42;0;;;;
305546;2;LINES_OF_CODE;2026-09-25 13:30:05;1;;;;
306007;2;LINES_OF_CODE;2026-09-25 13:47:12;3;;;;
306206;2;LINES_OF_CODE;2026-09-25 14:27:36;3;;;;
305580;2;LINES_OF_CODE;2026-09-25 16:34:22;1;;;;
305558;2;LINES_OF_CODE;2026-09-25 16:40:48;5;;;;
305707;2;LINES_OF_CODE;2026-09-25 17:29:23;8;;;;
306019;2;LINES_OF_CODE;2026-09-25 17:38:01;-1;;;;
305847;2;LINES_OF_CODE;2026-09-28 08:21:50;5;;;;
305674;2;LINES_OF_CODE;2026-09-28 08:38:50;1;;;;
305778;2;LINES_OF_CODE;2026-09-28 08:45:01;7;;;;
306158;2;LINES_OF_CODE;2026-09-28 08:57:18;3;;;;
305748;2;LINES_OF_CODE;2026-09-28 09:01:54;0;;;;
305596;2;LINES_OF_CODE;2026-09-28 09:02:05;6;;;;
306190;2;LINES_OF_CODE;2026-09-28 09:05:20;5;;;;
305798;2;LINES_OF_CODE;2026-09-28 09:10:48;5;;;;
305652;2;LINES_OF_CODE;2026-09-28 09:18:44;3;;;;
305675;2;LINES_OF_CODE;2026-09-28 09:30:27;4;;;;
305929;2;LINES_OF_CODE;2026-09-28 09:31:53;0;;;;
305646;2;LINES_OF_CODE;2026-09-28 09:47:19;8;;;;
305912;2;LINES_OF_CODE;2026-09-28 10:48:52;3;;;;
305644;2;LINES_OF_CODE;2026-09-28 11:11:56;4;;;;
305662;2;LINES_OF_CODE;2026-09-28 11:36:12;3;;;;
305930;2;LINES_OF_CODE;2026-09-28 12:08:31;4;;;;
306234;2;LINES_OF_CODE;2026-09-28 12:12:37;4;;;;
306195;2;LINES_OF_CODE;2026-09-28 12:20:32;2;;;;
305969;2;LINES_OF_CODE;2026-09-28 12:23:40;2;;;;
306062;2;LINES_OF_CODE;2026-09-28 14:00:10;1;;;;
305859;2;LINES_OF_CODE;2026-09-28 14:01:24;5;;;;
306188;2;LINES_OF_CODE;2026-09-28 14:23:04;0;;;;
305705;2;LINES_OF_CODE;2026-09-28 14:23:10;1;;;;
306196;2;LINES_OF_CODE;2026-09-28 14:54:31;6;;;;
306117;2;LINES_OF_CODE;2026-09-28 14:59:15;4;;;;
306111;2;LINES_OF_CODE;2026-09-28 15:01:09;2;;;;
305722;2;LINES_OF_CODE;2026-09-28 15:19:07;3;;;;
306201;2;LINES_OF_CODE;2026-09-28 15:40:09;3;;;;
305661;2;LINES_OF_CODE;2026-09-28 15:41:39;1;;;;
306137;2;LINES_OF_CODE;2026-09-28 15:42:51;1;;;;
305541;2;LINES_OF_CODE;2026-09-28 15:46:37;2;;;;
305625;2;LINES_OF_CODE;2026-09-28 15:55:35;1;;;;
305631;2;LINES_OF_CODE;2026-09-28 16:00:30;0;;;;
305542;2;LINES_OF_CODE;2026-09-28 16:12:25;0;;;;
305720;2;LINES_OF_CODE;2026-09-28 16:23:40;2;;;;
305531;2;LINES_OF_CODE;2026-09-28 16:30:59;4;;;;
305672;2;LINES_OF_CODE;2026-09-28 16:55:39;4;;;;
305827;2;LINES_OF_CODE;2026-09-28 17:13:51;4;;;;
305736;2;LINES_OF_CODE;2026-09-28 17:27:25;2;;;;
306181;2;LINES_OF_CODE;2026-09-28 17:45:21;4;;;;
305783;2;LINES_OF_CODE;2026-09-28 17:50:42;4;;;;
306225;2;LINES_OF_CODE;2026-09-28 17:52:48;4;;;;
306102;2;LINES_OF_CODE;2026-09-29 08:02:14;2;;;;
305829;2;LINES_OF_CODE;2026-09-29 08:11:30;4;;;;
305579;2;LINES_OF_CODE;2026-09-29 08:15:46;5;;;;
305583;2;LINES_OF_CODE;2026-09-29 08:16:08;2;;;;
305658;2;LINES_OF_CODE;2026-09-29 08:16:16;5;;;;
305603;2;LINES_OF_CODE;2026-09-29 08:23:53;2;;;;
305801;2;LINES_OF_CODE;2026-09-29 08:34:42;5;;;;
305608;2;LINES_OF_CODE;2026-09-29 08:57:25;1;;;;
306202;2;LINES_OF_CODE;2026-09-29 09:31:17;5;;;;
305883;2;LINES_OF_CODE;2026-09-29 10:00:04;-1;;;;
305574;2;LINES_OF_CODE;2026-09-29 10:08:39;6;;;;
305987;2;LINES_OF_CODE;2026-09-29 10:14:26;4;;;;
306121;2;LINES_OF_CODE;2026-09-29 10:20:21;3;;;;
305866;2;LINES_OF_CODE;2026-09-29 10:31:43;2;;;;
305963;2;LINES_OF_CODE;2026-09-29 10:40:27;1;;;;
305734;2;LINES_OF_CODE;2026-09-29 10:59:49;3;;;;
305854;2;LINES_OF_CODE;2026-09-29 11:20:00;2;;;;
305673;2;LINES_OF_CODE;2026-09-29 11:41:29;1;;;;
305860;2;LINES_OF_CODE;2026-09-29 11:46:12;2;;;;
305664;2;LINES_OF_CODE;2026-09-29 11:49:07;7;;;;
305997;2;LINES_OF_CODE;2026-09-29 13:09:04;4;;;;
305656;2;LINES_OF_CODE;2026-09-29 13:09:09;1;;;;
305630;2;LINES_OF_CODE;2026-09-29 13:51:48;2;;;;
305834;2;LINES_OF_CODE;2026-09-29 13:56:00;9;;;;
305958;2;LINES_OF_CODE;2026-09-29 14:10:02;0;;;;
306141;2;LINES_OF_CODE;2026-09-29 14:11:04;4;;;;
305863;2;LINES_OF_CODE;2026-09-29 14:25:45;4;;;;
305681;2;LINES_OF_CODE;2026-09-29 14:37:19;0;;;;
305943;2;LINES_OF_CODE;2026-09-29 14:48:04;7;;;;
306026;2;LINES_OF_CODE;2026-09-29 15:09:26;0;;;;
305967;2;LINES_OF_CODE;2026-09-29 15:24:33;3;;;;
306126;2;LINES_OF_CODE;2026-09-29 15:28:31;4;;;;
305756;2;LINES_OF_CODE;2026-09-29 15:54:13;8;;;;
305639;2;LINES_OF_CODE;2026-09-29 16:33:39;5;;;;
306024;2;LINES_OF_CODE;2026-09-29 16:48:31;2;;;;
306036;2;LINES_OF_CODE;2026-09-29 17:00:03;4;;;;
306098;2;LINES_OF_CODE;2026-09-29 17:04:50;6;;;;
306042;2;LINES_OF_CODE;2026-09-29 17:10:39;2;;;;
305888;2;LINES_OF_CODE;2026-09-29 17:27:54;0;;;;
306244;2;LINES_OF_CODE;2026-09-29 17:30:08;2;;;;
305682;2;LINES_OF_CODE;2026-09-29 17:32:12;5;;;;
305931;2;LINES_OF_CODE;2026-09-30 08:01:51;5;;;;
305588;2;LINES_OF_CODE;2026-09-30 08:37:44;5;;;;
305689;2;LINES_OF_CODE;2026-09-30 08:52:05;3;;;;
305623;2;LINES_OF_CODE;2026-09-30 09:08:00;4;;;;
306058;2;LINES_OF_CODE;2026-09-30 09:25:19;0;;;;
305680;2;LINES_OF_CODE;2026-09-30 10:30:08;1;;;;
305620;2;LINES_OF_CODE;2026-09-30 10:40:13;4;;;;
305696;2;LINES_OF_CODE;2026-09-30 11:05:15;1;;;;
305534;2;LINES_OF_CODE;2026-09-30 11:19:06;1;;;;
305806;2;LINES_OF_CODE;2026-09-30 11:31:06;5;;;;
306044;2;LINES_OF_CODE;2026-09-30 11:58:47;3;;;;
305936;2;LINES_OF_CODE;2026-09-30 12:17:15;2;;;;
306178;2;LINES_OF_CODE;2026-09-30 12:28:52;2;;;;
306252;2;LINES_OF_CODE;2026-09-30 13:03:50;2;;;;
305877;2;LINES_OF_CODE;2026-09-30 13:04:40;0;;;;
305954;2;LINES_OF_CODE;2026-09-30 13:06:28;5;;;;
306203;2;LINES_OF_CODE;2026-09-30 14:29:50;0;;;;
306000;2;LINES_OF_CODE;2026-09-30 15:11:04;2;;;;
305550;2;LINES_OF_CODE;2026-09-30 15:24:12;0;;;;
305845;2;LINES_OF_CODE;2026-09-30 15:38:30;6;;;;
305678;2;LINES_OF_CODE;2026-09-30 15:44:47;2;;;;
305839;2;LINES_OF_CODE;2026-09-30 16:07:31;6;;;;
305871;2;LINES_OF_CODE;2026-09-30 16:20:14;4;;;;
305772;2;LINES_OF_CODE;2026-09-30 16:55:29;7;;;;
306131;2;LINES_OF_CODE;2026-09-30 17:06:48;1;;;;
306016;2;LINES_OF_CODE;2026-09-30 17:22:05;0;;;;
306079;2;LINES_OF_CODE;2026-09-30 17:40:20;0;;;;
305684;2;LINES_OF_CODE;2026-09-30 17:52:49;5;;;;
306952;2;LINES_OF_CODE;2026-10-01 08:04:17;3;;;;
306331;2;LINES_OF_CODE;2026-10-01 08:14:42;4;;;;
306422;2;LINES_OF_CODE;2026-10-01 08:16:55;1;;;;
306862;2;LINES_OF_CODE;2026-10-01 08:33:22;7;;;;
306771;2;LINES_OF_CODE;2026-10-01 09:02:11;0;;;;
306258;2;LINES_OF_CODE;2026-10-01 09:32:38;4;;;;
306653;2;LINES_OF_CODE;2026-10-01 10:22:39;16;;;;
306629;2;LINES_OF_CODE;2026-10-01 10:37:36;0;;;;
306681;2;LINES_OF_CODE;2026-10-01 11:10:06;6;;;;
306491;2;LINES_OF_CODE;2026-10-01 11:11:25;10;;;;
306338;2;LINES_OF_CODE;2026-10-01 11:21:38;2;;;;
306316;2;LINES_OF_CODE;2026-10-01 11:43:10;8;;;;
306445;2;LINES_OF_CODE;2026-10-01 12:28:29;1;;;;
306877;2;LINES_OF_CODE;2026-10-01 12:38:02;4;;;;
306538;2;LINES_OF_CODE;2026-10-01 12:43:33;10;;;;
306345;2;LINES_OF_CODE;2026-10-01 13:03:46;12;;;;
306623;2;LINES_OF_CODE;2026-10-01 13:14:08;6;;;;
306469;2;LINES_OF_CODE;2026-10-01 14:01:57;11;;;;
306889;2;LINES_OF_CODE;2026-10-01 14:03:58;7;;;;
306522;2;LINES_OF_CODE;2026-10-01 15:07:50;3;;;;
306852;2;LINES_OF_CODE;2026-10-01 15:12:03;4;;;;
306418;2;LINES_OF_CODE;2026-10-01 15:44:13;2;;;;
306435;2;LINES_OF_CODE;2026-10-01 15:45:38;7;;;;
306955;2;LINES_OF_CODE;2026-10-01 16:12:24;0;;;;
306900;2;LINES_OF_CODE;2026-10-01 16:42:53;5;;;;
306684;2;LINES_OF_CODE;2026-10-01 17:12:18;-1;;;;
306631;2;LINES_OF_CODE;2026-10-01 17:18:05;0;;;;
306467;2;LINES_OF_CODE;2026-10-01 17:19:34;0;;;;
306636;2;LINES_OF_CODE;2026-10-01 17:22:39;2;;;;
306758;2;LINES_OF_CODE;2026-10-01 17:23:38;1;;;;
306463;2;LINES_OF_CODE;2026-10-01 17:49:31;7;;;;
306390;2;LINES_OF_CODE;2026-10-02 08:45:55;0;;;;
306362;2;LINES_OF_CODE;2026-10-02 08:47:24;1;;;;
306933;2;LINES_OF_CODE;2026-10-02 08:53:04;3;;;;
306978;2;LINES_OF_CODE;2026-10-02 09:02:38;9;;;;
306378;2;LINES_OF_CODE;2026-10-02 10:34:53;-2;;;;
306305;2;LINES_OF_CODE;2026-10-02 11:16:20;7;;;;
306585;2;LINES_OF_CODE;2026-10-02 11:27:25;0;;;;
306812;2;LINES_OF_CODE;2026-10-02 11:28:15;-4;;;;
306982;2;LINES_OF_CODE;2026-10-02 11:56:58;13;;;;
306315;2;LINES_OF_CODE;2026-10-02 12:10:43;7;;;;
306974;2;LINES_OF_CODE;2026-10-02 12:25:22;12;;;;
306494;2;LINES_OF_CODE;2026-10-02 12:25:46;5;;;;
306553;2;LINES_OF_CODE;2026-10-02 12:28:28;8;;;;
306827;2;LINES_OF_CODE;2026-10-02 13:21:03;2;;;;
306420;2;LINES_OF_CODE;2026-10-02 13:35:27;3;;;;
306721;2;LINES_OF_CODE;2026-10-02 13:47:12;-2;;;;
306618;2;LINES_OF_CODE;2026-10-02 14:09:05;9;;;;
306795;2;LINES_OF_CODE;2026-10-02 14:09:48;0;;;;
306985;2;LINES_OF_CODE;2026-10-02 14:12:12;4;;;;
306652;2;LINES_OF_CODE;2026-10-02 14:16:32;12;;;;
306725;2;LINES_OF_CODE;2026-10-02 14:18:57;13;;;;
306823;2;LINES_OF_CODE;2026-10-02 15:11:04;1;;;;
306717;2;LINES_OF_CODE;2026-10-02 15:42:31;8;;;;
306833;2;LINES_OF_CODE;2026-10-02 16:02:00;2;;;;
306908;2;LINES_OF_CODE;2026-10-02 16:02:24;3;;;;
306964;2;LINES_OF_CODE;2026-10-02 16:14:09;2;;;;
306943;2;LINES_OF_CODE;2026-10-02 16:14:40;9;;;;
306461;2;LINES_OF_CODE;2026-10-02 16:20:52;6;;;;
306254;2;LINES_OF_CODE;2026-10-02 17:02:44;7;;;;
306853;2;LINES_OF_CODE;2026-10-02 17:14:09;0;;;;
306620;2;LINES_OF_CODE;2026-10-02 17:18:29;4;;;;
306770;2;LINES_OF_CODE;2026-10-02 17:19:04;9;;;;
306898;2;LINES_OF_CODE;2026-10-02 17:36:44;4;;;;
306984;2;LINES_OF_CODE;2026-10-02 17:44:00;14;;;;
306669;2;LINES_OF_CODE;2026-10-02 17:46:13;1;;;;
306424;2;LINES_OF_CODE;2026-10-02 17:47:54;1;;;;
306298;2;LINES_OF_CODE;2026-10-05 08:28:16;5;;;;
306518;2;LINES_OF_CODE;2026-10-05 08:55:40;2;;;;
306590;2;LINES_OF_CODE;2026-10-05 09:02:57;2;;;;
306806;2;LINES_OF_CODE;2026-10-05 09:06:21;-1;;;;
306276;2;LINES_OF_CODE;2026-10-05 09:07:35;0;;;;
306630;2;LINES_OF_CODE;2026-10-05 09:11:54;3;;;;
306329;2;LINES_OF_CODE;2026-10-05 09:22:24;5;;;;
306453;2;LINES_OF_CODE;2026-10-05 10:13:22;7;;;;
306337;2;LINES_OF_CODE;2026-10-05 10:24:02;13;;;;
306599;2;LINES_OF_CODE;2026-10-05 10:34:23;-1;;;;
306614;2;LINES_OF_CODE;2026-10-05 10:46:27;12;;;;
306871;2;LINES_OF_CODE;2026-10-05 11:24:01;6;;;;
306352;2;LINES_OF_CODE;2026-10-05 11:59:31;0;;;;
306454;2;LINES_OF_CODE;2026-10-05 12:01:57;7;;;;
306656;2;LINES_OF_CODE;2026-10-05 12:02:04;5;;;;
306472;2;LINES_OF_CODE;2026-10-05 12:12:50;4;;;;
306832;2;LINES_OF_CODE;2026-10-05 12:27:45;10;;;;
306792;2;LINES_OF_CODE;2026-10-05 12:33:43;7;;;;
306466;2;LINES_OF_CODE;2026-10-05 12:55:04;4;;;;
306651;2;LINES_OF_CODE;2026-10-05 12:57:55;5;;;;
306579;2;LINES_OF_CODE;2026-10-05 13:04:21;5;;;;
306498;2;LINES_OF_CODE;2026-10-05 13:06:17;6;;;;
306434;2;LINES_OF_CODE;2026-10-05 13:09:49;12;;;;
306519;2;LINES_OF_CODE;2026-10-05 13:20:49;5;;;;
306594;2;LINES_OF_CODE;2026-10-05 13:32:03;2;;;;
306891;2;LINES_OF_CODE;2026-10-05 13:45:36;3;;;;
306865;2;LINES_OF_CODE;2026-10-05 13:57:43;5;;;;
306879;2;LINES_OF_CODE;2026-10-05 14:14:08;10;;;;
306744;2;LINES_OF_CODE;2026-10-05 14:19:51;1;;;;
306626;2;LINES_OF_CODE;2026-10-05 14:52:23;8;;;;
306405;2;LINES_OF_CODE;2026-10-05 15:08:19;-1;;;;
306470;2;LINES_OF_CODE;2026-10-05 15:09:01;0;;;;
306648;2;LINES_OF_CODE;2026-10-05 15:09:51;0;;;;
306828;2;LINES_OF_CODE;2026-10-05 15:13:44;5;;;;
306927;2;LINES_OF_CODE;2026-10-05 15:17:52;-1;;;;
306805;2;LINES_OF_CODE;2026-10-05 15:24:32;15;;;;
306555;2;LINES_OF_CODE;2026-10-05 15:29:37;6;;;;
306834;2;LINES_OF_CODE;2026-10-05 15:34:04;4;;;;
306603;2;LINES_OF_CODE;2026-10-05 15:35:50;7;;;;
306858;2;LINES_OF_CODE;2026-10-05 15:42:24;0;;;;
306661;2;LINES_OF_CODE;2026-10-05 15:48:25;7;;;;
306791;2;LINES_OF_CODE;2026-10-05 16:50:18;3;;;;
306605;2;LINES_OF_CODE;2026-10-05 16:56:49;9;;;;
306280;2;LINES_OF_CODE;2026-10-05 17:00:50;3;;;;
306534;2;LINES_OF_CODE;2026-10-05 17:42:11;0;;;;
306342;2;LINES_OF_CODE;2026-10-05 17:49:26;14;;;;
306312;2;LINES_OF_CODE;2026-10-06 08:30:13;0;;;;
306449;2;LINES_OF_CODE;2026-10-06 08:43:24;6;;;;
306838;2;LINES_OF_CODE;2026-10-06 09:04:36;14;;;;
306664;2;LINES_OF_CODE;2026-10-06 09:16:55;6;;;;
306641;2;LINES_OF_CODE;2026-10-06 09:33:28;6;;;;
306439;2;LINES_OF_CODE;2026-10-06 09:34:59;5;;;;
306665;2;LINES_OF_CODE;2026-10-06 10:20:48;5;;;;
306759;2;LINES_OF_CODE;2026-10-06 11:00:06;11;;;;
306866;2;LINES_OF_CODE;2026-10-06 11:01:42;8;;;;
306421;2;LINES_OF_CODE;2026-10-06 11:17:13;4;;;;
306789;2;LINES_OF_CODE;2026-10-06 11:30:36;2;;;;
306780;2;LINES_OF_CODE;2026-10-06 11:34:43;0;;;;
306377;2;LINES_OF_CODE;2026-10-06 11:55:02;-2;;;;
306779;2;LINES_OF_CODE;2026-10-06 12:06:44;9;;;;
306745;2;LINES_OF_CODE;2026-10-06 12:15:33;13;;;;
306807;2;LINES_OF_CODE;2026-10-06 12:24:10;7;;;;
306404;2;LINES_OF_CODE;2026-10-06 13:00:40;4;;;;
306283;2;LINES_OF_CODE;2026-10-06 13:40:28;10;;;;
306353;2;LINES_OF_CODE;2026-10-06 14:35:04;8;;;;
306628;2;LINES_OF_CODE;2026-10-06 14:37:05;8;;;;
306699;2;LINES_OF_CODE;2026-10-06 14:52:57;7;;;;
306587;2;LINES_OF_CODE;2026-10-06 15:06:56;6;;;;
306535;2;LINES_OF_CODE;2026-10-06 15:29:42;7;;;;
306505;2;LINES_OF_CODE;2026-10-06 16:10:25;1;;;;
306415;2;LINES_OF_CODE;2026-10-06 16:25:15;8;;;;
306273;2;LINES_OF_CODE;2026-10-06 17:13:25;8;;;;
306800;2;LINES_OF_CODE;2026-10-06 17:31:57;-4;;;;
306543;2;LINES_OF_CODE;2026-10-06 17:47:03;2;;;;
306677;2;LINES_OF_CODE;2026-10-06 17:53:36;9;;;;
306325;2;LINES_OF_CODE;2026-10-07 08:19:36;2;;;;
306881;2;LINES_OF_CODE;2026-10-07 08:48:23;6;;;;
306675;2;LINES_OF_CODE;2026-10-07 09:12:59;11;;;;
306266;2;LINES_OF_CODE;2026-10-07 09:30:42;2;;;;
306658;2;LINES_OF_CODE;2026-10-07 09:43:19;1;;;;
306548;2;LINES_OF_CODE;2026-10-07 10:15:12;7;;;;
306754;2;LINES_OF_CODE;2026-10-07 10:35:11;8;;;;
306680;2;LINES_OF_CODE;2026-10-07 11:08:54;9;;;;
306302;2;LINES_OF_CODE;2026-10-07 11:33:37;12;;;;
306259;2;LINES_OF_CODE;2026-10-07 11:37:41;6;;;;
306514;2;LINES_OF_CODE;2026-10-07 11:49:48;4;;;;
306565;2;LINES_OF_CODE;2026-10-07 13:25:06;11;;;;
306282;2;LINES_OF_CODE;2026-10-07 13:27:42;2;;;;
306495;2;LINES_OF_CODE;2026-10-07 13:29:53;3;;;;
306659;2;LINES_OF_CODE;2026-10-07 13:51:55;2;;;;
306592;2;LINES_OF_CODE;2026-10-07 14:07:15;3;;;;
306504;2;LINES_OF_CODE;2026-10-07 14:19:56;3;;;;
306257;2;LINES_OF_CODE;2026-10-07 14:24:15;1;;;;
306458;2;LINES_OF_CODE;2026-10-07 15:02:49;0;;;;
306848;2;LINES_OF_CODE;2026-10-07 15:25:38;6;;;;
306464;2;LINES_OF_CODE;2026-10-07 15:36:52;-8;;;;
306561;2;LINES_OF_CODE;2026-10-07 16:55:27;15;;;;
306359;2;LINES_OF_CODE;2026-10-07 16:59:53;15;;;;
306867;2;LINES_OF_CODE;2026-10-07 17:24:46;8;;;;
306793;2;LINES_OF_CODE;2026-10-07 17:42:31;11;;;;
306354;2;LINES_OF_CODE;2026-10-08 08:12:52;5;;;;
306750;2;LINES_OF_CODE;2026-10-08 08:25:20;6;;;;
306479;2;LINES_OF_CODE;2026-10-08 08:37:01;11;;;;
306564;2;LINES_OF_CODE;2026-10-08 08:55:11;3;;;;
306508;2;LINES_OF_CODE;2026-10-08 09:08:53;14;;;;
306303;2;LINES_OF_CODE;2026-10-08 09:22:23;14;;;;
306530;2;LINES_OF_CODE;2026-10-08 09:22:39;2;;;;
306440;2;LINES_OF_CODE;2026-10-08 09:25:39;9;;;;
306309;2;LINES_OF_CODE;2026-10-08 09:33:33;-7;;;;
306747;2;LINES_OF_CODE;2026-10-08 10:13:59;5;;;;
306735;2;LINES_OF_CODE;2026-10-08 10:50:51;8;;;;
306818;2;LINES_OF_CODE;2026-10-08 11:21:44;-2;;;;
306399;2;LINES_OF_CODE;2026-10-08 12:27:53;2;;;;
306935;2;LINES_OF_CODE;2026-10-08 12:31:58;5;;;;
306457;2;LINES_OF_CODE;2026-10-08 12:55:54;0;;;;
306686;2;LINES_OF_CODE;2026-10-08 13:04:44;7;;;;
306552;2;LINES_OF_CODE;2026-10-08 14:21:44;2;;;;
306596;2;LINES_OF_CODE;2026-10-08 14:29:31;5;;;;
306488;2;LINES_OF_CODE;2026-10-08 14:45:22;1;;;;
306408;2;LINES_OF_CODE;2026-10-08 14:48:35;10;;;;
306350;2;LINES_OF_CODE;2026-10-08 14:49:04;0;;;;
306356;2;LINES_OF_CODE;2026-10-08 15:02:24;6;;;;
306348;2;LINES_OF_CODE;2026-10-08 16:41:24;4;;;;
306389;2;LINES_OF_CODE;2026-10-08 16:54:21;4;;;;
306902;2;LINES_OF_CODE;2026-10-08 16:58:12;0;;;;
306269;2;LINES_OF_CODE;2026-10-08 17:40:10;3;;;;
306551;2;LINES_OF_CODE;2026-10-09 08:36:35;6;;;;
306670;2;LINES_OF_CODE;2026-10-09 08:39:53;3;;;;
306526;2;LINES_OF_CODE;2026-10-09 08:41:10;-1;;;;
306496;2;LINES_OF_CODE;2026-10-09 08:45:38;3;;;;
306430;2;LINES_OF_CODE;2026-10-09 09:05:38;7;;;;
306801;2;LINES_OF_CODE;2026-10-09 09:45:52;2;;;;
306723;2;LINES_OF_CODE;2026-10-09 10:38:08;8;;;;
306981;2;LINES_OF_CODE;2026-10-09 10:39:12;0;;;;
306392;2;LINES_OF_CODE;2026-10-09 10:54:48;6;;;;
306310;2;LINES_OF_CODE;2026-10-09 10:58:37;4;;;;
306784;2;LINES_OF_CODE;2026-10-09 11:05:35;11;;;;
306979;2;LINES_OF_CODE;2026-10-09 11:35:28;2;;;;
306401;2;LINES_OF_CODE;2026-10-09 11:36:34;2;;;;
306939;2;LINES_OF_CODE;2026-10-09 11:44:44;5;;;;
306304;2;LINES_OF_CODE;2026-10-09 12:17:09;10;;;;
306977;2;LINES_OF_CODE;2026-10-09 12:26:44;10;;;;
306911;2;LINES_OF_CODE;2026-10-09 13:15:19;8;;;;
306875;2;LINES_OF_CODE;2026-10-09 13:28:49;1;;;;
306365;2;LINES_OF_CODE;2026-10-09 14:03:19;10;;;;
306666;2;LINES_OF_CODE;2026-10-09 14:13:58;12;;;;
306829;2;LINES_OF_CODE;2026-10-09 15:08:06;9;;;;
306344;2;LINES_OF_CODE;2026-10-09 15:26:16;7;;;;
306972;2;LINES_OF_CODE;2026-10-09 16:08:26;6;;;;
306894;2;LINES_OF_CODE;2026-10-09 16:14:30;3;;;;
306483;2;LINES_OF_CODE;2026-10-09 16:21:55;4;;;;
306272;2;LINES_OF_CODE;2026-10-09 16:25:25;7;;;;
306369;2;LINES_OF_CODE;2026-10-09 16:52:31;5;;;;
306277;2;LINES_OF_CODE;2026-10-09 17:14:32;2;;;;
306967;2;LINES_OF_CODE;2026-10-09 17:22:34;11;;;;
306607;2;LINES_OF_CODE;2026-10-09 17:28:07;6;;;;
306743;2;LINES_OF_CODE;2026-10-09 17:40:48;4;;;;
306890;2;LINES_OF_CODE;2026-10-09 17:45:24;-1;;;;
306980;2;LINES_OF_CODE;2026-10-12 08:16:35;2;;;;
306609;2;LINES_OF_CODE;2026-10-12 08:53:25;12;;;;
306932;2;LINES_OF_CODE;2026-10-12 09:05:17;8;;;;
306753;2;LINES_OF_CODE;2026-10-12 09:19:47;10;;;;
306934;2;LINES_OF_CODE;2026-10-12 09:26:38;13;;;;
306694;2;LINES_OF_CODE;2026-10-12 09:49:38;1;;;;
306588;2;LINES_OF_CODE;2026-10-12 10:06:58;4;;;;
306613;2;LINES_OF_CODE;2026-10-12 10:19:38;-1;;;;
306388;2;LINES_OF_CODE;2026-10-12 10:27:07;8;;;;
306819;2;LINES_OF_CODE;2026-10-12 10:27:19;9;;;;
306776;2;LINES_OF_CODE;2026-10-12 10:32:46;-3;;;;
306774;2;LINES_OF_CODE;2026-10-12 11:06:33;11;;;;
306274;2;LINES_OF_CODE;2026-10-12 11:15:37;0;;;;
306703;2;LINES_OF_CODE;2026-10-12 11:24:55;8;;;;
306913;2;LINES_OF_CODE;2026-10-12 11:30:36;6;;;;
306497;2;LINES_OF_CODE;2026-10-12 11:34:09;1;;;;
306448;2;LINES_OF_CODE;2026-10-12 11:35:38;0;;;;
306557;2;LINES_OF_CODE;2026-10-12 11:47:42;11;;;;
306261;2;LINES_OF_CODE;2026-10-12 11:52:34;3;;;;
306450;2;LINES_OF_CODE;2026-10-12 12:29:24;3;;;;
306714;2;LINES_OF_CODE;2026-10-12 12:57:13;7;;;;
306328;2;LINES_OF_CODE;2026-10-12 13:50:56;3;;;;
306930;2;LINES_OF_CODE;2026-10-12 14:04:48;3;;;;
306478;2;LINES_OF_CODE;2026-10-12 14:29:52;0;;;;
306736;2;LINES_OF_CODE;2026-10-12 15:02:15;9;;;;
306718;2;LINES_OF_CODE;2026-10-12 15:06:15;5;;;;
306293;2;LINES_OF_CODE;2026-10-12 15:19:35;7;;;;
306602;2;LINES_OF_CODE;2026-10-12 15:26:05;7;;;;
306645;2;LINES_OF_CODE;2026-10-12 15:55:43;15;;;;
306920;2;LINES_OF_CODE;2026-10-12 16:05:04;5;;;;
306841;2;LINES_OF_CODE;2026-10-12 16:15:36;9;;;;
306976;2;LINES_OF_CODE;2026-10-12 16:17:38;-1;;;;
306511;2;LINES_OF_CODE;2026-10-12 16:20:51;9;;;;
306769;2;LINES_OF_CODE;2026-10-12 16:43:12;4;;;;
306332;2;LINES_OF_CODE;2026-10-12 16:52:35;1;;;;
306493;2;LINES_OF_CODE;2026-10-13 08:01:29;1;;;;
306403;2;LINES_OF_CODE;2026-10-13 08:08:57;-1;;;;
306546;2;LINES_OF_CODE;2026-10-13 08:49:07;5;;;;
306419;2;LINES_OF_CODE;2026-10-13 08:53:09;3;;;;
306722;2;LINES_OF_CODE;2026-10-13 09:43:48;6;;;;
306729;2;LINES_OF_CODE;2026-10-13 09:51:09;3;;;;
306676;2;LINES_OF_CODE;2026-10-13 09:52:06;14;;;;
306327;2;LINES_OF_CODE;2026-10-13 09:59:05;6;;;;
306462;2;LINES_OF_CODE;2026-10-13 10:21:36;13;;;;
306772;2;LINES_OF_CODE;2026-10-13 10:33:26;5;;;;
306322;2;LINES_OF_CODE;2026-10-13 10:34:56;4;;;;
306701;2;LINES_OF_CODE;2026-10-13 11:21:16;11;;;;
306471;2;LINES_OF_CODE;2026-10-13 11:32:21;11;;;;
306733;2;LINES_OF_CODE;2026-10-13 11:55:43;6;;;;
306861;2;LINES_OF_CODE;2026-10-13 12:18:21;8;;;;
306416;2;LINES_OF_CODE;2026-10-13 12:46:01;5;;;;
306755;2;LINES_OF_CODE;2026-10-13 12:54:38;0;;;;
306370;2;LINES_OF_CODE;2026-10-13 12:55:21;0;;;;
306412;2;LINES_OF_CODE;2026-10-13 13:45:23;4;;;;
306726;2;LINES_OF_CODE;2026-10-13 13:53:04;2;;;;
306547;2;LINES_OF_CODE;2026-10-13 13:53:23;8;;;;
306442;2;LINES_OF_CODE;2026-10-13 14:52:56;6;;;;
306809;2;LINES_OF_CODE;2026-10-13 14:56:23;8;;;;
306724;2;LINES_OF_CODE;2026-10-13 15:00:23;7;;;;
306846;2;LINES_OF_CODE;2026-10-13 15:18:20;1;;;;
306616;2;LINES_OF_CODE;2026-10-13 15:20:09;8;;;;
306873;2;LINES_OF_CODE;2026-10-13 15:47:43;-3;;;;
306507;2;LINES_OF_CODE;2026-10-13 15:51:00;3;;;;
306968;2;LINES_OF_CODE;2026-10-13 16:38:23;6;;;;
306646;2;LINES_OF_CODE;2026-10-13 16:42:27;5;;;;
306624;2;LINES_OF_CODE;2026-10-13 17:21:46;4;;;;
306716;2;LINES_OF_CODE;2026-10-13 17:51:56;8;;;;
306385;2;LINES_OF_CODE;2026-10-13 17:54:16;6;;;;
306797;2;LINES_OF_CODE;2026-10-14 08:06:33;1;;;;
306569;2;LINES_OF_CODE;2026-10-14 08:13:07;6;;;;
306689;2;LINES_OF_CODE;2026-10-14 08:36:27;3;;;;
306299;2;LINES_OF_CODE;2026-10-14 08:56:01;5;;;;
306593;2;LINES_OF_CODE;2026-10-14 09:03:57;10;;;;
306433;2;LINES_OF_CODE;2026-10-14 09:22:31;2;;;;
306468;2;LINES_OF_CODE;2026-10-14 09:43:05;1;;;;
306668;2;LINES_OF_CODE;2026-10-14 09:45:17;8;;;;
306810;2;LINES_OF_CODE;2026-10-14 09:56:57;3;;;;
306509;2;LINES_OF_CODE;2026-10-14 10:04:03;8;;;;
306529;2;LINES_OF_CODE;2026-10-14 10:15:19;3;;;;
306712;2;LINES_OF_CODE;2026-10-14 11:04:13;8;;;;
306709;2;LINES_OF_CODE;2026-10-14 11:23:37;7;;;;
306679;2;LINES_OF_CODE;2026-10-14 11:40:43;5;;;;
306363;2;LINES_OF_CODE;2026-10-14 12:00:35;14;;;;
306549;2;LINES_OF_CODE;2026-10-14 12:06:59;6;;;;
306704;2;LINES_OF_CODE;2026-10-14 12:24:29;0;;;;
306883;2;LINES_OF_CODE;2026-10-14 13:02:07;6;;;;
306903;2;LINES_OF_CODE;2026-10-14 13:05:55;6;;;;
306289;2;LINES_OF_CODE;2026-10-14 13:57:40;8;;;;
306893;2;LINES_OF_CODE;2026-10-14 14:06:49;-1;;;;
306515;2;LINES_OF_CODE;2026-10-14 14:22:30;1;;;;
306954;2;LINES_OF_CODE;2026-10-14 14:26:54;9;;;;
306870;2;LINES_OF_CODE;2026-10-14 14:40:50;3;;;;
306560;2;LINES_OF_CODE;2026-10-14 14:56:11;-5;;;;
306429;2;LINES_OF_CODE;2026-10-14 15:09:50;0;;;;
306591;2;LINES_OF_CODE;2026-10-14 15:15:04;6;;;;
306775;2;LINES_OF_CODE;2026-10-14 15:45:00;10;;;;
306285;2;LINES_OF_CODE;2026-10-14 16:12:40;11;;;;
306360;2;LINES_OF_CODE;2026-10-14 16:15:42;11;;;;
306438;2;LINES_OF_CODE;2026-10-14 16:20:50;6;;;;
306604;2;LINES_OF_CODE;2026-10-14 17:09:03;5;;;;
306521;2;LINES_OF_CODE;2026-10-14 17:19:43;-1;;;;
306727;2;LINES_OF_CODE;2026-10-14 17:43:14;4;;;;
306962;2;LINES_OF_CODE;2026-10-14 17:47:23;7;;;;
306857;2;LINES_OF_CODE;2026-10-14 17:47:56;3;;;;
306612;2;LINES_OF_CODE;2026-10-14 17:56:23;12;;;;
306752;2;LINES_OF_CODE;2026-10-15 08:07:25;8;;;;
306869;2;LINES_OF_CODE;2026-10-15 08:11:37;8;;;;
306843;2;LINES_OF_CODE;2026-10-15 08:15:18;2;;;;
306559;2;LINES_OF_CODE;2026-10-15 08:55:07;9;;;;
306912;2;LINES_OF_CODE;2026-10-15 09:05:23;2;;;;
306849;2;LINES_OF_CODE;2026-10-15 09:12:50;3;;;;
306960;2;LINES_OF_CODE;2026-10-15 09:14:50;14;;;;
306910;2;LINES_OF_CODE;2026-10-15 09:28:12;7;;;;
306394;2;LINES_OF_CODE;2026-10-15 09:39:56;-2;;;;
306720;2;LINES_OF_CODE;2026-10-15 09:52:40;0;;;;
306767;2;LINES_OF_CODE;2026-10-15 09:54:46;3;;;;
306697;2;LINES_OF_CODE;2026-10-15 10:06:24;8;;;;
306523;2;LINES_OF_CODE;2026-10-15 10:11:09;10;;;;
306914;2;LINES_OF_CODE;2026-10-15 10:55:50;5;;;;
306936;2;LINES_OF_CODE;2026-10-15 11:01:40;6;;;;
306878;2;LINES_OF_CODE;2026-10-15 11:05:40;1;;;;
306705;2;LINES_OF_CODE;2026-10-15 11:41:56;7;;;;
306291;2;LINES_OF_CODE;2026-10-15 12:04:48;-1;;;;
306619;2;LINES_OF_CODE;2026-10-15 12:30:49;6;;;;
306882;2;LINES_OF_CODE;2026-10-15 12:36:20;5;;;;
306582;2;LINES_OF_CODE;2026-10-15 13:00:00;5;;;;
306539;2;LINES_OF_CODE;2026-10-15 13:01:30;8;;;;
306432;2;LINES_OF_CODE;2026-10-15 13:15:59;3;;;;
306766;2;LINES_OF_CODE;2026-10-15 13:21:07;5;;;;
306737;2;LINES_OF_CODE;2026-10-15 13:23:19;8;;;;
306286;2;LINES_OF_CODE;2026-10-15 13:47:06;7;;;;
306874;2;LINES_OF_CODE;2026-10-15 13:52:06;16;;;;
306374;2;LINES_OF_CODE;2026-10-15 14:02:54;4;;;;
306615;2;LINES_OF_CODE;2026-10-15 14:06:40;1;;;;
306928;2;LINES_OF_CODE;2026-10-15 14:12:25;9;;;;
306544;2;LINES_OF_CODE;2026-10-15 14:44:23;5;;;;
306410;2;LINES_OF_CODE;2026-10-15 14:54:46;3;;;;
306654;2;LINES_OF_CODE;2026-10-15 15:05:06;0;;;;
306649;2;LINES_OF_CODE;2026-10-15 15:22:00;4;;;;
306381;2;LINES_OF_CODE;2026-10-15 15:38:19;12;;;;
306837;2;LINES_OF_CODE;2026-10-15 15:38:30;6;;;;
306811;2;LINES_OF_CODE;2026-10-15 15:42:37;13;;;;
306971;2;LINES_OF_CODE;2026-10-15 16:10:36;8;;;;
306341;2;LINES_OF_CODE;2026-10-15 16:15:28;5;;;;
306361;2;LINES_OF_CODE;2026-10-15 16:24:57;8;;;;
306915;2;LINES_OF_CODE;2026-10-15 16:37:16;2;;;;
306326;2;LINES_OF_CODE;2026-10-15 16:39:32;5;;;;
306730;2;LINES_OF_CODE;2026-10-15 17:08:58;6;;;;
306571;2;LINES_OF_CODE;2026-10-15 17:14:31;5;;;;
306788;2;LINES_OF_CODE;2026-10-15 17:28:40;3;;;;
306941;2;LINES_OF_CODE;2026-10-15 17:36:46;6;;;;
306764;2;LINES_OF_CODE;2026-10-15 17:55:14;4;;;;
306413;2;LINES_OF_CODE;2026-10-16 08:22:48;4;;;;
306253;2;LINES_OF_CODE;2026-10-16 08:28:09;10;;;;
306358;2;LINES_OF_CODE;2026-10-16 08:29:51;0;;;;
306537;2;LINES_OF_CODE;2026-10-16 08:30:55;6;;;;
306642;2;LINES_OF_CODE;2026-10-16 09:02:08;3;;;;
306502;2;LINES_OF_CODE;2026-10-16 09:06:53;8;;;;
306541;2;LINES_OF_CODE;2026-10-16 09:08:05;-1;;;;
306444;2;LINES_OF_CODE;2026-10-16 09:11:10;1;;;;
306402;2;LINES_OF_CODE;2026-10-16 09:13:22;2;;;;
306600;2;LINES_OF_CODE;2026-10-16 09:22:31;7;;;;
306983;2;LINES_OF_CODE;2026-10-16 09:35:52;5;;;;
306660;2;LINES_OF_CODE;2026-10-16 09:41:16;15;;;;
306446;2;LINES_OF_CODE;2026-10-16 09:53:16;8;;;;
306798;2;LINES_OF_CODE;2026-10-16 10:06:11;8;;;;
306872;2;LINES_OF_CODE;2026-10-16 10:09:18;0;;;;
306657;2;LINES_OF_CODE;2026-10-16 11:22:03;0;;;;
306673;2;LINES_OF_CODE;2026-10-16 11:24:43;5;;;;
306441;2;LINES_OF_CODE;2026-10-16 11:29:58;6;;;;
306456;2;LINES_OF_CODE;2026-10-16 11:34:25;10;;;;
306957;2;LINES_OF_CODE;2026-10-16 11:39:41;13;;;;
306525;2;LINES_OF_CODE;2026-10-16 11:56:02;6;;;;
306741;2;LINES_OF_CODE;2026-10-16 12:26:42;6;;;;
306711;2;LINES_OF_CODE;2026-10-16 12:43:03;5;;;;
306638;2;LINES_OF_CODE;2026-10-16 12:44:21;5;;;;
306563;2;LINES_OF_CODE;2026-10-16 13:01:41;6;;;;
306804;2;LINES_OF_CODE;2026-10-16 13:14:02;6;;;;
306842;2;LINES_OF_CODE;2026-10-16 14:03:55;0;;;;
306574;2;LINES_OF_CODE;2026-10-16 14:07:46;7;;;;
306700;2;LINES_OF_CODE;2026-10-16 14:13:11;12;;;;
306368;2;LINES_OF_CODE;2026-10-16 14:16:41;2;;;;
306295;2;LINES_OF_CODE;2026-10-16 14:19:05;4;;;;
306376;2;LINES_OF_CODE;2026-10-16 14:39:58;4;;;;
306945;2;LINES_OF_CODE;2026-10-16 14:46:09;3;;;;
306840;2;LINES_OF_CODE;2026-10-16 15:05:16;4;;;;
306330;2;LINES_OF_CODE;2026-10-16 15:47:52;6;;;;
306688;2;LINES_OF_CODE;2026-10-16 16:01:33;-1;;;;
306297;2;LINES_OF_CODE;2026-10-16 16:07:45;0;;;;
306575;2;LINES_OF_CODE;2026-10-16 16:10:47;5;;;;
306922;2;LINES_OF_CODE;2026-10-16 16:45:06;4;;;;
306573;2;LINES_OF_CODE;2026-10-16 17:50:16;0;;;;
306406;2;LINES_OF_CODE;2026-10-19 08:09:01;9;;;;
306909;2;LINES_OF_CODE;2026-10-19 08:27:24;10;;;;
306351;2;LINES_OF_CODE;2026-10-19 08:35:10;5;;;;
306813;2;LINES_OF_CODE;2026-10-19 09:41:42;7;;;;
306892;2;LINES_OF_CODE;2026-10-19 09:45:57;3;;;;
306477;2;LINES_OF_CODE;2026-10-19 09:53:09;13;;;;
306655;2;LINES_OF_CODE;2026-10-19 10:12:10;7;;;;
306768;2;LINES_OF_CODE;2026-10-19 10:14:37;6;;;;
306637;2;LINES_OF_CODE;2026-10-19 10:22:40;-5;;;;
306267;2;LINES_OF_CODE;2026-10-19 10:23:42;0;;;;
306578;2;LINES_OF_CODE;2026-10-19 10:27:27;8;;;;
306566;2;LINES_OF_CODE;2026-10-19 10:33:09;5;;;;
306284;2;LINES_OF_CODE;2026-10-19 10:44:09;3;;;;
306905;2;LINES_OF_CODE;2026-10-19 11:05:37;1;;;;
306790;2;LINES_OF_CODE;2026-10-19 12:02:03;5;;;;
306339;2;LINES_OF_CODE;2026-10-19 12:26:47;1;;;;
306956;2;LINES_OF_CODE;2026-10-19 12:39:55;6;;;;
306639;2;LINES_OF_CODE;2026-10-19 12:44:02;5;;;;
306334;2;LINES_OF_CODE;2026-10-19 12:52:42;2;;;;
306597;2;LINES_OF_CODE;2026-10-19 13:53:10;0;;;;
306781;2;LINES_OF_CODE;2026-10-19 14:35:57;13;;;;
306608;2;LINES_OF_CODE;2026-10-19 14:49:18;1;;;;
306944;2;LINES_OF_CODE;2026-10-19 14:58:53;3;;;;
306876;2;LINES_OF_CODE;2026-10-19 15:06:42;10;;;;
306455;2;LINES_OF_CODE;2026-10-19 15:15:18;2;;;;
306884;2;LINES_OF_CODE;2026-10-19 15:39:41;9;;;;
306317;2;LINES_OF_CODE;2026-10-19 16:00:37;18;;;;
306672;2;LINES_OF_CODE;2026-10-19 16:19:03;9;;;;
306973;2;LINES_OF_CODE;2026-10-19 16:55:25;1;;;;
306501;2;LINES_OF_CODE;2026-10-19 16:57:39;2;;;;
306859;2;LINES_OF_CODE;2026-10-19 17:25:41;3;;;;
306426;2;LINES_OF_CODE;2026-10-20 08:51:20;5;;;;
306931;2;LINES_OF_CODE;2026-10-20 08:54:53;-1;;;;
306601;2;LINES_OF_CODE;2026-10-20 08:59:22;1;;;;
306958;2;LINES_OF_CODE;2026-10-20 09:17:08;0;;;;
306510;2;LINES_OF_CODE;2026-10-20 09:31:01;6;;;;
306395;2;LINES_OF_CODE;2026-10-20 10:16:15;-1;;;;
306568;2;LINES_OF_CODE;2026-10-20 10:28:45;-1;;;;
306854;2;LINES_OF_CODE;2026-10-20 10:40:54;7;;;;
306270;2;LINES_OF_CODE;2026-10-20 10:50:03;1;;;;
306397;2;LINES_OF_CODE;2026-10-20 11:06:19;14;;;;
306451;2;LINES_OF_CODE;2026-10-20 11:54:32;2;;;;
306820;2;LINES_OF_CODE;2026-10-20 12:05:12;2;;;;
306268;2;LINES_OF_CODE;2026-10-20 12:42:48;0;;;;
306319;2;LINES_OF_CODE;2026-10-20 12:51:31;6;;;;
306308;2;LINES_OF_CODE;2026-10-20 13:05:43;-3;;;;
306349;2;LINES_OF_CODE;2026-10-20 13:26:26;2;;;;
306796;2;LINES_OF_CODE;2026-10-20 13:41:04;1;;;;
306822;2;LINES_OF_CODE;2026-10-20 13:48:57;3;;;;
306265;2;LINES_OF_CODE;2026-10-20 13:51:52;5;;;;
306255;2;LINES_OF_CODE;2026-10-20 13:52:22;7;;;;
306384;2;LINES_OF_CODE;2026-10-20 14:12:54;12;;;;
306294;2;LINES_OF_CODE;2026-10-20 14:29:42;7;;;;
306407;2;LINES_OF_CODE;2026-10-20 14:52:05;0;;;;
306554;2;LINES_OF_CODE;2026-10-20 14:56:47;10;;;;
306749;2;LINES_OF_CODE;2026-10-20 15:01:21;4;;;;
306740;2;LINES_OF_CODE;2026-10-20 15:12:00;0;;;;
306761;2;LINES_OF_CODE;2026-10-20 15:55:57;10;;;;
306713;2;LINES_OF_CODE;2026-10-20 16:03:56;13;;;;
306970;2;LINES_OF_CODE;2026-10-20 16:25:23;3;;;;
306783;2;LINES_OF_CODE;2026-10-20 16:39:16;5;;;;
306918;2;LINES_OF_CODE;2026-10-20 16:43:19;6;;;;
306802;2;LINES_OF_CODE;2026-10-20 17:04:17;10;;;;
306281;2;LINES_OF_CODE;2026-10-20 17:15:15;2;;;;
306953;2;LINES_OF_CODE;2026-10-20 17:18:45;6;;;;
306485;2;LINES_OF_CODE;2026-10-21 08:02:56;3;;;;
306372;2;LINES_OF_CODE;2026-10-21 08:25:50;6;;;;
306550;2;LINES_OF_CODE;2026-10-21 09:07:24;10;;;;
306524;2;LINES_OF_CODE;2026-10-21 09:43:21;13;;;;
306321;2;LINES_OF_CODE;2026-10-21 10:21:00;13;;;;
306946;2;LINES_OF_CODE;2026-10-21 10:23:41;4;;;;
306706;2;LINES_OF_CODE;2026-10-21 10:59:09;-1;;;;
306748;2;LINES_OF_CODE;2026-10-21 11:02:30;5;;;;
306447;2;LINES_OF_CODE;2026-10-21 11:28:06;0;;;;
306824;2;LINES_OF_CODE;2026-10-21 12:24:25;6;;;;
306625;2;LINES_OF_CODE;2026-10-21 12:34:15;6;;;;
306595;2;LINES_OF_CODE;2026-10-21 13:12:32;18;;;;
306975;2;LINES_OF_CODE;2026-10-21 13:17:41;2;;;;
306831;2;LINES_OF_CODE;2026-10-21 13:54:03;2;;;;
306380;2;LINES_OF_CODE;2026-10-21 14:32:10;7;;;;
306814;2;LINES_OF_CODE;2026-10-21 14:51:07;1;;;;
306635;2;LINES_OF_CODE;2026-10-21 15:12:45;2;;;;
306475;2;LINES_OF_CODE;2026-10-21 15:29:45;0;;;;
306443;2;LINES_OF_CODE;2026-10-21 15:49:50;7;;;;
306520;2;LINES_OF_CODE;2026-10-21 17:06:40;3;;;;
306765;2;LINES_OF_CODE;2026-10-21 17:10:26;9;;;;
306583;2;LINES_OF_CODE;2026-10-21 17:22:12;-2;;;;
306707;2;LINES_OF_CODE;2026-10-21 17:25:41;3;;;;
306719;2;LINES_OF_CODE;2026-10-21 17:25:57;1;;;;
306387;2;LINES_OF_CODE;2026-10-21 17:40:39;-4;;;;
306756;2;LINES_OF_CODE;2026-10-21 17:56:15;2;;;;
306311;2;LINES_OF_CODE;2026-10-22 08:15:53;4;;;;
306306;2;LINES_OF_CODE;2026-10-22 08:56:35;8;;;;
306695;2;LINES_OF_CODE;2026-10-22 08:59:52;1;;;;
306347;2;LINES_OF_CODE;2026-10-22 09:01:15;8;;;;
306409;2;LINES_OF_CODE;2026-10-22 09:21:31;0;;;;
306835;2;LINES_OF_CODE;2026-10-22 09:33:34;5;;;;
306437;2;LINES_OF_CODE;2026-10-22 09:53:53;8;;;;
306691;2;LINES_OF_CODE;2026-10-22 10:09:10;3;;;;
306260;2;LINES_OF_CODE;2026-10-22 10:10:42;6;;;;
306357;2;LINES_OF_CODE;2026-10-22 10:29:37;8;;;;
306367;2;LINES_OF_CODE;2026-10-22 10:43:24;10;;;;
306627;2;LINES_OF_CODE;2026-10-22 10:48:17;4;;;;
306787;2;LINES_OF_CODE;2026-10-22 10:54:13;7;;;;
306617;2;LINES_OF_CODE;2026-10-22 11:09:51;14;;;;
306738;2;LINES_OF_CODE;2026-10-22 11:41:37;0;;;;
306632;2;LINES_OF_CODE;2026-10-22 11:48:07;9;;;;
306540;2;LINES_OF_CODE;2026-10-22 11:48:38;0;;;;
306863;2;LINES_OF_CODE;2026-10-22 11:53:48;3;;;;
306839;2;LINES_OF_CODE;2026-10-22 11:55:56;7;;;;
306536;2;LINES_OF_CODE;2026-10-22 11:58:44;7;;;;
306313;2;LINES_OF_CODE;2026-10-22 12:06:25;6;;;;
306577;2;LINES_OF_CODE;2026-10-22 12:08:33;12;;;;
306307;2;LINES_OF_CODE;2026-10-22 12:23:32;8;;;;
306734;2;LINES_OF_CODE;2026-10-22 12:29:47;-5;;;;
306925;2;LINES_OF_CODE;2026-10-22 12:30:06;13;;;;
306512;2;LINES_OF_CODE;2026-10-22 12:31:51;0;;;;
306708;2;LINES_OF_CODE;2026-10-22 13:03:26;5;;;;
306696;2;LINES_OF_CODE;2026-10-22 13:06:42;8;;;;
306851;2;LINES_OF_CODE;2026-10-22 13:26:06;8;;;;
306264;2;LINES_OF_CODE;2026-10-22 13:34:55;8;;;;
306584;2;LINES_OF_CODE;2026-10-22 13:44:13;8;;;;
306961;2;LINES_OF_CODE;2026-10-22 14:17:02;1;;;;
306482;2;LINES_OF_CODE;2026-10-22 15:12:36;5;;;;
306634;2;LINES_OF_CODE;2026-10-22 15:13:30;-1;;;;
306899;2;LINES_OF_CODE;2026-10-22 15:17:21;8;;;;
306318;2;LINES_OF_CODE;2026-10-22 15:24:57;8;;;;
306346;2;LINES_OF_CODE;2026-10-22 15:38:52;8;;;;
306815;2;LINES_OF_CODE;2026-10-22 15:41:52;6;;;;
306489;2;LINES_OF_CODE;2026-10-22 15:53:50;3;;;;
306959;2;LINES_OF_CODE;2026-10-22 16:46:16;0;;;;
306621;2;LINES_OF_CODE;2026-10-22 16:48:42;2;;;;
306480;2;LINES_OF_CODE;2026-10-22 16:56:54;6;;;;
306825;2;LINES_OF_CODE;2026-10-22 17:23:31;2;;;;
306728;2;LINES_OF_CODE;2026-10-22 17:51:15;3;;;;
306949;2;LINES_OF_CODE;2026-10-23 08:56:45;2;;;;
306760;2;LINES_OF_CODE;2026-10-23 08:58:56;13;;;;
306940;2;LINES_OF_CODE;2026-10-23 09:05:06;2;;;;
306263;2;LINES_OF_CODE;2026-10-23 09:39:14;4;;;;
306950;2;LINES_OF_CODE;2026-10-23 09:49:17;6;;;;
306465;2;LINES_OF_CODE;2026-10-23 09:53:02;10;;;;
306777;2;LINES_OF_CODE;2026-10-23 10:13:40;0;;;;
306969;2;LINES_OF_CODE;2026-10-23 10:20:19;16;;;;
306427;2;LINES_OF_CODE;2026-10-23 12:15:36;7;;;;
306290;2;LINES_OF_CODE;2026-10-23 12:16:22;4;;;;
306917;2;LINES_OF_CODE;2026-10-23 12:24:30;5;;;;
306398;2;LINES_OF_CODE;2026-10-23 12:25:41;2;;;;
306364;2;LINES_OF_CODE;2026-10-23 12:27:07;7;;;;
306589;2;LINES_OF_CODE;2026-10-23 12:37:40;5;;;;
306682;2;LINES_OF_CODE;2026-10-23 12:41:35;11;;;;
306279;2;LINES_OF_CODE;2026-10-23 12:43:57;0;;;;
306763;2;LINES_OF_CODE;2026-10-23 12:58:23;-2;;;;
306335;2;LINES_OF_CODE;2026-10-23 13:18:25;8;;;;
306382;2;LINES_OF_CODE;2026-10-23 13:24:25;6;;;;
306567;2;LINES_OF_CODE;2026-10-23 13:35:02;7;;;;
306425;2;LINES_OF_CODE;2026-10-23 14:31:06;-3;;;;
306948;2;LINES_OF_CODE;2026-10-23 14:35:49;6;;;;
306762;2;LINES_OF_CODE;2026-10-23 15:02:30;0;;;;
306650;2;LINES_OF_CODE;2026-10-23 15:17:57;1;;;;
306531;2;LINES_OF_CODE;2026-10-23 15:26:01;2;;;;
306436;2;LINES_OF_CODE;2026-10-23 16:25:45;-1;;;;
306386;2;LINES_OF_CODE;2026-10-23 16:40:18;3;;;;
306907;2;LINES_OF_CODE;2026-10-23 16:48:27;7;;;;
306355;2;LINES_OF_CODE;2026-10-23 16:56:12;9;;;;
306533;2;LINES_OF_CODE;2026-10-23 16:59:31;10;;;;
306816;2;LINES_OF_CODE;2026-10-23 17:38:20;6;;;;
306830;2;LINES_OF_CODE;2026-10-26 08:01:21;-1;;;;
306528;2;LINES_OF_CODE;2026-10-26 08:47:19;7;;;;
306570;2;LINES_OF_CODE;2026-10-26 08:53:06;12;;;;
306687;2;LINES_OF_CODE;2026-10-26 08:54:03;6;;;;
306532;2;LINES_OF_CODE;2026-10-26 09:18:39;5;;;;
306324;2;LINES_OF_CODE;2026-10-26 09:20:22;-1;;;;
306647;2;LINES_OF_CODE;2026-10-26 09:47:05;2;;;;
306690;2;LINES_OF_CODE;2026-10-26 10:06:34;3;;;;
306333;2;LINES_OF_CODE;2026-10-26 10:12:45;5;;;;
306731;2;LINES_OF_CODE;2026-10-26 10:36:42;6;;;;
306340;2;LINES_OF_CODE;2026-10-26 11:22:20;10;;;;
306855;2;LINES_OF_CODE;2026-10-26 11:55:24;0;;;;
306275;2;LINES_OF_CODE;2026-10-26 12:04:36;8;;;;
306715;2;LINES_OF_CODE;2026-10-26 12:24:57;2;;;;
306919;2;LINES_OF_CODE;2026-10-26 12:43:43;7;;;;
306742;2;LINES_OF_CODE;2026-10-26 12:53:49;10;;;;
306662;2;LINES_OF_CODE;2026-10-26 13:23:22;0;;;;
306492;2;LINES_OF_CODE;2026-10-26 13:32:32;5;;;;
306476;2;LINES_OF_CODE;2026-10-26 14:13:56;0;;;;
306868;2;LINES_OF_CODE;2026-10-26 14:27:08;6;;;;
306481;2;LINES_OF_CODE;2026-10-26 14:35:19;4;;;;
306987;2;LINES_OF_CODE;2026-10-26 14:45:52;-6;;;;
306296;2;LINES_OF_CODE;2026-10-26 14:46:29;0;;;;
306300;2;LINES_OF_CODE;2026-10-26 14:55:32;6;;;;
306880;2;LINES_OF_CODE;2026-10-26 14:57:46;-2;;;;
306336;2;LINES_OF_CODE;2026-10-26 15:11:07;12;;;;
306411;2;LINES_OF_CODE;2026-10-26 15:24:23;8;;;;
306808;2;LINES_OF_CODE;2026-10-26 16:03:36;4;;;;
306773;2;LINES_OF_CODE;2026-10-26 16:17:47;3;;;;
306506;2;LINES_OF_CODE;2026-10-26 16:35:43;10;;;;
306371;2;LINES_OF_CODE;2026-10-26 16:45:03;6;;;;
306499;2;LINES_OF_CODE;2026-10-26 17:04:52;12;;;;
306527;2;LINES_OF_CODE;2026-10-26 17:33:50;4;;;;
306739;2;LINES_OF_CODE;2026-10-27 08:00:13;5;;;;
306256;2;LINES_OF_CODE;2026-10-27 08:14:50;9;;;;
306423;2;LINES_OF_CODE;2026-10-27 08:48:01;7;;;;
306556;2;LINES_OF_CODE;2026-10-27 08:51:52;7;;;;
306663;2;LINES_OF_CODE;2026-10-27 08:57:54;0;;;;
306633;2;LINES_OF_CODE;2026-10-27 09:45:34;6;;;;
306375;2;LINES_OF_CODE;2026-10-27 10:30:18;-1;;;;
306598;2;LINES_OF_CODE;2026-10-27 10:41:04;1;;;;
306572;2;LINES_OF_CODE;2026-10-27 12:14:04;1;;;;
306746;2;LINES_OF_CODE;2026-10-27 12:22:09;10;;;;
306473;2;LINES_OF_CODE;2026-10-27 12:36:27;4;;;;
306301;2;LINES_OF_CODE;2026-10-27 13:14:56;2;;;;
306803;2;LINES_OF_CODE;2026-10-27 13:43:06;5;;;;
306929;2;LINES_OF_CODE;2026-10-27 14:12:32;7;;;;
306580;2;LINES_OF_CODE;2026-10-27 14:17:11;10;;;;
306826;2;LINES_OF_CODE;2026-10-27 14:19:01;6;;;;
306383;2;LINES_OF_CODE;2026-10-27 14:59:21;1;;;;
306287;2;LINES_OF_CODE;2026-10-27 15:31:41;8;;;;
306490;2;LINES_OF_CODE;2026-10-27 15:49:31;-1;;;;
306611;2;LINES_OF_CODE;2026-10-27 16:06:42;5;;;;
306817;2;LINES_OF_CODE;2026-10-27 16:18:22;4;;;;
306414;2;LINES_OF_CODE;2026-10-27 16:48:26;0;;;;
306678;2;LINES_OF_CODE;2026-10-27 17:36:13;6;;;;
306937;2;LINES_OF_CODE;2026-10-27 17:45:51;2;;;;
306702;2;LINES_OF_CODE;2026-10-28 08:15:03;3;;;;
306610;2;LINES_OF_CODE;2026-10-28 08:22:42;3;;;;
306986;2;LINES_OF_CODE;2026-10-28 08:22:45;9;;;;
306581;2;LINES_OF_CODE;2026-10-28 08:25:57;13;;;;
306486;2;LINES_OF_CODE;2026-10-28 08:40:46;9;;;;
306710;2;LINES_OF_CODE;2026-10-28 08:41:25;0;;;;
306850;2;LINES_OF_CODE;2026-10-28 08:45:23;4;;;;
306459;2;LINES_OF_CODE;2026-10-28 09:05:37;0;;;;
306938;2;LINES_OF_CODE;2026-10-28 09:14:11;6;;;;
306799;2;LINES_OF_CODE;2026-10-28 09:35:39;5;;;;
306888;2;LINES_OF_CODE;2026-10-28 09:45:38;7;;;;
306785;2;LINES_OF_CODE;2026-10-28 10:08:04;5;;;;
306271;2;LINES_OF_CODE;2026-10-28 10:35:34;3;;;;
306460;2;LINES_OF_CODE;2026-10-28 10:42:58;0;;;;
306698;2;LINES_OF_CODE;2026-10-28 10:50:54;4;;;;
306562;2;LINES_OF_CODE;2026-10-28 11:22:19;0;;;;
306542;2;LINES_OF_CODE;2026-10-28 11:30:02;6;;;;
306886;2;LINES_OF_CODE;2026-10-28 11:57:36;3;;;;
306558;2;LINES_OF_CODE;2026-10-28 12:02:07;7;;;;
306622;2;LINES_OF_CODE;2026-10-28 12:14:52;7;;;;
306487;2;LINES_OF_CODE;2026-10-28 12:28:54;7;;;;
306500;2;LINES_OF_CODE;2026-10-28 12:31:03;1;;;;
306924;2;LINES_OF_CODE;2026-10-28 12:36:52;1;;;;
306517;2;LINES_OF_CODE;2026-10-28 12:55:37;4;;;;
306844;2;LINES_OF_CODE;2026-10-28 13:04:08;5;;;;
306671;2;LINES_OF_CODE;2026-10-28 13:32:57;1;;;;
306474;2;LINES_OF_CODE;2026-10-28 14:09:56;1;;;;
306513;2;LINES_OF_CODE;2026-10-28 14:41:07;10;;;;
306965;2;LINES_OF_CODE;2026-10-28 14:48:41;8;;;;
306732;2;LINES_OF_CODE;2026-10-28 15:13:24;13;;;;
306674;2;LINES_OF_CODE;2026-10-28 15:30:33;5;;;;
306366;2;LINES_OF_CODE;2026-10-28 15:37:17;9;;;;
306640;2;LINES_OF_CODE;2026-10-28 15:43:49;14;;;;
306845;2;LINES_OF_CODE;2026-10-28 15:53:06;-3;;;;
306897;2;LINES_OF_CODE;2026-10-28 16:19:29;7;;;;
306901;2;LINES_OF_CODE;2026-10-28 16:53:58;5;;;;
306836;2;LINES_OF_CODE;2026-10-29 08:08:54;6;;;;
306693;2;LINES_OF_CODE;2026-10-29 08:13:00;3;;;;
306942;2;LINES_OF_CODE;2026-10-29 08:24:25;8;;;;
306576;2;LINES_OF_CODE;2026-10-29 08:44:39;8;;;;
306484;2;LINES_OF_CODE;2026-10-29 09:10:26;9;;;;
306821;2;LINES_OF_CODE;2026-10-29 09:31:14;13;;;;
306951;2;LINES_OF_CODE;2026-10-29 09:59:01;2;;;;
306667;2;LINES_OF_CODE;2026-10-29 10:41:46;2;;;;
306947;2;LINES_OF_CODE;2026-10-29 10:50:18;7;;;;
306923;2;LINES_OF_CODE;2026-10-29 10:52:22;1;;;;
306343;2;LINES_OF_CODE;2026-10-29 11:02:12;6;;;;
306782;2;LINES_OF_CODE;2026-10-29 11:15:13;3;;;;
306794;2;LINES_OF_CODE;2026-10-29 11:26:31;4;;;;
306895;2;LINES_OF_CODE;2026-10-29 11:28:03;2;;;;
306921;2;LINES_OF_CODE;2026-10-29 12:03:10;5;;;;
306396;2;LINES_OF_CODE;2026-10-29 12:41:34;3;;;;
306864;2;LINES_OF_CODE;2026-10-29 12:49:37;1;;;;
306644;2;LINES_OF_CODE;2026-10-29 12:50:58;8;;;;
306916;2;LINES_OF_CODE;2026-10-29 13:15:10;0;;;;
306323;2;LINES_OF_CODE;2026-10-29 13:33:23;7;;;;
306545;2;LINES_OF_CODE;2026-10-29 13:59:37;5;;;;
306778;2;LINES_OF_CODE;2026-10-29 16:15:25;4;;;;
306391;2;LINES_OF_CODE;2026-10-29 16:19:03;14;;;;
306320;2;LINES_OF_CODE;2026-10-29 17:05:29;11;;;;
306896;2;LINES_OF_CODE;2026-10-29 17:11:51;14;;;;
306262;2;LINES_OF_CODE;2026-10-29 17:27:17;2;;;;
306885;2;LINES_OF_CODE;2026-10-29 17:29:36;10;;;;
306431;2;LINES_OF_CODE;2026-10-29 17:34:53;3;;;;
306400;2;LINES_OF_CODE;2026-10-30 08:00:57;8;;;;
306314;2;LINES_OF_CODE;2026-10-30 08:16:39;5;;;;
306373;2;LINES_OF_CODE;2026-10-30 08:45:26;-1;;;;
306860;2;LINES_OF_CODE;2026-10-30 09:05:59;6;;;;
306847;2;LINES_OF_CODE;2026-10-30 09:07:36;7;;;;
306887;2;LINES_OF_CODE;2026-10-30 09:50:35;8;;;;
306393;2;LINES_OF_CODE;2026-10-30 09:55:01;8;;;;
306926;2;LINES_OF_CODE;2026-10-30 10:18:13;7;;;;
306606;2;LINES_OF_CODE;2026-10-30 10:19:24;7;;;;
306417;2;LINES_OF_CODE;2026-10-30 10:23:55;10;;;;
306288;2;LINES_OF_CODE;2026-10-30 10:30:43;5;;;;
306692;2;LINES_OF_CODE;2026-10-30 10:37:40;7;;;;
306751;2;LINES_OF_CODE;2026-10-30 10:49:03;8;;;;
306278;2;LINES_OF_CODE;2026-10-30 11:16:20;5;;;;
306379;2;LINES_OF_CODE;2026-10-30 11:58:18;-1;;;;
306856;2;LINES_OF_CODE;2026-10-30 12:01:59;0;;;;
306503;2;LINES_OF_CODE;2026-10-30 12:07:38;10;;;;
306643;2;LINES_OF_CODE;2026-10-30 12:11:41;9;;;;
306906;2;LINES_OF_CODE;2026-10-30 12:12:36;12;;;;
306586;2;LINES_OF_CODE;2026-10-30 12:28:51;4;;;;
306757;2;LINES_OF_CODE;2026-10-30 12:54:10;6;;;;
306516;2;LINES_OF_CODE;2026-10-30 13:18:42;-2;;;;
306685;2;LINES_OF_CODE;2026-10-30 14:11:25;9;;;;
306292;2;LINES_OF_CODE;2026-10-30 14:27:28;0;;;;
306966;2;LINES_OF_CODE;2026-10-30 14:53:47;1;;;;
306683;2;LINES_OF_CODE;2026-10-30 14:58:25;1;;;;
306428;2;LINES_OF_CODE;2026-10-30 15:05:15;9;;;;
306452;2;LINES_OF_CODE;2026-10-30 15:22:14;2;;;;
306786;2;LINES_OF_CODE;2026-10-30 15:38:12;3;;;;
306904;2;LINES_OF_CODE;2026-10-30 15:39:07;6;;;;
306963;2;LINES_OF_CODE;2026-10-30 17:58:15;8;;;;
307030;2;LINES_OF_CODE;2026-11-02 08:01:54;6;;;;
307068;2;LINES_OF_CODE;2026-11-02 08:08:57;1;;;;
307135;2;LINES_OF_CODE;2026-11-02 09:23:55;-1;;;;
307188;2;LINES_OF_CODE;2026-11-02 09:23:56;10;;;;
307517;2;LINES_OF_CODE;2026-11-02 09:27:02;8;;;;
307204;2;LINES_OF_CODE;2026-11-02 09:46:10;3;;;;
307074;2;LINES_OF_CODE;2026-11-02 11:09:43;5;;;;
307042;2;LINES_OF_CODE;2026-11-02 11:31:11;2;;;;
307010;2;LINES_OF_CODE;2026-11-02 11:36:35;2;;;;
307032;2;LINES_OF_CODE;2026-11-02 11:43:13;2;;;;
307250;2;LINES_OF_CODE;2026-11-02 11:56:07;8;;;;
307453;2;LINES_OF_CODE;2026-11-02 12:10:36;12;;;;
307231;2;LINES_OF_CODE;2026-11-02 12:29:26;5;;;;
307104;2;LINES_OF_CODE;2026-11-02 13:03:24;6;;;;
307399;2;LINES_OF_CODE;2026-11-02 13:38:42;3;;;;
307320;2;LINES_OF_CODE;2026-11-02 13:54:24;1;;;;
307608;2;LINES_OF_CODE;2026-11-02 14:04:32;4;;;;
307598;2;LINES_OF_CODE;2026-11-02 14:54:07;13;;;;
307413;2;LINES_OF_CODE;2026-11-02 15:05:01;3;;;;
307408;2;LINES_OF_CODE;2026-11-02 15:09:22;7;;;;
307530;2;LINES_OF_CODE;2026-11-02 15:28:57;8;;;;
307406;2;LINES_OF_CODE;2026-11-02 15:59:41;6;;;;
307499;2;LINES_OF_CODE;2026-11-02 16:26:26;2;;;;
307414;2;LINES_OF_CODE;2026-11-02 16:39:49;7;;;;
307575;2;LINES_OF_CODE;2026-11-02 16:58:47;2;;;;
307420;2;LINES_OF_CODE;2026-11-02 17:20:49;-7;;;;
307157;2;LINES_OF_CODE;2026-11-02 17:35:34;6;;;;
307079;2;LINES_OF_CODE;2026-11-02 17:41:19;9;;;;
307555;2;LINES_OF_CODE;2026-11-03 08:00:40;0;;;;
307155;2;LINES_OF_CODE;2026-11-03 08:04:34;3;;;;
307220;2;LINES_OF_CODE;2026-11-03 08:18:39;5;;;;
307226;2;LINES_OF_CODE;2026-11-03 08:38:20;3;;;;
307160;2;LINES_OF_CODE;2026-11-03 08:39:12;7;;;;
307247;2;LINES_OF_CODE;2026-11-03 08:49:39;6;;;;
307324;2;LINES_OF_CODE;2026-11-03 09:31:48;1;;;;
307138;2;LINES_OF_CODE;2026-11-03 09:51:05;7;;;;
307013;2;LINES_OF_CODE;2026-11-03 10:05:21;9;;;;
307429;2;LINES_OF_CODE;2026-11-03 10:14:40;-2;;;;
307630;2;LINES_OF_CODE;2026-11-03 10:20:54;4;;;;
307321;2;LINES_OF_CODE;2026-11-03 10:21:28;0;;;;
307251;2;LINES_OF_CODE;2026-11-03 10:22:33;10;;;;
307579;2;LINES_OF_CODE;2026-11-03 10:26:48;8;;;;
307457;2;LINES_OF_CODE;2026-11-03 10:57:25;10;;;;
307569;2;LINES_OF_CODE;2026-11-03 11:48:43;11;;;;
307363;2;LINES_OF_CODE;2026-11-03 11:49:37;9;;;;
307633;2;LINES_OF_CODE;2026-11-03 11:59:30;5;;;;
307407;2;LINES_OF_CODE;2026-11-03 12:09:56;5;;;;
307198;2;LINES_OF_CODE;2026-11-03 12:18:11;0;;;;
307060;2;LINES_OF_CODE;2026-11-03 13:12:25;3;;;;
307550;2;LINES_OF_CODE;2026-11-03 13:47:02;7;;;;
307587;2;LINES_OF_CODE;2026-11-03 13:48:06;4;;;;
307077;2;LINES_OF_CODE;2026-11-03 14:00:13;8;;;;
307121;2;LINES_OF_CODE;2026-11-03 14:27:13;10;;;;
307144;2;LINES_OF_CODE;2026-11-03 15:28:37;5;;;;
307201;2;LINES_OF_CODE;2026-11-03 15:42:41;7;;;;
307506;2;LINES_OF_CODE;2026-11-03 16:00:21;6;;;;
307210;2;LINES_OF_CODE;2026-11-03 16:01:58;2;;;;
307614;2;LINES_OF_CODE;2026-11-03 16:10:35;9;;;;
307150;2;LINES_OF_CODE;2026-11-03 16:12:14;0;;;;
307438;2;LINES_OF_CODE;2026-11-03 16:34:56;0;;;;
307469;2;LINES_OF_CODE;2026-11-03 16:45:59;5;;;;
307214;2;LINES_OF_CODE;2026-11-03 17:19:02;5;;;;
307086;2;LINES_OF_CODE;2026-11-04 08:13:13;4;;;;
307502;2;LINES_OF_CODE;2026-11-04 08:14:01;10;;;;
307211;2;LINES_OF_CODE;2026-11-04 08:17:14;2;;;;
307348;2;LINES_OF_CODE;2026-11-04 08:40:09;0;;;;
307059;2;LINES_OF_CODE;2026-11-04 08:51:11;9;;;;
307395;2;LINES_OF_CODE;2026-11-04 09:00:34;6;;;;
307520;2;LINES_OF_CODE;2026-11-04 09:06:18;-2;;;;
307256;2;LINES_OF_CODE;2026-11-04 09:35:59;0;;;;
307489;2;LINES_OF_CODE;2026-11-04 10:04:18;8;;;;
307338;2;LINES_OF_CODE;2026-11-04 10:19:05;3;;;;
307508;2;LINES_OF_CODE;2026-11-04 10:27:04;1;;;;
307498;2;LINES_OF_CODE;2026-11-04 10:32:18;5;;;;
306992;2;LINES_OF_CODE;2026-11-04 10:54:30;-1;;;;
307461;2;LINES_OF_CODE;2026-11-04 10:54:41;2;;;;
307106;2;LINES_OF_CODE;2026-11-04 11:08:10;1;;;;
307531;2;LINES_OF_CODE;2026-11-04 12:16:46;6;;;;
307396;2;LINES_OF_CODE;2026-11-04 12:22:09;8;;;;
307657;2;LINES_OF_CODE;2026-11-04 12:22:26;0;;;;
307359;2;LINES_OF_CODE;2026-11-04 12:45:55;2;;;;
307563;2;LINES_OF_CODE;2026-11-04 12:52:03;4;;;;
307360;2;LINES_OF_CODE;2026-11-04 13:24:52;4;;;;
307358;2;LINES_OF_CODE;2026-11-04 13:37:02;3;;;;
307118;2;LINES_OF_CODE;2026-11-04 13:43:28;9;;;;
307436;2;LINES_OF_CODE;2026-11-04 13:43:49;6;;;;
307304;2;LINES_OF_CODE;2026-11-04 14:27:54;5;;;;
307435;2;LINES_OF_CODE;2026-11-04 14:57:58;7;;;;
307096;2;LINES_OF_CODE;2026-11-04 15:22:18;8;;;;
307124;2;LINES_OF_CODE;2026-11-04 15:55:03;9;;;;
307292;2;LINES_OF_CODE;2026-11-04 16:01:52;2;;;;
307098;2;LINES_OF_CODE;2026-11-04 16:15:32;2;;;;
307178;2;LINES_OF_CODE;2026-11-04 16:40:32;2;;;;
307039;2;LINES_OF_CODE;2026-11-04 16:59:43;9;;;;
307351;2;LINES_OF_CODE;2026-11-04 17:18:13;4;;;;
307020;2;LINES_OF_CODE;2026-11-04 17:20:46;4;;;;
307549;2;LINES_OF_CODE;2026-11-04 17:21:52;4;;;;
307050;2;LINES_OF_CODE;2026-11-04 17:34:01;5;;;;
307544;2;LINES_OF_CODE;2026-11-05 09:04:46;10;;;;
307185;2;LINES_OF_CODE;2026-11-05 09:22:46;14;;;;
307605;2;LINES_OF_CODE;2026-11-05 09:38:50;5;;;;
307601;2;LINES_OF_CODE;2026-11-05 09:49:19;7;;;;
307632;2;LINES_OF_CODE;2026-11-05 09:56:28;1;;;;
307177;2;LINES_OF_CODE;2026-11-05 10:14:04;-4;;;;
307117;2;LINES_OF_CODE;2026-11-05 10:14:52;7;;;;
307476;2;LINES_OF_CODE;2026-11-05 10:34:56;5;;;;
307058;2;LINES_OF_CODE;2026-11-05 10:39:38;1;;;;
307131;2;LINES_OF_CODE;2026-11-05 10:52:16;2;;;;
307051;2;LINES_OF_CODE;2026-11-05 10:57:04;5;;;;
307225;2;LINES_OF_CODE;2026-11-05 11:10:30;3;;;;
307001;2;LINES_OF_CODE;2026-11-05 11:14:36;4;;;;
307258;2;LINES_OF_CODE;2026-11-05 11:16:21;6;;;;
307610;2;LINES_OF_CODE;2026-11-05 11:38:28;6;;;;
307390;2;LINES_OF_CODE;2026-11-05 11:48:01;10;;;;
307534;2;LINES_OF_CODE;2026-11-05 12:04:03;6;;;;
307073;2;LINES_OF_CODE;2026-11-05 12:21:29;6;;;;
307394;2;LINES_OF_CODE;2026-11-05 12:24:57;6;;;;
307143;2;LINES_OF_CODE;2026-11-05 12:55:25;6;;;;
307519;2;LINES_OF_CODE;2026-11-05 13:13:45;6;;;;
307456;2;LINES_OF_CODE;2026-11-05 13:30:03;3;;;;
307567;2;LINES_OF_CODE;2026-11-05 14:08:37;11;;;;
307107;2;LINES_OF_CODE;2026-11-05 14:26:32;4;;;;
307493;2;LINES_OF_CODE;2026-11-05 14:29:55;2;;;;
307416;2;LINES_OF_CODE;2026-11-05 14:32:41;7;;;;
307215;2;LINES_OF_CODE;2026-11-05 14:38:24;12;;;;
307206;2;LINES_OF_CODE;2026-11-05 14:41:58;6;;;;
307326;2;LINES_OF_CODE;2026-11-05 14:50:39;-1;;;;
307260;2;LINES_OF_CODE;2026-11-05 14:51:54;11;;;;
307004;2;LINES_OF_CODE;2026-11-05 15:10:13;6;;;;
307072;2;LINES_OF_CODE;2026-11-05 15:14:26;1;;;;
307249;2;LINES_OF_CODE;2026-11-05 15:20:50;-2;;;;
307477;2;LINES_OF_CODE;2026-11-05 15:33:26;2;;;;
307191;2;LINES_OF_CODE;2026-11-05 16:04:40;10;;;;
307263;2;LINES_OF_CODE;2026-11-05 16:07:07;11;;;;
307430;2;LINES_OF_CODE;2026-11-05 16:55:57;4;;;;
307233;2;LINES_OF_CODE;2026-11-05 17:04:33;13;;;;
307088;2;LINES_OF_CODE;2026-11-05 17:44:33;10;;;;
307344;2;LINES_OF_CODE;2026-11-06 08:21:03;7;;;;
307084;2;LINES_OF_CODE;2026-11-06 09:02:24;-1;;;;
307500;2;LINES_OF_CODE;2026-11-06 09:16:21;2;;;;
307431;2;LINES_OF_CODE;2026-11-06 10:14:42;3;;;;
307384;2;LINES_OF_CODE;2026-11-06 10:38:44;4;;;;
307618;2;LINES_OF_CODE;2026-11-06 10:54:33;12;;;;
307000;2;LINES_OF_CODE;2026-11-06 11:03:38;4;;;;
307595;2;LINES_OF_CODE;2026-11-06 11:18:41;0;;;;
307097;2;LINES_OF_CODE;2026-11-06 11:29:19;5;;;;
307069;2;LINES_OF_CODE;2026-11-06 11:33:48;10;;;;
307574;2;LINES_OF_CODE;2026-11-06 11:46:14;6;;;;
307487;2;LINES_OF_CODE;2026-11-06 11:51:59;7;;;;
307265;2;LINES_OF_CODE;2026-11-06 11:57:33;6;;;;
307115;2;LINES_OF_CODE;2026-11-06 12:09:25;6;;;;
307245;2;LINES_OF_CODE;2026-11-06 12:20:14;4;;;;
307560;2;LINES_OF_CODE;2026-11-06 12:32:25;3;;;;
307501;2;LINES_OF_CODE;2026-11-06 12:48:41;6;;;;
307174;2;LINES_OF_CODE;2026-11-06 13:14:12;6;;;;
307514;2;LINES_OF_CODE;2026-11-06 13:30:41;3;;;;
307311;2;LINES_OF_CODE;2026-11-06 13:42:44;1;;;;
307159;2;LINES_OF_CODE;2026-11-06 13:53:00;-3;;;;
307643;2;LINES_OF_CODE;2026-11-06 13:58:16;9;;;;
307002;2;LINES_OF_CODE;2026-11-06 14:26:10;-4;;;;
307064;2;LINES_OF_CODE;2026-11-06 14:29:55;7;;;;
307129;2;LINES_OF_CODE;2026-11-06 14:47:18;-2;;;;
307565;2;LINES_OF_CODE;2026-11-06 14:56:03;7;;;;
307481;2;LINES_OF_CODE;2026-11-06 15:08:32;5;;;;
307649;2;LINES_OF_CODE;2026-11-06 15:31:31;6;;;;
307527;2;LINES_OF_CODE;2026-11-06 15:48:28;8;;;;
307554;2;LINES_OF_CODE;2026-11-06 16:16:26;5;;;;
307200;2;LINES_OF_CODE;2026-11-06 16:21:45;9;;;;
307189;2;LINES_OF_CODE;2026-11-06 16:31:14;5;;;;
306998;2;LINES_OF_CODE;2026-11-06 16:40:05;6;;;;
307410;2;LINES_OF_CODE;2026-11-06 16:44:59;2;;;;
307471;2;LINES_OF_CODE;2026-11-06 16:56:17;5;;;;
307167;2;LINES_OF_CODE;2026-11-06 17:19:08;4;;;;
307307;2;LINES_OF_CODE;2026-11-06 17:28:17;4;;;;
307026;2;LINES_OF_CODE;2026-11-06 17:44:54;-1;;;;
307419;2;LINES_OF_CODE;2026-11-06 17:46:07;14;;;;
307397;2;LINES_OF_CODE;2026-11-06 17:49:27;0;;;;
307183;2;LINES_OF_CODE;2026-11-09 08:06:41;1;;;;
307306;2;LINES_OF_CODE;2026-11-09 08:28:11;8;;;;
307043;2;LINES_OF_CODE;2026-11-09 08:40:24;4;;;;
307186;2;LINES_OF_CODE;2026-11-09 08:41:10;12;;;;
307099;2;LINES_OF_CODE;2026-11-09 09:09:09;4;;;;
307016;2;LINES_OF_CODE;2026-11-09 09:17:06;4;;;;
307422;2;LINES_OF_CODE;2026-11-09 09:51:13;3;;;;
307369;2;LINES_OF_CODE;2026-11-09 10:10:44;6;;;;
307440;2;LINES_OF_CODE;2026-11-09 10:29:55;7;;;;
307093;2;LINES_OF_CODE;2026-11-09 10:41:32;0;;;;
307095;2;LINES_OF_CODE;2026-11-09 11:52:00;8;;;;
307405;2;LINES_OF_CODE;2026-11-09 12:03:17;6;;;;
307444;2;LINES_OF_CODE;2026-11-09 12:05:10;14;;;;
307197;2;LINES_OF_CODE;2026-11-09 12:08:32;9;;;;
307586;2;LINES_OF_CODE;2026-11-09 12:30:18;6;;;;
307282;2;LINES_OF_CODE;2026-11-09 12:58:40;-2;;;;
307562;2;LINES_OF_CODE;2026-11-09 13:05:40;7;;;;
307111;2;LINES_OF_CODE;2026-11-09 13:07:28;-4;;;;
307221;2;LINES_OF_CODE;2026-11-09 13:21:59;8;;;;
307638;2;LINES_OF_CODE;2026-11-09 13:34:53;3;;;;
307296;2;LINES_OF_CODE;2026-11-09 13:44:15;5;;;;
307570;2;LINES_OF_CODE;2026-11-09 14:07:33;3;;;;
307474;2;LINES_OF_CODE;2026-11-09 14:08:47;8;;;;
307257;2;LINES_OF_CODE;2026-11-09 14:12:16;8;;;;
307276;2;LINES_OF_CODE;2026-11-09 14:20:04;3;;;;
307223;2;LINES_OF_CODE;2026-11-09 14:20:49;9;;;;
307158;2;LINES_OF_CODE;2026-11-09 14:20:50;0;;;;
307153;2;LINES_OF_CODE;2026-11-09 14:45:35;3;;;;
307515;2;LINES_OF_CODE;2026-11-09 14:52:01;-7;;;;
307243;2;LINES_OF_CODE;2026-11-09 15:10:27;-4;;;;
307091;2;LINES_OF_CODE;2026-11-09 15:28:08;6;;;;
306989;2;LINES_OF_CODE;2026-11-09 16:07:50;0;;;;
307380;2;LINES_OF_CODE;2026-11-09 16:30:47;6;;;;
307604;2;LINES_OF_CODE;2026-11-09 17:07:00;1;;;;
307473;2;LINES_OF_CODE;2026-11-09 17:14:34;2;;;;
307288;2;LINES_OF_CODE;2026-11-09 17:41:13;6;;;;
307507;2;LINES_OF_CODE;2026-11-09 17:41:28;11;;;;
307038;2;LINES_OF_CODE;2026-11-10 08:00:56;4;;;;
307054;2;LINES_OF_CODE;2026-11-10 08:21:32;13;;;;
307141;2;LINES_OF_CODE;2026-11-10 08:33:41;0;;;;
307353;2;LINES_OF_CODE;2026-11-10 08:40:34;8;;;;
307635;2;LINES_OF_CODE;2026-11-10 08:52:30;4;;;;
307340;2;LINES_OF_CODE;2026-11-10 09:23:26;4;;;;
307218;2;LINES_OF_CODE;2026-11-10 09:58:17;8;;;;
307299;2;LINES_OF_CODE;2026-11-10 10:26:30;6;;;;
307242;2;LINES_OF_CODE;2026-11-10 10:54:12;7;;;;
307009;2;LINES_OF_CODE;2026-11-10 12:25:48;9;;;;
307235;2;LINES_OF_CODE;2026-11-10 12:32:06;5;;;;
307556;2;LINES_OF_CODE;2026-11-10 12:48:54;-2;;;;
307261;2;LINES_OF_CODE;2026-11-10 13:09:37;4;;;;
307145;2;LINES_OF_CODE;2026-11-10 13:11:41;0;;;;
307081;2;LINES_OF_CODE;2026-11-10 13:12:55;15;;;;
307190;2;LINES_OF_CODE;2026-11-10 13:21:27;6;;;;
307401;2;LINES_OF_CODE;2026-11-10 14:11:25;5;;;;
307278;2;LINES_OF_CODE;2026-11-10 14:57:49;6;;;;
307584;2;LINES_OF_CODE;2026-11-10 15:00:31;6;;;;
307576;2;LINES_OF_CODE;2026-11-10 15:20:26;5;;;;
306997;2;LINES_OF_CODE;2026-11-10 15:45:57;1;;;;
307076;2;LINES_OF_CODE;2026-11-10 17:05:21;1;;;;
307590;2;LINES_OF_CODE;2026-11-10 17:37:43;10;;;;
307332;2;LINES_OF_CODE;2026-11-10 17:43:44;-1;;;;
307634;2;LINES_OF_CODE;2026-11-10 17:47:55;9;;;;
307626;2;LINES_OF_CODE;2026-11-11 08:13:10;16;;;;
307537;2;LINES_OF_CODE;2026-11-11 08:14:46;9;;;;
307152;2;LINES_OF_CODE;2026-11-11 08:24:34;4;;;;
307580;2;LINES_OF_CODE;2026-11-11 08:26:00;5;;;;
307303;2;LINES_OF_CODE;2026-11-11 09:51:25;6;;;;
307126;2;LINES_OF_CODE;2026-11-11 09:52:44;8;;;;
307322;2;LINES_OF_CODE;2026-11-11 09:54:51;2;;;;
307286;2;LINES_OF_CODE;2026-11-11 10:45:26;10;;;;
307151;2;LINES_OF_CODE;2026-11-11 10:56:28;3;;;;
307300;2;LINES_OF_CODE;2026-11-11 11:17:10;8;;;;
307289;2;LINES_OF_CODE;2026-11-11 11:36:11;-1;;;;
307018;2;LINES_OF_CODE;2026-11-11 12:02:08;7;;;;
307244;2;LINES_OF_CODE;2026-11-11 12:18:55;5;;;;
307641;2;LINES_OF_CODE;2026-11-11 12:28:31;4;;;;
307516;2;LINES_OF_CODE;2026-11-11 12:35:41;4;;;;
307375;2;LINES_OF_CODE;2026-11-11 12:58:23;-3;;;;
307022;2;LINES_OF_CODE;2026-11-11 13:08:49;0;;;;
307619;2;LINES_OF_CODE;2026-11-11 13:45:03;3;;;;
306995;2;LINES_OF_CODE;2026-11-11 13:53:53;7;;;;
307037;2;LINES_OF_CODE;2026-11-11 14:04:01;-2;;;;
307592;2;LINES_OF_CODE;2026-11-11 14:56:49;2;;;;
307146;2;LINES_OF_CODE;2026-11-11 15:29:24;3;;;;
307362;2;LINES_OF_CODE;2026-11-11 15:32:25;0;;;;
307385;2;LINES_OF_CODE;2026-11-11 15:37:18;4;;;;
307180;2;LINES_OF_CODE;2026-11-11 15:45:03;3;;;;
307163;2;LINES_OF_CODE;2026-11-11 15:45:57;2;;;;
307578;2;LINES_OF_CODE;2026-11-11 15:46:31;10;;;;
307161;2;LINES_OF_CODE;2026-11-11 15:57:20;1;;;;
307127;2;LINES_OF_CODE;2026-11-11 16:01:55;3;;;;
307494;2;LINES_OF_CODE;2026-11-11 16:14:26;7;;;;
307543;2;LINES_OF_CODE;2026-11-11 16:45:41;-2;;;;
307639;2;LINES_OF_CODE;2026-11-11 16:45:51;4;;;;
307130;2;LINES_OF_CODE;2026-11-11 16:55:56;-1;;;;
307293;2;LINES_OF_CODE;2026-11-11 17:07:29;11;;;;
307522;2;LINES_OF_CODE;2026-11-11 17:18:11;6;;;;
307588;2;LINES_OF_CODE;2026-11-11 17:36:27;6;;;;
307319;2;LINES_OF_CODE;2026-11-11 17:41:12;-1;;;;
307370;2;LINES_OF_CODE;2026-11-11 17:53:04;12;;;;
307294;2;LINES_OF_CODE;2026-11-11 17:56:53;9;;;;
307463;2;LINES_OF_CODE;2026-11-12 08:50:02;3;;;;
307070;2;LINES_OF_CODE;2026-11-12 08:52:12;2;;;;
307295;2;LINES_OF_CODE;2026-11-12 09:00:27;6;;;;
307237;2;LINES_OF_CODE;2026-11-12 09:30:53;3;;;;
307012;2;LINES_OF_CODE;2026-11-12 09:32:59;5;;;;
307248;2;LINES_OF_CODE;2026-11-12 10:03:48;0;;;;
307101;2;LINES_OF_CODE;2026-11-12 10:06:47;5;;;;
307542;2;LINES_OF_CODE;2026-11-12 10:10:29;1;;;;
307616;2;LINES_OF_CODE;2026-11-12 10:51:28;2;;;;
307100;2;LINES_OF_CODE;2026-11-12 10:52:58;8;;;;
307078;2;LINES_OF_CODE;2026-11-12 11:06:30;0;;;;
307082;2;LINES_OF_CODE;2026-11-12 11:16:42;9;;;;
306991;2;LINES_OF_CODE;2026-11-12 11:58:43;-1;;;;
307373;2;LINES_OF_CODE;2026-11-12 12:26:23;4;;;;
306994;2;LINES_OF_CODE;2026-11-12 12:57:23;10;;;;
307402;2;LINES_OF_CODE;2026-11-12 13:03:55;9;;;;
307075;2;LINES_OF_CODE;2026-11-12 13:21:20;-1;;;;
307313;2;LINES_OF_CODE;2026-11-12 13:26:46;9;;;;
307169;2;LINES_OF_CODE;2026-11-12 13:59:08;10;;;;
307525;2;LINES_OF_CODE;2026-11-12 14:03:11;9;;;;
307412;2;LINES_OF_CODE;2026-11-12 14:21:03;4;;;;
307339;2;LINES_OF_CODE;2026-11-12 14:30:35;2;;;;
307460;2;LINES_OF_CODE;2026-11-12 14:43:15;10;;;;
307024;2;LINES_OF_CODE;2026-11-12 15:00:16;7;;;;
307600;2;LINES_OF_CODE;2026-11-12 15:07:06;4;;;;
307092;2;LINES_OF_CODE;2026-11-12 15:09:38;10;;;;
307267;2;LINES_OF_CODE;2026-11-12 15:33:25;3;;;;
307418;2;LINES_OF_CODE;2026-11-12 16:10:38;3;;;;
307551;2;LINES_OF_CODE;2026-11-12 16:14:43;5;;;;
307280;2;LINES_OF_CODE;2026-11-12 16:23:10;6;;;;
307441;2;LINES_OF_CODE;2026-11-12 16:31:51;0;;;;
307571;2;LINES_OF_CODE;2026-11-12 17:20:49;5;;;;
307381;2;LINES_OF_CODE;2026-11-12 17:27:57;6;;;;
307277;2;LINES_OF_CODE;2026-11-12 17:44:28;1;;;;
307065;2;LINES_OF_CODE;2026-11-13 08:37:26;7;;;;
307642;2;LINES_OF_CODE;2026-11-13 08:57:01;-1;;;;
307007;2;LINES_OF_CODE;2026-11-13 09:07:12;9;;;;
307019;2;LINES_OF_CODE;2026-11-13 09:07:25;4;;;;
307404;2;LINES_OF_CODE;2026-11-13 09:31:43;4;;;;
307239;2;LINES_OF_CODE;2026-11-13 09:36:09;9;;;;
307102;2;LINES_OF_CODE;2026-11-13 09:48:03;15;;;;
307036;2;LINES_OF_CODE;2026-11-13 10:25:39;7;;;;
307052;2;LINES_OF_CODE;2026-11-13 10:54:25;6;;;;
307650;2;LINES_OF_CODE;2026-11-13 11:11:46;6;;;;
307459;2;LINES_OF_CODE;2026-11-13 11:13:17;3;;;;
307116;2;LINES_OF_CODE;2026-11-13 11:25:46;5;;;;
306996;2;LINES_OF_CODE;2026-11-13 12:10:15;11;;;;
307367;2;LINES_OF_CODE;2026-11-13 13:14:13;9;;;;
307179;2;LINES_OF_CODE;2026-11-13 13:20:54;2;;;;
307325;2;LINES_OF_CODE;2026-11-13 15:14:44;7;;;;
307333;2;LINES_OF_CODE;2026-11-13 15:22:24;4;;;;
307035;2;LINES_OF_CODE;2026-11-13 15:36:44;6;;;;
307647;2;LINES_OF_CODE;2026-11-13 15:58:34;2;;;;
307505;2;LINES_OF_CODE;2026-11-13 16:07:52;2;;;;
307526;2;LINES_OF_CODE;2026-11-13 17:01:10;3;;;;
307014;2;LINES_OF_CODE;2026-11-13 17:05:58;6;;;;
307147;2;LINES_OF_CODE;2026-11-13 17:20:22;16;;;;
306993;2;LINES_OF_CODE;2026-11-13 17:22:13;5;;;;
307594;2;LINES_OF_CODE;2026-11-13 17:51:40;4;;;;
307238;2;LINES_OF_CODE;2026-11-16 08:18:55;8;;;;
307133;2;LINES_OF_CODE;2026-11-16 08:34:48;7;;;;
307315;2;LINES_OF_CODE;2026-11-16 09:40:34;9;;;;
307607;2;LINES_OF_CODE;2026-11-16 10:25:02;4;;;;
307386;2;LINES_OF_CODE;2026-11-16 10:48:15;1;;;;
307388;2;LINES_OF_CODE;2026-11-16 10:57:15;6;;;;
307284;2;LINES_OF_CODE;2026-11-16 11:22:32;0;;;;
307609;2;LINES_OF_CODE;2026-11-16 11:33:34;3;;;;
307345;2;LINES_OF_CODE;2026-11-16 11:38:23;3;;;;
307314;2;LINES_OF_CODE;2026-11-16 11:47:00;6;;;;
307503;2;LINES_OF_CODE;2026-11-16 11:51:53;9;;;;
307548;2;LINES_OF_CODE;2026-11-16 11:53:35;4;;;;
307108;2;LINES_OF_CODE;2026-11-16 12:04:06;6;;;;
307025;2;LINES_OF_CODE;2026-11-16 12:46:47;5;;;;
307090;2;LINES_OF_CODE;2026-11-16 12:56:55;2;;;;
307308;2;LINES_OF_CODE;2026-11-16 13:57:32;6;;;;
307048;2;LINES_OF_CODE;2026-11-16 14:08:53;1;;;;
307337;2;LINES_OF_CODE;2026-11-16 14:11:10;8;;;;
307168;2;LINES_OF_CODE;2026-11-16 14:29:04;5;;;;
307653;2;LINES_OF_CODE;2026-11-16 14:29:58;5;;;;
307411;2;LINES_OF_CODE;2026-11-16 14:55:49;6;;;;
307559;2;LINES_OF_CODE;2026-11-16 15:00:39;14;;;;
307165;2;LINES_OF_CODE;2026-11-16 15:49:38;2;;;;
307164;2;LINES_OF_CODE;2026-11-16 16:21:47;8;;;;
307241;2;LINES_OF_CODE;2026-11-16 16:45:25;8;;;;
307637;2;LINES_OF_CODE;2026-11-16 16:48:20;8;;;;
307387;2;LINES_OF_CODE;2026-11-16 16:52:26;8;;;;
307491;2;LINES_OF_CODE;2026-11-16 16:54:09;9;;;;
307312;2;LINES_OF_CODE;2026-11-16 17:21:43;6;;;;
307400;2;LINES_OF_CODE;2026-11-16 17:23:55;3;;;;
307254;2;LINES_OF_CODE;2026-11-16 17:36:03;2;;;;
307083;2;LINES_OF_CODE;2026-11-16 17:45:54;6;;;;
307455;2;LINES_OF_CODE;2026-11-16 17:50:13;14;;;;
307532;2;LINES_OF_CODE;2026-11-17 08:34:31;6;;;;
307148;2;LINES_OF_CODE;2026-11-17 08:45:27;2;;;;
307171;2;LINES_OF_CODE;2026-11-17 08:53:11;11;;;;
307193;2;LINES_OF_CODE;2026-11-17 09:10:58;6;;;;
307184;2;LINES_OF_CODE;2026-11-17 09:22:50;9;;;;
307492;2;LINES_OF_CODE;2026-11-17 10:00:53;5;;;;
307524;2;LINES_OF_CODE;2026-11-17 10:46:30;5;;;;
307644;2;LINES_OF_CODE;2026-11-17 11:13:26;14;;;;
307655;2;LINES_OF_CODE;2026-11-17 11:22:00;9;;;;
307205;2;LINES_OF_CODE;2026-11-17 11:57:19;2;;;;
307328;2;LINES_OF_CODE;2026-11-17 11:58:23;8;;;;
307134;2;LINES_OF_CODE;2026-11-17 12:33:35;4;;;;
307187;2;LINES_OF_CODE;2026-11-17 12:49:18;2;;;;
307597;2;LINES_OF_CODE;2026-11-17 13:01:49;3;;;;
307442;2;LINES_OF_CODE;2026-11-17 13:07:56;1;;;;
307114;2;LINES_OF_CODE;2026-11-17 13:24:15;3;;;;
307599;2;LINES_OF_CODE;2026-11-17 13:26:47;13;;;;
307222;2;LINES_OF_CODE;2026-11-17 13:36:57;5;;;;
307513;2;LINES_OF_CODE;2026-11-17 13:40:48;7;;;;
307357;2;LINES_OF_CODE;2026-11-17 13:49:13;13;;;;
307080;2;LINES_OF_CODE;2026-11-17 13:49:36;0;;;;
307334;2;LINES_OF_CODE;2026-11-17 16:04:49;9;;;;
307094;2;LINES_OF_CODE;2026-11-17 16:40:46;6;;;;
307342;2;LINES_OF_CODE;2026-11-17 17:08:02;-1;;;;
307577;2;LINES_OF_CODE;2026-11-17 17:09:17;10;;;;
307262;2;LINES_OF_CODE;2026-11-17 17:47:01;-4;;;;
307391;2;LINES_OF_CODE;2026-11-17 17:57:31;3;;;;
307259;2;LINES_OF_CODE;2026-11-17 17:58:52;8;;;;
307217;2;LINES_OF_CODE;2026-11-18 08:02:43;6;;;;
307170;2;LINES_OF_CODE;2026-11-18 08:32:45;3;;;;
307572;2;LINES_OF_CODE;2026-11-18 08:45:50;7;;;;
307166;2;LINES_OF_CODE;2026-11-18 08:48:32;8;;;;
307654;2;LINES_OF_CODE;2026-11-18 09:03:19;8;;;;
307349;2;LINES_OF_CODE;2026-11-18 09:32:07;0;;;;
307027;2;LINES_OF_CODE;2026-11-18 09:48:19;0;;;;
307364;2;LINES_OF_CODE;2026-11-18 10:09:17;-1;;;;
306990;2;LINES_OF_CODE;2026-11-18 11:03:53;5;;;;
307602;2;LINES_OF_CODE;2026-11-18 11:28:00;2;;;;
307063;2;LINES_OF_CODE;2026-11-18 12:03:26;4;;;;
307485;2;LINES_OF_CODE;2026-11-18 12:12:53;2;;;;
307207;2;LINES_OF_CODE;2026-11-18 12:18:06;0;;;;
307366;2;LINES_OF_CODE;2026-11-18 12:19:30;7;;;;
306988;2;LINES_OF_CODE;2026-11-18 12:20:34;8;;;;
307425;2;LINES_OF_CODE;2026-11-18 12:22:12;6;;;;
307593;2;LINES_OF_CODE;2026-11-18 12:54:07;1;;;;
307631;2;LINES_OF_CODE;2026-11-18 13:14:40;0;;;;
307209;2;LINES_OF_CODE;2026-11-18 13:44:21;7;;;;
307434;2;LINES_OF_CODE;2026-11-18 14:16:21;7;;;;
307230;2;LINES_OF_CODE;2026-11-18 15:11:30;9;;;;
307495;2;LINES_OF_CODE;2026-11-18 15:31:50;4;;;;
307341;2;LINES_OF_CODE;2026-11-18 15:49:40;9;;;;
307379;2;LINES_OF_CODE;2026-11-18 16:00:05;6;;;;
307547;2;LINES_OF_CODE;2026-11-18 16:37:56;8;;;;
307540;2;LINES_OF_CODE;2026-11-18 16:41:18;8;;;;
307475;2;LINES_OF_CODE;2026-11-18 16:53:14;9;;;;
307596;2;LINES_OF_CODE;2026-11-18 17:19:21;8;;;;
307301;2;LINES_OF_CODE;2026-11-18 17:21:59;3;;;;
307172;2;LINES_OF_CODE;2026-11-19 08:02:07;15;;;;
307219;2;LINES_OF_CODE;2026-11-19 09:15:52;4;;;;
307103;2;LINES_OF_CODE;2026-11-19 09:16:35;8;;;;
307504;2;LINES_OF_CODE;2026-11-19 09:30:22;1;;;;
307175;2;LINES_OF_CODE;2026-11-19 09:53:05;5;;;;
307087;2;LINES_OF_CODE;2026-11-19 11:04:16;12;;;;
307409;2;LINES_OF_CODE;2026-11-19 11:12:11;0;;;;
307212;2;LINES_OF_CODE;2026-11-19 11:54:34;3;;;;
307040;2;LINES_OF_CODE;2026-11-19 12:00:07;0;;;;
307271;2;LINES_OF_CODE;2026-11-19 12:06:28;-2;;;;
307274;2;LINES_OF_CODE;2026-11-19 12:40:20;4;;;;
307089;2;LINES_OF_CODE;2026-11-19 12:40:53;0;;;;
307122;2;LINES_OF_CODE;2026-11-19 13:31:33;3;;;;
307421;2;LINES_OF_CODE;2026-11-19 13:46:44;2;;;;
307008;2;LINES_OF_CODE;2026-11-19 14:21:35;4;;;;
307272;2;LINES_OF_CODE;2026-11-19 14:22:44;3;;;;
307149;2;LINES_OF_CODE;2026-11-19 14:48:45;6;;;;
307228;2;LINES_OF_CODE;2026-11-19 15:33:21;3;;;;
307377;2;LINES_OF_CODE;2026-11-19 15:37:00;8;;;;
307452;2;LINES_OF_CODE;2026-11-19 16:24:54;4;;;;
307173;2;LINES_OF_CODE;2026-11-19 17:09:28;9;;;;
307268;2;LINES_OF_CODE;2026-11-19 17:16:08;9;;;;
307354;2;LINES_OF_CODE;2026-11-19 17:27:33;5;;;;
307182;2;LINES_OF_CODE;2026-11-19 17:52:12;0;;;;
307005;2;LINES_OF_CODE;2026-11-20 08:12:46;4;;;;
307512;2;LINES_OF_CODE;2026-11-20 08:14:26;3;;;;
307003;2;LINES_OF_CODE;2026-11-20 09:04:22;8;;;;
307352;2;LINES_OF_CODE;2026-11-20 09:09:43;8;;;;
307613;2;LINES_OF_CODE;2026-11-20 09:56:47;5;;;;
307066;2;LINES_OF_CODE;2026-11-20 10:06:10;4;;;;
307529;2;LINES_OF_CODE;2026-11-20 10:11:05;13;;;;
307447;2;LINES_OF_CODE;2026-11-20 10:18:18;6;;;;
307552;2;LINES_OF_CODE;2026-11-20 10:59:46;1;;;;
307374;2;LINES_OF_CODE;2026-11-20 11:11:11;10;;;;
307290;2;LINES_OF_CODE;2026-11-20 11:16:54;4;;;;
307355;2;LINES_OF_CODE;2026-11-20 11:27:36;2;;;;
307424;2;LINES_OF_CODE;2026-11-20 11:56:25;4;;;;
307049;2;LINES_OF_CODE;2026-11-20 12:06:02;0;;;;
307021;2;LINES_OF_CODE;2026-11-20 12:20:41;0;;;;
307047;2;LINES_OF_CODE;2026-11-20 12:23:01;5;;;;
307318;2;LINES_OF_CODE;2026-11-20 12:31:30;4;;;;
307298;2;LINES_OF_CODE;2026-11-20 12:47:01;10;;;;
307029;2;LINES_OF_CODE;2026-11-20 13:05:34;5;;;;
307583;2;LINES_OF_CODE;2026-11-20 13:32:53;6;;;;
307468;2;LINES_OF_CODE;2026-11-20 13:43:29;9;;;;
307044;2;LINES_OF_CODE;2026-11-20 13:48:35;1;;;;
307310;2;LINES_OF_CODE;2026-11-20 14:22:36;5;;;;
307450;2;LINES_OF_CODE;2026-11-20 14:41:39;1;;;;
307478;2;LINES_OF_CODE;2026-11-20 14:47:28;11;;;;
307466;2;LINES_OF_CODE;2026-11-20 15:40:06;11;;;;
307033;2;LINES_OF_CODE;2026-11-20 15:42:45;8;;;;
307017;2;LINES_OF_CODE;2026-11-20 15:51:22;13;;;;
307490;2;LINES_OF_CODE;2026-11-20 16:00:41;5;;;;
307067;2;LINES_OF_CODE;2026-11-20 16:19:34;6;;;;
307622;2;LINES_OF_CODE;2026-11-20 16:31:46;3;;;;
307323;2;LINES_OF_CODE;2026-11-20 16:40:59;-1;;;;
307123;2;LINES_OF_CODE;2026-11-20 16:44:41;5;;;;
307297;2;LINES_OF_CODE;2026-11-20 16:55:12;0;;;;
307053;2;LINES_OF_CODE;2026-11-20 17:18:10;3;;;;
307486;2;LINES_OF_CODE;2026-11-20 17:31:23;6;;;;
307417;2;LINES_OF_CODE;2026-11-23 08:08:35;5;;;;
307283;2;LINES_OF_CODE;2026-11-23 09:13:56;6;;;;
307591;2;LINES_OF_CODE;2026-11-23 09:26:37;6;;;;
307423;2;LINES_OF_CODE;2026-11-23 09:35:36;3;;;;
307335;2;LINES_OF_CODE;2026-11-23 09:42:05;1;;;;
307620;2;LINES_OF_CODE;2026-11-23 09:42:59;14;;;;
307615;2;LINES_OF_CODE;2026-11-23 10:04:25;-2;;;;
307561;2;LINES_OF_CODE;2026-11-23 10:52:02;3;;;;
307497;2;LINES_OF_CODE;2026-11-23 11:18:03;0;;;;
307071;2;LINES_OF_CODE;2026-11-23 11:49:16;8;;;;
307557;2;LINES_OF_CODE;2026-11-23 12:08:01;7;;;;
307509;2;LINES_OF_CODE;2026-11-23 12:50:31;6;;;;
307566;2;LINES_OF_CODE;2026-11-23 12:52:39;8;;;;
307232;2;LINES_OF_CODE;2026-11-23 12:54:24;8;;;;
307055;2;LINES_OF_CODE;2026-11-23 13:18:23;-1;;;;
307154;2;LINES_OF_CODE;2026-11-23 13:24:41;15;;;;
307330;2;LINES_OF_CODE;2026-11-23 13:30:50;4;;;;
307112;2;LINES_OF_CODE;2026-11-23 13:33:06;3;;;;
307291;2;LINES_OF_CODE;2026-11-23 13:33:56;3;;;;
307389;2;LINES_OF_CODE;2026-11-23 13:40:58;5;;;;
307454;2;LINES_OF_CODE;2026-11-23 14:00:01;8;;;;
307581;2;LINES_OF_CODE;2026-11-23 14:23:33;7;;;;
307309;2;LINES_OF_CODE;2026-11-23 14:58:55;7;;;;
307652;2;LINES_OF_CODE;2026-11-23 15:08:46;4;;;;
307031;2;LINES_OF_CODE;2026-11-23 15:12:11;1;;;;
307139;2;LINES_OF_CODE;2026-11-23 15:21:56;2;;;;
307603;2;LINES_OF_CODE;2026-11-23 15:23:36;5;;;;
307287;2;LINES_OF_CODE;2026-11-23 15:36:45;3;;;;
307006;2;LINES_OF_CODE;2026-11-23 15:52:09;11;;;;
307281;2;LINES_OF_CODE;2026-11-23 16:43:05;10;;;;
307383;2;LINES_OF_CODE;2026-11-23 16:49:48;9;;;;
307229;2;LINES_OF_CODE;2026-11-23 17:01:50;5;;;;
307224;2;LINES_OF_CODE;2026-11-23 17:04:51;0;;;;
307376;2;LINES_OF_CODE;2026-11-23 17:12:08;5;;;;
307625;2;LINES_OF_CODE;2026-11-23 17:12:39;2;;;;
307582;2;LINES_OF_CODE;2026-11-23 17:29:31;6;;;;
307327;2;LINES_OF_CODE;2026-11-23 17:35:29;4;;;;
307236;2;LINES_OF_CODE;2026-11-24 08:01:07;7;;;;
307365;2;LINES_OF_CODE;2026-11-24 08:30:56;6;;;;
307568;2;LINES_OF_CODE;2026-11-24 09:01:30;7;;;;
307479;2;LINES_OF_CODE;2026-11-24 09:15:48;1;;;;
307482;2;LINES_OF_CODE;2026-11-24 09:21:21;2;;;;
307371;2;LINES_OF_CODE;2026-11-24 09:27:01;7;;;;
307640;2;LINES_OF_CODE;2026-11-24 09:27:10;6;;;;
307372;2;LINES_OF_CODE;2026-11-24 09:35:27;6;;;;
307617;2;LINES_OF_CODE;2026-11-24 09:37:50;5;;;;
307246;2;LINES_OF_CODE;2026-11-24 10:00:24;7;;;;
307589;2;LINES_OF_CODE;2026-11-24 10:34:11;1;;;;
307061;2;LINES_OF_CODE;2026-11-24 10:37:58;7;;;;
307181;2;LINES_OF_CODE;2026-11-24 11:14:34;13;;;;
307316;2;LINES_OF_CODE;2026-11-24 11:21:45;9;;;;
307028;2;LINES_OF_CODE;2026-11-24 11:49:44;4;;;;
307203;2;LINES_OF_CODE;2026-11-24 12:46:05;1;;;;
307137;2;LINES_OF_CODE;2026-11-24 12:48:53;5;;;;
307426;2;LINES_OF_CODE;2026-11-24 13:30:32;3;;;;
307439;2;LINES_OF_CODE;2026-11-24 13:30:37;5;;;;
307057;2;LINES_OF_CODE;2026-11-24 13:32:16;2;;;;
307449;2;LINES_OF_CODE;2026-11-24 13:36:42;1;;;;
307285;2;LINES_OF_CODE;2026-11-24 13:42:13;4;;;;
307545;2;LINES_OF_CODE;2026-11-24 13:43:59;4;;;;
307113;2;LINES_OF_CODE;2026-11-24 14:55:34;5;;;;
307523;2;LINES_OF_CODE;2026-11-24 15:25:10;0;;;;
307646;2;LINES_OF_CODE;2026-11-24 15:37:20;6;;;;
307623;2;LINES_OF_CODE;2026-11-24 15:50:05;7;;;;
307612;2;LINES_OF_CODE;2026-11-24 16:22:19;12;;;;
307199;2;LINES_OF_CODE;2026-11-24 16:25:43;4;;;;
307448;2;LINES_OF_CODE;2026-11-24 16:43:32;3;;;;
307496;2;LINES_OF_CODE;2026-11-24 16:43:35;6;;;;
307195;2;LINES_OF_CODE;2026-11-24 17:03:05;14;;;;
307621;2;LINES_OF_CODE;2026-11-24 17:37:17;3;;;;
307240;2;LINES_OF_CODE;2026-11-24 17:42:08;8;;;;
307445;2;LINES_OF_CODE;2026-11-25 08:48:33;0;;;;
307350;2;LINES_OF_CODE;2026-11-25 09:22:00;4;;;;
307415;2;LINES_OF_CODE;2026-11-25 09:43:48;5;;;;
307045;2;LINES_OF_CODE;2026-11-25 11:09:01;-2;;;;
307142;2;LINES_OF_CODE;2026-11-25 11:16:21;-1;;;;
307382;2;LINES_OF_CODE;2026-11-25 11:42:50;1;;;;
307627;2;LINES_OF_CODE;2026-11-25 12:04:45;4;;;;
307120;2;LINES_OF_CODE;2026-11-25 12:18:10;0;;;;
307629;2;LINES_OF_CODE;2026-11-25 12:35:30;2;;;;
307279;2;LINES_OF_CODE;2026-11-25 12:36:27;0;;;;
307194;2;LINES_OF_CODE;2026-11-25 13:06:40;-1;;;;
307208;2;LINES_OF_CODE;2026-11-25 13:18:45;1;;;;
307558;2;LINES_OF_CODE;2026-11-25 13:33:19;2;;;;
307628;2;LINES_OF_CODE;2026-11-25 13:49:51;8;;;;
307347;2;LINES_OF_CODE;2026-11-25 13:50:28;-1;;;;
307041;2;LINES_OF_CODE;2026-11-25 14:32:43;5;;;;
307432;2;LINES_OF_CODE;2026-11-25 15:06:01;10;;;;
307541;2;LINES_OF_CODE;2026-11-25 15:22:44;3;;;;
307125;2;LINES_OF_CODE;2026-11-25 15:23:22;0;;;;
307636;2;LINES_OF_CODE;2026-11-25 16:00:51;9;;;;
307266;2;LINES_OF_CODE;2026-11-25 16:21:16;2;;;;
307305;2;LINES_OF_CODE;2026-11-25 16:21:45;8;;;;
307023;2;LINES_OF_CODE;2026-11-25 17:00:09;7;;;;
307140;2;LINES_OF_CODE;2026-11-25 17:07:58;2;;;;
307136;2;LINES_OF_CODE;2026-11-25 17:54:24;-3;;;;
307105;2;LINES_OF_CODE;2026-11-26 08:00:17;5;;;;
307361;2;LINES_OF_CODE;2026-11-26 08:12:20;4;;;;
307536;2;LINES_OF_CODE;2026-11-26 08:13:54;4;;;;
307564;2;LINES_OF_CODE;2026-11-26 08:25:36;10;;;;
307275;2;LINES_OF_CODE;2026-11-26 09:16:56;8;;;;
307331;2;LINES_OF_CODE;2026-11-26 09:23:44;6;;;;
307329;2;LINES_OF_CODE;2026-11-26 09:44:35;9;;;;
307255;2;LINES_OF_CODE;2026-11-26 10:22:44;0;;;;
307488;2;LINES_OF_CODE;2026-11-26 10:38:06;3;;;;
307533;2;LINES_OF_CODE;2026-11-26 10:41:55;9;;;;
307392;2;LINES_OF_CODE;2026-11-26 10:55:16;5;;;;
307606;2;LINES_OF_CODE;2026-11-26 11:28:07;2;;;;
307511;2;LINES_OF_CODE;2026-11-26 11:54:30;6;;;;
307202;2;LINES_OF_CODE;2026-11-26 12:00:10;5;;;;
307624;2;LINES_OF_CODE;2026-11-26 12:05:38;0;;;;
306999;2;LINES_OF_CODE;2026-11-26 12:44:32;10;;;;
307119;2;LINES_OF_CODE;2026-11-26 12:48:15;2;;;;
307213;2;LINES_OF_CODE;2026-11-26 13:16:45;14;;;;
307483;2;LINES_OF_CODE;2026-11-26 13:21:15;0;;;;
307648;2;LINES_OF_CODE;2026-11-26 14:35:36;8;;;;
307651;2;LINES_OF_CODE;2026-11-26 14:50:04;2;;;;
307346;2;LINES_OF_CODE;2026-11-26 14:55:49;10;;;;
307427;2;LINES_OF_CODE;2026-11-26 15:02:04;3;;;;
307216;2;LINES_OF_CODE;2026-11-26 15:07:47;2;;;;
307269;2;LINES_OF_CODE;2026-11-26 15:23:45;7;;;;
307176;2;LINES_OF_CODE;2026-11-26 15:34:51;1;;;;
307446;2;LINES_OF_CODE;2026-11-26 15:35:02;1;;;;
307192;2;LINES_OF_CODE;2026-11-26 15:41:30;3;;;;
307585;2;LINES_OF_CODE;2026-11-26 15:56:52;1;;;;
307510;2;LINES_OF_CODE;2026-11-26 16:26:28;7;;;;
307403;2;LINES_OF_CODE;2026-11-26 16:38:10;6;;;;
307433;2;LINES_OF_CODE;2026-11-26 16:51:22;8;;;;
307538;2;LINES_OF_CODE;2026-11-26 16:54:13;1;;;;
307480;2;LINES_OF_CODE;2026-11-26 17:07:22;3;;;;
307528;2;LINES_OF_CODE;2026-11-26 17:17:43;0;;;;
307368;2;LINES_OF_CODE;2026-11-26 17:30:07;3;;;;
307062;2;LINES_OF_CODE;2026-11-26 17:34:52;6;;;;
307484;2;LINES_OF_CODE;2026-11-26 17:48:36;2;;;;
307253;2;LINES_OF_CODE;2026-11-27 08:16:39;9;;;;
307227;2;LINES_OF_CODE;2026-11-27 08:19:23;12;;;;
307539;2;LINES_OF_CODE;2026-11-27 09:30:31;6;;;;
307656;2;LINES_OF_CODE;2026-11-27 09:38:53;8;;;;
307437;2;LINES_OF_CODE;2026-11-27 10:11:58;7;;;;
307270;2;LINES_OF_CODE;2026-11-27 10:12:52;9;;;;
307467;2;LINES_OF_CODE;2026-11-27 10:21:59;3;;;;
307085;2;LINES_OF_CODE;2026-11-27 10:24:37;4;;;;
307611;2;LINES_OF_CODE;2026-11-27 10:30:30;4;;;;
307462;2;LINES_OF_CODE;2026-11-27 10:37:22;3;;;;
307546;2;LINES_OF_CODE;2026-11-27 11:07:03;1;;;;
307472;2;LINES_OF_CODE;2026-11-27 11:17:52;2;;;;
307378;2;LINES_OF_CODE;2026-11-27 12:27:21;7;;;;
307162;2;LINES_OF_CODE;2026-11-27 12:37:29;5;;;;
307302;2;LINES_OF_CODE;2026-11-27 13:23:23;2;;;;
307011;2;LINES_OF_CODE;2026-11-27 15:19:51;5;;;;
307343;2;LINES_OF_CODE;2026-11-27 15:26:44;3;;;;
307128;2;LINES_OF_CODE;2026-11-27 15:38:51;3;;;;
307132;2;LINES_OF_CODE;2026-11-27 16:08:19;1;;;;
307234;2;LINES_OF_CODE;2026-11-27 17:23:22;3;;;;
307464;2;LINES_OF_CODE;2026-11-27 17:48:28;5;;;;
307465;2;LINES_OF_CODE;2026-11-30 08:12:36;-2;;;;
307398;2;LINES_OF_CODE;2026-11-30 08:44:21;6;;;;
307196;2;LINES_OF_CODE;2026-11-30 09:22:16;9;;;;
307518;2;LINES_OF_CODE;2026-11-30 09:26:43;3;;;;
307428;2;LINES_OF_CODE;2026-11-30 09:53:10;2;;;;
307034;2;LINES_OF_CODE;2026-11-30 11:42:22;-1;;;;
307056;2;LINES_OF_CODE;2026-11-30 12:10:59;2;;;;
307156;2;LINES_OF_CODE;2026-11-30 12:17:28;5;;;;
307553;2;LINES_OF_CODE;2026-11-30 12:18:23;-2;;;;
307264;2;LINES_OF_CODE;2026-11-30 13:00:36;4;;;;
307451;2;LINES_OF_CODE;2026-11-30 13:08:38;12;;;;
307393;2;LINES_OF_CODE;2026-11-30 14:00:19;11;;;;
307535;2;LINES_OF_CODE;2026-11-30 14:29:51;5;;;;
307470;2;LINES_OF_CODE;2026-11-30 14:34:40;3;;;;
307109;2;LINES_OF_CODE;2026-11-30 14:39:35;7;;;;
307356;2;LINES_OF_CODE;2026-11-30 15:02:28;3;;;;
307015;2;LINES_OF_CODE;2026-11-30 15:11:24;7;;;;
307252;2;LINES_OF_CODE;2026-11-30 15:12:09;3;;;;
307573;2;LINES_OF_CODE;2026-11-30 15:29:24;1;;;;
307046;2;LINES_OF_CODE;2026-11-30 15:36:34;4;;;;
307645;2;LINES_OF_CODE;2026-11-30 15:52:53;4;;;;
307317;2;LINES_OF_CODE;2026-11-30 16:38:42;0;;;;
307458;2;LINES_OF_CODE;2026-11-30 17:11:13;7;;;;
307273;2;LINES_OF_CODE;2026-11-30 17:29:57;4;;;;
307110;2;LINES_OF_CODE;2026-11-30 17:33:36;5;;;;
307521;2;LINES_OF_CODE;2026-11-30 17:40:52;6;;;;
307443;2;LINES_OF_CODE;2026-11-30 17:45:35;1;;;;
307336;2;LINES_OF_CODE;2026-11-30 17:56:32;2;;;;
308161;2;LINES_OF_CODE;2026-12-01 08:29:07;6;;;;
307690;2;LINES_OF_CODE;2026-12-01 08:53:13;8;;;;
307736;2;LINES_OF_CODE;2026-12-01 09:01:48;0;;;;
308053;2;LINES_OF_CODE;2026-12-01 09:09:22;9;;;;
308246;2;LINES_OF_CODE;2026-12-01 09:14:50;4;;;;
308137;2;LINES_OF_CODE;2026-12-01 09:18:58;9;;;;
307993;2;LINES_OF_CODE;2026-12-01 09:44:40;0;;;;
307893;2;LINES_OF_CODE;2026-12-01 09:55:49;5;;;;
308130;2;LINES_OF_CODE;2026-12-01 09:57:58;1;;;;
308293;2;LINES_OF_CODE;2026-12-01 10:17:08;3;;;;
307685;2;LINES_OF_CODE;2026-12-01 10:20:50;16;;;;
308097;2;LINES_OF_CODE;2026-12-01 10:27:33;4;;;;
307681;2;LINES_OF_CODE;2026-12-01 10:46:44;5;;;;
307927;2;LINES_OF_CODE;2026-12-01 12:14:49;8;;;;
308062;2;LINES_OF_CODE;2026-12-01 13:01:28;2;;;;
308051;2;LINES_OF_CODE;2026-12-01 13:40:17;1;;;;
308217;2;LINES_OF_CODE;2026-12-01 13:45:22;7;;;;
307737;2;LINES_OF_CODE;2026-12-01 13:50:44;3;;;;
307964;2;LINES_OF_CODE;2026-12-01 14:12:38;8;;;;
307938;2;LINES_OF_CODE;2026-12-01 14:18:51;14;;;;
308006;2;LINES_OF_CODE;2026-12-01 14:28:20;4;;;;
307945;2;LINES_OF_CODE;2026-12-01 14:28:24;-4;;;;
308256;2;LINES_OF_CODE;2026-12-01 14:43:08;11;;;;
308176;2;LINES_OF_CODE;2026-12-01 15:29:08;7;;;;
307867;2;LINES_OF_CODE;2026-12-01 16:06:16;5;;;;
308275;2;LINES_OF_CODE;2026-12-01 16:21:18;4;;;;
308199;2;LINES_OF_CODE;2026-12-01 16:49:02;6;;;;
308286;2;LINES_OF_CODE;2026-12-01 17:25:49;3;;;;
307818;2;LINES_OF_CODE;2026-12-01 17:41:08;10;;;;
308021;2;LINES_OF_CODE;2026-12-01 17:50:36;6;;;;
308298;2;LINES_OF_CODE;2026-12-02 08:09:12;5;;;;
308210;2;LINES_OF_CODE;2026-12-02 08:22:05;0;;;;
308013;2;LINES_OF_CODE;2026-12-02 08:50:27;7;;;;
307677;2;LINES_OF_CODE;2026-12-02 08:57:55;0;;;;
307954;2;LINES_OF_CODE;2026-12-02 09:03:32;11;;;;
308262;2;LINES_OF_CODE;2026-12-02 09:11:56;3;;;;
307986;2;LINES_OF_CODE;2026-12-02 09:35:42;12;;;;
308167;2;LINES_OF_CODE;2026-12-02 09:41:01;3;;;;
308233;2;LINES_OF_CODE;2026-12-02 09:41:59;2;;;;
307713;2;LINES_OF_CODE;2026-12-02 10:31:41;0;;;;
308248;2;LINES_OF_CODE;2026-12-02 10:36:46;3;;;;
307794;2;LINES_OF_CODE;2026-12-02 10:46:34;4;;;;
308143;2;LINES_OF_CODE;2026-12-02 11:12:26;5;;;;
308272;2;LINES_OF_CODE;2026-12-02 11:15:51;3;;;;
308153;2;LINES_OF_CODE;2026-12-02 11:18:55;12;;;;
307779;2;LINES_OF_CODE;2026-12-02 11:59:17;10;;;;
307806;2;LINES_OF_CODE;2026-12-02 12:35:02;6;;;;
307926;2;LINES_OF_CODE;2026-12-02 12:57:41;12;;;;
307911;2;LINES_OF_CODE;2026-12-02 13:01:58;0;;;;
308266;2;LINES_OF_CODE;2026-12-02 13:06:13;4;;;;
308317;2;LINES_OF_CODE;2026-12-02 14:20:26;9;;;;
308258;2;LINES_OF_CODE;2026-12-02 14:36:50;6;;;;
307894;2;LINES_OF_CODE;2026-12-02 15:01:55;2;;;;
308046;2;LINES_OF_CODE;2026-12-02 15:20:03;2;;;;
308019;2;LINES_OF_CODE;2026-12-02 15:30:19;7;;;;
307662;2;LINES_OF_CODE;2026-12-02 15:32:54;-2;;;;
308111;2;LINES_OF_CODE;2026-12-02 16:01:47;3;;;;
308237;2;LINES_OF_CODE;2026-12-02 16:32:34;4;;;;
307864;2;LINES_OF_CODE;2026-12-02 17:00:20;5;;;;
308147;2;LINES_OF_CODE;2026-12-02 17:59:00;8;;;;
307687;2;LINES_OF_CODE;2026-12-03 08:09:44;5;;;;
307931;2;LINES_OF_CODE;2026-12-03 09:01:18;4;;;;
307874;2;LINES_OF_CODE;2026-12-03 09:34:30;-1;;;;
307830;2;LINES_OF_CODE;2026-12-03 09:49:22;4;;;;
308265;2;LINES_OF_CODE;2026-12-03 10:14:05;0;;;;
307664;2;LINES_OF_CODE;2026-12-03 10:16:31;-1;;;;
308257;2;LINES_OF_CODE;2026-12-03 10:21:34;2;;;;
307803;2;LINES_OF_CODE;2026-12-03 10:41:01;5;;;;
307663;2;LINES_OF_CODE;2026-12-03 11:03:35;5;;;;
307836;2;LINES_OF_CODE;2026-12-03 11:12:13;8;;;;
308280;2;LINES_OF_CODE;2026-12-03 12:03:59;8;;;;
308200;2;LINES_OF_CODE;2026-12-03 12:27:40;10;;;;
308303;2;LINES_OF_CODE;2026-12-03 12:28:12;15;;;;
307888;2;LINES_OF_CODE;2026-12-03 13:14:45;7;;;;
308311;2;LINES_OF_CODE;2026-12-03 13:17:57;1;;;;
307958;2;LINES_OF_CODE;2026-12-03 13:44:23;7;;;;
307752;2;LINES_OF_CODE;2026-12-03 14:02:19;5;;;;
307877;2;LINES_OF_CODE;2026-12-03 14:09:28;8;;;;
308108;2;LINES_OF_CODE;2026-12-03 14:14:29;0;;;;
307680;2;LINES_OF_CODE;2026-12-03 14:16:14;4;;;;
308238;2;LINES_OF_CODE;2026-12-03 14:17:42;4;;;;
308309;2;LINES_OF_CODE;2026-12-03 14:21:37;1;;;;
307750;2;LINES_OF_CODE;2026-12-03 14:30:21;7;;;;
307763;2;LINES_OF_CODE;2026-12-03 15:38:38;7;;;;
307749;2;LINES_OF_CODE;2026-12-03 16:23:51;9;;;;
307843;2;LINES_OF_CODE;2026-12-03 16:45:25;6;;;;
308067;2;LINES_OF_CODE;2026-12-03 16:53:18;13;;;;
308305;2;LINES_OF_CODE;2026-12-03 17:38:57;7;;;;
307842;2;LINES_OF_CODE;2026-12-04 08:20:08;8;;;;
307817;2;LINES_OF_CODE;2026-12-04 08:35:42;4;;;;
307995;2;LINES_OF_CODE;2026-12-04 08:42:58;15;;;;
308048;2;LINES_OF_CODE;2026-12-04 08:59:25;-1;;;;
307823;2;LINES_OF_CODE;2026-12-04 09:16:37;1;;;;
308056;2;LINES_OF_CODE;2026-12-04 09:23:53;4;;;;
307873;2;LINES_OF_CODE;2026-12-04 09:32:13;16;;;;
308198;2;LINES_OF_CODE;2026-12-04 09:40:19;1;;;;
307665;2;LINES_OF_CODE;2026-12-04 09:44:39;-5;;;;
308101;2;LINES_OF_CODE;2026-12-04 09:44:57;2;;;;
308100;2;LINES_OF_CODE;2026-12-04 10:10:02;4;;;;
308239;2;LINES_OF_CODE;2026-12-04 10:23:21;9;;;;
307961;2;LINES_OF_CODE;2026-12-04 10:35:58;2;;;;
308273;2;LINES_OF_CODE;2026-12-04 11:04:46;0;;;;
308094;2;LINES_OF_CODE;2026-12-04 11:08:39;2;;;;
307782;2;LINES_OF_CODE;2026-12-04 11:26:18;1;;;;
308093;2;LINES_OF_CODE;2026-12-04 11:55:02;8;;;;
308285;2;LINES_OF_CODE;2026-12-04 12:02:40;11;;;;
307706;2;LINES_OF_CODE;2026-12-04 12:08:37;12;;;;
308059;2;LINES_OF_CODE;2026-12-04 12:12:01;12;;;;
308010;2;LINES_OF_CODE;2026-12-04 12:13:38;9;;;;
307967;2;LINES_OF_CODE;2026-12-04 12:48:52;4;;;;
308204;2;LINES_OF_CODE;2026-12-04 12:52:32;5;;;;
307869;2;LINES_OF_CODE;2026-12-04 12:53:59;2;;;;
308189;2;LINES_OF_CODE;2026-12-04 12:56:26;7;;;;
308146;2;LINES_OF_CODE;2026-12-04 13:02:31;4;;;;
308197;2;LINES_OF_CODE;2026-12-04 13:17:55;9;;;;
307771;2;LINES_OF_CODE;2026-12-04 13:35:54;8;;;;
307891;2;LINES_OF_CODE;2026-12-04 13:45:37;11;;;;
308031;2;LINES_OF_CODE;2026-12-04 14:06:05;12;;;;
307904;2;LINES_OF_CODE;2026-12-04 14:08:21;9;;;;
308118;2;LINES_OF_CODE;2026-12-04 14:12:38;7;;;;
307965;2;LINES_OF_CODE;2026-12-04 14:38:10;6;;;;
307780;2;LINES_OF_CODE;2026-12-04 15:05:52;1;;;;
308287;2;LINES_OF_CODE;2026-12-04 15:42:12;-2;;;;
307785;2;LINES_OF_CODE;2026-12-04 16:23:20;9;;;;
308162;2;LINES_OF_CODE;2026-12-04 16:36:51;9;;;;
308249;2;LINES_OF_CODE;2026-12-04 16:43:48;6;;;;
308292;2;LINES_OF_CODE;2026-12-04 16:44:06;1;;;;
308244;2;LINES_OF_CODE;2026-12-04 17:31:10;9;;;;
308187;2;LINES_OF_CODE;2026-12-04 17:45:06;5;;;;
308129;2;LINES_OF_CODE;2026-12-07 08:08:49;10;;;;
308141;2;LINES_OF_CODE;2026-12-07 08:17:07;13;;;;
308320;2;LINES_OF_CODE;2026-12-07 08:35:33;8;;;;
307821;2;LINES_OF_CODE;2026-12-07 08:57:11;1;;;;
308125;2;LINES_OF_CODE;2026-12-07 09:31:45;8;;;;
308290;2;LINES_OF_CODE;2026-12-07 09:34:00;9;;;;
307847;2;LINES_OF_CODE;2026-12-07 09:36:00;10;;;;
308098;2;LINES_OF_CODE;2026-12-07 09:40:36;7;;;;
307798;2;LINES_OF_CODE;2026-12-07 10:26:38;0;;;;
308271;2;LINES_OF_CODE;2026-12-07 10:49:00;10;;;;
307953;2;LINES_OF_CODE;2026-12-07 10:49:31;0;;;;
308043;2;LINES_OF_CODE;2026-12-07 10:57:34;9;;;;
307974;2;LINES_OF_CODE;2026-12-07 11:27:56;6;;;;
307892;2;LINES_OF_CODE;2026-12-07 11:40:33;8;;;;
308079;2;LINES_OF_CODE;2026-12-07 12:02:07;10;;;;
307934;2;LINES_OF_CODE;2026-12-07 12:37:05;4;;;;
308076;2;LINES_OF_CODE;2026-12-07 12:46:04;11;;;;
308107;2;LINES_OF_CODE;2026-12-07 13:00:45;3;;;;
308024;2;LINES_OF_CODE;2026-12-07 13:12:13;11;;;;
307876;2;LINES_OF_CODE;2026-12-07 13:29:37;2;;;;
307916;2;LINES_OF_CODE;2026-12-07 13:34:01;5;;;;
307909;2;LINES_OF_CODE;2026-12-07 14:18:00;9;;;;
307743;2;LINES_OF_CODE;2026-12-07 14:48:52;9;;;;
307682;2;LINES_OF_CODE;2026-12-07 14:53:26;7;;;;
307812;2;LINES_OF_CODE;2026-12-07 14:57:52;11;;;;
308245;2;LINES_OF_CODE;2026-12-07 15:12:45;0;;;;
307858;2;LINES_OF_CODE;2026-12-07 15:25:12;3;;;;
308139;2;LINES_OF_CODE;2026-12-07 15:25:39;14;;;;
307920;2;LINES_OF_CODE;2026-12-07 15:38:15;4;;;;
307786;2;LINES_OF_CODE;2026-12-07 15:59:11;1;;;;
307702;2;LINES_OF_CODE;2026-12-07 16:25:30;6;;;;
307747;2;LINES_OF_CODE;2026-12-07 16:35:29;14;;;;
308092;2;LINES_OF_CODE;2026-12-07 16:49:20;3;;;;
308112;2;LINES_OF_CODE;2026-12-07 17:04:16;5;;;;
307691;2;LINES_OF_CODE;2026-12-07 17:08:55;10;;;;
307881;2;LINES_OF_CODE;2026-12-07 17:33:15;1;;;;
307971;2;LINES_OF_CODE;2026-12-08 08:34:25;9;;;;
307698;2;LINES_OF_CODE;2026-12-08 08:50:12;11;;;;
307857;2;LINES_OF_CODE;2026-12-08 08:51:39;6;;;;
307708;2;LINES_OF_CODE;2026-12-08 08:52:33;6;;;;
308080;2;LINES_OF_CODE;2026-12-08 09:56:29;7;;;;
308052;2;LINES_OF_CODE;2026-12-08 10:29:50;0;;;;
307672;2;LINES_OF_CODE;2026-12-08 10:46:53;8;;;;
308131;2;LINES_OF_CODE;2026-12-08 11:35:33;8;;;;
308243;2;LINES_OF_CODE;2026-12-08 13:19:27;-2;;;;
307944;2;LINES_OF_CODE;2026-12-08 13:50:34;9;;;;
307872;2;LINES_OF_CODE;2026-12-08 14:09:30;3;;;;
308276;2;LINES_OF_CODE;2026-12-08 14:15:45;0;;;;
307919;2;LINES_OF_CODE;2026-12-08 14:31:13;2;;;;
307814;2;LINES_OF_CODE;2026-12-08 14:56:48;11;;;;
308178;2;LINES_OF_CODE;2026-12-08 14:59:28;4;;;;
307815;2;LINES_OF_CODE;2026-12-08 15:10:42;4;;;;
308088;2;LINES_OF_CODE;2026-12-08 15:59:19;-4;;;;
307917;2;LINES_OF_CODE;2026-12-08 16:27:57;8;;;;
307941;2;LINES_OF_CODE;2026-12-08 17:16:24;5;;;;
307787;2;LINES_OF_CODE;2026-12-08 17:23:34;5;;;;
307808;2;LINES_OF_CODE;2026-12-08 17:30:00;5;;;;
308212;2;LINES_OF_CODE;2026-12-08 17:43:57;2;;;;
307701;2;LINES_OF_CODE;2026-12-09 08:03:11;3;;;;
307666;2;LINES_OF_CODE;2026-12-09 08:23:15;4;;;;
308215;2;LINES_OF_CODE;2026-12-09 08:24:40;11;;;;
307819;2;LINES_OF_CODE;2026-12-09 08:30:05;7;;;;
308158;2;LINES_OF_CODE;2026-12-09 09:05:49;7;;;;
308259;2;LINES_OF_CODE;2026-12-09 10:26:03;6;;;;
308283;2;LINES_OF_CODE;2026-12-09 10:49:42;0;;;;
307703;2;LINES_OF_CODE;2026-12-09 10:50:43;8;;;;
308012;2;LINES_OF_CODE;2026-12-09 10:55:05;8;;;;
307731;2;LINES_OF_CODE;2026-12-09 11:23:44;-3;;;;
308196;2;LINES_OF_CODE;2026-12-09 11:37:57;7;;;;
307744;2;LINES_OF_CODE;2026-12-09 13:01:29;10;;;;
307871;2;LINES_OF_CODE;2026-12-09 13:34:27;0;;;;
307720;2;LINES_OF_CODE;2026-12-09 14:10:46;13;;;;
308227;2;LINES_OF_CODE;2026-12-09 14:11:21;18;;;;
308073;2;LINES_OF_CODE;2026-12-09 15:14:51;5;;;;
307658;2;LINES_OF_CODE;2026-12-09 15:51:52;7;;;;
308232;2;LINES_OF_CODE;2026-12-09 16:17:50;2;;;;
308322;2;LINES_OF_CODE;2026-12-09 16:47:38;11;;;;
308034;2;LINES_OF_CODE;2026-12-09 17:41:39;7;;;;
308201;2;LINES_OF_CODE;2026-12-09 17:43:50;4;;;;
308149;2;LINES_OF_CODE;2026-12-09 17:47:10;3;;;;
307759;2;LINES_OF_CODE;2026-12-09 17:51:01;4;;;;
308015;2;LINES_OF_CODE;2026-12-10 08:14:17;12;;;;
307887;2;LINES_OF_CODE;2026-12-10 08:15:31;10;;;;
308103;2;LINES_OF_CODE;2026-12-10 08:17:26;1;;;;
308001;2;LINES_OF_CODE;2026-12-10 08:22:36;7;;;;
308142;2;LINES_OF_CODE;2026-12-10 08:28:23;3;;;;
307773;2;LINES_OF_CODE;2026-12-10 08:35:15;6;;;;
307791;2;LINES_OF_CODE;2026-12-10 08:35:22;11;;;;
307757;2;LINES_OF_CODE;2026-12-10 08:38:02;11;;;;
307772;2;LINES_OF_CODE;2026-12-10 09:02:15;-5;;;;
307955;2;LINES_OF_CODE;2026-12-10 09:21:19;5;;;;
307740;2;LINES_OF_CODE;2026-12-10 09:31:37;10;;;;
307987;2;LINES_OF_CODE;2026-12-10 09:41:46;7;;;;
307932;2;LINES_OF_CODE;2026-12-10 09:51:06;1;;;;
308214;2;LINES_OF_CODE;2026-12-10 09:59:43;10;;;;
307777;2;LINES_OF_CODE;2026-12-10 10:02:03;5;;;;
308181;2;LINES_OF_CODE;2026-12-10 10:05:27;5;;;;
308291;2;LINES_OF_CODE;2026-12-10 10:15:04;1;;;;
307725;2;LINES_OF_CODE;2026-12-10 10:18:05;-2;;;;
307897;2;LINES_OF_CODE;2026-12-10 11:05:16;1;;;;
308171;2;LINES_OF_CODE;2026-12-10 11:43:10;-2;;;;
308055;2;LINES_OF_CODE;2026-12-10 11:48:22;1;;;;
307751;2;LINES_OF_CODE;2026-12-10 12:39:48;0;;;;
308269;2;LINES_OF_CODE;2026-12-10 13:00:54;5;;;;
307957;2;LINES_OF_CODE;2026-12-10 13:45:08;-2;;;;
308144;2;LINES_OF_CODE;2026-12-10 14:16:32;0;;;;
308202;2;LINES_OF_CODE;2026-12-10 14:47:04;8;;;;
308148;2;LINES_OF_CODE;2026-12-10 15:06:35;10;;;;
308224;2;LINES_OF_CODE;2026-12-10 15:09:13;0;;;;
308207;2;LINES_OF_CODE;2026-12-10 15:39:25;5;;;;
308221;2;LINES_OF_CODE;2026-12-10 15:41:31;6;;;;
308135;2;LINES_OF_CODE;2026-12-10 16:32:39;7;;;;
307719;2;LINES_OF_CODE;2026-12-10 16:50:20;4;;;;
308087;2;LINES_OF_CODE;2026-12-10 17:59:45;1;;;;
308281;2;LINES_OF_CODE;2026-12-11 08:15:00;3;;;;
307758;2;LINES_OF_CODE;2026-12-11 08:46:57;10;;;;
307762;2;LINES_OF_CODE;2026-12-11 08:49:53;14;;;;
307802;2;LINES_OF_CODE;2026-12-11 09:00:45;3;;;;
308007;2;LINES_OF_CODE;2026-12-11 10:00:20;7;;;;
307861;2;LINES_OF_CODE;2026-12-11 10:19:19;4;;;;
308123;2;LINES_OF_CODE;2026-12-11 10:23:58;-1;;;;
307846;2;LINES_OF_CODE;2026-12-11 10:47:17;3;;;;
307900;2;LINES_OF_CODE;2026-12-11 10:59:25;5;;;;
307800;2;LINES_OF_CODE;2026-12-11 11:28:21;0;;;;
307693;2;LINES_OF_CODE;2026-12-11 11:37:09;6;;;;
307813;2;LINES_OF_CODE;2026-12-11 12:26:51;2;;;;
307899;2;LINES_OF_CODE;2026-12-11 12:38:45;13;;;;
308032;2;LINES_OF_CODE;2026-12-11 12:52:29;5;;;;
308194;2;LINES_OF_CODE;2026-12-11 13:23:01;5;;;;
307850;2;LINES_OF_CODE;2026-12-11 13:23:12;11;;;;
308065;2;LINES_OF_CODE;2026-12-11 13:29:48;-1;;;;
308213;2;LINES_OF_CODE;2026-12-11 15:10:42;8;;;;
308027;2;LINES_OF_CODE;2026-12-11 15:23:48;7;;;;
307865;2;LINES_OF_CODE;2026-12-11 15:43:05;9;;;;
308270;2;LINES_OF_CODE;2026-12-11 15:48:35;0;;;;
307912;2;LINES_OF_CODE;2026-12-11 15:55:54;-4;;;;
308160;2;LINES_OF_CODE;2026-12-11 16:17:24;16;;;;
307878;2;LINES_OF_CODE;2026-12-11 16:34:04;8;;;;
307833;2;LINES_OF_CODE;2026-12-11 16:44:28;6;;;;
307723;2;LINES_OF_CODE;2026-12-11 17:31:18;9;;;;
307984;2;LINES_OF_CODE;2026-12-11 17:39:17;3;;;;
307994;2;LINES_OF_CODE;2026-12-11 17:44:51;0;;;;
307783;2;LINES_OF_CODE;2026-12-11 17:46:43;-1;;;;
307754;2;LINES_OF_CODE;2026-12-11 17:51:29;8;;;;
307688;2;LINES_OF_CODE;2026-12-11 17:51:42;5;;;;
307678;2;LINES_OF_CODE;2026-12-11 17:53:47;2;;;;
307816;2;LINES_OF_CODE;2026-12-14 08:23:48;10;;;;
308302;2;LINES_OF_CODE;2026-12-14 09:16:42;11;;;;
307948;2;LINES_OF_CODE;2026-12-14 09:17:18;6;;;;
307715;2;LINES_OF_CODE;2026-12-14 09:28:46;13;;;;
308132;2;LINES_OF_CODE;2026-12-14 09:29:15;6;;;;
307875;2;LINES_OF_CODE;2026-12-14 09:45:30;14;;;;
308235;2;LINES_OF_CODE;2026-12-14 10:38:31;1;;;;
308312;2;LINES_OF_CODE;2026-12-14 10:43:06;14;;;;
308045;2;LINES_OF_CODE;2026-12-14 10:46:57;6;;;;
308044;2;LINES_OF_CODE;2026-12-14 11:36:00;13;;;;
308314;2;LINES_OF_CODE;2026-12-14 12:42:41;3;;;;
307886;2;LINES_OF_CODE;2026-12-14 12:49:47;3;;;;
307849;2;LINES_OF_CODE;2026-12-14 13:01:05;4;;;;
307834;2;LINES_OF_CODE;2026-12-14 13:04:53;-2;;;;
308033;2;LINES_OF_CODE;2026-12-14 13:24:22;3;;;;
307732;2;LINES_OF_CODE;2026-12-14 13:34:45;-2;;;;
308193;2;LINES_OF_CODE;2026-12-14 13:43:59;6;;;;
308308;2;LINES_OF_CODE;2026-12-14 13:44:04;6;;;;
307863;2;LINES_OF_CODE;2026-12-14 13:44:47;14;;;;
307838;2;LINES_OF_CODE;2026-12-14 14:23:06;9;;;;
308110;2;LINES_OF_CODE;2026-12-14 14:46:04;9;;;;
308014;2;LINES_OF_CODE;2026-12-14 14:51:41;7;;;;
307684;2;LINES_OF_CODE;2026-12-14 15:31:52;11;;;;
307795;2;LINES_OF_CODE;2026-12-14 15:42:03;5;;;;
307820;2;LINES_OF_CODE;2026-12-14 15:57:13;1;;;;
307855;2;LINES_OF_CODE;2026-12-14 15:58:57;8;;;;
308008;2;LINES_OF_CODE;2026-12-14 16:23:07;8;;;;
307928;2;LINES_OF_CODE;2026-12-14 16:59:33;4;;;;
308192;2;LINES_OF_CODE;2026-12-14 17:02:04;6;;;;
308128;2;LINES_OF_CODE;2026-12-14 17:27:16;2;;;;
308234;2;LINES_OF_CODE;2026-12-14 17:45:44;3;;;;
307982;2;LINES_OF_CODE;2026-12-15 08:46:48;-1;;;;
308041;2;LINES_OF_CODE;2026-12-15 08:53:21;7;;;;
307853;2;LINES_OF_CODE;2026-12-15 09:40:55;9;;;;
308177;2;LINES_OF_CODE;2026-12-15 09:51:34;3;;;;
308102;2;LINES_OF_CODE;2026-12-15 09:53:01;5;;;;
307866;2;LINES_OF_CODE;2026-12-15 09:53:20;8;;;;
307770;2;LINES_OF_CODE;2026-12-15 10:04:29;7;;;;
307989;2;LINES_OF_CODE;2026-12-15 10:22:23;3;;;;
308218;2;LINES_OF_CODE;2026-12-15 10:28:59;3;;;;
308121;2;LINES_OF_CODE;2026-12-15 10:49:18;10;;;;
307807;2;LINES_OF_CODE;2026-12-15 11:02:20;-1;;;;
308211;2;LINES_OF_CODE;2026-12-15 11:19:13;7;;;;
308154;2;LINES_OF_CODE;2026-12-15 11:23:42;10;;;;
307718;2;LINES_OF_CODE;2026-12-15 11:30:33;10;;;;
308182;2;LINES_OF_CODE;2026-12-15 13:03:50;-1;;;;
308255;2;LINES_OF_CODE;2026-12-15 13:25:42;3;;;;
307947;2;LINES_OF_CODE;2026-12-15 13:56:06;2;;;;
308124;2;LINES_OF_CODE;2026-12-15 13:56:31;2;;;;
308023;2;LINES_OF_CODE;2026-12-15 13:59:05;13;;;;
308099;2;LINES_OF_CODE;2026-12-15 14:50:55;9;;;;
307697;2;LINES_OF_CODE;2026-12-15 15:14:20;14;;;;
308086;2;LINES_OF_CODE;2026-12-15 15:24:55;0;;;;
308085;2;LINES_OF_CODE;2026-12-15 16:29:01;10;;;;
308295;2;LINES_OF_CODE;2026-12-15 16:55:31;2;;;;
308042;2;LINES_OF_CODE;2026-12-15 17:10:55;-1;;;;
308325;2;LINES_OF_CODE;2026-12-15 17:16:57;2;;;;
307792;2;LINES_OF_CODE;2026-12-15 17:18:16;9;;;;
307996;2;LINES_OF_CODE;2026-12-15 17:26:54;3;;;;
308166;2;LINES_OF_CODE;2026-12-16 08:31:09;3;;;;
307977;2;LINES_OF_CODE;2026-12-16 08:36:14;4;;;;
308152;2;LINES_OF_CODE;2026-12-16 08:50:33;10;;;;
308205;2;LINES_OF_CODE;2026-12-16 08:58:13;0;;;;
307902;2;LINES_OF_CODE;2026-12-16 09:09:52;7;;;;
307943;2;LINES_OF_CODE;2026-12-16 09:10:36;5;;;;
307901;2;LINES_OF_CODE;2026-12-16 09:21:45;11;;;;
308327;2;LINES_OF_CODE;2026-12-16 09:46:01;5;;;;
308277;2;LINES_OF_CODE;2026-12-16 10:20:52;10;;;;
307809;2;LINES_OF_CODE;2026-12-16 10:20:54;0;;;;
308017;2;LINES_OF_CODE;2026-12-16 10:52:58;7;;;;
308113;2;LINES_OF_CODE;2026-12-16 11:45:02;10;;;;
308209;2;LINES_OF_CODE;2026-12-16 12:02:44;5;;;;
308219;2;LINES_OF_CODE;2026-12-16 12:08:44;-2;;;;
307729;2;LINES_OF_CODE;2026-12-16 14:20:33;6;;;;
307767;2;LINES_OF_CODE;2026-12-16 14:37:42;14;;;;
307930;2;LINES_OF_CODE;2026-12-16 14:55:29;1;;;;
307922;2;LINES_OF_CODE;2026-12-16 14:59:49;5;;;;
307880;2;LINES_OF_CODE;2026-12-16 15:28:19;5;;;;
307935;2;LINES_OF_CODE;2026-12-16 15:30:47;11;;;;
307999;2;LINES_OF_CODE;2026-12-16 15:44:13;8;;;;
307789;2;LINES_OF_CODE;2026-12-16 15:52:24;11;;;;
308299;2;LINES_OF_CODE;2026-12-16 16:54:23;3;;;;
308307;2;LINES_OF_CODE;2026-12-16 17:34:29;6;;;;
308315;2;LINES_OF_CODE;2026-12-16 17:50:56;1;;;;
307766;2;LINES_OF_CODE;2026-12-17 08:00:54;3;;;;
308070;2;LINES_OF_CODE;2026-12-17 10:21:03;6;;;;
308328;2;LINES_OF_CODE;2026-12-17 10:33:21;-2;;;;
308000;2;LINES_OF_CODE;2026-12-17 10:52:23;5;;;;
307929;2;LINES_OF_CODE;2026-12-17 10:54:28;5;;;;
307985;2;LINES_OF_CODE;2026-12-17 11:01:52;-2;;;;
307983;2;LINES_OF_CODE;2026-12-17 11:07:42;2;;;;
308072;2;LINES_OF_CODE;2026-12-17 11:10:11;9;;;;
308061;2;LINES_OF_CODE;2026-12-17 12:02:13;2;;;;
307976;2;LINES_OF_CODE;2026-12-17 12:23:15;9;;;;
308172;2;LINES_OF_CODE;2026-12-17 12:31:03;5;;;;
307890;2;LINES_OF_CODE;2026-12-17 12:37:27;5;;;;
308306;2;LINES_OF_CODE;2026-12-17 12:47:01;9;;;;
307988;2;LINES_OF_CODE;2026-12-17 13:15:12;5;;;;
308188;2;LINES_OF_CODE;2026-12-17 13:26:19;7;;;;
307936;2;LINES_OF_CODE;2026-12-17 13:27:54;7;;;;
307775;2;LINES_OF_CODE;2026-12-17 13:30:24;7;;;;
307933;2;LINES_OF_CODE;2026-12-17 13:50:09;6;;;;
308035;2;LINES_OF_CODE;2026-12-17 13:50:38;5;;;;
308049;2;LINES_OF_CODE;2026-12-17 14:13:31;1;;;;
308040;2;LINES_OF_CODE;2026-12-17 14:13:46;4;;;;
308310;2;LINES_OF_CODE;2026-12-17 14:40:38;7;;;;
307695;2;LINES_OF_CODE;2026-12-17 14:52:50;2;;;;
307966;2;LINES_OF_CODE;2026-12-17 15:43:11;9;;;;
307835;2;LINES_OF_CODE;2026-12-17 15:44:04;0;;;;
308083;2;LINES_OF_CODE;2026-12-17 16:24:24;11;;;;
308203;2;LINES_OF_CODE;2026-12-17 17:18:21;2;;;;
308026;2;LINES_OF_CODE;2026-12-17 17:23:22;0;;;;
308157;2;LINES_OF_CODE;2026-12-18 09:29:28;10;;;;
307972;2;LINES_OF_CODE;2026-12-18 09:34:42;2;;;;
307769;2;LINES_OF_CODE;2026-12-18 09:36:30;1;;;;
308195;2;LINES_OF_CODE;2026-12-18 09:41:24;5;;;;
307764;2;LINES_OF_CODE;2026-12-18 09:43:07;7;;;;
308223;2;LINES_OF_CODE;2026-12-18 10:47:06;-3;;;;
307831;2;LINES_OF_CODE;2026-12-18 10:59:32;8;;;;
308278;2;LINES_OF_CODE;2026-12-18 11:22:50;4;;;;
308114;2;LINES_OF_CODE;2026-12-18 11:35:06;0;;;;
307694;2;LINES_OF_CODE;2026-12-18 11:54:19;-2;;;;
307799;2;LINES_OF_CODE;2026-12-18 12:18:40;9;;;;
308279;2;LINES_OF_CODE;2026-12-18 12:46:23;4;;;;
308300;2;LINES_OF_CODE;2026-12-18 12:57:15;4;;;;
308229;2;LINES_OF_CODE;2026-12-18 13:11:21;-6;;;;
308057;2;LINES_OF_CODE;2026-12-18 13:31:12;9;;;;
308267;2;LINES_OF_CODE;2026-12-18 13:39:02;9;;;;
308240;2;LINES_OF_CODE;2026-12-18 13:59:55;-2;;;;
307975;2;LINES_OF_CODE;2026-12-18 14:01:56;10;;;;
307822;2;LINES_OF_CODE;2026-12-18 14:29:31;5;;;;
307826;2;LINES_OF_CODE;2026-12-18 14:43:57;13;;;;
308163;2;LINES_OF_CODE;2026-12-18 15:29:19;7;;;;
307841;2;LINES_OF_CODE;2026-12-18 15:41:02;3;;;;
307742;2;LINES_OF_CODE;2026-12-18 16:24:25;-1;;;;
308220;2;LINES_OF_CODE;2026-12-18 17:06:59;8;;;;
308047;2;LINES_OF_CODE;2026-12-18 17:27:26;1;;;;
307981;2;LINES_OF_CODE;2026-12-21 09:40:02;2;;;;
308169;2;LINES_OF_CODE;2026-12-21 10:09:16;1;;;;
308175;2;LINES_OF_CODE;2026-12-21 10:12:33;4;;;;
308068;2;LINES_OF_CODE;2026-12-21 10:36:59;5;;;;
308018;2;LINES_OF_CODE;2026-12-21 11:57:11;1;;;;
308074;2;LINES_OF_CODE;2026-12-21 11:59:54;7;;;;
308138;2;LINES_OF_CODE;2026-12-21 12:11:21;2;;;;
307851;2;LINES_OF_CODE;2026-12-21 12:26:11;8;;;;
308028;2;LINES_OF_CODE;2026-12-21 12:34:14;8;;;;
307951;2;LINES_OF_CODE;2026-12-21 12:43:11;-4;;;;
307963;2;LINES_OF_CODE;2026-12-21 13:13:13;6;;;;
308324;2;LINES_OF_CODE;2026-12-21 14:42:27;6;;;;
308005;2;LINES_OF_CODE;2026-12-21 15:24:54;-2;;;;
308109;2;LINES_OF_CODE;2026-12-21 15:35:07;12;;;;
307898;2;LINES_OF_CODE;2026-12-21 16:02:22;1;;;;
308216;2;LINES_OF_CODE;2026-12-21 16:09:34;2;;;;
308038;2;LINES_OF_CODE;2026-12-21 16:21:33;5;;;;
307796;2;LINES_OF_CODE;2026-12-21 16:58:31;4;;;;
307689;2;LINES_OF_CODE;2026-12-22 08:26:18;11;;;;
308251;2;LINES_OF_CODE;2026-12-22 08:35:03;11;;;;
308133;2;LINES_OF_CODE;2026-12-22 08:56:09;2;;;;
307923;2;LINES_OF_CODE;2026-12-22 09:59:24;12;;;;
307896;2;LINES_OF_CODE;2026-12-22 10:27:30;2;;;;
307686;2;LINES_OF_CODE;2026-12-22 10:31:38;4;;;;
307711;2;LINES_OF_CODE;2026-12-22 10:46:25;7;;;;
307906;2;LINES_OF_CODE;2026-12-22 12:10:53;5;;;;
307970;2;LINES_OF_CODE;2026-12-22 12:38:51;9;;;;
307882;2;LINES_OF_CODE;2026-12-22 12:42:47;8;;;;
307660;2;LINES_OF_CODE;2026-12-22 13:14:31;4;;;;
308247;2;LINES_OF_CODE;2026-12-22 13:33:18;3;;;;
307753;2;LINES_OF_CODE;2026-12-22 13:34:00;9;;;;
308050;2;LINES_OF_CODE;2026-12-22 13:38:35;-1;;;;
307760;2;LINES_OF_CODE;2026-12-22 13:57:10;16;;;;
308022;2;LINES_OF_CODE;2026-12-22 14:21:05;5;;;;
307913;2;LINES_OF_CODE;2026-12-22 14:35:14;3;;;;
308180;2;LINES_OF_CODE;2026-12-22 14:39:42;13;;;;
308241;2;LINES_OF_CODE;2026-12-22 14:56:13;7;;;;
307883;2;LINES_OF_CODE;2026-12-22 14:57:54;5;;;;
307674;2;LINES_OF_CODE;2026-12-22 15:14:50;12;;;;
308242;2;LINES_OF_CODE;2026-12-22 15:30:45;4;;;;
307990;2;LINES_OF_CODE;2026-12-22 16:18:44;2;;;;
307776;2;LINES_OF_CODE;2026-12-22 16:23:36;-2;;;;
308036;2;LINES_OF_CODE;2026-12-22 16:31:06;-1;;;;
307734;2;LINES_OF_CODE;2026-12-22 16:38:10;8;;;;
308268;2;LINES_OF_CODE;2026-12-22 16:44:56;7;;;;
308301;2;LINES_OF_CODE;2026-12-22 17:28:59;12;;;;
308313;2;LINES_OF_CODE;2026-12-22 17:55:36;6;;;;
307939;2;LINES_OF_CODE;2026-12-23 08:00:16;6;;;;
307950;2;LINES_OF_CODE;2026-12-23 08:15:24;-1;;;;
307739;2;LINES_OF_CODE;2026-12-23 08:17:59;11;;;;
308190;2;LINES_OF_CODE;2026-12-23 08:22:44;4;;;;
308120;2;LINES_OF_CODE;2026-12-23 08:49:09;10;;;;
307675;2;LINES_OF_CODE;2026-12-23 08:56:14;8;;;;
308155;2;LINES_OF_CODE;2026-12-23 09:33:06;4;;;;
307670;2;LINES_OF_CODE;2026-12-23 09:49:29;10;;;;
308282;2;LINES_OF_CODE;2026-12-23 09:56:53;0;;;;
308089;2;LINES_OF_CODE;2026-12-23 10:05:40;7;;;;
307968;2;LINES_OF_CODE;2026-12-23 10:25:03;5;;;;
307768;2;LINES_OF_CODE;2026-12-23 10:39:31;7;;;;
308159;2;LINES_OF_CODE;2026-12-23 11:04:04;-4;;;;
307845;2;LINES_OF_CODE;2026-12-23 11:18:26;5;;;;
307716;2;LINES_OF_CODE;2026-12-23 11:21:28;3;;;;
307669;2;LINES_OF_CODE;2026-12-23 11:59:07;5;;;;
308105;2;LINES_OF_CODE;2026-12-23 13:00:08;3;;;;
308122;2;LINES_OF_CODE;2026-12-23 13:11:10;7;;;;
308011;2;LINES_OF_CODE;2026-12-23 13:24:40;5;;;;
307699;2;LINES_OF_CODE;2026-12-23 14:03:50;5;;;;
308191;2;LINES_OF_CODE;2026-12-23 14:11:57;2;;;;
308020;2;LINES_OF_CODE;2026-12-23 14:12:53;2;;;;
308030;2;LINES_OF_CODE;2026-12-23 14:19:29;13;;;;
307889;2;LINES_OF_CODE;2026-12-23 15:03:56;5;;;;
308115;2;LINES_OF_CODE;2026-12-23 15:09:54;18;;;;
307960;2;LINES_OF_CODE;2026-12-23 15:35:01;8;;;;
307921;2;LINES_OF_CODE;2026-12-23 16:13:20;12;;;;
307761;2;LINES_OF_CODE;2026-12-23 16:15:55;5;;;;
307671;2;LINES_OF_CODE;2026-12-23 17:20:01;0;;;;
307788;2;LINES_OF_CODE;2026-12-23 17:29:53;14;;;;
308150;2;LINES_OF_CODE;2026-12-23 17:29:54;7;;;;
307810;2;LINES_OF_CODE;2026-12-23 17:55:04;6;;;;
308264;2;LINES_OF_CODE;2026-12-24 08:03:25;11;;;;
307949;2;LINES_OF_CODE;2026-12-24 09:11:40;3;;;;
307755;2;LINES_OF_CODE;2026-12-24 09:19:12;3;;;;
308170;2;LINES_OF_CODE;2026-12-24 10:23:01;7;;;;
308064;2;LINES_OF_CODE;2026-12-24 11:01:18;-1;;;;
307745;2;LINES_OF_CODE;2026-12-24 11:24:47;-2;;;;
307956;2;LINES_OF_CODE;2026-12-24 11:51:46;0;;;;
307667;2;LINES_OF_CODE;2026-12-24 12:21:52;2;;;;
308025;2;LINES_OF_CODE;2026-12-24 12:41:19;8;;;;
308323;2;LINES_OF_CODE;2026-12-24 13:21:49;3;;;;
308329;2;LINES_OF_CODE;2026-12-24 13:32:44;10;;;;
307717;2;LINES_OF_CODE;2026-12-24 14:04:14;8;;;;
308082;2;LINES_OF_CODE;2026-12-24 14:05:28;1;;;;
308054;2;LINES_OF_CODE;2026-12-24 14:45:08;11;;;;
307679;2;LINES_OF_CODE;2026-12-24 16:38:57;0;;;;
308156;2;LINES_OF_CODE;2026-12-24 16:54:56;2;;;;
308126;2;LINES_OF_CODE;2026-12-24 17:29:12;0;;;;
308096;2;LINES_OF_CODE;2026-12-24 17:37:01;5;;;;
307696;2;LINES_OF_CODE;2026-12-24 17:48:23;8;;;;
307854;2;LINES_OF_CODE;2026-12-25 08:12:23;12;;;;
308316;2;LINES_OF_CODE;2026-12-25 08:26:17;5;;;;
307862;2;LINES_OF_CODE;2026-12-25 08:26:37;10;;;;
307730;2;LINES_OF_CODE;2026-12-25 08:43:18;6;;;;
307801;2;LINES_OF_CODE;2026-12-25 08:52:59;9;;;;
308260;2;LINES_OF_CODE;2026-12-25 09:32:32;6;;;;
308263;2;LINES_OF_CODE;2026-12-25 09:54:04;15;;;;
307992;2;LINES_OF_CODE;2026-12-25 10:14:59;7;;;;
308326;2;LINES_OF_CODE;2026-12-25 11:17:14;-3;;;;
308078;2;LINES_OF_CODE;2026-12-25 11:20:44;-1;;;;
307721;2;LINES_OF_CODE;2026-12-25 12:21:54;6;;;;
307884;2;LINES_OF_CODE;2026-12-25 13:10:20;7;;;;
307946;2;LINES_OF_CODE;2026-12-25 13:30:59;8;;;;
307790;2;LINES_OF_CODE;2026-12-25 13:45:13;5;;;;
308066;2;LINES_OF_CODE;2026-12-25 13:45:50;17;;;;
308003;2;LINES_OF_CODE;2026-12-25 13:57:20;7;;;;
308164;2;LINES_OF_CODE;2026-12-25 14:00:22;-6;;;;
307714;2;LINES_OF_CODE;2026-12-25 14:10:40;7;;;;
307793;2;LINES_OF_CODE;2026-12-25 14:40:31;-2;;;;
308289;2;LINES_OF_CODE;2026-12-25 14:52:50;4;;;;
308261;2;LINES_OF_CODE;2026-12-25 15:06:56;7;;;;
308174;2;LINES_OF_CODE;2026-12-25 15:51:55;7;;;;
307991;2;LINES_OF_CODE;2026-12-25 16:40:01;1;;;;
307765;2;LINES_OF_CODE;2026-12-25 17:34:30;5;;;;
308284;2;LINES_OF_CODE;2026-12-25 17:47:14;0;;;;
307784;2;LINES_OF_CODE;2026-12-25 17:56:00;4;;;;
308002;2;LINES_OF_CODE;2026-12-28 08:50:22;13;;;;
308254;2;LINES_OF_CODE;2026-12-28 09:25:55;15;;;;
307848;2;LINES_OF_CODE;2026-12-28 09:29:20;5;;;;
307748;2;LINES_OF_CODE;2026-12-28 09:43:07;5;;;;
308230;2;LINES_OF_CODE;2026-12-28 09:44:59;8;;;;
307704;2;LINES_OF_CODE;2026-12-28 10:15:14;5;;;;
307908;2;LINES_OF_CODE;2026-12-28 10:16:20;7;;;;
307837;2;LINES_OF_CODE;2026-12-28 10:22:17;0;;;;
307973;2;LINES_OF_CODE;2026-12-28 10:55:21;4;;;;
307735;2;LINES_OF_CODE;2026-12-28 11:14:33;-3;;;;
307778;2;LINES_OF_CODE;2026-12-28 11:25:13;20;;;;
308004;2;LINES_OF_CODE;2026-12-28 11:43:14;4;;;;
308116;2;LINES_OF_CODE;2026-12-28 12:02:09;6;;;;
307937;2;LINES_OF_CODE;2026-12-28 12:19:29;1;;;;
308075;2;LINES_OF_CODE;2026-12-28 12:31:06;9;;;;
307852;2;LINES_OF_CODE;2026-12-28 12:41:04;9;;;;
307722;2;LINES_OF_CODE;2026-12-28 13:43:19;5;;;;
307839;2;LINES_OF_CODE;2026-12-28 13:43:32;10;;;;
308304;2;LINES_OF_CODE;2026-12-28 15:45:21;8;;;;
308119;2;LINES_OF_CODE;2026-12-28 15:52:00;10;;;;
307728;2;LINES_OF_CODE;2026-12-28 15:54:07;0;;;;
308321;2;LINES_OF_CODE;2026-12-28 16:12:08;13;;;;
307805;2;LINES_OF_CODE;2026-12-28 16:44:56;6;;;;
307726;2;LINES_OF_CODE;2026-12-28 17:19:03;2;;;;
308206;2;LINES_OF_CODE;2026-12-28 17:24:09;7;;;;
308077;2;LINES_OF_CODE;2026-12-28 17:58:01;1;;;;
308226;2;LINES_OF_CODE;2026-12-29 08:06:43;3;;;;
307925;2;LINES_OF_CODE;2026-12-29 08:07:12;7;;;;
307910;2;LINES_OF_CODE;2026-12-29 08:31:45;0;;;;
307825;2;LINES_OF_CODE;2026-12-29 08:57:27;0;;;;
307707;2;LINES_OF_CODE;2026-12-29 09:08:58;3;;;;
307746;2;LINES_OF_CODE;2026-12-29 09:16:01;3;;;;
308134;2;LINES_OF_CODE;2026-12-29 09:23:40;10;;;;
308071;2;LINES_OF_CODE;2026-12-29 09:43:20;8;;;;
307905;2;LINES_OF_CODE;2026-12-29 09:52:51;10;;;;
307860;2;LINES_OF_CODE;2026-12-29 10:00:17;2;;;;
308084;2;LINES_OF_CODE;2026-12-29 10:23:35;0;;;;
308222;2;LINES_OF_CODE;2026-12-29 10:29:56;9;;;;
307969;2;LINES_OF_CODE;2026-12-29 10:50:14;13;;;;
307824;2;LINES_OF_CODE;2026-12-29 10:50:50;6;;;;
308173;2;LINES_OF_CODE;2026-12-29 10:55:36;9;;;;
308250;2;LINES_OF_CODE;2026-12-29 11:08:40;8;;;;
308185;2;LINES_OF_CODE;2026-12-29 11:11:57;13;;;;
308081;2;LINES_OF_CODE;2026-12-29 11:20:03;7;;;;
307774;2;LINES_OF_CODE;2026-12-29 11:34:01;5;;;;
308127;2;LINES_OF_CODE;2026-12-29 12:09:05;8;;;;
307724;2;LINES_OF_CODE;2026-12-29 12:09:24;4;;;;
308063;2;LINES_OF_CODE;2026-12-29 12:11:39;0;;;;
308060;2;LINES_OF_CODE;2026-12-29 12:18:56;3;;;;
307733;2;LINES_OF_CODE;2026-12-29 12:22:41;5;;;;
308296;2;LINES_OF_CODE;2026-12-29 12:43:47;5;;;;
308183;2;LINES_OF_CODE;2026-12-29 13:02:15;8;;;;
307661;2;LINES_OF_CODE;2026-12-29 13:12:08;7;;;;
307668;2;LINES_OF_CODE;2026-12-29 13:41:50;3;;;;
307710;2;LINES_OF_CODE;2026-12-29 13:51:06;1;;;;
308009;2;LINES_OF_CODE;2026-12-29 14:35:08;7;;;;
308145;2;LINES_OF_CODE;2026-12-29 14:49:13;2;;;;
308184;2;LINES_OF_CODE;2026-12-29 15:01:48;5;;;;
308274;2;LINES_OF_CODE;2026-12-29 15:25:25;12;;;;
307870;2;LINES_OF_CODE;2026-12-29 15:42:41;9;;;;
307738;2;LINES_OF_CODE;2026-12-29 16:08:52;8;;;;
307829;2;LINES_OF_CODE;2026-12-29 16:22:55;6;;;;
308165;2;LINES_OF_CODE;2026-12-29 16:23:28;7;;;;
307781;2;LINES_OF_CODE;2026-12-29 16:24:58;13;;;;
307673;2;LINES_OF_CODE;2026-12-29 16:40:27;10;;;;
307705;2;LINES_OF_CODE;2026-12-29 17:18:16;9;;;;
308236;2;LINES_OF_CODE;2026-12-29 17:28:17;4;;;;
307856;2;LINES_OF_CODE;2026-12-29 17:34:57;2;;;;
308016;2;LINES_OF_CODE;2026-12-29 17:42:05;9;;;;
307903;2;LINES_OF_CODE;2026-12-29 17:51:57;-1;;;;
307700;2;LINES_OF_CODE;2026-12-30 08:09:38;6;;;;
307797;2;LINES_OF_CODE;2026-12-30 08:17:32;-3;;;;
308231;2;LINES_OF_CODE;2026-12-30 08:39:39;3;;;;
308151;2;LINES_OF_CODE;2026-12-30 08:40:20;0;;;;
307712;2;LINES_OF_CODE;2026-12-30 08:43:13;3;;;;
308208;2;LINES_OF_CODE;2026-12-30 09:25:06;13;;;;
308318;2;LINES_OF_CODE;2026-12-30 10:04:32;8;;;;
307676;2;LINES_OF_CODE;2026-12-30 10:18:17;5;;;;
307998;2;LINES_OF_CODE;2026-12-30 10:18:41;12;;;;
308140;2;LINES_OF_CODE;2026-12-30 10:23:08;8;;;;
307659;2;LINES_OF_CODE;2026-12-30 10:48:47;3;;;;
308069;2;LINES_OF_CODE;2026-12-30 12:13:14;11;;;;
307844;2;LINES_OF_CODE;2026-12-30 12:27:44;12;;;;
307978;2;LINES_OF_CODE;2026-12-30 12:28:09;8;;;;
308095;2;LINES_OF_CODE;2026-12-30 12:40:23;4;;;;
308288;2;LINES_OF_CODE;2026-12-30 12:55:58;8;;;;
307895;2;LINES_OF_CODE;2026-12-30 14:03:57;9;;;;
308091;2;LINES_OF_CODE;2026-12-30 14:16:46;7;;;;
308252;2;LINES_OF_CODE;2026-12-30 14:45:34;3;;;;
308104;2;LINES_OF_CODE;2026-12-30 15:17:48;3;;;;
308253;2;LINES_OF_CODE;2026-12-30 15:39:21;12;;;;
307868;2;LINES_OF_CODE;2026-12-30 15:47:54;3;;;;
308168;2;LINES_OF_CODE;2026-12-30 15:51:30;10;;;;
308297;2;LINES_OF_CODE;2026-12-30 16:04:36;13;;;;
307924;2;LINES_OF_CODE;2026-12-30 16:07:03;4;;;;
307918;2;LINES_OF_CODE;2026-12-30 16:59:21;-2;;;;
307832;2;LINES_OF_CODE;2026-12-30 17:10:45;1;;;;
307914;2;LINES_OF_CODE;2026-12-30 17:17:56;0;;;;
308058;2;LINES_OF_CODE;2026-12-30 17:18:34;7;;;;
308186;2;LINES_OF_CODE;2026-12-30 17:34:47;4;;;;
307907;2;LINES_OF_CODE;2026-12-31 08:04:07;8;;;;
307940;2;LINES_OF_CODE;2026-12-31 08:17:41;7;;;;
308136;2;LINES_OF_CODE;2026-12-31 08:21:41;9;;;;
308294;2;LINES_OF_CODE;2026-12-31 08:29:47;1;;;;
308117;2;LINES_OF_CODE;2026-12-31 09:00:17;1;;;;
308029;2;LINES_OF_CODE;2026-12-31 09:04:10;12;;;;
307709;2;LINES_OF_CODE;2026-12-31 09:08:58;-6;;;;
308179;2;LINES_OF_CODE;2026-12-31 09:31:31;11;;;;
307997;2;LINES_OF_CODE;2026-12-31 09:48:11;0;;;;
307811;2;LINES_OF_CODE;2026-12-31 10:14:12;2;;;;
308039;2;LINES_OF_CODE;2026-12-31 10:23:54;7;;;;
307840;2;LINES_OF_CODE;2026-12-31 10:28:43;12;;;;
308228;2;LINES_OF_CODE;2026-12-31 10:58:12;8;;;;
307692;2;LINES_OF_CODE;2026-12-31 11:02:33;3;;;;
307959;2;LINES_OF_CODE;2026-12-31 11:18:36;15;;;;
308037;2;LINES_OF_CODE;2026-12-31 11:20:12;0;;;;
307741;2;LINES_OF_CODE;2026-12-31 11:45:02;3;;;;
307859;2;LINES_OF_CODE;2026-12-31 11:55:11;5;;;;
307683;2;LINES_OF_CODE;2026-12-31 11:55:24;6;;;;
307915;2;LINES_OF_CODE;2026-12-31 12:11:03;0;;;;
307962;2;LINES_OF_CODE;2026-12-31 12:28:44;-2;;;;
308090;2;LINES_OF_CODE;2026-12-31 12:36:15;10;;;;
308106;2;LINES_OF_CODE;2026-12-31 13:42:57;-6;;;;
307979;2;LINES_OF_CODE;2026-12-31 13:43:40;1;;;;
308225;2;LINES_OF_CODE;2026-12-31 14:10:16;10;;;;
307827;2;LINES_OF_CODE;2026-12-31 14:51:11;1;;;;
307727;2;LINES_OF_CODE;2026-12-31 15:31:32;2;;;;
307804;2;LINES_OF_CODE;2026-12-31 16:53:48;8;;;;
307952;2;LINES_OF_CODE;2026-12-31 16:57:13;0;;;;
308319;2;LINES_OF_CODE;2026-12-31 17:00:16;9;;;;
307756;2;LINES_OF_CODE;2026-12-31 17:10:36;8;;;;
307942;2;LINES_OF_CODE;2026-12-31 17:25:38;6;;;;
307879;2;LINES_OF_CODE;2026-12-31 17:36:23;3;;;;
307885;2;LINES_OF_CODE;2026-12-31 17:38:55;8;;;;
307828;2;LINES_OF_CODE;2026-12-31 17:47:55;2;;;;
307980;2;LINES_OF_CODE;2026-12-31 17:52:30;8;;;;
