350008;2;LINES_OF_CODE_AI;2026-01-01 08:42:01;15;;;;
350010;2;LINES_OF_CODE_AI;2026-01-01 08:46:55;5;;;;
350003;2;LINES_OF_CODE_AI;2026-01-01 08:53:08;13;;;;
350007;2;LINES_OF_CODE_AI;2026-01-01 08:59:59;3;;;;
350006;2;LINES_OF_CODE_AI;2026-01-01 09:54:58;5;;;;
350018;2;LINES_OF_CODE_AI;2026-01-01 10:15:31;22;;;;
350001;2;LINES_OF_CODE_AI;2026-01-01 10:31:16;19;;;;
350005;2;LINES_OF_CODE_AI;2026-01-01 11:14:16;12;;;;
350019;2;LINES_OF_CODE_AI;2026-01-01 13:17:42;2;;;;
350013;2;LINES_OF_CODE_AI;2026-01-01 13:54:22;19;;;;
350020;2;LINES_OF_CODE_AI;2026-01-01 14:19:28;29;;;;
350002;2;LINES_OF_CODE_AI;2026-01-01 15:12:34;11;;;;
350012;2;LINES_OF_CODE_AI;2026-01-01 15:15:45;12;;;;
350009;2;LINES_OF_CODE_AI;2026-01-01 15:24:30;11;;;;
350015;2;LINES_OF_CODE_AI;2026-01-01 15:30:23;7;;;;
350017;2;LINES_OF_CODE_AI;2026-01-01 15:58:58;4;;;;
350004;2;LINES_OF_CODE_AI;2026-01-01 16:13:53;1;;;;
350014;2;LINES_OF_CODE_AI;2026-01-01 16:50:15;11;;;;
350000;2;LINES_OF_CODE_AI;2026-01-01 16:53:29;12;;;;
350011;2;LINES_OF_CODE_AI;2026-01-01 17:38:36;9;;;;
350016;2;LINES_OF_CODE_AI;2026-01-01 17:42:27;9;;;;
350041;2;LINES_OF_CODE_AI;2026-01-02 09:08:03;19;;;;
350040;2;LINES_OF_CODE_AI;2026-01-02 09:48:32;17;;;;
350023;2;LINES_OF_CODE_AI;2026-01-02 09:51:09;1;;;;
350036;2;LINES_OF_CODE_AI;2026-01-02 10:12:41;17;;;;
350028;2;LINES_OF_CODE_AI;2026-01-02 11:53:37;13;;;;
350022;2;LINES_OF_CODE_AI;2026-01-02 12:17:06;2;;;;
350037;2;LINES_OF_CODE_AI;2026-01-02 12:37:17;23;;;;
350027;2;LINES_OF_CODE_AI;2026-01-02 13:11:43;14;;;;
350042;2;LINES_OF_CODE_AI;2026-01-02 13:22:10;9;;;;
350033;2;LINES_OF_CODE_AI;2026-01-02 13:38:52;10;;;;
350034;2;LINES_OF_CODE_AI;2026-01-02 13:54:00;11;;;;
350045;2;LINES_OF_CODE_AI;2026-01-02 14:14:45;19;;;;
350035;2;LINES_OF_CODE_AI;2026-01-02 14:18:06;15;;;;
350044;2;LINES_OF_CODE_AI;2026-01-02 14:25:47;6;;;;
350030;2;LINES_OF_CODE_AI;2026-01-02 14:26:14;15;;;;
350038;2;LINES_OF_CODE_AI;2026-01-02 14:56:33;17;;;;
350039;2;LINES_OF_CODE_AI;2026-01-02 15:16:09;15;;;;
350043;2;LINES_OF_CODE_AI;2026-01-02 15:29:17;9;;;;
350025;2;LINES_OF_CODE_AI;2026-01-02 15:35:41;5;;;;
350031;2;LINES_OF_CODE_AI;2026-01-02 15:39:01;7;;;;
350024;2;LINES_OF_CODE_AI;2026-01-02 16:10:16;1;;;;
350032;2;LINES_OF_CODE_AI;2026-01-02 16:28:42;10;;;;
350021;2;LINES_OF_CODE_AI;2026-01-02 16:30:59;24;;;;
350026;2;LINES_OF_CODE_AI;2026-01-02 16:33:20;14;;;;
350029;2;LINES_OF_CODE_AI;2026-01-02 16:51:17;16;;;;
350061;2;LINES_OF_CODE_AI;2026-01-05 08:00:34;5;;;;
350055;2;LINES_OF_CODE_AI;2026-01-05 08:30:14;12;;;;
350060;2;LINES_OF_CODE_AI;2026-01-05 09:21:25;11;;;;
350046;2;LINES_OF_CODE_AI;2026-01-05 09:34:05;10;;;;
350063;2;LINES_OF_CODE_AI;2026-01-05 09:59:29;29;;;;
350054;2;LINES_OF_CODE_AI;2026-01-05 10:20:24;15;;;;
350058;2;LINES_OF_CODE_AI;2026-01-05 10:28:23;11;;;;
350059;2;LINES_OF_CODE_AI;2026-01-05 10:52:39;3;;;;
350049;2;LINES_OF_CODE_AI;2026-01-05 12:26:15;7;;;;
350050;2;LINES_OF_CODE_AI;2026-01-05 12:28:22;10;;;;
350062;2;LINES_OF_CODE_AI;2026-01-05 12:38:01;5;;;;
350056;2;LINES_OF_CODE_AI;2026-01-05 14:21:46;14;;;;
350053;2;LINES_OF_CODE_AI;2026-01-05 14:25:46;15;;;;
350051;2;LINES_OF_CODE_AI;2026-01-05 16:07:19;5;;;;
350047;2;LINES_OF_CODE_AI;2026-01-05 16:36:21;8;;;;
350052;2;LINES_OF_CODE_AI;2026-01-05 17:02:28;7;;;;
350048;2;LINES_OF_CODE_AI;2026-01-05 17:38:55;22;;;;
350057;2;LINES_OF_CODE_AI;2026-01-05 17:46:16;16;;;;
350068;2;LINES_OF_CODE_AI;2026-01-06 08:13:03;7;;;;
350073;2;LINES_OF_CODE_AI;2026-01-06 08:51:54;3;;;;
350072;2;LINES_OF_CODE_AI;2026-01-06 09:32:19;5;;;;
350077;2;LINES_OF_CODE_AI;2026-01-06 10:21:20;4;;;;
350079;2;LINES_OF_CODE_AI;2026-01-06 10:43:46;4;;;;
350065;2;LINES_OF_CODE_AI;2026-01-06 10:51:51;8;;;;
350069;2;LINES_OF_CODE_AI;2026-01-06 11:58:32;7;;;;
350067;2;LINES_OF_CODE_AI;2026-01-06 12:47:21;4;;;;
350075;2;LINES_OF_CODE_AI;2026-01-06 14:21:04;6;;;;
350070;2;LINES_OF_CODE_AI;2026-01-06 14:46:21;5;;;;
350076;2;LINES_OF_CODE_AI;2026-01-06 15:20:17;7;;;;
350066;2;LINES_OF_CODE_AI;2026-01-06 15:32:30;4;;;;
350071;2;LINES_OF_CODE_AI;2026-01-06 15:52:32;3;;;;
350074;2;LINES_OF_CODE_AI;2026-01-06 16:25:27;6;;;;
350064;2;LINES_OF_CODE_AI;2026-01-06 16:49:03;5;;;;
350078;2;LINES_OF_CODE_AI;2026-01-06 16:50:06;2;;;;
350080;2;LINES_OF_CODE_AI;2026-01-06 16:53:20;6;;;;
350081;2;LINES_OF_CODE_AI;2026-01-06 17:52:16;14;;;;
350096;2;LINES_OF_CODE_AI;2026-01-07 08:22:23;17;;;;
350097;2;LINES_OF_CODE_AI;2026-01-07 08:55:18;19;;;;
350104;2;LINES_OF_CODE_AI;2026-01-07 09:39:06;21;;;;
350102;2;LINES_OF_CODE_AI;2026-01-07 09:39:58;13;;;;
350100;2;LINES_OF_CODE_AI;2026-01-07 09:42:15;17;;;;
350087;2;LINES_OF_CODE_AI;2026-01-07 10:22:28;16;;;;
350106;2;LINES_OF_CODE_AI;2026-01-07 10:53:25;0;;;;
350101;2;LINES_OF_CODE_AI;2026-01-07 11:09:29;2;;;;
350082;2;LINES_OF_CODE_AI;2026-01-07 11:24:32;15;;;;
350103;2;LINES_OF_CODE_AI;2026-01-07 11:44:09;7;;;;
350099;2;LINES_OF_CODE_AI;2026-01-07 12:28:22;2;;;;
350092;2;LINES_OF_CODE_AI;2026-01-07 12:42:51;6;;;;
350083;2;LINES_OF_CODE_AI;2026-01-07 13:15:20;13;;;;
350095;2;LINES_OF_CODE_AI;2026-01-07 13:22:23;16;;;;
350086;2;LINES_OF_CODE_AI;2026-01-07 13:38:07;12;;;;
350084;2;LINES_OF_CODE_AI;2026-01-07 13:46:34;16;;;;
350105;2;LINES_OF_CODE_AI;2026-01-07 14:06:00;9;;;;
350093;2;LINES_OF_CODE_AI;2026-01-07 14:53:42;10;;;;
350090;2;LINES_OF_CODE_AI;2026-01-07 15:55:02;4;;;;
350089;2;LINES_OF_CODE_AI;2026-01-07 16:01:20;13;;;;
350098;2;LINES_OF_CODE_AI;2026-01-07 16:21:56;8;;;;
350091;2;LINES_OF_CODE_AI;2026-01-07 17:04:06;5;;;;
350085;2;LINES_OF_CODE_AI;2026-01-07 17:17:15;16;;;;
350088;2;LINES_OF_CODE_AI;2026-01-07 17:31:16;14;;;;
350094;2;LINES_OF_CODE_AI;2026-01-07 17:55:00;4;;;;
350119;2;LINES_OF_CODE_AI;2026-01-08 08:09:06;3;;;;
350117;2;LINES_OF_CODE_AI;2026-01-08 08:20:40;0;;;;
350122;2;LINES_OF_CODE_AI;2026-01-08 08:51:21;0;;;;
350118;2;LINES_OF_CODE_AI;2026-01-08 08:51:41;5;;;;
350124;2;LINES_OF_CODE_AI;2026-01-08 09:00:27;6;;;;
350121;2;LINES_OF_CODE_AI;2026-01-08 09:10:17;2;;;;
350125;2;LINES_OF_CODE_AI;2026-01-08 10:12:00;3;;;;
350116;2;LINES_OF_CODE_AI;2026-01-08 10:19:48;3;;;;
350109;2;LINES_OF_CODE_AI;2026-01-08 10:26:20;4;;;;
350126;2;LINES_OF_CODE_AI;2026-01-08 11:24:15;4;;;;
350115;2;LINES_OF_CODE_AI;2026-01-08 12:43:44;3;;;;
350111;2;LINES_OF_CODE_AI;2026-01-08 14:12:25;1;;;;
350108;2;LINES_OF_CODE_AI;2026-01-08 14:12:44;5;;;;
350114;2;LINES_OF_CODE_AI;2026-01-08 14:23:04;6;;;;
350120;2;LINES_OF_CODE_AI;2026-01-08 14:28:28;5;;;;
350123;2;LINES_OF_CODE_AI;2026-01-08 15:57:28;5;;;;
350110;2;LINES_OF_CODE_AI;2026-01-08 16:11:06;5;;;;
350112;2;LINES_OF_CODE_AI;2026-01-08 16:40:21;2;;;;
350113;2;LINES_OF_CODE_AI;2026-01-08 17:30:51;3;;;;
350107;2;LINES_OF_CODE_AI;2026-01-08 17:49:48;3;;;;
350146;2;LINES_OF_CODE_AI;2026-01-09 08:03:19;18;;;;
350136;2;LINES_OF_CODE_AI;2026-01-09 08:32:39;39;;;;
350149;2;LINES_OF_CODE_AI;2026-01-09 08:52:29;16;;;;
350131;2;LINES_OF_CODE_AI;2026-01-09 08:53:57;22;;;;
350135;2;LINES_OF_CODE_AI;2026-01-09 08:58:36;11;;;;
350150;2;LINES_OF_CODE_AI;2026-01-09 09:29:25;0;;;;
350138;2;LINES_OF_CODE_AI;2026-01-09 09:36:03;2;;;;
350139;2;LINES_OF_CODE_AI;2026-01-09 09:50:05;13;;;;
350129;2;LINES_OF_CODE_AI;2026-01-09 10:00:00;21;;;;
350148;2;LINES_OF_CODE_AI;2026-01-09 10:43:27;17;;;;
350127;2;LINES_OF_CODE_AI;2026-01-09 11:02:02;17;;;;
350143;2;LINES_OF_CODE_AI;2026-01-09 11:49:53;7;;;;
350130;2;LINES_OF_CODE_AI;2026-01-09 11:57:41;24;;;;
350144;2;LINES_OF_CODE_AI;2026-01-09 12:56:17;21;;;;
350132;2;LINES_OF_CODE_AI;2026-01-09 13:04:17;26;;;;
350137;2;LINES_OF_CODE_AI;2026-01-09 13:30:50;32;;;;
350134;2;LINES_OF_CODE_AI;2026-01-09 13:52:16;19;;;;
350145;2;LINES_OF_CODE_AI;2026-01-09 14:46:57;3;;;;
350141;2;LINES_OF_CODE_AI;2026-01-09 15:33:10;18;;;;
350147;2;LINES_OF_CODE_AI;2026-01-09 15:59:19;1;;;;
350133;2;LINES_OF_CODE_AI;2026-01-09 16:31:42;31;;;;
350128;2;LINES_OF_CODE_AI;2026-01-09 17:00:24;7;;;;
350142;2;LINES_OF_CODE_AI;2026-01-09 17:46:00;34;;;;
350140;2;LINES_OF_CODE_AI;2026-01-09 17:49:25;13;;;;
350165;2;LINES_OF_CODE_AI;2026-01-12 08:26:09;5;;;;
350155;2;LINES_OF_CODE_AI;2026-01-12 08:43:32;8;;;;
350159;2;LINES_OF_CODE_AI;2026-01-12 10:17:34;3;;;;
350152;2;LINES_OF_CODE_AI;2026-01-12 10:27:55;7;;;;
350164;2;LINES_OF_CODE_AI;2026-01-12 12:23:42;10;;;;
350154;2;LINES_OF_CODE_AI;2026-01-12 12:52:44;3;;;;
350166;2;LINES_OF_CODE_AI;2026-01-12 13:06:13;24;;;;
350153;2;LINES_OF_CODE_AI;2026-01-12 13:57:41;14;;;;
350157;2;LINES_OF_CODE_AI;2026-01-12 14:23:18;9;;;;
350162;2;LINES_OF_CODE_AI;2026-01-12 14:27:49;7;;;;
350151;2;LINES_OF_CODE_AI;2026-01-12 14:31:55;9;;;;
350156;2;LINES_OF_CODE_AI;2026-01-12 15:08:18;6;;;;
350163;2;LINES_OF_CODE_AI;2026-01-12 15:55:53;9;;;;
350158;2;LINES_OF_CODE_AI;2026-01-12 16:36:52;13;;;;
350161;2;LINES_OF_CODE_AI;2026-01-12 17:45:44;8;;;;
350160;2;LINES_OF_CODE_AI;2026-01-12 17:57:11;2;;;;
350170;2;LINES_OF_CODE_AI;2026-01-13 08:39:55;3;;;;
350174;2;LINES_OF_CODE_AI;2026-01-13 09:07:05;1;;;;
350180;2;LINES_OF_CODE_AI;2026-01-13 09:30:26;7;;;;
350181;2;LINES_OF_CODE_AI;2026-01-13 09:35:25;3;;;;
350171;2;LINES_OF_CODE_AI;2026-01-13 10:17:01;7;;;;
350184;2;LINES_OF_CODE_AI;2026-01-13 10:51:00;7;;;;
350185;2;LINES_OF_CODE_AI;2026-01-13 11:36:22;0;;;;
350169;2;LINES_OF_CODE_AI;2026-01-13 12:27:44;6;;;;
350175;2;LINES_OF_CODE_AI;2026-01-13 12:41:47;4;;;;
350173;2;LINES_OF_CODE_AI;2026-01-13 13:19:10;4;;;;
350178;2;LINES_OF_CODE_AI;2026-01-13 13:50:34;9;;;;
350168;2;LINES_OF_CODE_AI;2026-01-13 14:50:56;4;;;;
350186;2;LINES_OF_CODE_AI;2026-01-13 15:04:00;26;;;;
350176;2;LINES_OF_CODE_AI;2026-01-13 15:11:07;7;;;;
350179;2;LINES_OF_CODE_AI;2026-01-13 15:15:47;6;;;;
350172;2;LINES_OF_CODE_AI;2026-01-13 15:16:54;12;;;;
350183;2;LINES_OF_CODE_AI;2026-01-13 16:01:09;6;;;;
350177;2;LINES_OF_CODE_AI;2026-01-13 16:58:53;-3;;;;
350167;2;LINES_OF_CODE_AI;2026-01-13 17:03:35;9;;;;
350182;2;LINES_OF_CODE_AI;2026-01-13 17:41:27;3;;;;
350192;2;LINES_OF_CODE_AI;2026-01-14 08:46:38;13;;;;
350200;2;LINES_OF_CODE_AI;2026-01-14 08:52:32;3;;;;
350193;2;LINES_OF_CODE_AI;2026-01-14 09:01:10;11;;;;
350196;2;LINES_OF_CODE_AI;2026-01-14 09:21:30;3;;;;
350194;2;LINES_OF_CODE_AI;2026-01-14 10:09:33;15;;;;
350191;2;LINES_OF_CODE_AI;2026-01-14 10:41:57;-5;;;;
350188;2;LINES_OF_CODE_AI;2026-01-14 11:20:21;6;;;;
350201;2;LINES_OF_CODE_AI;2026-01-14 12:22:28;14;;;;
350198;2;LINES_OF_CODE_AI;2026-01-14 12:54:14;6;;;;
350189;2;LINES_OF_CODE_AI;2026-01-14 13:58:39;12;;;;
350187;2;LINES_OF_CODE_AI;2026-01-14 14:15:33;9;;;;
350199;2;LINES_OF_CODE_AI;2026-01-14 14:43:09;15;;;;
350195;2;LINES_OF_CODE_AI;2026-01-14 14:51:51;10;;;;
350197;2;LINES_OF_CODE_AI;2026-01-14 17:19:04;7;;;;
350190;2;LINES_OF_CODE_AI;2026-01-14 17:45:26;19;;;;
350202;2;LINES_OF_CODE_AI;2026-01-14 17:50:41;48;;;;
350213;2;LINES_OF_CODE_AI;2026-01-15 08:26:54;8;;;;
350208;2;LINES_OF_CODE_AI;2026-01-15 09:00:32;5;;;;
350214;2;LINES_OF_CODE_AI;2026-01-15 09:15:07;7;;;;
350210;2;LINES_OF_CODE_AI;2026-01-15 09:33:05;8;;;;
350212;2;LINES_OF_CODE_AI;2026-01-15 10:37:54;17;;;;
350215;2;LINES_OF_CODE_AI;2026-01-15 11:03:12;15;;;;
350218;2;LINES_OF_CODE_AI;2026-01-15 11:32:17;23;;;;
350216;2;LINES_OF_CODE_AI;2026-01-15 11:55:24;9;;;;
350209;2;LINES_OF_CODE_AI;2026-01-15 12:04:08;3;;;;
350211;2;LINES_OF_CODE_AI;2026-01-15 12:25:01;10;;;;
350217;2;LINES_OF_CODE_AI;2026-01-15 12:38:44;7;;;;
350206;2;LINES_OF_CODE_AI;2026-01-15 12:52:52;11;;;;
350205;2;LINES_OF_CODE_AI;2026-01-15 13:34:51;4;;;;
350204;2;LINES_OF_CODE_AI;2026-01-15 13:54:17;6;;;;
350207;2;LINES_OF_CODE_AI;2026-01-15 14:27:42;6;;;;
350203;2;LINES_OF_CODE_AI;2026-01-15 15:07:31;11;;;;
350233;2;LINES_OF_CODE_AI;2026-01-16 08:30:05;0;;;;
350222;2;LINES_OF_CODE_AI;2026-01-16 08:30:08;0;;;;
350235;2;LINES_OF_CODE_AI;2026-01-16 08:46:24;0;;;;
350237;2;LINES_OF_CODE_AI;2026-01-16 09:00:12;0;;;;
350238;2;LINES_OF_CODE_AI;2026-01-16 09:03:00;0;;;;
350226;2;LINES_OF_CODE_AI;2026-01-16 09:12:55;0;;;;
350234;2;LINES_OF_CODE_AI;2026-01-16 09:14:01;0;;;;
350242;2;LINES_OF_CODE_AI;2026-01-16 09:34:50;7;;;;
350224;2;LINES_OF_CODE_AI;2026-01-16 09:58:55;0;;;;
350227;2;LINES_OF_CODE_AI;2026-01-16 10:39:19;0;;;;
350231;2;LINES_OF_CODE_AI;2026-01-16 11:02:00;0;;;;
350241;2;LINES_OF_CODE_AI;2026-01-16 11:37:34;0;;;;
350223;2;LINES_OF_CODE_AI;2026-01-16 11:40:47;0;;;;
350236;2;LINES_OF_CODE_AI;2026-01-16 11:49:04;0;;;;
350221;2;LINES_OF_CODE_AI;2026-01-16 11:59:15;0;;;;
350239;2;LINES_OF_CODE_AI;2026-01-16 12:18:00;0;;;;
350228;2;LINES_OF_CODE_AI;2026-01-16 12:25:24;0;;;;
350229;2;LINES_OF_CODE_AI;2026-01-16 12:57:00;0;;;;
350225;2;LINES_OF_CODE_AI;2026-01-16 14:03:02;0;;;;
350230;2;LINES_OF_CODE_AI;2026-01-16 14:23:21;0;;;;
350232;2;LINES_OF_CODE_AI;2026-01-16 15:13:43;0;;;;
350240;2;LINES_OF_CODE_AI;2026-01-16 16:29:08;0;;;;
350220;2;LINES_OF_CODE_AI;2026-01-16 16:54:52;0;;;;
350219;2;LINES_OF_CODE_AI;2026-01-16 17:58:13;0;;;;
350251;2;LINES_OF_CODE_AI;2026-01-19 08:49:43;4;;;;
350247;2;LINES_OF_CODE_AI;2026-01-19 08:57:07;1;;;;
350243;2;LINES_OF_CODE_AI;2026-01-19 09:09:27;5;;;;
350256;2;LINES_OF_CODE_AI;2026-01-19 09:17:01;7;;;;
350244;2;LINES_OF_CODE_AI;2026-01-19 12:19:46;1;;;;
350258;2;LINES_OF_CODE_AI;2026-01-19 12:22:02;28;;;;
350252;2;LINES_OF_CODE_AI;2026-01-19 12:24:40;10;;;;
350250;2;LINES_OF_CODE_AI;2026-01-19 12:46:59;12;;;;
350257;2;LINES_OF_CODE_AI;2026-01-19 13:51:09;7;;;;
350248;2;LINES_OF_CODE_AI;2026-01-19 14:01:38;8;;;;
350249;2;LINES_OF_CODE_AI;2026-01-19 14:20:47;1;;;;
350246;2;LINES_OF_CODE_AI;2026-01-19 14:30:06;7;;;;
350245;2;LINES_OF_CODE_AI;2026-01-19 15:03:22;9;;;;
350253;2;LINES_OF_CODE_AI;2026-01-19 15:35:51;6;;;;
350254;2;LINES_OF_CODE_AI;2026-01-19 17:30:53;11;;;;
350255;2;LINES_OF_CODE_AI;2026-01-19 17:30:53;17;;;;
350264;2;LINES_OF_CODE_AI;2026-01-20 08:54:55;2;;;;
350263;2;LINES_OF_CODE_AI;2026-01-20 09:05:31;6;;;;
350260;2;LINES_OF_CODE_AI;2026-01-20 09:27:30;0;;;;
350271;2;LINES_OF_CODE_AI;2026-01-20 10:28:06;0;;;;
350274;2;LINES_OF_CODE_AI;2026-01-20 11:58:01;3;;;;
350269;2;LINES_OF_CODE_AI;2026-01-20 12:23:22;5;;;;
350272;2;LINES_OF_CODE_AI;2026-01-20 12:26:42;4;;;;
350270;2;LINES_OF_CODE_AI;2026-01-20 13:03:43;3;;;;
350262;2;LINES_OF_CODE_AI;2026-01-20 13:11:59;7;;;;
350276;2;LINES_OF_CODE_AI;2026-01-20 13:51:42;39;;;;
350259;2;LINES_OF_CODE_AI;2026-01-20 14:26:50;4;;;;
350275;2;LINES_OF_CODE_AI;2026-01-20 14:31:03;-3;;;;
350261;2;LINES_OF_CODE_AI;2026-01-20 15:04:32;3;;;;
350265;2;LINES_OF_CODE_AI;2026-01-20 15:20:40;5;;;;
350268;2;LINES_OF_CODE_AI;2026-01-20 15:50:21;-1;;;;
350273;2;LINES_OF_CODE_AI;2026-01-20 15:52:37;4;;;;
350266;2;LINES_OF_CODE_AI;2026-01-20 16:34:28;5;;;;
350267;2;LINES_OF_CODE_AI;2026-01-20 17:20:22;5;;;;
350291;2;LINES_OF_CODE_AI;2026-01-21 08:08:11;6;;;;
350283;2;LINES_OF_CODE_AI;2026-01-21 08:08:42;8;;;;
350282;2;LINES_OF_CODE_AI;2026-01-21 08:24:14;4;;;;
350285;2;LINES_OF_CODE_AI;2026-01-21 09:30:07;5;;;;
350280;2;LINES_OF_CODE_AI;2026-01-21 09:33:44;6;;;;
350284;2;LINES_OF_CODE_AI;2026-01-21 09:51:16;15;;;;
350288;2;LINES_OF_CODE_AI;2026-01-21 11:14:07;0;;;;
350295;2;LINES_OF_CODE_AI;2026-01-21 12:25:01;25;;;;
350279;2;LINES_OF_CODE_AI;2026-01-21 12:41:56;5;;;;
350286;2;LINES_OF_CODE_AI;2026-01-21 12:43:52;-1;;;;
350287;2;LINES_OF_CODE_AI;2026-01-21 13:11:03;6;;;;
350292;2;LINES_OF_CODE_AI;2026-01-21 14:34:34;10;;;;
350289;2;LINES_OF_CODE_AI;2026-01-21 14:59:40;5;;;;
350290;2;LINES_OF_CODE_AI;2026-01-21 15:14:16;2;;;;
350294;2;LINES_OF_CODE_AI;2026-01-21 15:18:00;5;;;;
350278;2;LINES_OF_CODE_AI;2026-01-21 15:33:32;4;;;;
350277;2;LINES_OF_CODE_AI;2026-01-21 16:10:07;2;;;;
350293;2;LINES_OF_CODE_AI;2026-01-21 16:27:20;8;;;;
350281;2;LINES_OF_CODE_AI;2026-01-21 17:33:43;2;;;;
350305;2;LINES_OF_CODE_AI;2026-01-22 08:33:54;11;;;;
350307;2;LINES_OF_CODE_AI;2026-01-22 08:35:13;17;;;;
350302;2;LINES_OF_CODE_AI;2026-01-22 08:59:45;15;;;;
350298;2;LINES_OF_CODE_AI;2026-01-22 09:21:35;21;;;;
350304;2;LINES_OF_CODE_AI;2026-01-22 10:12:14;21;;;;
350296;2;LINES_OF_CODE_AI;2026-01-22 11:19:02;27;;;;
350306;2;LINES_OF_CODE_AI;2026-01-22 11:22:11;21;;;;
350314;2;LINES_OF_CODE_AI;2026-01-22 11:41:58;0;;;;
350303;2;LINES_OF_CODE_AI;2026-01-22 11:57:41;17;;;;
350300;2;LINES_OF_CODE_AI;2026-01-22 12:14:23;15;;;;
350312;2;LINES_OF_CODE_AI;2026-01-22 12:19:13;17;;;;
350309;2;LINES_OF_CODE_AI;2026-01-22 12:45:24;17;;;;
350310;2;LINES_OF_CODE_AI;2026-01-22 13:59:35;13;;;;
350311;2;LINES_OF_CODE_AI;2026-01-22 14:45:00;15;;;;
350308;2;LINES_OF_CODE_AI;2026-01-22 15:31:59;24;;;;
350301;2;LINES_OF_CODE_AI;2026-01-22 16:03:53;16;;;;
350297;2;LINES_OF_CODE_AI;2026-01-22 16:04:20;19;;;;
350299;2;LINES_OF_CODE_AI;2026-01-22 16:55:38;17;;;;
350313;2;LINES_OF_CODE_AI;2026-01-22 16:57:11;13;;;;
350328;2;LINES_OF_CODE_AI;2026-01-23 08:47:25;18;;;;
350331;2;LINES_OF_CODE_AI;2026-01-23 09:30:13;15;;;;
350321;2;LINES_OF_CODE_AI;2026-01-23 10:06:40;2;;;;
350318;2;LINES_OF_CODE_AI;2026-01-23 10:09:58;7;;;;
350337;2;LINES_OF_CODE_AI;2026-01-23 10:44:38;12;;;;
350324;2;LINES_OF_CODE_AI;2026-01-23 11:16:18;5;;;;
350317;2;LINES_OF_CODE_AI;2026-01-23 11:18:31;12;;;;
350336;2;LINES_OF_CODE_AI;2026-01-23 11:36:23;19;;;;
350316;2;LINES_OF_CODE_AI;2026-01-23 11:46:20;18;;;;
350325;2;LINES_OF_CODE_AI;2026-01-23 13:01:20;10;;;;
350330;2;LINES_OF_CODE_AI;2026-01-23 13:22:48;14;;;;
350315;2;LINES_OF_CODE_AI;2026-01-23 14:38:22;6;;;;
350338;2;LINES_OF_CODE_AI;2026-01-23 14:44:13;18;;;;
350329;2;LINES_OF_CODE_AI;2026-01-23 14:56:00;12;;;;
350320;2;LINES_OF_CODE_AI;2026-01-23 15:38:11;15;;;;
350333;2;LINES_OF_CODE_AI;2026-01-23 15:56:02;13;;;;
350327;2;LINES_OF_CODE_AI;2026-01-23 16:08:21;6;;;;
350326;2;LINES_OF_CODE_AI;2026-01-23 16:18:02;18;;;;
350323;2;LINES_OF_CODE_AI;2026-01-23 16:21:31;12;;;;
350334;2;LINES_OF_CODE_AI;2026-01-23 16:33:18;12;;;;
350319;2;LINES_OF_CODE_AI;2026-01-23 17:08:23;4;;;;
350332;2;LINES_OF_CODE_AI;2026-01-23 17:16:25;4;;;;
350322;2;LINES_OF_CODE_AI;2026-01-23 17:18:20;17;;;;
350335;2;LINES_OF_CODE_AI;2026-01-23 17:47:01;4;;;;
350339;2;LINES_OF_CODE_AI;2026-01-23 17:55:23;5;;;;
350346;2;LINES_OF_CODE_AI;2026-01-26 08:09:06;3;;;;
350363;2;LINES_OF_CODE_AI;2026-01-26 08:12:18;1;;;;
350348;2;LINES_OF_CODE_AI;2026-01-26 09:00:57;7;;;;
350352;2;LINES_OF_CODE_AI;2026-01-26 09:51:11;5;;;;
350343;2;LINES_OF_CODE_AI;2026-01-26 09:53:26;7;;;;
350359;2;LINES_OF_CODE_AI;2026-01-26 09:55:44;10;;;;
350360;2;LINES_OF_CODE_AI;2026-01-26 10:09:53;5;;;;
350350;2;LINES_OF_CODE_AI;2026-01-26 10:16:28;5;;;;
350347;2;LINES_OF_CODE_AI;2026-01-26 11:19:10;5;;;;
350362;2;LINES_OF_CODE_AI;2026-01-26 11:30:27;5;;;;
350340;2;LINES_OF_CODE_AI;2026-01-26 11:35:27;8;;;;
350344;2;LINES_OF_CODE_AI;2026-01-26 12:41:26;3;;;;
350358;2;LINES_OF_CODE_AI;2026-01-26 13:04:22;4;;;;
350354;2;LINES_OF_CODE_AI;2026-01-26 14:13:25;4;;;;
350364;2;LINES_OF_CODE_AI;2026-01-26 14:20:59;28;;;;
350361;2;LINES_OF_CODE_AI;2026-01-26 14:57:22;6;;;;
350349;2;LINES_OF_CODE_AI;2026-01-26 15:34:13;4;;;;
350342;2;LINES_OF_CODE_AI;2026-01-26 15:41:07;6;;;;
350356;2;LINES_OF_CODE_AI;2026-01-26 16:07:32;0;;;;
350353;2;LINES_OF_CODE_AI;2026-01-26 16:18:02;5;;;;
350341;2;LINES_OF_CODE_AI;2026-01-26 16:18:53;4;;;;
350351;2;LINES_OF_CODE_AI;2026-01-26 17:07:51;1;;;;
350345;2;LINES_OF_CODE_AI;2026-01-26 17:19:44;6;;;;
350355;2;LINES_OF_CODE_AI;2026-01-26 17:28:00;5;;;;
350357;2;LINES_OF_CODE_AI;2026-01-26 17:50:19;5;;;;
350373;2;LINES_OF_CODE_AI;2026-01-27 08:38:43;19;;;;
350377;2;LINES_OF_CODE_AI;2026-01-27 08:38:59;20;;;;
350371;2;LINES_OF_CODE_AI;2026-01-27 09:11:57;29;;;;
350374;2;LINES_OF_CODE_AI;2026-01-27 09:32:22;16;;;;
350382;2;LINES_OF_CODE_AI;2026-01-27 09:43:18;11;;;;
350368;2;LINES_OF_CODE_AI;2026-01-27 10:15:08;5;;;;
350378;2;LINES_OF_CODE_AI;2026-01-27 10:29:44;13;;;;
350369;2;LINES_OF_CODE_AI;2026-01-27 10:33:46;21;;;;
350379;2;LINES_OF_CODE_AI;2026-01-27 11:08:13;28;;;;
350365;2;LINES_OF_CODE_AI;2026-01-27 11:17:22;12;;;;
350366;2;LINES_OF_CODE_AI;2026-01-27 12:08:56;20;;;;
350383;2;LINES_OF_CODE_AI;2026-01-27 12:29:21;16;;;;
350381;2;LINES_OF_CODE_AI;2026-01-27 12:47:57;11;;;;
350380;2;LINES_OF_CODE_AI;2026-01-27 13:06:22;21;;;;
350375;2;LINES_OF_CODE_AI;2026-01-27 14:56:23;12;;;;
350372;2;LINES_OF_CODE_AI;2026-01-27 15:30:44;15;;;;
350370;2;LINES_OF_CODE_AI;2026-01-27 16:13:10;12;;;;
350384;2;LINES_OF_CODE_AI;2026-01-27 16:26:14;6;;;;
350376;2;LINES_OF_CODE_AI;2026-01-27 17:06:52;20;;;;
350385;2;LINES_OF_CODE_AI;2026-01-27 17:25:55;9;;;;
350367;2;LINES_OF_CODE_AI;2026-01-27 17:29:52;12;;;;
350397;2;LINES_OF_CODE_AI;2026-01-28 08:40:01;20;;;;
350391;2;LINES_OF_CODE_AI;2026-01-28 08:47:32;10;;;;
350390;2;LINES_OF_CODE_AI;2026-01-28 08:50:18;19;;;;
350386;2;LINES_OF_CODE_AI;2026-01-28 09:13:25;15;;;;
350388;2;LINES_OF_CODE_AI;2026-01-28 09:36:52;5;;;;
350400;2;LINES_OF_CODE_AI;2026-01-28 09:45:38;11;;;;
350392;2;LINES_OF_CODE_AI;2026-01-28 10:43:05;38;;;;
350395;2;LINES_OF_CODE_AI;2026-01-28 13:09:49;13;;;;
350393;2;LINES_OF_CODE_AI;2026-01-28 13:11:26;16;;;;
350394;2;LINES_OF_CODE_AI;2026-01-28 13:44:57;11;;;;
350389;2;LINES_OF_CODE_AI;2026-01-28 14:32:06;3;;;;
350399;2;LINES_OF_CODE_AI;2026-01-28 15:02:03;18;;;;
350398;2;LINES_OF_CODE_AI;2026-01-28 15:21:09;3;;;;
350387;2;LINES_OF_CODE_AI;2026-01-28 16:23:14;11;;;;
350396;2;LINES_OF_CODE_AI;2026-01-28 16:36:29;13;;;;
350405;2;LINES_OF_CODE_AI;2026-01-29 08:13:33;7;;;;
350408;2;LINES_OF_CODE_AI;2026-01-29 08:28:07;10;;;;
350410;2;LINES_OF_CODE_AI;2026-01-29 09:17:20;6;;;;
350423;2;LINES_OF_CODE_AI;2026-01-29 10:18:30;31;;;;
350422;2;LINES_OF_CODE_AI;2026-01-29 10:40:57;8;;;;
350406;2;LINES_OF_CODE_AI;2026-01-29 11:26:29;4;;;;
350402;2;LINES_OF_CODE_AI;2026-01-29 11:32:13;8;;;;
350403;2;LINES_OF_CODE_AI;2026-01-29 11:33:06;2;;;;
350404;2;LINES_OF_CODE_AI;2026-01-29 11:45:56;2;;;;
350421;2;LINES_OF_CODE_AI;2026-01-29 12:09:05;7;;;;
350418;2;LINES_OF_CODE_AI;2026-01-29 12:16:08;12;;;;
350415;2;LINES_OF_CODE_AI;2026-01-29 12:16:42;5;;;;
350412;2;LINES_OF_CODE_AI;2026-01-29 12:17:19;4;;;;
350419;2;LINES_OF_CODE_AI;2026-01-29 12:55:37;11;;;;
350411;2;LINES_OF_CODE_AI;2026-01-29 13:17:00;12;;;;
350407;2;LINES_OF_CODE_AI;2026-01-29 13:17:39;6;;;;
350420;2;LINES_OF_CODE_AI;2026-01-29 13:19:56;3;;;;
350401;2;LINES_OF_CODE_AI;2026-01-29 14:10:32;5;;;;
350416;2;LINES_OF_CODE_AI;2026-01-29 14:52:46;2;;;;
350414;2;LINES_OF_CODE_AI;2026-01-29 15:17:58;5;;;;
350409;2;LINES_OF_CODE_AI;2026-01-29 16:36:02;-2;;;;
350413;2;LINES_OF_CODE_AI;2026-01-29 17:41:04;5;;;;
350417;2;LINES_OF_CODE_AI;2026-01-29 17:43:16;8;;;;
350436;2;LINES_OF_CODE_AI;2026-01-30 08:03:49;13;;;;
350425;2;LINES_OF_CODE_AI;2026-01-30 09:15:47;4;;;;
350427;2;LINES_OF_CODE_AI;2026-01-30 09:46:39;16;;;;
350430;2;LINES_OF_CODE_AI;2026-01-30 11:07:34;11;;;;
350434;2;LINES_OF_CODE_AI;2026-01-30 12:01:14;15;;;;
350446;2;LINES_OF_CODE_AI;2026-01-30 12:08:50;40;;;;
350441;2;LINES_OF_CODE_AI;2026-01-30 12:34:08;13;;;;
350428;2;LINES_OF_CODE_AI;2026-01-30 13:19:50;11;;;;
350435;2;LINES_OF_CODE_AI;2026-01-30 13:21:14;21;;;;
350440;2;LINES_OF_CODE_AI;2026-01-30 13:32:47;9;;;;
350439;2;LINES_OF_CODE_AI;2026-01-30 13:44:53;20;;;;
350433;2;LINES_OF_CODE_AI;2026-01-30 14:15:54;18;;;;
350432;2;LINES_OF_CODE_AI;2026-01-30 14:24:50;10;;;;
350443;2;LINES_OF_CODE_AI;2026-01-30 14:35:18;18;;;;
350444;2;LINES_OF_CODE_AI;2026-01-30 14:44:19;11;;;;
350424;2;LINES_OF_CODE_AI;2026-01-30 14:56:31;7;;;;
350445;2;LINES_OF_CODE_AI;2026-01-30 15:09:10;-3;;;;
350438;2;LINES_OF_CODE_AI;2026-01-30 15:53:12;3;;;;
350426;2;LINES_OF_CODE_AI;2026-01-30 16:27:22;14;;;;
350437;2;LINES_OF_CODE_AI;2026-01-30 16:34:46;14;;;;
350431;2;LINES_OF_CODE_AI;2026-01-30 17:01:28;12;;;;
350442;2;LINES_OF_CODE_AI;2026-01-30 17:26:52;5;;;;
350429;2;LINES_OF_CODE_AI;2026-01-30 17:47:04;8;;;;
350453;2;LINES_OF_CODE_AI;2026-02-02 08:14:52;2;;;;
350459;2;LINES_OF_CODE_AI;2026-02-02 09:14:00;11;;;;
350452;2;LINES_OF_CODE_AI;2026-02-02 09:36:50;8;;;;
350455;2;LINES_OF_CODE_AI;2026-02-02 09:45:17;1;;;;
350460;2;LINES_OF_CODE_AI;2026-02-02 11:00:03;11;;;;
350456;2;LINES_OF_CODE_AI;2026-02-02 11:52:16;9;;;;
350449;2;LINES_OF_CODE_AI;2026-02-02 12:35:54;8;;;;
350458;2;LINES_OF_CODE_AI;2026-02-02 13:03:00;5;;;;
350447;2;LINES_OF_CODE_AI;2026-02-02 13:22:55;7;;;;
350454;2;LINES_OF_CODE_AI;2026-02-02 13:33:39;4;;;;
350448;2;LINES_OF_CODE_AI;2026-02-02 13:40:25;4;;;;
350462;2;LINES_OF_CODE_AI;2026-02-02 15:23:49;2;;;;
350451;2;LINES_OF_CODE_AI;2026-02-02 15:31:57;3;;;;
350450;2;LINES_OF_CODE_AI;2026-02-02 16:24:29;3;;;;
350463;2;LINES_OF_CODE_AI;2026-02-02 16:36:07;29;;;;
350461;2;LINES_OF_CODE_AI;2026-02-02 17:26:54;3;;;;
350457;2;LINES_OF_CODE_AI;2026-02-02 17:44:07;12;;;;
350476;2;LINES_OF_CODE_AI;2026-02-03 08:50:10;7;;;;
350478;2;LINES_OF_CODE_AI;2026-02-03 09:37:40;1;;;;
350468;2;LINES_OF_CODE_AI;2026-02-03 10:09:25;9;;;;
350470;2;LINES_OF_CODE_AI;2026-02-03 10:09:45;7;;;;
350475;2;LINES_OF_CODE_AI;2026-02-03 10:51:47;5;;;;
350473;2;LINES_OF_CODE_AI;2026-02-03 11:09:25;1;;;;
350464;2;LINES_OF_CODE_AI;2026-02-03 12:50:27;8;;;;
350477;2;LINES_OF_CODE_AI;2026-02-03 12:50:48;0;;;;
350469;2;LINES_OF_CODE_AI;2026-02-03 13:16:19;3;;;;
350467;2;LINES_OF_CODE_AI;2026-02-03 13:26:15;9;;;;
350474;2;LINES_OF_CODE_AI;2026-02-03 13:46:01;4;;;;
350465;2;LINES_OF_CODE_AI;2026-02-03 13:50:49;5;;;;
350466;2;LINES_OF_CODE_AI;2026-02-03 14:00:21;8;;;;
350479;2;LINES_OF_CODE_AI;2026-02-03 17:04:16;0;;;;
350471;2;LINES_OF_CODE_AI;2026-02-03 17:09:26;5;;;;
350472;2;LINES_OF_CODE_AI;2026-02-03 17:10:08;7;;;;
350483;2;LINES_OF_CODE_AI;2026-02-04 08:11:05;3;;;;
350490;2;LINES_OF_CODE_AI;2026-02-04 09:00:44;5;;;;
350493;2;LINES_OF_CODE_AI;2026-02-04 09:15:26;7;;;;
350492;2;LINES_OF_CODE_AI;2026-02-04 11:23:00;5;;;;
350480;2;LINES_OF_CODE_AI;2026-02-04 11:31:52;6;;;;
350494;2;LINES_OF_CODE_AI;2026-02-04 12:15:37;4;;;;
350488;2;LINES_OF_CODE_AI;2026-02-04 12:57:17;6;;;;
350482;2;LINES_OF_CODE_AI;2026-02-04 13:21:53;4;;;;
350485;2;LINES_OF_CODE_AI;2026-02-04 13:28:56;7;;;;
350484;2;LINES_OF_CODE_AI;2026-02-04 13:45:07;6;;;;
350489;2;LINES_OF_CODE_AI;2026-02-04 14:50:12;5;;;;
350487;2;LINES_OF_CODE_AI;2026-02-04 14:57:51;2;;;;
350491;2;LINES_OF_CODE_AI;2026-02-04 15:44:30;5;;;;
350481;2;LINES_OF_CODE_AI;2026-02-04 16:54:24;3;;;;
350495;2;LINES_OF_CODE_AI;2026-02-04 17:39:29;2;;;;
350486;2;LINES_OF_CODE_AI;2026-02-04 17:50:31;5;;;;
350511;2;LINES_OF_CODE_AI;2026-02-05 08:05:21;6;;;;
350506;2;LINES_OF_CODE_AI;2026-02-05 09:00:55;5;;;;
350496;2;LINES_OF_CODE_AI;2026-02-05 09:17:53;10;;;;
350498;2;LINES_OF_CODE_AI;2026-02-05 10:05:52;9;;;;
350514;2;LINES_OF_CODE_AI;2026-02-05 10:19:14;19;;;;
350500;2;LINES_OF_CODE_AI;2026-02-05 10:39:26;11;;;;
350512;2;LINES_OF_CODE_AI;2026-02-05 11:09:36;11;;;;
350507;2;LINES_OF_CODE_AI;2026-02-05 11:47:21;12;;;;
350502;2;LINES_OF_CODE_AI;2026-02-05 12:04:30;15;;;;
350509;2;LINES_OF_CODE_AI;2026-02-05 13:13:16;-2;;;;
350504;2;LINES_OF_CODE_AI;2026-02-05 13:50:35;13;;;;
350503;2;LINES_OF_CODE_AI;2026-02-05 14:18:59;17;;;;
350497;2;LINES_OF_CODE_AI;2026-02-05 14:19:10;10;;;;
350510;2;LINES_OF_CODE_AI;2026-02-05 14:46:59;8;;;;
350501;2;LINES_OF_CODE_AI;2026-02-05 15:11:20;1;;;;
350505;2;LINES_OF_CODE_AI;2026-02-05 15:48:20;8;;;;
350513;2;LINES_OF_CODE_AI;2026-02-05 15:55:46;5;;;;
350508;2;LINES_OF_CODE_AI;2026-02-05 16:39:58;10;;;;
350499;2;LINES_OF_CODE_AI;2026-02-05 16:44:43;25;;;;
350517;2;LINES_OF_CODE_AI;2026-02-06 08:08:52;10;;;;
350521;2;LINES_OF_CODE_AI;2026-02-06 09:01:49;6;;;;
350516;2;LINES_OF_CODE_AI;2026-02-06 09:12:20;8;;;;
350519;2;LINES_OF_CODE_AI;2026-02-06 10:19:14;11;;;;
350522;2;LINES_OF_CODE_AI;2026-02-06 11:01:46;9;;;;
350518;2;LINES_OF_CODE_AI;2026-02-06 11:36:34;2;;;;
350525;2;LINES_OF_CODE_AI;2026-02-06 11:48:46;11;;;;
350524;2;LINES_OF_CODE_AI;2026-02-06 12:03:01;6;;;;
350531;2;LINES_OF_CODE_AI;2026-02-06 12:20:34;5;;;;
350515;2;LINES_OF_CODE_AI;2026-02-06 13:08:29;3;;;;
350520;2;LINES_OF_CODE_AI;2026-02-06 13:23:38;6;;;;
350528;2;LINES_OF_CODE_AI;2026-02-06 14:12:58;3;;;;
350532;2;LINES_OF_CODE_AI;2026-02-06 14:18:48;6;;;;
350530;2;LINES_OF_CODE_AI;2026-02-06 14:59:17;9;;;;
350529;2;LINES_OF_CODE_AI;2026-02-06 15:01:02;5;;;;
350523;2;LINES_OF_CODE_AI;2026-02-06 16:30:26;10;;;;
350526;2;LINES_OF_CODE_AI;2026-02-06 16:46:17;5;;;;
350527;2;LINES_OF_CODE_AI;2026-02-06 17:53:56;6;;;;
350546;2;LINES_OF_CODE_AI;2026-02-09 08:21:50;3;;;;
350552;2;LINES_OF_CODE_AI;2026-02-09 08:31:06;3;;;;
350533;2;LINES_OF_CODE_AI;2026-02-09 08:35:45;1;;;;
350549;2;LINES_OF_CODE_AI;2026-02-09 09:13:15;1;;;;
350547;2;LINES_OF_CODE_AI;2026-02-09 09:53:17;1;;;;
350540;2;LINES_OF_CODE_AI;2026-02-09 09:53:44;2;;;;
350545;2;LINES_OF_CODE_AI;2026-02-09 09:53:56;4;;;;
350551;2;LINES_OF_CODE_AI;2026-02-09 10:19:52;2;;;;
350537;2;LINES_OF_CODE_AI;2026-02-09 11:21:44;2;;;;
350544;2;LINES_OF_CODE_AI;2026-02-09 11:31:32;2;;;;
350542;2;LINES_OF_CODE_AI;2026-02-09 11:36:42;0;;;;
350536;2;LINES_OF_CODE_AI;2026-02-09 11:45:50;2;;;;
350541;2;LINES_OF_CODE_AI;2026-02-09 11:46:47;2;;;;
350538;2;LINES_OF_CODE_AI;2026-02-09 12:52:27;4;;;;
350535;2;LINES_OF_CODE_AI;2026-02-09 14:13:07;0;;;;
350548;2;LINES_OF_CODE_AI;2026-02-09 16:02:20;4;;;;
350539;2;LINES_OF_CODE_AI;2026-02-09 16:16:59;1;;;;
350550;2;LINES_OF_CODE_AI;2026-02-09 16:19:08;2;;;;
350554;2;LINES_OF_CODE_AI;2026-02-09 16:50:38;8;;;;
350543;2;LINES_OF_CODE_AI;2026-02-09 17:28:59;1;;;;
350553;2;LINES_OF_CODE_AI;2026-02-09 17:48:51;1;;;;
350534;2;LINES_OF_CODE_AI;2026-02-09 17:49:55;3;;;;
350555;2;LINES_OF_CODE_AI;2026-02-10 09:06:29;3;;;;
350571;2;LINES_OF_CODE_AI;2026-02-10 09:07:42;12;;;;
350569;2;LINES_OF_CODE_AI;2026-02-10 09:15:15;4;;;;
350564;2;LINES_OF_CODE_AI;2026-02-10 10:40:10;4;;;;
350560;2;LINES_OF_CODE_AI;2026-02-10 11:31:33;3;;;;
350574;2;LINES_OF_CODE_AI;2026-02-10 11:33:18;60;;;;
350570;2;LINES_OF_CODE_AI;2026-02-10 11:58:33;14;;;;
350562;2;LINES_OF_CODE_AI;2026-02-10 12:38:42;8;;;;
350568;2;LINES_OF_CODE_AI;2026-02-10 12:48:24;7;;;;
350557;2;LINES_OF_CODE_AI;2026-02-10 12:56:22;8;;;;
350565;2;LINES_OF_CODE_AI;2026-02-10 13:21:31;0;;;;
350563;2;LINES_OF_CODE_AI;2026-02-10 14:21:54;4;;;;
350561;2;LINES_OF_CODE_AI;2026-02-10 14:38:13;19;;;;
350567;2;LINES_OF_CODE_AI;2026-02-10 15:07:04;11;;;;
350566;2;LINES_OF_CODE_AI;2026-02-10 15:13:23;3;;;;
350556;2;LINES_OF_CODE_AI;2026-02-10 16:35:42;7;;;;
350558;2;LINES_OF_CODE_AI;2026-02-10 16:38:19;1;;;;
350572;2;LINES_OF_CODE_AI;2026-02-10 16:41:42;20;;;;
350559;2;LINES_OF_CODE_AI;2026-02-10 17:28:03;13;;;;
350573;2;LINES_OF_CODE_AI;2026-02-10 17:50:21;16;;;;
350589;2;LINES_OF_CODE_AI;2026-02-11 08:04:11;8;;;;
350582;2;LINES_OF_CODE_AI;2026-02-11 08:06:38;6;;;;
350588;2;LINES_OF_CODE_AI;2026-02-11 08:08:02;14;;;;
350576;2;LINES_OF_CODE_AI;2026-02-11 08:09:51;5;;;;
350598;2;LINES_OF_CODE_AI;2026-02-11 08:38:46;9;;;;
350594;2;LINES_OF_CODE_AI;2026-02-11 08:44:23;11;;;;
350586;2;LINES_OF_CODE_AI;2026-02-11 08:53:44;15;;;;
350597;2;LINES_OF_CODE_AI;2026-02-11 08:54:46;7;;;;
350599;2;LINES_OF_CODE_AI;2026-02-11 10:15:22;39;;;;
350575;2;LINES_OF_CODE_AI;2026-02-11 10:29:34;0;;;;
350585;2;LINES_OF_CODE_AI;2026-02-11 11:09:09;6;;;;
350590;2;LINES_OF_CODE_AI;2026-02-11 11:25:32;12;;;;
350584;2;LINES_OF_CODE_AI;2026-02-11 11:31:58;8;;;;
350591;2;LINES_OF_CODE_AI;2026-02-11 11:37:36;9;;;;
350587;2;LINES_OF_CODE_AI;2026-02-11 12:09:38;6;;;;
350593;2;LINES_OF_CODE_AI;2026-02-11 12:41:13;4;;;;
350595;2;LINES_OF_CODE_AI;2026-02-11 13:01:23;13;;;;
350592;2;LINES_OF_CODE_AI;2026-02-11 13:18:42;6;;;;
350577;2;LINES_OF_CODE_AI;2026-02-11 13:38:04;6;;;;
350583;2;LINES_OF_CODE_AI;2026-02-11 14:19:02;7;;;;
350580;2;LINES_OF_CODE_AI;2026-02-11 16:33:36;11;;;;
350581;2;LINES_OF_CODE_AI;2026-02-11 16:43:30;4;;;;
350596;2;LINES_OF_CODE_AI;2026-02-11 16:48:13;3;;;;
350579;2;LINES_OF_CODE_AI;2026-02-11 17:22:40;10;;;;
350578;2;LINES_OF_CODE_AI;2026-02-11 17:49:59;4;;;;
350613;2;LINES_OF_CODE_AI;2026-02-12 08:08:31;9;;;;
350615;2;LINES_OF_CODE_AI;2026-02-12 08:33:31;22;;;;
350606;2;LINES_OF_CODE_AI;2026-02-12 09:52:15;10;;;;
350603;2;LINES_OF_CODE_AI;2026-02-12 09:53:06;9;;;;
350610;2;LINES_OF_CODE_AI;2026-02-12 11:53:49;12;;;;
350601;2;LINES_OF_CODE_AI;2026-02-12 12:11:15;3;;;;
350611;2;LINES_OF_CODE_AI;2026-02-12 12:24:34;19;;;;
350607;2;LINES_OF_CODE_AI;2026-02-12 12:29:05;7;;;;
350609;2;LINES_OF_CODE_AI;2026-02-12 12:29:58;0;;;;
350614;2;LINES_OF_CODE_AI;2026-02-12 13:08:21;6;;;;
350602;2;LINES_OF_CODE_AI;2026-02-12 14:16:47;11;;;;
350605;2;LINES_OF_CODE_AI;2026-02-12 15:01:18;9;;;;
350600;2;LINES_OF_CODE_AI;2026-02-12 15:20:38;11;;;;
350604;2;LINES_OF_CODE_AI;2026-02-12 16:56:40;13;;;;
350612;2;LINES_OF_CODE_AI;2026-02-12 17:12:32;8;;;;
350608;2;LINES_OF_CODE_AI;2026-02-12 17:35:06;9;;;;
350618;2;LINES_OF_CODE_AI;2026-02-13 08:11:29;6;;;;
350616;2;LINES_OF_CODE_AI;2026-02-13 08:21:15;3;;;;
350623;2;LINES_OF_CODE_AI;2026-02-13 08:28:39;2;;;;
350622;2;LINES_OF_CODE_AI;2026-02-13 08:40:22;7;;;;
350636;2;LINES_OF_CODE_AI;2026-02-13 08:49:02;3;;;;
350632;2;LINES_OF_CODE_AI;2026-02-13 08:57:09;3;;;;
350626;2;LINES_OF_CODE_AI;2026-02-13 09:25:35;9;;;;
350638;2;LINES_OF_CODE_AI;2026-02-13 09:58:00;2;;;;
350637;2;LINES_OF_CODE_AI;2026-02-13 09:59:49;4;;;;
350620;2;LINES_OF_CODE_AI;2026-02-13 10:53:19;5;;;;
350625;2;LINES_OF_CODE_AI;2026-02-13 11:26:24;7;;;;
350624;2;LINES_OF_CODE_AI;2026-02-13 12:29:36;3;;;;
350629;2;LINES_OF_CODE_AI;2026-02-13 13:20:36;-1;;;;
350635;2;LINES_OF_CODE_AI;2026-02-13 13:34:56;4;;;;
350627;2;LINES_OF_CODE_AI;2026-02-13 13:44:36;3;;;;
350639;2;LINES_OF_CODE_AI;2026-02-13 14:00:07;19;;;;
350628;2;LINES_OF_CODE_AI;2026-02-13 14:13:56;2;;;;
350621;2;LINES_OF_CODE_AI;2026-02-13 14:35:17;5;;;;
350633;2;LINES_OF_CODE_AI;2026-02-13 15:47:40;1;;;;
350617;2;LINES_OF_CODE_AI;2026-02-13 15:54:36;6;;;;
350634;2;LINES_OF_CODE_AI;2026-02-13 16:06:45;2;;;;
350630;2;LINES_OF_CODE_AI;2026-02-13 16:08:03;7;;;;
350619;2;LINES_OF_CODE_AI;2026-02-13 16:11:33;5;;;;
350631;2;LINES_OF_CODE_AI;2026-02-13 16:15:37;5;;;;
350652;2;LINES_OF_CODE_AI;2026-02-16 08:07:25;3;;;;
350643;2;LINES_OF_CODE_AI;2026-02-16 08:24:51;12;;;;
350660;2;LINES_OF_CODE_AI;2026-02-16 08:36:32;3;;;;
350641;2;LINES_OF_CODE_AI;2026-02-16 09:06:19;9;;;;
350650;2;LINES_OF_CODE_AI;2026-02-16 09:08:47;11;;;;
350646;2;LINES_OF_CODE_AI;2026-02-16 09:12:12;15;;;;
350654;2;LINES_OF_CODE_AI;2026-02-16 09:29:03;11;;;;
350657;2;LINES_OF_CODE_AI;2026-02-16 10:34:33;10;;;;
350659;2;LINES_OF_CODE_AI;2026-02-16 10:37:32;3;;;;
350640;2;LINES_OF_CODE_AI;2026-02-16 10:46:36;18;;;;
350649;2;LINES_OF_CODE_AI;2026-02-16 11:26:08;15;;;;
350644;2;LINES_OF_CODE_AI;2026-02-16 11:51:15;11;;;;
350645;2;LINES_OF_CODE_AI;2026-02-16 12:44:11;2;;;;
350651;2;LINES_OF_CODE_AI;2026-02-16 13:16:49;8;;;;
350647;2;LINES_OF_CODE_AI;2026-02-16 15:50:52;9;;;;
350648;2;LINES_OF_CODE_AI;2026-02-16 15:58:29;6;;;;
350653;2;LINES_OF_CODE_AI;2026-02-16 16:06:02;8;;;;
350655;2;LINES_OF_CODE_AI;2026-02-16 16:12:09;7;;;;
350656;2;LINES_OF_CODE_AI;2026-02-16 16:24:51;14;;;;
350642;2;LINES_OF_CODE_AI;2026-02-16 17:29:49;13;;;;
350658;2;LINES_OF_CODE_AI;2026-02-16 17:40:30;17;;;;
350667;2;LINES_OF_CODE_AI;2026-02-17 08:18:32;15;;;;
350666;2;LINES_OF_CODE_AI;2026-02-17 09:37:49;18;;;;
350674;2;LINES_OF_CODE_AI;2026-02-17 09:51:37;18;;;;
350670;2;LINES_OF_CODE_AI;2026-02-17 10:31:29;13;;;;
350663;2;LINES_OF_CODE_AI;2026-02-17 11:04:25;18;;;;
350675;2;LINES_OF_CODE_AI;2026-02-17 11:54:31;19;;;;
350669;2;LINES_OF_CODE_AI;2026-02-17 12:17:33;18;;;;
350672;2;LINES_OF_CODE_AI;2026-02-17 12:18:17;28;;;;
350673;2;LINES_OF_CODE_AI;2026-02-17 14:05:21;23;;;;
350664;2;LINES_OF_CODE_AI;2026-02-17 14:16:53;18;;;;
350665;2;LINES_OF_CODE_AI;2026-02-17 15:01:02;19;;;;
350661;2;LINES_OF_CODE_AI;2026-02-17 15:51:02;33;;;;
350671;2;LINES_OF_CODE_AI;2026-02-17 16:03:45;16;;;;
350668;2;LINES_OF_CODE_AI;2026-02-17 16:12:15;41;;;;
350662;2;LINES_OF_CODE_AI;2026-02-17 16:27:09;11;;;;
350676;2;LINES_OF_CODE_AI;2026-02-17 17:21:25;0;;;;
350682;2;LINES_OF_CODE_AI;2026-02-18 08:29:33;14;;;;
350687;2;LINES_OF_CODE_AI;2026-02-18 08:36:05;9;;;;
350680;2;LINES_OF_CODE_AI;2026-02-18 09:14:47;22;;;;
350684;2;LINES_OF_CODE_AI;2026-02-18 09:15:37;-1;;;;
350683;2;LINES_OF_CODE_AI;2026-02-18 10:13:45;14;;;;
350677;2;LINES_OF_CODE_AI;2026-02-18 10:24:52;20;;;;
350690;2;LINES_OF_CODE_AI;2026-02-18 11:03:06;14;;;;
350678;2;LINES_OF_CODE_AI;2026-02-18 11:47:08;3;;;;
350692;2;LINES_OF_CODE_AI;2026-02-18 11:48:53;16;;;;
350691;2;LINES_OF_CODE_AI;2026-02-18 12:07:45;24;;;;
350685;2;LINES_OF_CODE_AI;2026-02-18 13:10:47;23;;;;
350689;2;LINES_OF_CODE_AI;2026-02-18 13:12:06;0;;;;
350688;2;LINES_OF_CODE_AI;2026-02-18 14:45:59;19;;;;
350686;2;LINES_OF_CODE_AI;2026-02-18 15:42:54;26;;;;
350679;2;LINES_OF_CODE_AI;2026-02-18 15:54:29;12;;;;
350681;2;LINES_OF_CODE_AI;2026-02-18 16:06:37;24;;;;
350693;2;LINES_OF_CODE_AI;2026-02-18 16:14:31;0;;;;
350695;2;LINES_OF_CODE_AI;2026-02-19 08:20:12;5;;;;
350694;2;LINES_OF_CODE_AI;2026-02-19 08:33:42;9;;;;
350707;2;LINES_OF_CODE_AI;2026-02-19 08:54:45;11;;;;
350698;2;LINES_OF_CODE_AI;2026-02-19 11:44:32;8;;;;
350699;2;LINES_OF_CODE_AI;2026-02-19 12:11:20;3;;;;
350697;2;LINES_OF_CODE_AI;2026-02-19 12:22:47;12;;;;
350704;2;LINES_OF_CODE_AI;2026-02-19 13:19:48;5;;;;
350708;2;LINES_OF_CODE_AI;2026-02-19 14:09:32;31;;;;
350702;2;LINES_OF_CODE_AI;2026-02-19 14:19:31;11;;;;
350701;2;LINES_OF_CODE_AI;2026-02-19 14:37:36;-1;;;;
350703;2;LINES_OF_CODE_AI;2026-02-19 15:13:35;5;;;;
350696;2;LINES_OF_CODE_AI;2026-02-19 16:22:17;10;;;;
350706;2;LINES_OF_CODE_AI;2026-02-19 16:22:55;4;;;;
350705;2;LINES_OF_CODE_AI;2026-02-19 16:30:25;3;;;;
350700;2;LINES_OF_CODE_AI;2026-02-19 16:58:23;3;;;;
350717;2;LINES_OF_CODE_AI;2026-02-20 08:09:56;11;;;;
350716;2;LINES_OF_CODE_AI;2026-02-20 08:57:09;18;;;;
350709;2;LINES_OF_CODE_AI;2026-02-20 09:27:34;16;;;;
350712;2;LINES_OF_CODE_AI;2026-02-20 10:07:49;9;;;;
350715;2;LINES_OF_CODE_AI;2026-02-20 10:12:17;6;;;;
350726;2;LINES_OF_CODE_AI;2026-02-20 11:12:56;12;;;;
350713;2;LINES_OF_CODE_AI;2026-02-20 11:54:00;13;;;;
350711;2;LINES_OF_CODE_AI;2026-02-20 12:07:29;11;;;;
350722;2;LINES_OF_CODE_AI;2026-02-20 12:47:42;13;;;;
350725;2;LINES_OF_CODE_AI;2026-02-20 14:17:25;16;;;;
350724;2;LINES_OF_CODE_AI;2026-02-20 14:40:59;18;;;;
350710;2;LINES_OF_CODE_AI;2026-02-20 14:57:27;3;;;;
350714;2;LINES_OF_CODE_AI;2026-02-20 15:16:59;14;;;;
350727;2;LINES_OF_CODE_AI;2026-02-20 15:47:48;1;;;;
350718;2;LINES_OF_CODE_AI;2026-02-20 15:49:09;8;;;;
350723;2;LINES_OF_CODE_AI;2026-02-20 16:02:00;0;;;;
350721;2;LINES_OF_CODE_AI;2026-02-20 16:50:01;26;;;;
350720;2;LINES_OF_CODE_AI;2026-02-20 17:05:52;15;;;;
350719;2;LINES_OF_CODE_AI;2026-02-20 17:50:48;1;;;;
350743;2;LINES_OF_CODE_AI;2026-02-23 08:00:45;1;;;;
350750;2;LINES_OF_CODE_AI;2026-02-23 08:48:41;13;;;;
350745;2;LINES_OF_CODE_AI;2026-02-23 09:03:40;1;;;;
350740;2;LINES_OF_CODE_AI;2026-02-23 09:15:43;1;;;;
350749;2;LINES_OF_CODE_AI;2026-02-23 09:55:08;0;;;;
350731;2;LINES_OF_CODE_AI;2026-02-23 10:24:43;1;;;;
350729;2;LINES_OF_CODE_AI;2026-02-23 10:52:44;0;;;;
350741;2;LINES_OF_CODE_AI;2026-02-23 10:54:56;1;;;;
350747;2;LINES_OF_CODE_AI;2026-02-23 12:04:15;0;;;;
350732;2;LINES_OF_CODE_AI;2026-02-23 12:15:45;1;;;;
350746;2;LINES_OF_CODE_AI;2026-02-23 12:19:35;1;;;;
350734;2;LINES_OF_CODE_AI;2026-02-23 12:30:25;0;;;;
350730;2;LINES_OF_CODE_AI;2026-02-23 12:36:07;2;;;;
350735;2;LINES_OF_CODE_AI;2026-02-23 12:59:07;0;;;;
350742;2;LINES_OF_CODE_AI;2026-02-23 13:14:30;2;;;;
350733;2;LINES_OF_CODE_AI;2026-02-23 13:31:06;0;;;;
350744;2;LINES_OF_CODE_AI;2026-02-23 14:57:51;1;;;;
350737;2;LINES_OF_CODE_AI;2026-02-23 14:59:58;1;;;;
350738;2;LINES_OF_CODE_AI;2026-02-23 15:00:33;0;;;;
350748;2;LINES_OF_CODE_AI;2026-02-23 15:31:24;1;;;;
350739;2;LINES_OF_CODE_AI;2026-02-23 16:22:07;1;;;;
350736;2;LINES_OF_CODE_AI;2026-02-23 16:35:17;1;;;;
350728;2;LINES_OF_CODE_AI;2026-02-23 16:54:48;1;;;;
350765;2;LINES_OF_CODE_AI;2026-02-24 09:19:55;24;;;;
350753;2;LINES_OF_CODE_AI;2026-02-24 09:58:12;6;;;;
350760;2;LINES_OF_CODE_AI;2026-02-24 10:44:21;20;;;;
350754;2;LINES_OF_CODE_AI;2026-02-24 10:46:28;24;;;;
350766;2;LINES_OF_CODE_AI;2026-02-24 11:18:22;17;;;;
350763;2;LINES_OF_CODE_AI;2026-02-24 12:29:47;20;;;;
350762;2;LINES_OF_CODE_AI;2026-02-24 13:18:36;16;;;;
350751;2;LINES_OF_CODE_AI;2026-02-24 13:58:17;11;;;;
350755;2;LINES_OF_CODE_AI;2026-02-24 14:11:26;20;;;;
350758;2;LINES_OF_CODE_AI;2026-02-24 14:23:44;5;;;;
350752;2;LINES_OF_CODE_AI;2026-02-24 14:42:53;24;;;;
350757;2;LINES_OF_CODE_AI;2026-02-24 15:41:52;8;;;;
350759;2;LINES_OF_CODE_AI;2026-02-24 16:54:22;25;;;;
350764;2;LINES_OF_CODE_AI;2026-02-24 17:41:11;7;;;;
350756;2;LINES_OF_CODE_AI;2026-02-24 17:45:16;19;;;;
350761;2;LINES_OF_CODE_AI;2026-02-24 17:46:53;14;;;;
350781;2;LINES_OF_CODE_AI;2026-02-25 08:03:46;15;;;;
350768;2;LINES_OF_CODE_AI;2026-02-25 08:28:34;9;;;;
350782;2;LINES_OF_CODE_AI;2026-02-25 08:34:04;3;;;;
350771;2;LINES_OF_CODE_AI;2026-02-25 08:44:26;18;;;;
350779;2;LINES_OF_CODE_AI;2026-02-25 08:48:37;-6;;;;
350774;2;LINES_OF_CODE_AI;2026-02-25 09:01:45;11;;;;
350784;2;LINES_OF_CODE_AI;2026-02-25 09:22:07;5;;;;
350772;2;LINES_OF_CODE_AI;2026-02-25 10:39:39;5;;;;
350776;2;LINES_OF_CODE_AI;2026-02-25 10:45:48;10;;;;
350775;2;LINES_OF_CODE_AI;2026-02-25 10:50:12;17;;;;
350778;2;LINES_OF_CODE_AI;2026-02-25 12:32:26;0;;;;
350785;2;LINES_OF_CODE_AI;2026-02-25 13:52:28;25;;;;
350773;2;LINES_OF_CODE_AI;2026-02-25 14:27:07;12;;;;
350767;2;LINES_OF_CODE_AI;2026-02-25 15:35:35;11;;;;
350777;2;LINES_OF_CODE_AI;2026-02-25 15:37:59;6;;;;
350780;2;LINES_OF_CODE_AI;2026-02-25 16:06:16;7;;;;
350783;2;LINES_OF_CODE_AI;2026-02-25 16:12:36;15;;;;
350769;2;LINES_OF_CODE_AI;2026-02-25 16:29:44;8;;;;
350770;2;LINES_OF_CODE_AI;2026-02-25 17:56:20;13;;;;
350798;2;LINES_OF_CODE_AI;2026-02-26 08:11:43;5;;;;
350794;2;LINES_OF_CODE_AI;2026-02-26 08:20:04;5;;;;
350801;2;LINES_OF_CODE_AI;2026-02-26 09:06:42;4;;;;
350791;2;LINES_OF_CODE_AI;2026-02-26 09:33:44;2;;;;
350786;2;LINES_OF_CODE_AI;2026-02-26 10:23:28;6;;;;
350795;2;LINES_OF_CODE_AI;2026-02-26 11:52:09;7;;;;
350797;2;LINES_OF_CODE_AI;2026-02-26 13:16:39;3;;;;
350800;2;LINES_OF_CODE_AI;2026-02-26 13:42:20;2;;;;
350792;2;LINES_OF_CODE_AI;2026-02-26 13:59:39;7;;;;
350790;2;LINES_OF_CODE_AI;2026-02-26 14:08:21;6;;;;
350793;2;LINES_OF_CODE_AI;2026-02-26 14:55:00;4;;;;
350789;2;LINES_OF_CODE_AI;2026-02-26 16:08:41;6;;;;
350788;2;LINES_OF_CODE_AI;2026-02-26 16:10:38;5;;;;
350787;2;LINES_OF_CODE_AI;2026-02-26 16:23:01;7;;;;
350799;2;LINES_OF_CODE_AI;2026-02-26 17:01:08;3;;;;
350796;2;LINES_OF_CODE_AI;2026-02-26 17:20:21;2;;;;
350816;2;LINES_OF_CODE_AI;2026-02-27 08:36:07;5;;;;
350812;2;LINES_OF_CODE_AI;2026-02-27 09:19:12;5;;;;
350809;2;LINES_OF_CODE_AI;2026-02-27 09:49:36;7;;;;
350814;2;LINES_OF_CODE_AI;2026-02-27 10:20:43;2;;;;
350803;2;LINES_OF_CODE_AI;2026-02-27 10:54:52;6;;;;
350811;2;LINES_OF_CODE_AI;2026-02-27 10:55:45;7;;;;
350804;2;LINES_OF_CODE_AI;2026-02-27 11:13:20;7;;;;
350815;2;LINES_OF_CODE_AI;2026-02-27 11:55:29;5;;;;
350805;2;LINES_OF_CODE_AI;2026-02-27 12:04:36;6;;;;
350807;2;LINES_OF_CODE_AI;2026-02-27 12:32:20;9;;;;
350817;2;LINES_OF_CODE_AI;2026-02-27 12:33:26;11;;;;
350810;2;LINES_OF_CODE_AI;2026-02-27 14:56:19;7;;;;
350808;2;LINES_OF_CODE_AI;2026-02-27 15:51:39;3;;;;
350806;2;LINES_OF_CODE_AI;2026-02-27 17:21:40;2;;;;
350813;2;LINES_OF_CODE_AI;2026-02-27 17:22:03;4;;;;
350802;2;LINES_OF_CODE_AI;2026-02-27 17:32:43;5;;;;
350826;2;LINES_OF_CODE_AI;2026-03-02 08:09:09;13;;;;
350835;2;LINES_OF_CODE_AI;2026-03-02 08:39:19;17;;;;
350827;2;LINES_OF_CODE_AI;2026-03-02 11:12:33;13;;;;
350824;2;LINES_OF_CODE_AI;2026-03-02 12:29:44;-1;;;;
350833;2;LINES_OF_CODE_AI;2026-03-02 12:35:07;21;;;;
350822;2;LINES_OF_CODE_AI;2026-03-02 13:17:37;14;;;;
350828;2;LINES_OF_CODE_AI;2026-03-02 13:20:21;15;;;;
350819;2;LINES_OF_CODE_AI;2026-03-02 13:22:16;17;;;;
350836;2;LINES_OF_CODE_AI;2026-03-02 13:31:57;36;;;;
350825;2;LINES_OF_CODE_AI;2026-03-02 14:03:07;14;;;;
350831;2;LINES_OF_CODE_AI;2026-03-02 14:23:46;16;;;;
350829;2;LINES_OF_CODE_AI;2026-03-02 15:44:30;27;;;;
350821;2;LINES_OF_CODE_AI;2026-03-02 15:56:36;18;;;;
350818;2;LINES_OF_CODE_AI;2026-03-02 16:03:28;6;;;;
350834;2;LINES_OF_CODE_AI;2026-03-02 16:23:50;13;;;;
350823;2;LINES_OF_CODE_AI;2026-03-02 16:50:55;1;;;;
350830;2;LINES_OF_CODE_AI;2026-03-02 17:07:22;11;;;;
350832;2;LINES_OF_CODE_AI;2026-03-02 17:20:55;13;;;;
350820;2;LINES_OF_CODE_AI;2026-03-02 17:54:37;16;;;;
350845;2;LINES_OF_CODE_AI;2026-03-03 08:23:56;14;;;;
350844;2;LINES_OF_CODE_AI;2026-03-03 08:37:36;24;;;;
350841;2;LINES_OF_CODE_AI;2026-03-03 08:48:03;16;;;;
350838;2;LINES_OF_CODE_AI;2026-03-03 08:49:44;29;;;;
350840;2;LINES_OF_CODE_AI;2026-03-03 09:31:45;17;;;;
350843;2;LINES_OF_CODE_AI;2026-03-03 09:42:59;9;;;;
350855;2;LINES_OF_CODE_AI;2026-03-03 09:58:17;5;;;;
350851;2;LINES_OF_CODE_AI;2026-03-03 10:14:58;9;;;;
350848;2;LINES_OF_CODE_AI;2026-03-03 11:00:11;2;;;;
350850;2;LINES_OF_CODE_AI;2026-03-03 11:05:47;27;;;;
350856;2;LINES_OF_CODE_AI;2026-03-03 11:59:02;74;;;;
350852;2;LINES_OF_CODE_AI;2026-03-03 12:05:42;5;;;;
350839;2;LINES_OF_CODE_AI;2026-03-03 12:29:18;19;;;;
350842;2;LINES_OF_CODE_AI;2026-03-03 12:30:09;19;;;;
350853;2;LINES_OF_CODE_AI;2026-03-03 14:17:13;27;;;;
350847;2;LINES_OF_CODE_AI;2026-03-03 15:46:54;2;;;;
350837;2;LINES_OF_CODE_AI;2026-03-03 15:57:26;13;;;;
350849;2;LINES_OF_CODE_AI;2026-03-03 16:15:14;24;;;;
350846;2;LINES_OF_CODE_AI;2026-03-03 17:28:41;12;;;;
350854;2;LINES_OF_CODE_AI;2026-03-03 17:41:53;9;;;;
350859;2;LINES_OF_CODE_AI;2026-03-04 08:47:00;27;;;;
350861;2;LINES_OF_CODE_AI;2026-03-04 09:23:14;19;;;;
350863;2;LINES_OF_CODE_AI;2026-03-04 09:51:03;17;;;;
350860;2;LINES_OF_CODE_AI;2026-03-04 10:57:13;44;;;;
350858;2;LINES_OF_CODE_AI;2026-03-04 11:00:33;26;;;;
350873;2;LINES_OF_CODE_AI;2026-03-04 11:54:25;9;;;;
350864;2;LINES_OF_CODE_AI;2026-03-04 12:20:04;22;;;;
350874;2;LINES_OF_CODE_AI;2026-03-04 12:31:41;22;;;;
350870;2;LINES_OF_CODE_AI;2026-03-04 13:05:10;18;;;;
350867;2;LINES_OF_CODE_AI;2026-03-04 13:12:15;11;;;;
350868;2;LINES_OF_CODE_AI;2026-03-04 13:40:35;8;;;;
350872;2;LINES_OF_CODE_AI;2026-03-04 14:08:46;30;;;;
350865;2;LINES_OF_CODE_AI;2026-03-04 14:11:42;16;;;;
350857;2;LINES_OF_CODE_AI;2026-03-04 14:35:49;33;;;;
350871;2;LINES_OF_CODE_AI;2026-03-04 15:57:25;16;;;;
350866;2;LINES_OF_CODE_AI;2026-03-04 16:55:11;26;;;;
350869;2;LINES_OF_CODE_AI;2026-03-04 17:20:50;37;;;;
350862;2;LINES_OF_CODE_AI;2026-03-04 17:52:27;12;;;;
350878;2;LINES_OF_CODE_AI;2026-03-05 08:14:20;2;;;;
350877;2;LINES_OF_CODE_AI;2026-03-05 09:00:30;46;;;;
350887;2;LINES_OF_CODE_AI;2026-03-05 09:24:25;38;;;;
350885;2;LINES_OF_CODE_AI;2026-03-05 10:02:27;5;;;;
350880;2;LINES_OF_CODE_AI;2026-03-05 10:19:14;28;;;;
350888;2;LINES_OF_CODE_AI;2026-03-05 10:24:51;65;;;;
350886;2;LINES_OF_CODE_AI;2026-03-05 11:09:51;9;;;;
350881;2;LINES_OF_CODE_AI;2026-03-05 11:32:25;3;;;;
350883;2;LINES_OF_CODE_AI;2026-03-05 12:04:37;39;;;;
350879;2;LINES_OF_CODE_AI;2026-03-05 12:35:48;36;;;;
350889;2;LINES_OF_CODE_AI;2026-03-05 14:10:26;78;;;;
350876;2;LINES_OF_CODE_AI;2026-03-05 14:30:01;23;;;;
350882;2;LINES_OF_CODE_AI;2026-03-05 15:59:20;32;;;;
350884;2;LINES_OF_CODE_AI;2026-03-05 16:01:01;67;;;;
350875;2;LINES_OF_CODE_AI;2026-03-05 17:28:40;18;;;;
350894;2;LINES_OF_CODE_AI;2026-03-06 08:01:22;14;;;;
350896;2;LINES_OF_CODE_AI;2026-03-06 08:07:35;12;;;;
350907;2;LINES_OF_CODE_AI;2026-03-06 09:29:50;0;;;;
350900;2;LINES_OF_CODE_AI;2026-03-06 09:50:06;7;;;;
350902;2;LINES_OF_CODE_AI;2026-03-06 10:05:26;11;;;;
350901;2;LINES_OF_CODE_AI;2026-03-06 10:23:48;3;;;;
350895;2;LINES_OF_CODE_AI;2026-03-06 10:28:05;14;;;;
350890;2;LINES_OF_CODE_AI;2026-03-06 10:45:10;15;;;;
350905;2;LINES_OF_CODE_AI;2026-03-06 11:48:19;18;;;;
350892;2;LINES_OF_CODE_AI;2026-03-06 12:24:55;11;;;;
350908;2;LINES_OF_CODE_AI;2026-03-06 12:32:15;0;;;;
350899;2;LINES_OF_CODE_AI;2026-03-06 14:20:25;4;;;;
350891;2;LINES_OF_CODE_AI;2026-03-06 14:30:02;20;;;;
350898;2;LINES_OF_CODE_AI;2026-03-06 14:44:52;17;;;;
350904;2;LINES_OF_CODE_AI;2026-03-06 15:09:28;3;;;;
350897;2;LINES_OF_CODE_AI;2026-03-06 15:15:48;16;;;;
350893;2;LINES_OF_CODE_AI;2026-03-06 15:26:21;13;;;;
350903;2;LINES_OF_CODE_AI;2026-03-06 16:45:56;11;;;;
350906;2;LINES_OF_CODE_AI;2026-03-06 16:54:03;7;;;;
350915;2;LINES_OF_CODE_AI;2026-03-09 09:03:59;17;;;;
350910;2;LINES_OF_CODE_AI;2026-03-09 09:05:29;22;;;;
350920;2;LINES_OF_CODE_AI;2026-03-09 10:36:27;28;;;;
350911;2;LINES_OF_CODE_AI;2026-03-09 12:59:29;29;;;;
350909;2;LINES_OF_CODE_AI;2026-03-09 14:13:34;15;;;;
350914;2;LINES_OF_CODE_AI;2026-03-09 14:15:36;13;;;;
350912;2;LINES_OF_CODE_AI;2026-03-09 14:21:21;26;;;;
350922;2;LINES_OF_CODE_AI;2026-03-09 14:33:04;19;;;;
350921;2;LINES_OF_CODE_AI;2026-03-09 14:45:08;13;;;;
350913;2;LINES_OF_CODE_AI;2026-03-09 15:06:21;13;;;;
350919;2;LINES_OF_CODE_AI;2026-03-09 15:45:20;28;;;;
350916;2;LINES_OF_CODE_AI;2026-03-09 15:59:24;13;;;;
350917;2;LINES_OF_CODE_AI;2026-03-09 16:38:04;10;;;;
350923;2;LINES_OF_CODE_AI;2026-03-09 17:12:35;35;;;;
350918;2;LINES_OF_CODE_AI;2026-03-09 17:55:37;3;;;;
350939;2;LINES_OF_CODE_AI;2026-03-10 08:12:09;21;;;;
350948;2;LINES_OF_CODE_AI;2026-03-10 08:29:36;29;;;;
350935;2;LINES_OF_CODE_AI;2026-03-10 08:30:03;8;;;;
350936;2;LINES_OF_CODE_AI;2026-03-10 08:43:25;11;;;;
350940;2;LINES_OF_CODE_AI;2026-03-10 09:21:35;2;;;;
350932;2;LINES_OF_CODE_AI;2026-03-10 11:22:25;14;;;;
350941;2;LINES_OF_CODE_AI;2026-03-10 12:06:27;5;;;;
350946;2;LINES_OF_CODE_AI;2026-03-10 12:50:57;11;;;;
350930;2;LINES_OF_CODE_AI;2026-03-10 12:55:09;15;;;;
350928;2;LINES_OF_CODE_AI;2026-03-10 13:16:32;5;;;;
350929;2;LINES_OF_CODE_AI;2026-03-10 13:19:32;13;;;;
350927;2;LINES_OF_CODE_AI;2026-03-10 13:22:12;14;;;;
350934;2;LINES_OF_CODE_AI;2026-03-10 13:58:13;3;;;;
350938;2;LINES_OF_CODE_AI;2026-03-10 14:08:11;2;;;;
350924;2;LINES_OF_CODE_AI;2026-03-10 14:43:51;22;;;;
350933;2;LINES_OF_CODE_AI;2026-03-10 14:45:46;11;;;;
350931;2;LINES_OF_CODE_AI;2026-03-10 14:49:51;16;;;;
350945;2;LINES_OF_CODE_AI;2026-03-10 14:57:34;9;;;;
350943;2;LINES_OF_CODE_AI;2026-03-10 15:23:06;14;;;;
350942;2;LINES_OF_CODE_AI;2026-03-10 15:25:25;10;;;;
350926;2;LINES_OF_CODE_AI;2026-03-10 15:54:29;14;;;;
350944;2;LINES_OF_CODE_AI;2026-03-10 15:58:53;10;;;;
350925;2;LINES_OF_CODE_AI;2026-03-10 16:19:03;9;;;;
350947;2;LINES_OF_CODE_AI;2026-03-10 16:45:43;1;;;;
350937;2;LINES_OF_CODE_AI;2026-03-10 17:07:16;19;;;;
350963;2;LINES_OF_CODE_AI;2026-03-11 08:03:20;17;;;;
350954;2;LINES_OF_CODE_AI;2026-03-11 08:43:50;1;;;;
350961;2;LINES_OF_CODE_AI;2026-03-11 09:42:36;1;;;;
350969;2;LINES_OF_CODE_AI;2026-03-11 11:18:00;20;;;;
350956;2;LINES_OF_CODE_AI;2026-03-11 11:53:38;10;;;;
350958;2;LINES_OF_CODE_AI;2026-03-11 12:11:26;17;;;;
350960;2;LINES_OF_CODE_AI;2026-03-11 12:43:57;14;;;;
350952;2;LINES_OF_CODE_AI;2026-03-11 12:52:15;15;;;;
350950;2;LINES_OF_CODE_AI;2026-03-11 13:15:12;7;;;;
350955;2;LINES_OF_CODE_AI;2026-03-11 13:34:05;10;;;;
350970;2;LINES_OF_CODE_AI;2026-03-11 13:40:08;30;;;;
350959;2;LINES_OF_CODE_AI;2026-03-11 13:58:15;4;;;;
350967;2;LINES_OF_CODE_AI;2026-03-11 15:09:42;11;;;;
350957;2;LINES_OF_CODE_AI;2026-03-11 15:56:15;14;;;;
350964;2;LINES_OF_CODE_AI;2026-03-11 15:59:16;10;;;;
350968;2;LINES_OF_CODE_AI;2026-03-11 16:25:02;19;;;;
350951;2;LINES_OF_CODE_AI;2026-03-11 16:29:24;12;;;;
350949;2;LINES_OF_CODE_AI;2026-03-11 16:39:35;3;;;;
350953;2;LINES_OF_CODE_AI;2026-03-11 16:52:17;0;;;;
350965;2;LINES_OF_CODE_AI;2026-03-11 17:11:41;11;;;;
350966;2;LINES_OF_CODE_AI;2026-03-11 17:25:40;15;;;;
350962;2;LINES_OF_CODE_AI;2026-03-11 17:59:21;17;;;;
350988;2;LINES_OF_CODE_AI;2026-03-12 08:15:26;7;;;;
350994;2;LINES_OF_CODE_AI;2026-03-12 08:15:29;9;;;;
350978;2;LINES_OF_CODE_AI;2026-03-12 08:28:19;13;;;;
350971;2;LINES_OF_CODE_AI;2026-03-12 08:57:08;18;;;;
350986;2;LINES_OF_CODE_AI;2026-03-12 09:14:48;22;;;;
350992;2;LINES_OF_CODE_AI;2026-03-12 09:45:04;10;;;;
350973;2;LINES_OF_CODE_AI;2026-03-12 10:10:02;19;;;;
350974;2;LINES_OF_CODE_AI;2026-03-12 10:10:44;11;;;;
350972;2;LINES_OF_CODE_AI;2026-03-12 10:15:17;20;;;;
350981;2;LINES_OF_CODE_AI;2026-03-12 10:30:50;26;;;;
350990;2;LINES_OF_CODE_AI;2026-03-12 10:30:55;-2;;;;
350975;2;LINES_OF_CODE_AI;2026-03-12 11:22:44;4;;;;
350985;2;LINES_OF_CODE_AI;2026-03-12 13:11:50;14;;;;
350991;2;LINES_OF_CODE_AI;2026-03-12 13:15:41;22;;;;
350982;2;LINES_OF_CODE_AI;2026-03-12 14:00:01;24;;;;
350995;2;LINES_OF_CODE_AI;2026-03-12 14:31:17;4;;;;
350979;2;LINES_OF_CODE_AI;2026-03-12 14:33:50;17;;;;
350980;2;LINES_OF_CODE_AI;2026-03-12 14:50:11;15;;;;
350993;2;LINES_OF_CODE_AI;2026-03-12 14:51:25;7;;;;
350984;2;LINES_OF_CODE_AI;2026-03-12 15:01:20;11;;;;
350977;2;LINES_OF_CODE_AI;2026-03-12 15:03:58;21;;;;
350987;2;LINES_OF_CODE_AI;2026-03-12 16:21:34;8;;;;
350989;2;LINES_OF_CODE_AI;2026-03-12 16:25:26;31;;;;
350983;2;LINES_OF_CODE_AI;2026-03-12 16:29:33;20;;;;
350976;2;LINES_OF_CODE_AI;2026-03-12 17:29:45;15;;;;
350997;2;LINES_OF_CODE_AI;2026-03-13 08:02:18;1;;;;
351005;2;LINES_OF_CODE_AI;2026-03-13 08:02:25;4;;;;
351012;2;LINES_OF_CODE_AI;2026-03-13 08:38:05;5;;;;
351009;2;LINES_OF_CODE_AI;2026-03-13 08:45:46;2;;;;
351004;2;LINES_OF_CODE_AI;2026-03-13 08:51:09;2;;;;
351011;2;LINES_OF_CODE_AI;2026-03-13 09:20:16;3;;;;
351014;2;LINES_OF_CODE_AI;2026-03-13 09:26:31;9;;;;
351008;2;LINES_OF_CODE_AI;2026-03-13 09:55:44;4;;;;
350996;2;LINES_OF_CODE_AI;2026-03-13 10:13:43;2;;;;
351003;2;LINES_OF_CODE_AI;2026-03-13 10:14:32;3;;;;
350998;2;LINES_OF_CODE_AI;2026-03-13 10:49:59;0;;;;
351013;2;LINES_OF_CODE_AI;2026-03-13 10:51:05;4;;;;
351007;2;LINES_OF_CODE_AI;2026-03-13 11:02:09;0;;;;
351010;2;LINES_OF_CODE_AI;2026-03-13 11:08:34;6;;;;
351000;2;LINES_OF_CODE_AI;2026-03-13 11:19:23;2;;;;
351006;2;LINES_OF_CODE_AI;2026-03-13 11:27:19;4;;;;
351002;2;LINES_OF_CODE_AI;2026-03-13 12:56:56;1;;;;
350999;2;LINES_OF_CODE_AI;2026-03-13 15:05:36;3;;;;
351001;2;LINES_OF_CODE_AI;2026-03-13 16:32:59;3;;;;
351026;2;LINES_OF_CODE_AI;2026-03-16 08:25:18;19;;;;
351017;2;LINES_OF_CODE_AI;2026-03-16 08:40:55;7;;;;
351015;2;LINES_OF_CODE_AI;2026-03-16 09:14:17;6;;;;
351027;2;LINES_OF_CODE_AI;2026-03-16 09:17:40;3;;;;
351033;2;LINES_OF_CODE_AI;2026-03-16 10:01:04;19;;;;
351032;2;LINES_OF_CODE_AI;2026-03-16 10:40:22;0;;;;
351034;2;LINES_OF_CODE_AI;2026-03-16 11:05:18;40;;;;
351016;2;LINES_OF_CODE_AI;2026-03-16 12:08:41;18;;;;
351030;2;LINES_OF_CODE_AI;2026-03-16 12:09:52;12;;;;
351019;2;LINES_OF_CODE_AI;2026-03-16 12:25:23;19;;;;
351020;2;LINES_OF_CODE_AI;2026-03-16 13:02:07;3;;;;
351023;2;LINES_OF_CODE_AI;2026-03-16 13:24:42;6;;;;
351029;2;LINES_OF_CODE_AI;2026-03-16 13:51:12;12;;;;
351022;2;LINES_OF_CODE_AI;2026-03-16 15:08:03;8;;;;
351028;2;LINES_OF_CODE_AI;2026-03-16 15:25:13;11;;;;
351018;2;LINES_OF_CODE_AI;2026-03-16 15:55:26;19;;;;
351021;2;LINES_OF_CODE_AI;2026-03-16 16:38:16;11;;;;
351024;2;LINES_OF_CODE_AI;2026-03-16 16:54:58;20;;;;
351031;2;LINES_OF_CODE_AI;2026-03-16 17:09:46;12;;;;
351025;2;LINES_OF_CODE_AI;2026-03-16 17:59:24;20;;;;
351044;2;LINES_OF_CODE_AI;2026-03-17 08:08:16;15;;;;
351054;2;LINES_OF_CODE_AI;2026-03-17 08:15:59;15;;;;
351039;2;LINES_OF_CODE_AI;2026-03-17 08:49:58;8;;;;
351050;2;LINES_OF_CODE_AI;2026-03-17 08:53:04;6;;;;
351047;2;LINES_OF_CODE_AI;2026-03-17 09:23:47;8;;;;
351035;2;LINES_OF_CODE_AI;2026-03-17 10:13:28;4;;;;
351048;2;LINES_OF_CODE_AI;2026-03-17 10:46:10;6;;;;
351055;2;LINES_OF_CODE_AI;2026-03-17 10:46:11;14;;;;
351049;2;LINES_OF_CODE_AI;2026-03-17 11:51:47;9;;;;
351056;2;LINES_OF_CODE_AI;2026-03-17 12:52:21;0;;;;
351052;2;LINES_OF_CODE_AI;2026-03-17 12:55:09;6;;;;
351045;2;LINES_OF_CODE_AI;2026-03-17 13:54:43;11;;;;
351053;2;LINES_OF_CODE_AI;2026-03-17 14:03:13;8;;;;
351037;2;LINES_OF_CODE_AI;2026-03-17 14:38:55;7;;;;
351043;2;LINES_OF_CODE_AI;2026-03-17 15:08:55;18;;;;
351042;2;LINES_OF_CODE_AI;2026-03-17 15:09:40;9;;;;
351036;2;LINES_OF_CODE_AI;2026-03-17 15:41:14;10;;;;
351051;2;LINES_OF_CODE_AI;2026-03-17 16:08:48;12;;;;
351046;2;LINES_OF_CODE_AI;2026-03-17 16:19:03;5;;;;
351038;2;LINES_OF_CODE_AI;2026-03-17 16:28:06;8;;;;
351041;2;LINES_OF_CODE_AI;2026-03-17 16:51:57;22;;;;
351040;2;LINES_OF_CODE_AI;2026-03-17 16:53:00;14;;;;
351057;2;LINES_OF_CODE_AI;2026-03-17 17:06:07;6;;;;
351058;2;LINES_OF_CODE_AI;2026-03-17 17:46:00;15;;;;
351059;2;LINES_OF_CODE_AI;2026-03-18 08:17:00;22;;;;
351063;2;LINES_OF_CODE_AI;2026-03-18 09:29:08;22;;;;
351070;2;LINES_OF_CODE_AI;2026-03-18 09:52:44;23;;;;
351060;2;LINES_OF_CODE_AI;2026-03-18 10:14:10;24;;;;
351072;2;LINES_OF_CODE_AI;2026-03-18 11:01:12;28;;;;
351071;2;LINES_OF_CODE_AI;2026-03-18 11:09:37;23;;;;
351067;2;LINES_OF_CODE_AI;2026-03-18 12:03:12;8;;;;
351064;2;LINES_OF_CODE_AI;2026-03-18 13:44:05;9;;;;
351062;2;LINES_OF_CODE_AI;2026-03-18 13:47:32;10;;;;
351073;2;LINES_OF_CODE_AI;2026-03-18 14:31:03;15;;;;
351069;2;LINES_OF_CODE_AI;2026-03-18 15:48:56;15;;;;
351065;2;LINES_OF_CODE_AI;2026-03-18 15:54:22;8;;;;
351066;2;LINES_OF_CODE_AI;2026-03-18 16:51:33;13;;;;
351068;2;LINES_OF_CODE_AI;2026-03-18 17:07:32;6;;;;
351061;2;LINES_OF_CODE_AI;2026-03-18 17:16:54;21;;;;
351085;2;LINES_OF_CODE_AI;2026-03-19 08:28:52;5;;;;
351087;2;LINES_OF_CODE_AI;2026-03-19 08:51:04;2;;;;
351086;2;LINES_OF_CODE_AI;2026-03-19 09:30:14;5;;;;
351093;2;LINES_OF_CODE_AI;2026-03-19 10:50:13;3;;;;
351090;2;LINES_OF_CODE_AI;2026-03-19 11:03:53;2;;;;
351077;2;LINES_OF_CODE_AI;2026-03-19 11:05:44;3;;;;
351081;2;LINES_OF_CODE_AI;2026-03-19 11:10:29;3;;;;
351096;2;LINES_OF_CODE_AI;2026-03-19 11:21:06;2;;;;
351089;2;LINES_OF_CODE_AI;2026-03-19 11:27:54;4;;;;
351084;2;LINES_OF_CODE_AI;2026-03-19 11:43:37;3;;;;
351091;2;LINES_OF_CODE_AI;2026-03-19 11:43:47;2;;;;
351088;2;LINES_OF_CODE_AI;2026-03-19 12:59:58;2;;;;
351079;2;LINES_OF_CODE_AI;2026-03-19 13:07:51;2;;;;
351094;2;LINES_OF_CODE_AI;2026-03-19 13:54:32;3;;;;
351092;2;LINES_OF_CODE_AI;2026-03-19 14:03:00;5;;;;
351076;2;LINES_OF_CODE_AI;2026-03-19 14:13:58;1;;;;
351095;2;LINES_OF_CODE_AI;2026-03-19 14:33:11;1;;;;
351078;2;LINES_OF_CODE_AI;2026-03-19 14:55:58;1;;;;
351080;2;LINES_OF_CODE_AI;2026-03-19 15:21:08;2;;;;
351083;2;LINES_OF_CODE_AI;2026-03-19 15:54:21;2;;;;
351074;2;LINES_OF_CODE_AI;2026-03-19 16:16:14;3;;;;
351082;2;LINES_OF_CODE_AI;2026-03-19 16:37:40;3;;;;
351075;2;LINES_OF_CODE_AI;2026-03-19 16:39:10;3;;;;
351105;2;LINES_OF_CODE_AI;2026-03-20 08:03:59;16;;;;
351098;2;LINES_OF_CODE_AI;2026-03-20 08:37:02;18;;;;
351110;2;LINES_OF_CODE_AI;2026-03-20 09:11:49;18;;;;
351101;2;LINES_OF_CODE_AI;2026-03-20 09:19:07;2;;;;
351107;2;LINES_OF_CODE_AI;2026-03-20 09:23:15;16;;;;
351099;2;LINES_OF_CODE_AI;2026-03-20 10:54:29;18;;;;
351104;2;LINES_OF_CODE_AI;2026-03-20 11:19:03;17;;;;
351100;2;LINES_OF_CODE_AI;2026-03-20 11:48:26;21;;;;
351102;2;LINES_OF_CODE_AI;2026-03-20 12:43:23;23;;;;
351111;2;LINES_OF_CODE_AI;2026-03-20 12:58:32;18;;;;
351106;2;LINES_OF_CODE_AI;2026-03-20 13:15:20;15;;;;
351108;2;LINES_OF_CODE_AI;2026-03-20 14:22:22;4;;;;
351103;2;LINES_OF_CODE_AI;2026-03-20 14:27:30;11;;;;
351097;2;LINES_OF_CODE_AI;2026-03-20 15:25:06;20;;;;
351109;2;LINES_OF_CODE_AI;2026-03-20 15:58:08;11;;;;
351112;2;LINES_OF_CODE_AI;2026-03-20 17:08:59;39;;;;
351116;2;LINES_OF_CODE_AI;2026-03-23 08:08:35;8;;;;
351126;2;LINES_OF_CODE_AI;2026-03-23 08:27:52;20;;;;
351134;2;LINES_OF_CODE_AI;2026-03-23 08:38:56;22;;;;
351124;2;LINES_OF_CODE_AI;2026-03-23 09:07:45;22;;;;
351118;2;LINES_OF_CODE_AI;2026-03-23 10:01:03;8;;;;
351119;2;LINES_OF_CODE_AI;2026-03-23 10:22:29;0;;;;
351127;2;LINES_OF_CODE_AI;2026-03-23 10:50:36;19;;;;
351131;2;LINES_OF_CODE_AI;2026-03-23 11:01:22;15;;;;
351128;2;LINES_OF_CODE_AI;2026-03-23 11:22:08;27;;;;
351129;2;LINES_OF_CODE_AI;2026-03-23 11:23:43;16;;;;
351113;2;LINES_OF_CODE_AI;2026-03-23 11:37:52;20;;;;
351120;2;LINES_OF_CODE_AI;2026-03-23 12:41:57;-1;;;;
351136;2;LINES_OF_CODE_AI;2026-03-23 13:11:19;41;;;;
351123;2;LINES_OF_CODE_AI;2026-03-23 13:15:03;15;;;;
351115;2;LINES_OF_CODE_AI;2026-03-23 14:14:11;16;;;;
351117;2;LINES_OF_CODE_AI;2026-03-23 14:25:07;30;;;;
351125;2;LINES_OF_CODE_AI;2026-03-23 14:43:09;11;;;;
351135;2;LINES_OF_CODE_AI;2026-03-23 15:32:53;7;;;;
351132;2;LINES_OF_CODE_AI;2026-03-23 15:43:10;30;;;;
351133;2;LINES_OF_CODE_AI;2026-03-23 16:28:21;20;;;;
351130;2;LINES_OF_CODE_AI;2026-03-23 16:49:53;25;;;;
351121;2;LINES_OF_CODE_AI;2026-03-23 17:31:17;7;;;;
351114;2;LINES_OF_CODE_AI;2026-03-23 17:33:35;23;;;;
351122;2;LINES_OF_CODE_AI;2026-03-23 17:41:26;16;;;;
351137;2;LINES_OF_CODE_AI;2026-03-24 08:17:15;12;;;;
351142;2;LINES_OF_CODE_AI;2026-03-24 09:17:35;10;;;;
351138;2;LINES_OF_CODE_AI;2026-03-24 09:57:31;14;;;;
351145;2;LINES_OF_CODE_AI;2026-03-24 10:07:58;14;;;;
351139;2;LINES_OF_CODE_AI;2026-03-24 10:53:47;12;;;;
351144;2;LINES_OF_CODE_AI;2026-03-24 11:14:22;6;;;;
351140;2;LINES_OF_CODE_AI;2026-03-24 12:16:01;11;;;;
351146;2;LINES_OF_CODE_AI;2026-03-24 12:20:40;25;;;;
351152;2;LINES_OF_CODE_AI;2026-03-24 13:13:12;0;;;;
351149;2;LINES_OF_CODE_AI;2026-03-24 13:30:35;10;;;;
351143;2;LINES_OF_CODE_AI;2026-03-24 13:31:12;15;;;;
351147;2;LINES_OF_CODE_AI;2026-03-24 13:46:34;10;;;;
351151;2;LINES_OF_CODE_AI;2026-03-24 13:46:53;0;;;;
351150;2;LINES_OF_CODE_AI;2026-03-24 14:26:09;11;;;;
351148;2;LINES_OF_CODE_AI;2026-03-24 15:30:14;21;;;;
351141;2;LINES_OF_CODE_AI;2026-03-24 16:42:42;22;;;;
351161;2;LINES_OF_CODE_AI;2026-03-25 08:03:21;6;;;;
351176;2;LINES_OF_CODE_AI;2026-03-25 08:52:54;33;;;;
351169;2;LINES_OF_CODE_AI;2026-03-25 08:57:32;7;;;;
351156;2;LINES_OF_CODE_AI;2026-03-25 09:24:22;9;;;;
351157;2;LINES_OF_CODE_AI;2026-03-25 10:00:35;11;;;;
351175;2;LINES_OF_CODE_AI;2026-03-25 10:01:16;17;;;;
351153;2;LINES_OF_CODE_AI;2026-03-25 10:54:32;12;;;;
351155;2;LINES_OF_CODE_AI;2026-03-25 11:35:26;11;;;;
351154;2;LINES_OF_CODE_AI;2026-03-25 11:57:48;3;;;;
351165;2;LINES_OF_CODE_AI;2026-03-25 12:51:49;0;;;;
351174;2;LINES_OF_CODE_AI;2026-03-25 13:08:43;4;;;;
351166;2;LINES_OF_CODE_AI;2026-03-25 14:08:41;2;;;;
351159;2;LINES_OF_CODE_AI;2026-03-25 14:41:37;6;;;;
351162;2;LINES_OF_CODE_AI;2026-03-25 14:43:20;8;;;;
351172;2;LINES_OF_CODE_AI;2026-03-25 14:45:58;7;;;;
351171;2;LINES_OF_CODE_AI;2026-03-25 15:08:01;15;;;;
351158;2;LINES_OF_CODE_AI;2026-03-25 15:44:28;8;;;;
351167;2;LINES_OF_CODE_AI;2026-03-25 15:47:00;7;;;;
351163;2;LINES_OF_CODE_AI;2026-03-25 16:03:24;12;;;;
351160;2;LINES_OF_CODE_AI;2026-03-25 16:17:47;5;;;;
351173;2;LINES_OF_CODE_AI;2026-03-25 16:32:17;2;;;;
351168;2;LINES_OF_CODE_AI;2026-03-25 17:11:26;11;;;;
351170;2;LINES_OF_CODE_AI;2026-03-25 17:13:51;2;;;;
351164;2;LINES_OF_CODE_AI;2026-03-25 17:51:40;14;;;;
351179;2;LINES_OF_CODE_AI;2026-03-26 08:11:45;22;;;;
351182;2;LINES_OF_CODE_AI;2026-03-26 08:20:21;27;;;;
351196;2;LINES_OF_CODE_AI;2026-03-26 09:29:21;0;;;;
351185;2;LINES_OF_CODE_AI;2026-03-26 11:03:37;11;;;;
351190;2;LINES_OF_CODE_AI;2026-03-26 11:07:11;23;;;;
351193;2;LINES_OF_CODE_AI;2026-03-26 11:30:48;20;;;;
351187;2;LINES_OF_CODE_AI;2026-03-26 11:35:21;10;;;;
351194;2;LINES_OF_CODE_AI;2026-03-26 12:19:45;12;;;;
351188;2;LINES_OF_CODE_AI;2026-03-26 12:31:28;29;;;;
351177;2;LINES_OF_CODE_AI;2026-03-26 12:34:37;18;;;;
351197;2;LINES_OF_CODE_AI;2026-03-26 13:21:57;0;;;;
351198;2;LINES_OF_CODE_AI;2026-03-26 13:51:11;0;;;;
351178;2;LINES_OF_CODE_AI;2026-03-26 14:02:59;8;;;;
351195;2;LINES_OF_CODE_AI;2026-03-26 14:40:27;6;;;;
351181;2;LINES_OF_CODE_AI;2026-03-26 14:41:00;23;;;;
351186;2;LINES_OF_CODE_AI;2026-03-26 14:51:40;17;;;;
351183;2;LINES_OF_CODE_AI;2026-03-26 15:15:20;23;;;;
351184;2;LINES_OF_CODE_AI;2026-03-26 15:39:02;16;;;;
351189;2;LINES_OF_CODE_AI;2026-03-26 16:28:08;29;;;;
351191;2;LINES_OF_CODE_AI;2026-03-26 16:30:30;13;;;;
351180;2;LINES_OF_CODE_AI;2026-03-26 17:14:03;24;;;;
351192;2;LINES_OF_CODE_AI;2026-03-26 17:34:51;21;;;;
351205;2;LINES_OF_CODE_AI;2026-03-27 10:10:46;10;;;;
351211;2;LINES_OF_CODE_AI;2026-03-27 10:11:34;19;;;;
351201;2;LINES_OF_CODE_AI;2026-03-27 10:56:53;9;;;;
351199;2;LINES_OF_CODE_AI;2026-03-27 11:03:48;12;;;;
351215;2;LINES_OF_CODE_AI;2026-03-27 11:12:25;4;;;;
351218;2;LINES_OF_CODE_AI;2026-03-27 11:16:07;25;;;;
351210;2;LINES_OF_CODE_AI;2026-03-27 11:27:59;18;;;;
351206;2;LINES_OF_CODE_AI;2026-03-27 11:50:00;10;;;;
351213;2;LINES_OF_CODE_AI;2026-03-27 12:48:43;16;;;;
351207;2;LINES_OF_CODE_AI;2026-03-27 13:05:15;14;;;;
351214;2;LINES_OF_CODE_AI;2026-03-27 13:35:03;19;;;;
351212;2;LINES_OF_CODE_AI;2026-03-27 13:45:33;17;;;;
351209;2;LINES_OF_CODE_AI;2026-03-27 14:04:32;8;;;;
351204;2;LINES_OF_CODE_AI;2026-03-27 14:16:11;32;;;;
351200;2;LINES_OF_CODE_AI;2026-03-27 14:39:13;4;;;;
351217;2;LINES_OF_CODE_AI;2026-03-27 14:51:28;15;;;;
351202;2;LINES_OF_CODE_AI;2026-03-27 15:22:02;20;;;;
351216;2;LINES_OF_CODE_AI;2026-03-27 15:28:55;12;;;;
351208;2;LINES_OF_CODE_AI;2026-03-27 15:45:51;8;;;;
351203;2;LINES_OF_CODE_AI;2026-03-27 17:05:46;4;;;;
351230;2;LINES_OF_CODE_AI;2026-03-30 08:06:51;20;;;;
351241;2;LINES_OF_CODE_AI;2026-03-30 08:12:58;2;;;;
351228;2;LINES_OF_CODE_AI;2026-03-30 08:36:27;14;;;;
351225;2;LINES_OF_CODE_AI;2026-03-30 09:10:53;18;;;;
351221;2;LINES_OF_CODE_AI;2026-03-30 09:50:13;11;;;;
351233;2;LINES_OF_CODE_AI;2026-03-30 10:01:42;8;;;;
351222;2;LINES_OF_CODE_AI;2026-03-30 10:16:33;21;;;;
351226;2;LINES_OF_CODE_AI;2026-03-30 10:47:54;11;;;;
351238;2;LINES_OF_CODE_AI;2026-03-30 10:50:09;3;;;;
351232;2;LINES_OF_CODE_AI;2026-03-30 11:10:15;8;;;;
351239;2;LINES_OF_CODE_AI;2026-03-30 11:51:53;18;;;;
351242;2;LINES_OF_CODE_AI;2026-03-30 12:25:30;12;;;;
351231;2;LINES_OF_CODE_AI;2026-03-30 12:53:31;-2;;;;
351219;2;LINES_OF_CODE_AI;2026-03-30 12:56:20;17;;;;
351234;2;LINES_OF_CODE_AI;2026-03-30 12:56:34;16;;;;
351240;2;LINES_OF_CODE_AI;2026-03-30 13:45:22;2;;;;
351236;2;LINES_OF_CODE_AI;2026-03-30 14:45:36;20;;;;
351235;2;LINES_OF_CODE_AI;2026-03-30 15:11:46;6;;;;
351229;2;LINES_OF_CODE_AI;2026-03-30 15:16:58;8;;;;
351224;2;LINES_OF_CODE_AI;2026-03-30 15:20:41;4;;;;
351220;2;LINES_OF_CODE_AI;2026-03-30 15:33:43;15;;;;
351227;2;LINES_OF_CODE_AI;2026-03-30 15:42:07;17;;;;
351237;2;LINES_OF_CODE_AI;2026-03-30 16:25:32;22;;;;
351223;2;LINES_OF_CODE_AI;2026-03-30 16:27:29;13;;;;
351245;2;LINES_OF_CODE_AI;2026-03-31 08:43:17;5;;;;
351254;2;LINES_OF_CODE_AI;2026-03-31 08:47:18;1;;;;
351244;2;LINES_OF_CODE_AI;2026-03-31 09:21:44;3;;;;
351252;2;LINES_OF_CODE_AI;2026-03-31 09:46:51;3;;;;
351253;2;LINES_OF_CODE_AI;2026-03-31 10:27:24;1;;;;
351257;2;LINES_OF_CODE_AI;2026-03-31 10:58:17;5;;;;
351256;2;LINES_OF_CODE_AI;2026-03-31 11:48:51;3;;;;
351243;2;LINES_OF_CODE_AI;2026-03-31 11:53:45;0;;;;
351255;2;LINES_OF_CODE_AI;2026-03-31 12:25:01;3;;;;
351247;2;LINES_OF_CODE_AI;2026-03-31 13:48:04;2;;;;
351250;2;LINES_OF_CODE_AI;2026-03-31 14:58:26;5;;;;
351249;2;LINES_OF_CODE_AI;2026-03-31 14:59:29;3;;;;
351248;2;LINES_OF_CODE_AI;2026-03-31 15:57:25;3;;;;
351251;2;LINES_OF_CODE_AI;2026-03-31 16:16:45;0;;;;
351246;2;LINES_OF_CODE_AI;2026-03-31 16:35:14;2;;;;
351263;2;LINES_OF_CODE_AI;2026-04-01 08:07:21;17;;;;
351262;2;LINES_OF_CODE_AI;2026-04-01 08:45:43;7;;;;
351272;2;LINES_OF_CODE_AI;2026-04-01 08:51:47;55;;;;
351271;2;LINES_OF_CODE_AI;2026-04-01 08:52:44;30;;;;
351269;2;LINES_OF_CODE_AI;2026-04-01 11:23:51;4;;;;
351267;2;LINES_OF_CODE_AI;2026-04-01 11:42:12;6;;;;
351259;2;LINES_OF_CODE_AI;2026-04-01 12:16:39;13;;;;
351265;2;LINES_OF_CODE_AI;2026-04-01 12:36:58;40;;;;
351268;2;LINES_OF_CODE_AI;2026-04-01 12:38:15;30;;;;
351261;2;LINES_OF_CODE_AI;2026-04-01 12:52:27;17;;;;
351266;2;LINES_OF_CODE_AI;2026-04-01 13:15:42;17;;;;
351270;2;LINES_OF_CODE_AI;2026-04-01 14:53:53;27;;;;
351264;2;LINES_OF_CODE_AI;2026-04-01 16:13:50;26;;;;
351260;2;LINES_OF_CODE_AI;2026-04-01 17:32:02;6;;;;
351258;2;LINES_OF_CODE_AI;2026-04-01 17:32:04;20;;;;
351294;2;LINES_OF_CODE_AI;2026-04-02 08:15:42;2;;;;
351297;2;LINES_OF_CODE_AI;2026-04-02 08:27:37;56;;;;
351285;2;LINES_OF_CODE_AI;2026-04-02 08:32:54;17;;;;
351289;2;LINES_OF_CODE_AI;2026-04-02 08:33:46;3;;;;
351295;2;LINES_OF_CODE_AI;2026-04-02 08:36:57;11;;;;
351282;2;LINES_OF_CODE_AI;2026-04-02 08:43:35;8;;;;
351277;2;LINES_OF_CODE_AI;2026-04-02 09:41:33;3;;;;
351287;2;LINES_OF_CODE_AI;2026-04-02 09:47:39;-1;;;;
351291;2;LINES_OF_CODE_AI;2026-04-02 10:27:45;8;;;;
351278;2;LINES_OF_CODE_AI;2026-04-02 10:28:46;0;;;;
351292;2;LINES_OF_CODE_AI;2026-04-02 10:33:50;6;;;;
351273;2;LINES_OF_CODE_AI;2026-04-02 10:45:41;0;;;;
351286;2;LINES_OF_CODE_AI;2026-04-02 10:52:57;5;;;;
351274;2;LINES_OF_CODE_AI;2026-04-02 12:03:25;10;;;;
351275;2;LINES_OF_CODE_AI;2026-04-02 12:31:36;10;;;;
351280;2;LINES_OF_CODE_AI;2026-04-02 12:52:34;8;;;;
351290;2;LINES_OF_CODE_AI;2026-04-02 13:09:12;8;;;;
351281;2;LINES_OF_CODE_AI;2026-04-02 13:33:24;13;;;;
351284;2;LINES_OF_CODE_AI;2026-04-02 13:53:25;3;;;;
351279;2;LINES_OF_CODE_AI;2026-04-02 14:12:40;9;;;;
351288;2;LINES_OF_CODE_AI;2026-04-02 14:31:20;7;;;;
351296;2;LINES_OF_CODE_AI;2026-04-02 16:08:00;2;;;;
351276;2;LINES_OF_CODE_AI;2026-04-02 16:40:32;4;;;;
351293;2;LINES_OF_CODE_AI;2026-04-02 17:43:58;7;;;;
351283;2;LINES_OF_CODE_AI;2026-04-02 17:55:57;15;;;;
351306;2;LINES_OF_CODE_AI;2026-04-03 08:20:36;16;;;;
351303;2;LINES_OF_CODE_AI;2026-04-03 08:47:09;18;;;;
351307;2;LINES_OF_CODE_AI;2026-04-03 09:03:47;21;;;;
351304;2;LINES_OF_CODE_AI;2026-04-03 09:11:13;11;;;;
351311;2;LINES_OF_CODE_AI;2026-04-03 10:30:11;12;;;;
351302;2;LINES_OF_CODE_AI;2026-04-03 10:49:04;13;;;;
351305;2;LINES_OF_CODE_AI;2026-04-03 12:01:02;18;;;;
351301;2;LINES_OF_CODE_AI;2026-04-03 12:10:39;4;;;;
351313;2;LINES_OF_CODE_AI;2026-04-03 12:13:33;14;;;;
351300;2;LINES_OF_CODE_AI;2026-04-03 13:14:59;22;;;;
351312;2;LINES_OF_CODE_AI;2026-04-03 14:57:00;10;;;;
351308;2;LINES_OF_CODE_AI;2026-04-03 15:00:11;11;;;;
351298;2;LINES_OF_CODE_AI;2026-04-03 15:58:36;13;;;;
351299;2;LINES_OF_CODE_AI;2026-04-03 16:07:14;18;;;;
351314;2;LINES_OF_CODE_AI;2026-04-03 16:30:17;32;;;;
351309;2;LINES_OF_CODE_AI;2026-04-03 16:44:23;14;;;;
351310;2;LINES_OF_CODE_AI;2026-04-03 17:58:42;8;;;;
351324;2;LINES_OF_CODE_AI;2026-04-06 08:16:43;8;;;;
351323;2;LINES_OF_CODE_AI;2026-04-06 08:20:33;16;;;;
351327;2;LINES_OF_CODE_AI;2026-04-06 11:43:37;14;;;;
351316;2;LINES_OF_CODE_AI;2026-04-06 12:37:36;12;;;;
351317;2;LINES_OF_CODE_AI;2026-04-06 12:42:36;16;;;;
351330;2;LINES_OF_CODE_AI;2026-04-06 13:07:25;9;;;;
351331;2;LINES_OF_CODE_AI;2026-04-06 13:27:36;15;;;;
351328;2;LINES_OF_CODE_AI;2026-04-06 13:34:17;9;;;;
351322;2;LINES_OF_CODE_AI;2026-04-06 14:00:22;2;;;;
351332;2;LINES_OF_CODE_AI;2026-04-06 14:00:36;38;;;;
351325;2;LINES_OF_CODE_AI;2026-04-06 14:46:04;5;;;;
351321;2;LINES_OF_CODE_AI;2026-04-06 15:32:42;15;;;;
351329;2;LINES_OF_CODE_AI;2026-04-06 15:34:17;16;;;;
351320;2;LINES_OF_CODE_AI;2026-04-06 15:34:49;12;;;;
351319;2;LINES_OF_CODE_AI;2026-04-06 15:55:36;12;;;;
351318;2;LINES_OF_CODE_AI;2026-04-06 16:31:06;15;;;;
351315;2;LINES_OF_CODE_AI;2026-04-06 17:30:53;2;;;;
351326;2;LINES_OF_CODE_AI;2026-04-06 17:43:23;8;;;;
351351;2;LINES_OF_CODE_AI;2026-04-07 08:02:31;15;;;;
351343;2;LINES_OF_CODE_AI;2026-04-07 08:26:50;18;;;;
351340;2;LINES_OF_CODE_AI;2026-04-07 08:43:26;18;;;;
351352;2;LINES_OF_CODE_AI;2026-04-07 08:52:58;30;;;;
351336;2;LINES_OF_CODE_AI;2026-04-07 10:35:30;9;;;;
351345;2;LINES_OF_CODE_AI;2026-04-07 10:40:51;18;;;;
351342;2;LINES_OF_CODE_AI;2026-04-07 10:45:58;19;;;;
351348;2;LINES_OF_CODE_AI;2026-04-07 11:00:20;11;;;;
351339;2;LINES_OF_CODE_AI;2026-04-07 12:00:01;18;;;;
351349;2;LINES_OF_CODE_AI;2026-04-07 12:38:24;8;;;;
351350;2;LINES_OF_CODE_AI;2026-04-07 12:39:18;11;;;;
351338;2;LINES_OF_CODE_AI;2026-04-07 13:46:33;17;;;;
351333;2;LINES_OF_CODE_AI;2026-04-07 14:07:46;14;;;;
351346;2;LINES_OF_CODE_AI;2026-04-07 14:14:13;5;;;;
351347;2;LINES_OF_CODE_AI;2026-04-07 14:40:40;8;;;;
351334;2;LINES_OF_CODE_AI;2026-04-07 15:36:00;20;;;;
351354;2;LINES_OF_CODE_AI;2026-04-07 15:44:00;6;;;;
351341;2;LINES_OF_CODE_AI;2026-04-07 15:48:54;21;;;;
351337;2;LINES_OF_CODE_AI;2026-04-07 16:10:55;7;;;;
351353;2;LINES_OF_CODE_AI;2026-04-07 16:40:05;20;;;;
351335;2;LINES_OF_CODE_AI;2026-04-07 17:15:26;20;;;;
351344;2;LINES_OF_CODE_AI;2026-04-07 17:40:56;10;;;;
351363;2;LINES_OF_CODE_AI;2026-04-08 08:37:50;14;;;;
351362;2;LINES_OF_CODE_AI;2026-04-08 09:25:54;10;;;;
351368;2;LINES_OF_CODE_AI;2026-04-08 09:38:25;7;;;;
351364;2;LINES_OF_CODE_AI;2026-04-08 09:50:38;19;;;;
351365;2;LINES_OF_CODE_AI;2026-04-08 11:51:24;13;;;;
351369;2;LINES_OF_CODE_AI;2026-04-08 11:58:42;16;;;;
351357;2;LINES_OF_CODE_AI;2026-04-08 11:59:02;1;;;;
351366;2;LINES_OF_CODE_AI;2026-04-08 12:42:28;13;;;;
351360;2;LINES_OF_CODE_AI;2026-04-08 12:54:56;20;;;;
351358;2;LINES_OF_CODE_AI;2026-04-08 13:29:25;7;;;;
351367;2;LINES_OF_CODE_AI;2026-04-08 13:29:40;12;;;;
351359;2;LINES_OF_CODE_AI;2026-04-08 15:18:37;10;;;;
351356;2;LINES_OF_CODE_AI;2026-04-08 15:26:58;15;;;;
351355;2;LINES_OF_CODE_AI;2026-04-08 16:46:41;12;;;;
351361;2;LINES_OF_CODE_AI;2026-04-08 17:04:56;12;;;;
351370;2;LINES_OF_CODE_AI;2026-04-09 09:17:28;18;;;;
351376;2;LINES_OF_CODE_AI;2026-04-09 09:41:32;1;;;;
351371;2;LINES_OF_CODE_AI;2026-04-09 09:43:40;4;;;;
351377;2;LINES_OF_CODE_AI;2026-04-09 10:25:39;16;;;;
351381;2;LINES_OF_CODE_AI;2026-04-09 10:26:42;19;;;;
351382;2;LINES_OF_CODE_AI;2026-04-09 13:09:05;9;;;;
351383;2;LINES_OF_CODE_AI;2026-04-09 13:57:55;24;;;;
351374;2;LINES_OF_CODE_AI;2026-04-09 14:14:27;26;;;;
351380;2;LINES_OF_CODE_AI;2026-04-09 15:05:37;22;;;;
351378;2;LINES_OF_CODE_AI;2026-04-09 15:34:03;14;;;;
351379;2;LINES_OF_CODE_AI;2026-04-09 15:59:53;21;;;;
351384;2;LINES_OF_CODE_AI;2026-04-09 16:17:22;22;;;;
351372;2;LINES_OF_CODE_AI;2026-04-09 16:50:00;4;;;;
351373;2;LINES_OF_CODE_AI;2026-04-09 17:29:20;24;;;;
351375;2;LINES_OF_CODE_AI;2026-04-09 17:56:15;19;;;;
351393;2;LINES_OF_CODE_AI;2026-04-10 08:06:42;9;;;;
351394;2;LINES_OF_CODE_AI;2026-04-10 08:40:53;9;;;;
351386;2;LINES_OF_CODE_AI;2026-04-10 09:13:18;18;;;;
351399;2;LINES_OF_CODE_AI;2026-04-10 09:23:22;8;;;;
351391;2;LINES_OF_CODE_AI;2026-04-10 09:24:46;16;;;;
351403;2;LINES_OF_CODE_AI;2026-04-10 09:49:25;17;;;;
351408;2;LINES_OF_CODE_AI;2026-04-10 11:36:02;17;;;;
351400;2;LINES_OF_CODE_AI;2026-04-10 12:25:14;17;;;;
351409;2;LINES_OF_CODE_AI;2026-04-10 12:39:06;34;;;;
351398;2;LINES_OF_CODE_AI;2026-04-10 13:02:45;2;;;;
351392;2;LINES_OF_CODE_AI;2026-04-10 13:07:32;19;;;;
351397;2;LINES_OF_CODE_AI;2026-04-10 13:18:32;21;;;;
351396;2;LINES_OF_CODE_AI;2026-04-10 13:24:26;12;;;;
351405;2;LINES_OF_CODE_AI;2026-04-10 13:32:15;17;;;;
351395;2;LINES_OF_CODE_AI;2026-04-10 13:44:39;17;;;;
351387;2;LINES_OF_CODE_AI;2026-04-10 13:58:33;9;;;;
351390;2;LINES_OF_CODE_AI;2026-04-10 14:03:04;11;;;;
351388;2;LINES_OF_CODE_AI;2026-04-10 14:49:30;10;;;;
351389;2;LINES_OF_CODE_AI;2026-04-10 14:50:01;15;;;;
351406;2;LINES_OF_CODE_AI;2026-04-10 14:52:19;13;;;;
351401;2;LINES_OF_CODE_AI;2026-04-10 15:09:42;14;;;;
351402;2;LINES_OF_CODE_AI;2026-04-10 15:27:56;17;;;;
351404;2;LINES_OF_CODE_AI;2026-04-10 15:54:25;11;;;;
351385;2;LINES_OF_CODE_AI;2026-04-10 16:21:05;18;;;;
351407;2;LINES_OF_CODE_AI;2026-04-10 17:35:05;7;;;;
351410;2;LINES_OF_CODE_AI;2026-04-13 09:03:49;8;;;;
351419;2;LINES_OF_CODE_AI;2026-04-13 09:32:59;22;;;;
351414;2;LINES_OF_CODE_AI;2026-04-13 11:03:32;11;;;;
351415;2;LINES_OF_CODE_AI;2026-04-13 11:21:50;24;;;;
351411;2;LINES_OF_CODE_AI;2026-04-13 11:31:19;7;;;;
351416;2;LINES_OF_CODE_AI;2026-04-13 12:37:10;17;;;;
351418;2;LINES_OF_CODE_AI;2026-04-13 12:48:49;41;;;;
351422;2;LINES_OF_CODE_AI;2026-04-13 13:11:56;15;;;;
351421;2;LINES_OF_CODE_AI;2026-04-13 13:29:58;26;;;;
351412;2;LINES_OF_CODE_AI;2026-04-13 13:35:41;29;;;;
351413;2;LINES_OF_CODE_AI;2026-04-13 14:08:41;36;;;;
351417;2;LINES_OF_CODE_AI;2026-04-13 14:10:17;15;;;;
351424;2;LINES_OF_CODE_AI;2026-04-13 15:09:48;33;;;;
351420;2;LINES_OF_CODE_AI;2026-04-13 15:23:25;25;;;;
351425;2;LINES_OF_CODE_AI;2026-04-13 15:58:03;4;;;;
351423;2;LINES_OF_CODE_AI;2026-04-13 17:15:32;15;;;;
351426;2;LINES_OF_CODE_AI;2026-04-13 17:22:22;14;;;;
351436;2;LINES_OF_CODE_AI;2026-04-14 09:37:10;6;;;;
351440;2;LINES_OF_CODE_AI;2026-04-14 10:03:40;-1;;;;
351442;2;LINES_OF_CODE_AI;2026-04-14 10:21:56;10;;;;
351431;2;LINES_OF_CODE_AI;2026-04-14 10:26:15;8;;;;
351433;2;LINES_OF_CODE_AI;2026-04-14 10:59:35;5;;;;
351432;2;LINES_OF_CODE_AI;2026-04-14 11:01:37;6;;;;
351441;2;LINES_OF_CODE_AI;2026-04-14 12:23:24;5;;;;
351428;2;LINES_OF_CODE_AI;2026-04-14 13:25:13;8;;;;
351438;2;LINES_OF_CODE_AI;2026-04-14 13:31:13;-1;;;;
351435;2;LINES_OF_CODE_AI;2026-04-14 13:42:19;10;;;;
351427;2;LINES_OF_CODE_AI;2026-04-14 14:09:55;5;;;;
351430;2;LINES_OF_CODE_AI;2026-04-14 14:24:52;1;;;;
351434;2;LINES_OF_CODE_AI;2026-04-14 14:40:34;8;;;;
351437;2;LINES_OF_CODE_AI;2026-04-14 14:53:21;5;;;;
351429;2;LINES_OF_CODE_AI;2026-04-14 16:17:27;8;;;;
351439;2;LINES_OF_CODE_AI;2026-04-14 17:01:46;6;;;;
351443;2;LINES_OF_CODE_AI;2026-04-14 17:03:03;2;;;;
351444;2;LINES_OF_CODE_AI;2026-04-14 17:52:45;22;;;;
351455;2;LINES_OF_CODE_AI;2026-04-15 08:08:15;4;;;;
351459;2;LINES_OF_CODE_AI;2026-04-15 09:46:15;68;;;;
351458;2;LINES_OF_CODE_AI;2026-04-15 10:19:04;4;;;;
351453;2;LINES_OF_CODE_AI;2026-04-15 10:55:34;18;;;;
351445;2;LINES_OF_CODE_AI;2026-04-15 11:41:44;15;;;;
351449;2;LINES_OF_CODE_AI;2026-04-15 14:01:41;0;;;;
351446;2;LINES_OF_CODE_AI;2026-04-15 14:19:32;2;;;;
351447;2;LINES_OF_CODE_AI;2026-04-15 14:42:09;5;;;;
351450;2;LINES_OF_CODE_AI;2026-04-15 14:51:09;14;;;;
351454;2;LINES_OF_CODE_AI;2026-04-15 15:11:20;12;;;;
351448;2;LINES_OF_CODE_AI;2026-04-15 15:48:52;15;;;;
351451;2;LINES_OF_CODE_AI;2026-04-15 15:59:37;7;;;;
351457;2;LINES_OF_CODE_AI;2026-04-15 16:59:05;-1;;;;
351452;2;LINES_OF_CODE_AI;2026-04-15 17:23:32;7;;;;
351456;2;LINES_OF_CODE_AI;2026-04-15 17:33:25;11;;;;
351471;2;LINES_OF_CODE_AI;2026-04-16 08:05:49;11;;;;
351479;2;LINES_OF_CODE_AI;2026-04-16 08:17:31;11;;;;
351469;2;LINES_OF_CODE_AI;2026-04-16 08:37:48;6;;;;
351474;2;LINES_OF_CODE_AI;2026-04-16 08:38:04;12;;;;
351464;2;LINES_OF_CODE_AI;2026-04-16 09:59:12;10;;;;
351460;2;LINES_OF_CODE_AI;2026-04-16 10:38:12;12;;;;
351473;2;LINES_OF_CODE_AI;2026-04-16 11:15:13;11;;;;
351478;2;LINES_OF_CODE_AI;2026-04-16 11:26:40;11;;;;
351482;2;LINES_OF_CODE_AI;2026-04-16 11:32:12;5;;;;
351470;2;LINES_OF_CODE_AI;2026-04-16 12:13:57;11;;;;
351466;2;LINES_OF_CODE_AI;2026-04-16 13:04:42;20;;;;
351461;2;LINES_OF_CODE_AI;2026-04-16 13:08:05;8;;;;
351475;2;LINES_OF_CODE_AI;2026-04-16 13:14:55;12;;;;
351467;2;LINES_OF_CODE_AI;2026-04-16 13:27:36;11;;;;
351468;2;LINES_OF_CODE_AI;2026-04-16 13:38:25;15;;;;
351476;2;LINES_OF_CODE_AI;2026-04-16 14:32:05;10;;;;
351463;2;LINES_OF_CODE_AI;2026-04-16 14:41:44;12;;;;
351477;2;LINES_OF_CODE_AI;2026-04-16 15:03:56;15;;;;
351483;2;LINES_OF_CODE_AI;2026-04-16 15:06:38;0;;;;
351462;2;LINES_OF_CODE_AI;2026-04-16 15:11:48;7;;;;
351480;2;LINES_OF_CODE_AI;2026-04-16 15:55:24;8;;;;
351465;2;LINES_OF_CODE_AI;2026-04-16 16:31:47;9;;;;
351481;2;LINES_OF_CODE_AI;2026-04-16 16:37:59;7;;;;
351472;2;LINES_OF_CODE_AI;2026-04-16 17:58:43;16;;;;
351484;2;LINES_OF_CODE_AI;2026-04-17 08:40:03;7;;;;
351498;2;LINES_OF_CODE_AI;2026-04-17 09:13:44;82;;;;
351488;2;LINES_OF_CODE_AI;2026-04-17 09:19:34;21;;;;
351485;2;LINES_OF_CODE_AI;2026-04-17 09:23:32;11;;;;
351486;2;LINES_OF_CODE_AI;2026-04-17 09:33:19;31;;;;
351491;2;LINES_OF_CODE_AI;2026-04-17 10:44:43;19;;;;
351493;2;LINES_OF_CODE_AI;2026-04-17 11:16:56;27;;;;
351495;2;LINES_OF_CODE_AI;2026-04-17 11:23:39;17;;;;
351496;2;LINES_OF_CODE_AI;2026-04-17 11:56:10;10;;;;
351494;2;LINES_OF_CODE_AI;2026-04-17 13:14:48;12;;;;
351489;2;LINES_OF_CODE_AI;2026-04-17 14:59:05;5;;;;
351490;2;LINES_OF_CODE_AI;2026-04-17 15:58:46;26;;;;
351492;2;LINES_OF_CODE_AI;2026-04-17 16:34:51;12;;;;
351497;2;LINES_OF_CODE_AI;2026-04-17 16:39:02;12;;;;
351487;2;LINES_OF_CODE_AI;2026-04-17 17:10:20;14;;;;
351500;2;LINES_OF_CODE_AI;2026-04-20 08:23:09;15;;;;
351505;2;LINES_OF_CODE_AI;2026-04-20 08:34:34;6;;;;
351513;2;LINES_OF_CODE_AI;2026-04-20 09:04:29;15;;;;
351499;2;LINES_OF_CODE_AI;2026-04-20 09:39:53;17;;;;
351511;2;LINES_OF_CODE_AI;2026-04-20 10:04:21;14;;;;
351504;2;LINES_OF_CODE_AI;2026-04-20 10:07:15;11;;;;
351503;2;LINES_OF_CODE_AI;2026-04-20 10:39:54;24;;;;
351502;2;LINES_OF_CODE_AI;2026-04-20 10:43:37;6;;;;
351507;2;LINES_OF_CODE_AI;2026-04-20 11:38:28;17;;;;
351508;2;LINES_OF_CODE_AI;2026-04-20 12:53:54;14;;;;
351512;2;LINES_OF_CODE_AI;2026-04-20 13:55:17;0;;;;
351510;2;LINES_OF_CODE_AI;2026-04-20 16:16:25;10;;;;
351501;2;LINES_OF_CODE_AI;2026-04-20 16:32:46;6;;;;
351509;2;LINES_OF_CODE_AI;2026-04-20 16:55:58;19;;;;
351506;2;LINES_OF_CODE_AI;2026-04-20 16:57:14;13;;;;
351529;2;LINES_OF_CODE_AI;2026-04-21 08:16:24;10;;;;
351520;2;LINES_OF_CODE_AI;2026-04-21 08:21:29;5;;;;
351515;2;LINES_OF_CODE_AI;2026-04-21 08:26:31;13;;;;
351522;2;LINES_OF_CODE_AI;2026-04-21 08:37:00;10;;;;
351532;2;LINES_OF_CODE_AI;2026-04-21 09:17:18;5;;;;
351514;2;LINES_OF_CODE_AI;2026-04-21 09:19:26;22;;;;
351524;2;LINES_OF_CODE_AI;2026-04-21 09:56:06;26;;;;
351523;2;LINES_OF_CODE_AI;2026-04-21 10:09:00;30;;;;
351527;2;LINES_OF_CODE_AI;2026-04-21 11:12:39;8;;;;
351521;2;LINES_OF_CODE_AI;2026-04-21 12:09:29;0;;;;
351516;2;LINES_OF_CODE_AI;2026-04-21 13:16:34;7;;;;
351517;2;LINES_OF_CODE_AI;2026-04-21 13:21:43;7;;;;
351519;2;LINES_OF_CODE_AI;2026-04-21 13:29:42;13;;;;
351531;2;LINES_OF_CODE_AI;2026-04-21 14:11:19;11;;;;
351528;2;LINES_OF_CODE_AI;2026-04-21 14:17:18;11;;;;
351525;2;LINES_OF_CODE_AI;2026-04-21 15:48:32;6;;;;
351518;2;LINES_OF_CODE_AI;2026-04-21 16:11:32;14;;;;
351530;2;LINES_OF_CODE_AI;2026-04-21 16:49:05;3;;;;
351526;2;LINES_OF_CODE_AI;2026-04-21 17:02:38;19;;;;
351533;2;LINES_OF_CODE_AI;2026-04-21 17:41:37;53;;;;
351539;2;LINES_OF_CODE_AI;2026-04-22 08:25:59;2;;;;
351541;2;LINES_OF_CODE_AI;2026-04-22 08:30:25;11;;;;
351536;2;LINES_OF_CODE_AI;2026-04-22 08:43:44;12;;;;
351550;2;LINES_OF_CODE_AI;2026-04-22 08:56:49;2;;;;
351545;2;LINES_OF_CODE_AI;2026-04-22 09:33:38;7;;;;
351534;2;LINES_OF_CODE_AI;2026-04-22 09:37:52;11;;;;
351547;2;LINES_OF_CODE_AI;2026-04-22 09:59:48;1;;;;
351549;2;LINES_OF_CODE_AI;2026-04-22 10:38:09;13;;;;
351542;2;LINES_OF_CODE_AI;2026-04-22 12:14:30;3;;;;
351543;2;LINES_OF_CODE_AI;2026-04-22 12:19:42;9;;;;
351535;2;LINES_OF_CODE_AI;2026-04-22 12:45:39;14;;;;
351552;2;LINES_OF_CODE_AI;2026-04-22 12:48:38;12;;;;
351544;2;LINES_OF_CODE_AI;2026-04-22 13:32:06;3;;;;
351551;2;LINES_OF_CODE_AI;2026-04-22 15:06:14;12;;;;
351540;2;LINES_OF_CODE_AI;2026-04-22 15:13:08;7;;;;
351548;2;LINES_OF_CODE_AI;2026-04-22 16:34:39;12;;;;
351538;2;LINES_OF_CODE_AI;2026-04-22 16:58:24;8;;;;
351537;2;LINES_OF_CODE_AI;2026-04-22 17:46:01;6;;;;
351546;2;LINES_OF_CODE_AI;2026-04-22 17:47:18;5;;;;
351569;2;LINES_OF_CODE_AI;2026-04-23 08:01:52;3;;;;
351556;2;LINES_OF_CODE_AI;2026-04-23 09:19:28;6;;;;
351558;2;LINES_OF_CODE_AI;2026-04-23 10:51:09;3;;;;
351568;2;LINES_OF_CODE_AI;2026-04-23 11:04:42;11;;;;
351559;2;LINES_OF_CODE_AI;2026-04-23 11:11:48;17;;;;
351553;2;LINES_OF_CODE_AI;2026-04-23 11:28:10;14;;;;
351565;2;LINES_OF_CODE_AI;2026-04-23 12:12:36;11;;;;
351567;2;LINES_OF_CODE_AI;2026-04-23 12:22:08;18;;;;
351562;2;LINES_OF_CODE_AI;2026-04-23 12:29:27;11;;;;
351555;2;LINES_OF_CODE_AI;2026-04-23 12:42:07;7;;;;
351560;2;LINES_OF_CODE_AI;2026-04-23 13:21:25;22;;;;
351554;2;LINES_OF_CODE_AI;2026-04-23 13:21:40;5;;;;
351566;2;LINES_OF_CODE_AI;2026-04-23 13:48:29;9;;;;
351557;2;LINES_OF_CODE_AI;2026-04-23 15:04:27;11;;;;
351564;2;LINES_OF_CODE_AI;2026-04-23 15:47:48;9;;;;
351563;2;LINES_OF_CODE_AI;2026-04-23 17:07:53;8;;;;
351561;2;LINES_OF_CODE_AI;2026-04-23 17:35:55;12;;;;
351582;2;LINES_OF_CODE_AI;2026-04-24 08:24:12;29;;;;
351580;2;LINES_OF_CODE_AI;2026-04-24 08:34:04;13;;;;
351570;2;LINES_OF_CODE_AI;2026-04-24 08:44:34;21;;;;
351585;2;LINES_OF_CODE_AI;2026-04-24 11:32:13;6;;;;
351572;2;LINES_OF_CODE_AI;2026-04-24 11:45:59;17;;;;
351581;2;LINES_OF_CODE_AI;2026-04-24 12:00:22;6;;;;
351574;2;LINES_OF_CODE_AI;2026-04-24 12:32:43;9;;;;
351584;2;LINES_OF_CODE_AI;2026-04-24 12:43:24;14;;;;
351588;2;LINES_OF_CODE_AI;2026-04-24 13:18:10;0;;;;
351579;2;LINES_OF_CODE_AI;2026-04-24 13:56:13;14;;;;
351586;2;LINES_OF_CODE_AI;2026-04-24 13:56:13;13;;;;
351571;2;LINES_OF_CODE_AI;2026-04-24 14:07:56;13;;;;
351589;2;LINES_OF_CODE_AI;2026-04-24 14:19:20;0;;;;
351577;2;LINES_OF_CODE_AI;2026-04-24 14:37:58;21;;;;
351578;2;LINES_OF_CODE_AI;2026-04-24 14:54:40;15;;;;
351583;2;LINES_OF_CODE_AI;2026-04-24 14:59:39;8;;;;
351573;2;LINES_OF_CODE_AI;2026-04-24 16:47:55;25;;;;
351575;2;LINES_OF_CODE_AI;2026-04-24 16:59:52;8;;;;
351587;2;LINES_OF_CODE_AI;2026-04-24 17:08:49;0;;;;
351576;2;LINES_OF_CODE_AI;2026-04-24 17:29:44;12;;;;
351602;2;LINES_OF_CODE_AI;2026-04-27 08:16:36;15;;;;
351611;2;LINES_OF_CODE_AI;2026-04-27 08:31:06;4;;;;
351595;2;LINES_OF_CODE_AI;2026-04-27 08:38:31;2;;;;
351597;2;LINES_OF_CODE_AI;2026-04-27 08:58:32;8;;;;
351605;2;LINES_OF_CODE_AI;2026-04-27 09:00:37;11;;;;
351608;2;LINES_OF_CODE_AI;2026-04-27 09:05:50;2;;;;
351603;2;LINES_OF_CODE_AI;2026-04-27 09:25:45;10;;;;
351593;2;LINES_OF_CODE_AI;2026-04-27 09:29:42;14;;;;
351607;2;LINES_OF_CODE_AI;2026-04-27 10:32:25;7;;;;
351609;2;LINES_OF_CODE_AI;2026-04-27 11:29:33;8;;;;
351600;2;LINES_OF_CODE_AI;2026-04-27 11:55:44;11;;;;
351610;2;LINES_OF_CODE_AI;2026-04-27 12:40:22;15;;;;
351606;2;LINES_OF_CODE_AI;2026-04-27 13:19:54;7;;;;
351604;2;LINES_OF_CODE_AI;2026-04-27 13:29:28;4;;;;
351591;2;LINES_OF_CODE_AI;2026-04-27 13:38:05;10;;;;
351599;2;LINES_OF_CODE_AI;2026-04-27 14:12:11;7;;;;
351601;2;LINES_OF_CODE_AI;2026-04-27 15:19:19;10;;;;
351590;2;LINES_OF_CODE_AI;2026-04-27 15:57:57;9;;;;
351594;2;LINES_OF_CODE_AI;2026-04-27 16:30:05;9;;;;
351592;2;LINES_OF_CODE_AI;2026-04-27 16:30:06;5;;;;
351596;2;LINES_OF_CODE_AI;2026-04-27 16:54:51;12;;;;
351598;2;LINES_OF_CODE_AI;2026-04-27 17:56:01;8;;;;
351627;2;LINES_OF_CODE_AI;2026-04-28 08:26:10;9;;;;
351628;2;LINES_OF_CODE_AI;2026-04-28 08:45:35;10;;;;
351634;2;LINES_OF_CODE_AI;2026-04-28 08:54:39;21;;;;
351619;2;LINES_OF_CODE_AI;2026-04-28 09:18:57;8;;;;
351617;2;LINES_OF_CODE_AI;2026-04-28 10:02:22;7;;;;
351615;2;LINES_OF_CODE_AI;2026-04-28 10:20:22;3;;;;
351623;2;LINES_OF_CODE_AI;2026-04-28 10:51:03;11;;;;
351626;2;LINES_OF_CODE_AI;2026-04-28 12:56:54;6;;;;
351621;2;LINES_OF_CODE_AI;2026-04-28 13:02:10;7;;;;
351632;2;LINES_OF_CODE_AI;2026-04-28 13:02:57;7;;;;
351622;2;LINES_OF_CODE_AI;2026-04-28 13:26:20;5;;;;
351633;2;LINES_OF_CODE_AI;2026-04-28 13:28:32;6;;;;
351625;2;LINES_OF_CODE_AI;2026-04-28 13:40:01;-2;;;;
351624;2;LINES_OF_CODE_AI;2026-04-28 14:01:14;2;;;;
351616;2;LINES_OF_CODE_AI;2026-04-28 14:40:18;8;;;;
351614;2;LINES_OF_CODE_AI;2026-04-28 15:27:18;5;;;;
351620;2;LINES_OF_CODE_AI;2026-04-28 15:53:54;11;;;;
351613;2;LINES_OF_CODE_AI;2026-04-28 16:01:14;7;;;;
351612;2;LINES_OF_CODE_AI;2026-04-28 16:05:37;1;;;;
351630;2;LINES_OF_CODE_AI;2026-04-28 16:23:46;3;;;;
351629;2;LINES_OF_CODE_AI;2026-04-28 16:39:37;2;;;;
351618;2;LINES_OF_CODE_AI;2026-04-28 17:05:20;3;;;;
351631;2;LINES_OF_CODE_AI;2026-04-28 17:30:46;10;;;;
351650;2;LINES_OF_CODE_AI;2026-04-29 08:10:46;11;;;;
351643;2;LINES_OF_CODE_AI;2026-04-29 08:23:54;12;;;;
351657;2;LINES_OF_CODE_AI;2026-04-29 08:24:35;17;;;;
351635;2;LINES_OF_CODE_AI;2026-04-29 08:56:43;18;;;;
351645;2;LINES_OF_CODE_AI;2026-04-29 09:57:23;-1;;;;
351641;2;LINES_OF_CODE_AI;2026-04-29 10:47:48;16;;;;
351656;2;LINES_OF_CODE_AI;2026-04-29 10:53:27;7;;;;
351649;2;LINES_OF_CODE_AI;2026-04-29 11:55:27;7;;;;
351640;2;LINES_OF_CODE_AI;2026-04-29 11:56:11;13;;;;
351655;2;LINES_OF_CODE_AI;2026-04-29 12:14:44;5;;;;
351651;2;LINES_OF_CODE_AI;2026-04-29 13:53:28;21;;;;
351646;2;LINES_OF_CODE_AI;2026-04-29 14:20:08;14;;;;
351648;2;LINES_OF_CODE_AI;2026-04-29 14:55:54;27;;;;
351637;2;LINES_OF_CODE_AI;2026-04-29 14:58:47;16;;;;
351636;2;LINES_OF_CODE_AI;2026-04-29 15:03:38;13;;;;
351642;2;LINES_OF_CODE_AI;2026-04-29 15:29:45;25;;;;
351647;2;LINES_OF_CODE_AI;2026-04-29 15:36:20;12;;;;
351653;2;LINES_OF_CODE_AI;2026-04-29 15:58:47;12;;;;
351652;2;LINES_OF_CODE_AI;2026-04-29 16:07:46;14;;;;
351638;2;LINES_OF_CODE_AI;2026-04-29 16:25:59;27;;;;
351639;2;LINES_OF_CODE_AI;2026-04-29 16:39:58;5;;;;
351658;2;LINES_OF_CODE_AI;2026-04-29 17:21:18;18;;;;
351654;2;LINES_OF_CODE_AI;2026-04-29 17:21:58;20;;;;
351644;2;LINES_OF_CODE_AI;2026-04-29 17:31:26;13;;;;
351661;2;LINES_OF_CODE_AI;2026-04-30 08:04:23;12;;;;
351673;2;LINES_OF_CODE_AI;2026-04-30 08:13:59;11;;;;
351667;2;LINES_OF_CODE_AI;2026-04-30 09:26:43;15;;;;
351677;2;LINES_OF_CODE_AI;2026-04-30 09:28:35;18;;;;
351669;2;LINES_OF_CODE_AI;2026-04-30 10:22:06;7;;;;
351671;2;LINES_OF_CODE_AI;2026-04-30 10:44:25;30;;;;
351678;2;LINES_OF_CODE_AI;2026-04-30 11:43:47;7;;;;
351664;2;LINES_OF_CODE_AI;2026-04-30 11:47:15;10;;;;
351676;2;LINES_OF_CODE_AI;2026-04-30 12:07:23;13;;;;
351662;2;LINES_OF_CODE_AI;2026-04-30 12:47:05;20;;;;
351666;2;LINES_OF_CODE_AI;2026-04-30 12:54:46;7;;;;
351674;2;LINES_OF_CODE_AI;2026-04-30 13:01:00;17;;;;
351675;2;LINES_OF_CODE_AI;2026-04-30 13:15:15;3;;;;
351665;2;LINES_OF_CODE_AI;2026-04-30 13:23:51;15;;;;
351680;2;LINES_OF_CODE_AI;2026-04-30 14:21:15;58;;;;
351670;2;LINES_OF_CODE_AI;2026-04-30 14:48:15;6;;;;
351663;2;LINES_OF_CODE_AI;2026-04-30 14:53:43;23;;;;
351672;2;LINES_OF_CODE_AI;2026-04-30 15:02:58;8;;;;
351668;2;LINES_OF_CODE_AI;2026-04-30 15:47:55;20;;;;
351679;2;LINES_OF_CODE_AI;2026-04-30 15:54:32;18;;;;
351659;2;LINES_OF_CODE_AI;2026-04-30 16:24:08;8;;;;
351660;2;LINES_OF_CODE_AI;2026-04-30 17:48:26;6;;;;
351699;2;LINES_OF_CODE_AI;2026-05-01 08:13:28;14;;;;
351694;2;LINES_OF_CODE_AI;2026-05-01 08:51:36;21;;;;
351685;2;LINES_OF_CODE_AI;2026-05-01 09:32:16;4;;;;
351695;2;LINES_OF_CODE_AI;2026-05-01 10:06:33;6;;;;
351698;2;LINES_OF_CODE_AI;2026-05-01 10:20:19;10;;;;
351693;2;LINES_OF_CODE_AI;2026-05-01 11:08:13;6;;;;
351696;2;LINES_OF_CODE_AI;2026-05-01 11:41:32;12;;;;
351688;2;LINES_OF_CODE_AI;2026-05-01 11:53:27;9;;;;
351686;2;LINES_OF_CODE_AI;2026-05-01 12:22:31;19;;;;
351704;2;LINES_OF_CODE_AI;2026-05-01 12:39:28;12;;;;
351684;2;LINES_OF_CODE_AI;2026-05-01 12:49:23;10;;;;
351697;2;LINES_OF_CODE_AI;2026-05-01 13:17:40;9;;;;
351703;2;LINES_OF_CODE_AI;2026-05-01 13:25:04;7;;;;
351690;2;LINES_OF_CODE_AI;2026-05-01 14:00:26;11;;;;
351689;2;LINES_OF_CODE_AI;2026-05-01 14:04:47;11;;;;
351705;2;LINES_OF_CODE_AI;2026-05-01 14:05:57;0;;;;
351700;2;LINES_OF_CODE_AI;2026-05-01 14:08:57;15;;;;
351701;2;LINES_OF_CODE_AI;2026-05-01 14:23:55;4;;;;
351681;2;LINES_OF_CODE_AI;2026-05-01 14:37:52;7;;;;
351682;2;LINES_OF_CODE_AI;2026-05-01 14:46:00;0;;;;
351687;2;LINES_OF_CODE_AI;2026-05-01 15:14:54;12;;;;
351691;2;LINES_OF_CODE_AI;2026-05-01 15:41:54;11;;;;
351683;2;LINES_OF_CODE_AI;2026-05-01 16:30:28;10;;;;
351692;2;LINES_OF_CODE_AI;2026-05-01 16:47:39;7;;;;
351702;2;LINES_OF_CODE_AI;2026-05-01 17:37:12;10;;;;
351714;2;LINES_OF_CODE_AI;2026-05-04 08:04:02;29;;;;
351718;2;LINES_OF_CODE_AI;2026-05-04 10:09:51;11;;;;
351708;2;LINES_OF_CODE_AI;2026-05-04 10:26:20;27;;;;
351709;2;LINES_OF_CODE_AI;2026-05-04 10:27:30;12;;;;
351722;2;LINES_OF_CODE_AI;2026-05-04 12:21:27;56;;;;
351716;2;LINES_OF_CODE_AI;2026-05-04 12:30:23;6;;;;
351720;2;LINES_OF_CODE_AI;2026-05-04 12:47:13;37;;;;
351721;2;LINES_OF_CODE_AI;2026-05-04 12:57:33;22;;;;
351710;2;LINES_OF_CODE_AI;2026-05-04 13:20:58;38;;;;
351712;2;LINES_OF_CODE_AI;2026-05-04 14:46:42;21;;;;
351719;2;LINES_OF_CODE_AI;2026-05-04 15:14:33;34;;;;
351707;2;LINES_OF_CODE_AI;2026-05-04 15:42:54;31;;;;
351715;2;LINES_OF_CODE_AI;2026-05-04 16:17:31;21;;;;
351717;2;LINES_OF_CODE_AI;2026-05-04 16:22:00;5;;;;
351711;2;LINES_OF_CODE_AI;2026-05-04 17:03:37;25;;;;
351713;2;LINES_OF_CODE_AI;2026-05-04 17:04:53;26;;;;
351706;2;LINES_OF_CODE_AI;2026-05-04 17:40:07;29;;;;
351734;2;LINES_OF_CODE_AI;2026-05-05 08:04:44;3;;;;
351726;2;LINES_OF_CODE_AI;2026-05-05 08:15:47;38;;;;
351735;2;LINES_OF_CODE_AI;2026-05-05 08:41:37;10;;;;
351730;2;LINES_OF_CODE_AI;2026-05-05 08:49:35;14;;;;
351733;2;LINES_OF_CODE_AI;2026-05-05 09:05:21;7;;;;
351739;2;LINES_OF_CODE_AI;2026-05-05 10:44:35;11;;;;
351742;2;LINES_OF_CODE_AI;2026-05-05 12:23:36;68;;;;
351738;2;LINES_OF_CODE_AI;2026-05-05 12:31:27;33;;;;
351724;2;LINES_OF_CODE_AI;2026-05-05 12:35:22;27;;;;
351727;2;LINES_OF_CODE_AI;2026-05-05 12:53:46;16;;;;
351731;2;LINES_OF_CODE_AI;2026-05-05 12:54:43;6;;;;
351740;2;LINES_OF_CODE_AI;2026-05-05 13:17:44;18;;;;
351741;2;LINES_OF_CODE_AI;2026-05-05 14:11:47;1;;;;
351736;2;LINES_OF_CODE_AI;2026-05-05 14:27:15;20;;;;
351737;2;LINES_OF_CODE_AI;2026-05-05 15:01:38;21;;;;
351723;2;LINES_OF_CODE_AI;2026-05-05 15:20:33;26;;;;
351725;2;LINES_OF_CODE_AI;2026-05-05 15:52:47;12;;;;
351732;2;LINES_OF_CODE_AI;2026-05-05 17:31:21;19;;;;
351729;2;LINES_OF_CODE_AI;2026-05-05 17:45:28;8;;;;
351728;2;LINES_OF_CODE_AI;2026-05-05 17:53:09;18;;;;
351756;2;LINES_OF_CODE_AI;2026-05-06 08:11:44;6;;;;
351755;2;LINES_OF_CODE_AI;2026-05-06 08:42:56;8;;;;
351757;2;LINES_OF_CODE_AI;2026-05-06 09:28:52;12;;;;
351743;2;LINES_OF_CODE_AI;2026-05-06 09:38:20;15;;;;
351751;2;LINES_OF_CODE_AI;2026-05-06 09:42:17;14;;;;
351747;2;LINES_OF_CODE_AI;2026-05-06 09:48:58;25;;;;
351752;2;LINES_OF_CODE_AI;2026-05-06 11:22:45;17;;;;
351750;2;LINES_OF_CODE_AI;2026-05-06 11:57:34;17;;;;
351748;2;LINES_OF_CODE_AI;2026-05-06 13:00:08;7;;;;
351744;2;LINES_OF_CODE_AI;2026-05-06 13:10:47;10;;;;
351753;2;LINES_OF_CODE_AI;2026-05-06 13:39:43;32;;;;
351749;2;LINES_OF_CODE_AI;2026-05-06 14:47:11;17;;;;
351745;2;LINES_OF_CODE_AI;2026-05-06 15:54:18;5;;;;
351754;2;LINES_OF_CODE_AI;2026-05-06 16:25:06;15;;;;
351746;2;LINES_OF_CODE_AI;2026-05-06 17:06:00;17;;;;
351758;2;LINES_OF_CODE_AI;2026-05-07 08:51:52;17;;;;
351780;2;LINES_OF_CODE_AI;2026-05-07 09:59:13;21;;;;
351760;2;LINES_OF_CODE_AI;2026-05-07 10:02:20;13;;;;
351770;2;LINES_OF_CODE_AI;2026-05-07 10:50:48;27;;;;
351767;2;LINES_OF_CODE_AI;2026-05-07 11:09:56;12;;;;
351765;2;LINES_OF_CODE_AI;2026-05-07 11:17:58;26;;;;
351759;2;LINES_OF_CODE_AI;2026-05-07 11:25:13;25;;;;
351763;2;LINES_OF_CODE_AI;2026-05-07 11:25:34;-1;;;;
351774;2;LINES_OF_CODE_AI;2026-05-07 11:27:00;13;;;;
351762;2;LINES_OF_CODE_AI;2026-05-07 11:29:52;11;;;;
351772;2;LINES_OF_CODE_AI;2026-05-07 12:13:30;21;;;;
351779;2;LINES_OF_CODE_AI;2026-05-07 12:41:12;23;;;;
351782;2;LINES_OF_CODE_AI;2026-05-07 13:03:51;30;;;;
351766;2;LINES_OF_CODE_AI;2026-05-07 13:09:52;18;;;;
351768;2;LINES_OF_CODE_AI;2026-05-07 14:20:30;0;;;;
351778;2;LINES_OF_CODE_AI;2026-05-07 14:24:12;18;;;;
351776;2;LINES_OF_CODE_AI;2026-05-07 14:36:50;21;;;;
351781;2;LINES_OF_CODE_AI;2026-05-07 14:43:26;13;;;;
351769;2;LINES_OF_CODE_AI;2026-05-07 14:50:11;9;;;;
351773;2;LINES_OF_CODE_AI;2026-05-07 15:36:33;11;;;;
351761;2;LINES_OF_CODE_AI;2026-05-07 15:45:51;23;;;;
351771;2;LINES_OF_CODE_AI;2026-05-07 15:50:37;3;;;;
351775;2;LINES_OF_CODE_AI;2026-05-07 16:06:52;20;;;;
351764;2;LINES_OF_CODE_AI;2026-05-07 17:15:03;17;;;;
351777;2;LINES_OF_CODE_AI;2026-05-07 17:24:51;20;;;;
351804;2;LINES_OF_CODE_AI;2026-05-08 08:08:00;17;;;;
351794;2;LINES_OF_CODE_AI;2026-05-08 09:04:03;1;;;;
351786;2;LINES_OF_CODE_AI;2026-05-08 09:38:08;5;;;;
351799;2;LINES_OF_CODE_AI;2026-05-08 10:04:53;5;;;;
351787;2;LINES_OF_CODE_AI;2026-05-08 10:21:30;8;;;;
351783;2;LINES_OF_CODE_AI;2026-05-08 11:06:48;12;;;;
351795;2;LINES_OF_CODE_AI;2026-05-08 11:46:48;16;;;;
351806;2;LINES_OF_CODE_AI;2026-05-08 11:47:55;25;;;;
351797;2;LINES_OF_CODE_AI;2026-05-08 12:13:48;21;;;;
351791;2;LINES_OF_CODE_AI;2026-05-08 12:17:35;10;;;;
351792;2;LINES_OF_CODE_AI;2026-05-08 12:50:56;11;;;;
351805;2;LINES_OF_CODE_AI;2026-05-08 13:30:31;25;;;;
351785;2;LINES_OF_CODE_AI;2026-05-08 13:47:42;9;;;;
351802;2;LINES_OF_CODE_AI;2026-05-08 14:17:32;7;;;;
351789;2;LINES_OF_CODE_AI;2026-05-08 14:30:31;23;;;;
351796;2;LINES_OF_CODE_AI;2026-05-08 14:49:01;4;;;;
351793;2;LINES_OF_CODE_AI;2026-05-08 15:00:50;8;;;;
351798;2;LINES_OF_CODE_AI;2026-05-08 15:08:47;14;;;;
351788;2;LINES_OF_CODE_AI;2026-05-08 15:26:21;23;;;;
351800;2;LINES_OF_CODE_AI;2026-05-08 15:48:21;10;;;;
351784;2;LINES_OF_CODE_AI;2026-05-08 16:15:24;18;;;;
351790;2;LINES_OF_CODE_AI;2026-05-08 16:22:00;4;;;;
351801;2;LINES_OF_CODE_AI;2026-05-08 16:36:23;19;;;;
351803;2;LINES_OF_CODE_AI;2026-05-08 16:47:18;11;;;;
351810;2;LINES_OF_CODE_AI;2026-05-11 08:09:06;31;;;;
351813;2;LINES_OF_CODE_AI;2026-05-11 09:02:46;23;;;;
351816;2;LINES_OF_CODE_AI;2026-05-11 09:13:33;20;;;;
351818;2;LINES_OF_CODE_AI;2026-05-11 10:13:38;37;;;;
351820;2;LINES_OF_CODE_AI;2026-05-11 10:29:34;56;;;;
351822;2;LINES_OF_CODE_AI;2026-05-11 10:56:32;48;;;;
351808;2;LINES_OF_CODE_AI;2026-05-11 12:20:34;25;;;;
351821;2;LINES_OF_CODE_AI;2026-05-11 12:26:16;11;;;;
351819;2;LINES_OF_CODE_AI;2026-05-11 12:55:06;22;;;;
351817;2;LINES_OF_CODE_AI;2026-05-11 14:18:54;22;;;;
351811;2;LINES_OF_CODE_AI;2026-05-11 14:18:55;-10;;;;
351812;2;LINES_OF_CODE_AI;2026-05-11 15:10:24;77;;;;
351814;2;LINES_OF_CODE_AI;2026-05-11 15:12:15;32;;;;
351823;2;LINES_OF_CODE_AI;2026-05-11 16:43:10;95;;;;
351807;2;LINES_OF_CODE_AI;2026-05-11 16:46:16;30;;;;
351809;2;LINES_OF_CODE_AI;2026-05-11 16:53:13;35;;;;
351815;2;LINES_OF_CODE_AI;2026-05-11 17:44:39;31;;;;
351835;2;LINES_OF_CODE_AI;2026-05-12 09:15:59;2;;;;
351845;2;LINES_OF_CODE_AI;2026-05-12 10:13:59;0;;;;
351833;2;LINES_OF_CODE_AI;2026-05-12 10:18:28;5;;;;
351831;2;LINES_OF_CODE_AI;2026-05-12 10:22:51;11;;;;
351824;2;LINES_OF_CODE_AI;2026-05-12 10:36:52;4;;;;
351827;2;LINES_OF_CODE_AI;2026-05-12 10:58:29;2;;;;
351828;2;LINES_OF_CODE_AI;2026-05-12 11:04:43;16;;;;
351846;2;LINES_OF_CODE_AI;2026-05-12 11:33:22;6;;;;
351847;2;LINES_OF_CODE_AI;2026-05-12 11:36:05;53;;;;
351837;2;LINES_OF_CODE_AI;2026-05-12 12:49:44;15;;;;
351834;2;LINES_OF_CODE_AI;2026-05-12 13:06:27;6;;;;
351832;2;LINES_OF_CODE_AI;2026-05-12 13:28:16;12;;;;
351825;2;LINES_OF_CODE_AI;2026-05-12 13:39:05;2;;;;
351843;2;LINES_OF_CODE_AI;2026-05-12 13:40:28;10;;;;
351830;2;LINES_OF_CODE_AI;2026-05-12 14:00:22;6;;;;
351840;2;LINES_OF_CODE_AI;2026-05-12 14:02:33;1;;;;
351839;2;LINES_OF_CODE_AI;2026-05-12 14:29:06;6;;;;
351826;2;LINES_OF_CODE_AI;2026-05-12 14:32:54;0;;;;
351842;2;LINES_OF_CODE_AI;2026-05-12 14:41:46;4;;;;
351838;2;LINES_OF_CODE_AI;2026-05-12 15:03:16;6;;;;
351836;2;LINES_OF_CODE_AI;2026-05-12 16:20:21;6;;;;
351841;2;LINES_OF_CODE_AI;2026-05-12 16:24:47;11;;;;
351829;2;LINES_OF_CODE_AI;2026-05-12 17:43:49;14;;;;
351844;2;LINES_OF_CODE_AI;2026-05-12 17:56:37;5;;;;
351856;2;LINES_OF_CODE_AI;2026-05-13 08:19:26;12;;;;
351868;2;LINES_OF_CODE_AI;2026-05-13 08:20:41;7;;;;
351865;2;LINES_OF_CODE_AI;2026-05-13 09:09:25;6;;;;
351858;2;LINES_OF_CODE_AI;2026-05-13 09:16:24;11;;;;
351859;2;LINES_OF_CODE_AI;2026-05-13 09:27:35;13;;;;
351871;2;LINES_OF_CODE_AI;2026-05-13 09:47:07;29;;;;
351861;2;LINES_OF_CODE_AI;2026-05-13 10:51:22;14;;;;
351848;2;LINES_OF_CODE_AI;2026-05-13 10:54:45;10;;;;
351852;2;LINES_OF_CODE_AI;2026-05-13 11:02:42;14;;;;
351854;2;LINES_OF_CODE_AI;2026-05-13 11:44:14;17;;;;
351869;2;LINES_OF_CODE_AI;2026-05-13 11:58:48;2;;;;
351866;2;LINES_OF_CODE_AI;2026-05-13 12:14:18;11;;;;
351857;2;LINES_OF_CODE_AI;2026-05-13 12:42:50;7;;;;
351855;2;LINES_OF_CODE_AI;2026-05-13 13:20:55;19;;;;
351867;2;LINES_OF_CODE_AI;2026-05-13 13:35:58;22;;;;
351849;2;LINES_OF_CODE_AI;2026-05-13 13:50:31;10;;;;
351860;2;LINES_OF_CODE_AI;2026-05-13 14:08:11;16;;;;
351863;2;LINES_OF_CODE_AI;2026-05-13 14:50:53;2;;;;
351850;2;LINES_OF_CODE_AI;2026-05-13 15:05:00;-2;;;;
351862;2;LINES_OF_CODE_AI;2026-05-13 15:19:43;9;;;;
351851;2;LINES_OF_CODE_AI;2026-05-13 17:00:27;2;;;;
351853;2;LINES_OF_CODE_AI;2026-05-13 17:13:19;8;;;;
351870;2;LINES_OF_CODE_AI;2026-05-13 17:14:47;-2;;;;
351864;2;LINES_OF_CODE_AI;2026-05-13 17:34:17;2;;;;
351888;2;LINES_OF_CODE_AI;2026-05-14 08:14:50;7;;;;
351880;2;LINES_OF_CODE_AI;2026-05-14 08:18:11;17;;;;
351884;2;LINES_OF_CODE_AI;2026-05-14 08:30:45;12;;;;
351876;2;LINES_OF_CODE_AI;2026-05-14 09:01:46;34;;;;
351889;2;LINES_OF_CODE_AI;2026-05-14 09:46:31;6;;;;
351879;2;LINES_OF_CODE_AI;2026-05-14 10:06:30;-4;;;;
351878;2;LINES_OF_CODE_AI;2026-05-14 10:26:10;18;;;;
351872;2;LINES_OF_CODE_AI;2026-05-14 10:38:45;18;;;;
351873;2;LINES_OF_CODE_AI;2026-05-14 11:02:49;16;;;;
351882;2;LINES_OF_CODE_AI;2026-05-14 11:43:47;19;;;;
351875;2;LINES_OF_CODE_AI;2026-05-14 12:02:34;31;;;;
351886;2;LINES_OF_CODE_AI;2026-05-14 12:24:30;28;;;;
351874;2;LINES_OF_CODE_AI;2026-05-14 12:53:27;15;;;;
351877;2;LINES_OF_CODE_AI;2026-05-14 13:30:33;8;;;;
351887;2;LINES_OF_CODE_AI;2026-05-14 13:55:09;5;;;;
351890;2;LINES_OF_CODE_AI;2026-05-14 16:08:10;60;;;;
351883;2;LINES_OF_CODE_AI;2026-05-14 17:33:05;20;;;;
351885;2;LINES_OF_CODE_AI;2026-05-14 17:35:46;36;;;;
351881;2;LINES_OF_CODE_AI;2026-05-14 17:40:38;16;;;;
351907;2;LINES_OF_CODE_AI;2026-05-15 08:10:44;12;;;;
351892;2;LINES_OF_CODE_AI;2026-05-15 08:11:45;24;;;;
351904;2;LINES_OF_CODE_AI;2026-05-15 08:53:51;15;;;;
351905;2;LINES_OF_CODE_AI;2026-05-15 09:10:17;16;;;;
351898;2;LINES_OF_CODE_AI;2026-05-15 09:32:49;5;;;;
351906;2;LINES_OF_CODE_AI;2026-05-15 10:17:14;18;;;;
351891;2;LINES_OF_CODE_AI;2026-05-15 10:17:26;10;;;;
351900;2;LINES_OF_CODE_AI;2026-05-15 10:32:42;11;;;;
351897;2;LINES_OF_CODE_AI;2026-05-15 11:28:48;5;;;;
351910;2;LINES_OF_CODE_AI;2026-05-15 11:33:31;24;;;;
351902;2;LINES_OF_CODE_AI;2026-05-15 11:41:15;0;;;;
351899;2;LINES_OF_CODE_AI;2026-05-15 12:02:03;10;;;;
351896;2;LINES_OF_CODE_AI;2026-05-15 12:05:52;9;;;;
351908;2;LINES_OF_CODE_AI;2026-05-15 12:22:01;21;;;;
351893;2;LINES_OF_CODE_AI;2026-05-15 13:15:12;17;;;;
351903;2;LINES_OF_CODE_AI;2026-05-15 14:21:08;4;;;;
351895;2;LINES_OF_CODE_AI;2026-05-15 14:21:54;-2;;;;
351911;2;LINES_OF_CODE_AI;2026-05-15 15:33:37;21;;;;
351909;2;LINES_OF_CODE_AI;2026-05-15 16:05:09;11;;;;
351901;2;LINES_OF_CODE_AI;2026-05-15 17:16:06;8;;;;
351894;2;LINES_OF_CODE_AI;2026-05-15 17:59:53;17;;;;
351914;2;LINES_OF_CODE_AI;2026-05-18 08:15:55;13;;;;
351920;2;LINES_OF_CODE_AI;2026-05-18 08:56:02;22;;;;
351922;2;LINES_OF_CODE_AI;2026-05-18 09:09:16;11;;;;
351924;2;LINES_OF_CODE_AI;2026-05-18 09:10:22;8;;;;
351918;2;LINES_OF_CODE_AI;2026-05-18 09:38:59;17;;;;
351919;2;LINES_OF_CODE_AI;2026-05-18 09:40:06;9;;;;
351925;2;LINES_OF_CODE_AI;2026-05-18 10:54:10;6;;;;
351923;2;LINES_OF_CODE_AI;2026-05-18 10:57:50;8;;;;
351916;2;LINES_OF_CODE_AI;2026-05-18 12:02:59;10;;;;
351915;2;LINES_OF_CODE_AI;2026-05-18 13:39:12;9;;;;
351917;2;LINES_OF_CODE_AI;2026-05-18 14:20:58;13;;;;
351913;2;LINES_OF_CODE_AI;2026-05-18 14:30:27;1;;;;
351926;2;LINES_OF_CODE_AI;2026-05-18 15:59:22;1;;;;
351927;2;LINES_OF_CODE_AI;2026-05-18 16:01:58;35;;;;
351921;2;LINES_OF_CODE_AI;2026-05-18 17:25:43;12;;;;
351912;2;LINES_OF_CODE_AI;2026-05-18 17:52:44;12;;;;
351940;2;LINES_OF_CODE_AI;2026-05-19 08:37:16;8;;;;
351942;2;LINES_OF_CODE_AI;2026-05-19 08:37:47;19;;;;
351939;2;LINES_OF_CODE_AI;2026-05-19 08:47:24;2;;;;
351934;2;LINES_OF_CODE_AI;2026-05-19 09:23:38;27;;;;
351943;2;LINES_OF_CODE_AI;2026-05-19 10:01:47;12;;;;
351936;2;LINES_OF_CODE_AI;2026-05-19 10:06:34;11;;;;
351941;2;LINES_OF_CODE_AI;2026-05-19 10:21:12;10;;;;
351945;2;LINES_OF_CODE_AI;2026-05-19 11:20:46;15;;;;
351937;2;LINES_OF_CODE_AI;2026-05-19 11:32:42;31;;;;
351932;2;LINES_OF_CODE_AI;2026-05-19 12:29:08;13;;;;
351946;2;LINES_OF_CODE_AI;2026-05-19 12:37:40;15;;;;
351944;2;LINES_OF_CODE_AI;2026-05-19 13:00:10;22;;;;
351930;2;LINES_OF_CODE_AI;2026-05-19 13:17:58;12;;;;
351929;2;LINES_OF_CODE_AI;2026-05-19 13:23:33;17;;;;
351938;2;LINES_OF_CODE_AI;2026-05-19 13:27:21;20;;;;
351931;2;LINES_OF_CODE_AI;2026-05-19 14:11:31;28;;;;
351947;2;LINES_OF_CODE_AI;2026-05-19 14:59:59;74;;;;
351935;2;LINES_OF_CODE_AI;2026-05-19 15:26:04;33;;;;
351933;2;LINES_OF_CODE_AI;2026-05-19 16:58:58;24;;;;
351928;2;LINES_OF_CODE_AI;2026-05-19 17:25:19;3;;;;
351960;2;LINES_OF_CODE_AI;2026-05-20 08:09:48;11;;;;
351959;2;LINES_OF_CODE_AI;2026-05-20 08:15:02;9;;;;
351967;2;LINES_OF_CODE_AI;2026-05-20 08:40:37;8;;;;
351949;2;LINES_OF_CODE_AI;2026-05-20 08:51:27;6;;;;
351971;2;LINES_OF_CODE_AI;2026-05-20 08:58:52;8;;;;
351958;2;LINES_OF_CODE_AI;2026-05-20 09:22:37;6;;;;
351966;2;LINES_OF_CODE_AI;2026-05-20 09:35:03;9;;;;
351962;2;LINES_OF_CODE_AI;2026-05-20 09:59:45;2;;;;
351972;2;LINES_OF_CODE_AI;2026-05-20 10:00:40;46;;;;
351961;2;LINES_OF_CODE_AI;2026-05-20 10:21:07;0;;;;
351964;2;LINES_OF_CODE_AI;2026-05-20 10:21:36;7;;;;
351952;2;LINES_OF_CODE_AI;2026-05-20 10:23:24;5;;;;
351965;2;LINES_OF_CODE_AI;2026-05-20 10:51:32;8;;;;
351968;2;LINES_OF_CODE_AI;2026-05-20 11:34:00;10;;;;
351953;2;LINES_OF_CODE_AI;2026-05-20 11:45:24;7;;;;
351948;2;LINES_OF_CODE_AI;2026-05-20 11:49:26;3;;;;
351969;2;LINES_OF_CODE_AI;2026-05-20 13:36:11;5;;;;
351951;2;LINES_OF_CODE_AI;2026-05-20 13:51:20;3;;;;
351950;2;LINES_OF_CODE_AI;2026-05-20 14:26:07;9;;;;
351954;2;LINES_OF_CODE_AI;2026-05-20 14:58:45;5;;;;
351970;2;LINES_OF_CODE_AI;2026-05-20 15:28:49;10;;;;
351955;2;LINES_OF_CODE_AI;2026-05-20 15:59:20;10;;;;
351956;2;LINES_OF_CODE_AI;2026-05-20 16:11:28;9;;;;
351957;2;LINES_OF_CODE_AI;2026-05-20 16:14:14;5;;;;
351963;2;LINES_OF_CODE_AI;2026-05-20 16:17:44;5;;;;
351981;2;LINES_OF_CODE_AI;2026-05-21 08:30:30;6;;;;
351980;2;LINES_OF_CODE_AI;2026-05-21 08:41:18;14;;;;
351988;2;LINES_OF_CODE_AI;2026-05-21 08:50:46;32;;;;
351976;2;LINES_OF_CODE_AI;2026-05-21 09:07:06;3;;;;
351982;2;LINES_OF_CODE_AI;2026-05-21 11:17:07;13;;;;
351975;2;LINES_OF_CODE_AI;2026-05-21 11:44:29;14;;;;
351984;2;LINES_OF_CODE_AI;2026-05-21 12:29:16;2;;;;
351983;2;LINES_OF_CODE_AI;2026-05-21 12:31:19;15;;;;
351986;2;LINES_OF_CODE_AI;2026-05-21 12:35:47;10;;;;
351985;2;LINES_OF_CODE_AI;2026-05-21 13:26:13;6;;;;
351974;2;LINES_OF_CODE_AI;2026-05-21 15:06:51;6;;;;
351978;2;LINES_OF_CODE_AI;2026-05-21 15:13:27;9;;;;
351987;2;LINES_OF_CODE_AI;2026-05-21 16:22:40;5;;;;
351977;2;LINES_OF_CODE_AI;2026-05-21 16:26:36;14;;;;
351973;2;LINES_OF_CODE_AI;2026-05-21 17:23:07;14;;;;
351979;2;LINES_OF_CODE_AI;2026-05-21 17:56:26;6;;;;
351996;2;LINES_OF_CODE_AI;2026-05-22 08:04:29;8;;;;
352002;2;LINES_OF_CODE_AI;2026-05-22 08:23:42;10;;;;
351999;2;LINES_OF_CODE_AI;2026-05-22 08:36:02;2;;;;
351995;2;LINES_OF_CODE_AI;2026-05-22 09:24:23;12;;;;
351998;2;LINES_OF_CODE_AI;2026-05-22 09:30:14;10;;;;
352008;2;LINES_OF_CODE_AI;2026-05-22 09:53:16;0;;;;
351991;2;LINES_OF_CODE_AI;2026-05-22 10:00:09;18;;;;
352004;2;LINES_OF_CODE_AI;2026-05-22 10:01:07;8;;;;
352001;2;LINES_OF_CODE_AI;2026-05-22 10:04:42;12;;;;
351992;2;LINES_OF_CODE_AI;2026-05-22 10:22:43;13;;;;
352005;2;LINES_OF_CODE_AI;2026-05-22 10:26:10;10;;;;
351994;2;LINES_OF_CODE_AI;2026-05-22 11:10:42;11;;;;
351989;2;LINES_OF_CODE_AI;2026-05-22 13:22:05;7;;;;
352010;2;LINES_OF_CODE_AI;2026-05-22 13:50:26;0;;;;
352006;2;LINES_OF_CODE_AI;2026-05-22 14:02:52;12;;;;
352000;2;LINES_OF_CODE_AI;2026-05-22 15:43:34;5;;;;
352003;2;LINES_OF_CODE_AI;2026-05-22 16:16:45;10;;;;
351993;2;LINES_OF_CODE_AI;2026-05-22 17:08:17;14;;;;
351997;2;LINES_OF_CODE_AI;2026-05-22 17:08:37;1;;;;
352007;2;LINES_OF_CODE_AI;2026-05-22 17:30:45;8;;;;
351990;2;LINES_OF_CODE_AI;2026-05-22 17:35:16;1;;;;
352009;2;LINES_OF_CODE_AI;2026-05-22 17:50:58;0;;;;
352012;2;LINES_OF_CODE_AI;2026-05-25 08:27:29;6;;;;
352014;2;LINES_OF_CODE_AI;2026-05-25 09:27:06;6;;;;
352023;2;LINES_OF_CODE_AI;2026-05-25 09:32:02;5;;;;
352024;2;LINES_OF_CODE_AI;2026-05-25 10:08:41;7;;;;
352015;2;LINES_OF_CODE_AI;2026-05-25 10:57:19;11;;;;
352032;2;LINES_OF_CODE_AI;2026-05-25 11:06:29;18;;;;
352013;2;LINES_OF_CODE_AI;2026-05-25 11:44:22;9;;;;
352019;2;LINES_OF_CODE_AI;2026-05-25 11:48:27;10;;;;
352018;2;LINES_OF_CODE_AI;2026-05-25 12:38:03;1;;;;
352017;2;LINES_OF_CODE_AI;2026-05-25 12:52:03;11;;;;
352016;2;LINES_OF_CODE_AI;2026-05-25 13:10:51;12;;;;
352027;2;LINES_OF_CODE_AI;2026-05-25 13:35:58;0;;;;
352028;2;LINES_OF_CODE_AI;2026-05-25 13:49:07;10;;;;
352029;2;LINES_OF_CODE_AI;2026-05-25 14:11:09;9;;;;
352026;2;LINES_OF_CODE_AI;2026-05-25 14:53:37;0;;;;
352021;2;LINES_OF_CODE_AI;2026-05-25 14:57:49;6;;;;
352031;2;LINES_OF_CODE_AI;2026-05-25 16:19:27;8;;;;
352030;2;LINES_OF_CODE_AI;2026-05-25 16:47:29;9;;;;
352011;2;LINES_OF_CODE_AI;2026-05-25 17:26:02;5;;;;
352025;2;LINES_OF_CODE_AI;2026-05-25 17:26:50;1;;;;
352022;2;LINES_OF_CODE_AI;2026-05-25 17:49:14;3;;;;
352020;2;LINES_OF_CODE_AI;2026-05-25 17:53:46;4;;;;
352038;2;LINES_OF_CODE_AI;2026-05-26 09:39:02;23;;;;
352040;2;LINES_OF_CODE_AI;2026-05-26 10:10:36;18;;;;
352046;2;LINES_OF_CODE_AI;2026-05-26 10:12:11;24;;;;
352044;2;LINES_OF_CODE_AI;2026-05-26 10:16:17;25;;;;
352041;2;LINES_OF_CODE_AI;2026-05-26 11:40:19;8;;;;
352050;2;LINES_OF_CODE_AI;2026-05-26 12:02:13;10;;;;
352039;2;LINES_OF_CODE_AI;2026-05-26 12:18:14;27;;;;
352047;2;LINES_OF_CODE_AI;2026-05-26 12:31:11;30;;;;
352033;2;LINES_OF_CODE_AI;2026-05-26 13:03:22;21;;;;
352048;2;LINES_OF_CODE_AI;2026-05-26 14:07:24;30;;;;
352043;2;LINES_OF_CODE_AI;2026-05-26 14:14:33;17;;;;
352035;2;LINES_OF_CODE_AI;2026-05-26 14:27:49;14;;;;
352052;2;LINES_OF_CODE_AI;2026-05-26 14:39:58;96;;;;
352034;2;LINES_OF_CODE_AI;2026-05-26 15:21:25;15;;;;
352045;2;LINES_OF_CODE_AI;2026-05-26 15:33:50;11;;;;
352051;2;LINES_OF_CODE_AI;2026-05-26 16:32:58;18;;;;
352042;2;LINES_OF_CODE_AI;2026-05-26 16:47:50;17;;;;
352036;2;LINES_OF_CODE_AI;2026-05-26 17:00:26;-7;;;;
352049;2;LINES_OF_CODE_AI;2026-05-26 17:19:57;25;;;;
352037;2;LINES_OF_CODE_AI;2026-05-26 17:57:50;31;;;;
352057;2;LINES_OF_CODE_AI;2026-05-27 08:00:08;18;;;;
352067;2;LINES_OF_CODE_AI;2026-05-27 08:22:48;20;;;;
352059;2;LINES_OF_CODE_AI;2026-05-27 08:30:55;25;;;;
352072;2;LINES_OF_CODE_AI;2026-05-27 08:35:29;20;;;;
352075;2;LINES_OF_CODE_AI;2026-05-27 09:02:04;24;;;;
352077;2;LINES_OF_CODE_AI;2026-05-27 09:11:42;76;;;;
352068;2;LINES_OF_CODE_AI;2026-05-27 09:13:43;22;;;;
352074;2;LINES_OF_CODE_AI;2026-05-27 10:01:51;33;;;;
352056;2;LINES_OF_CODE_AI;2026-05-27 10:42:41;19;;;;
352062;2;LINES_OF_CODE_AI;2026-05-27 10:48:46;7;;;;
352060;2;LINES_OF_CODE_AI;2026-05-27 10:51:26;27;;;;
352069;2;LINES_OF_CODE_AI;2026-05-27 11:11:00;32;;;;
352076;2;LINES_OF_CODE_AI;2026-05-27 12:24:03;18;;;;
352064;2;LINES_OF_CODE_AI;2026-05-27 12:31:27;-1;;;;
352054;2;LINES_OF_CODE_AI;2026-05-27 13:20:04;15;;;;
352066;2;LINES_OF_CODE_AI;2026-05-27 13:47:12;16;;;;
352053;2;LINES_OF_CODE_AI;2026-05-27 13:49:44;12;;;;
352065;2;LINES_OF_CODE_AI;2026-05-27 14:33:29;25;;;;
352070;2;LINES_OF_CODE_AI;2026-05-27 14:46:16;8;;;;
352063;2;LINES_OF_CODE_AI;2026-05-27 14:50:00;20;;;;
352058;2;LINES_OF_CODE_AI;2026-05-27 15:15:50;22;;;;
352071;2;LINES_OF_CODE_AI;2026-05-27 16:15:06;13;;;;
352073;2;LINES_OF_CODE_AI;2026-05-27 17:16:12;2;;;;
352061;2;LINES_OF_CODE_AI;2026-05-27 17:42:38;20;;;;
352055;2;LINES_OF_CODE_AI;2026-05-27 17:43:10;9;;;;
352093;2;LINES_OF_CODE_AI;2026-05-28 08:28:42;45;;;;
352087;2;LINES_OF_CODE_AI;2026-05-28 08:33:14;37;;;;
352089;2;LINES_OF_CODE_AI;2026-05-28 08:41:42;7;;;;
352095;2;LINES_OF_CODE_AI;2026-05-28 08:45:20;67;;;;
352084;2;LINES_OF_CODE_AI;2026-05-28 10:26:02;24;;;;
352102;2;LINES_OF_CODE_AI;2026-05-28 10:29:17;0;;;;
352101;2;LINES_OF_CODE_AI;2026-05-28 11:07:44;23;;;;
352097;2;LINES_OF_CODE_AI;2026-05-28 11:37:20;25;;;;
352078;2;LINES_OF_CODE_AI;2026-05-28 12:24:50;31;;;;
352094;2;LINES_OF_CODE_AI;2026-05-28 12:30:03;20;;;;
352096;2;LINES_OF_CODE_AI;2026-05-28 12:59:49;45;;;;
352099;2;LINES_OF_CODE_AI;2026-05-28 13:19:03;48;;;;
352081;2;LINES_OF_CODE_AI;2026-05-28 13:26:27;57;;;;
352090;2;LINES_OF_CODE_AI;2026-05-28 13:43:17;21;;;;
352091;2;LINES_OF_CODE_AI;2026-05-28 14:04:31;34;;;;
352092;2;LINES_OF_CODE_AI;2026-05-28 14:06:54;17;;;;
352086;2;LINES_OF_CODE_AI;2026-05-28 15:08:32;38;;;;
352100;2;LINES_OF_CODE_AI;2026-05-28 15:26:18;31;;;;
352082;2;LINES_OF_CODE_AI;2026-05-28 15:45:52;7;;;;
352098;2;LINES_OF_CODE_AI;2026-05-28 15:51:17;65;;;;
352080;2;LINES_OF_CODE_AI;2026-05-28 15:53:14;29;;;;
352085;2;LINES_OF_CODE_AI;2026-05-28 16:07:07;7;;;;
352083;2;LINES_OF_CODE_AI;2026-05-28 16:19:46;7;;;;
352088;2;LINES_OF_CODE_AI;2026-05-28 17:40:43;11;;;;
352079;2;LINES_OF_CODE_AI;2026-05-28 17:56:27;56;;;;
352111;2;LINES_OF_CODE_AI;2026-05-29 08:44:57;22;;;;
352103;2;LINES_OF_CODE_AI;2026-05-29 08:53:22;28;;;;
352112;2;LINES_OF_CODE_AI;2026-05-29 10:29:40;13;;;;
352107;2;LINES_OF_CODE_AI;2026-05-29 10:45:20;15;;;;
352110;2;LINES_OF_CODE_AI;2026-05-29 11:03:43;24;;;;
352104;2;LINES_OF_CODE_AI;2026-05-29 11:30:10;14;;;;
352115;2;LINES_OF_CODE_AI;2026-05-29 12:09:02;13;;;;
352116;2;LINES_OF_CODE_AI;2026-05-29 13:30:35;15;;;;
352108;2;LINES_OF_CODE_AI;2026-05-29 13:32:48;13;;;;
352114;2;LINES_OF_CODE_AI;2026-05-29 13:54:01;8;;;;
352109;2;LINES_OF_CODE_AI;2026-05-29 14:56:38;12;;;;
352106;2;LINES_OF_CODE_AI;2026-05-29 15:14:30;11;;;;
352117;2;LINES_OF_CODE_AI;2026-05-29 16:33:50;32;;;;
352105;2;LINES_OF_CODE_AI;2026-05-29 17:30:59;24;;;;
352113;2;LINES_OF_CODE_AI;2026-05-29 17:35:57;20;;;;
352134;2;LINES_OF_CODE_AI;2026-06-01 08:56:26;16;;;;
352121;2;LINES_OF_CODE_AI;2026-06-01 09:04:27;19;;;;
352133;2;LINES_OF_CODE_AI;2026-06-01 09:06:49;15;;;;
352118;2;LINES_OF_CODE_AI;2026-06-01 09:54:07;9;;;;
352129;2;LINES_OF_CODE_AI;2026-06-01 10:17:57;8;;;;
352125;2;LINES_OF_CODE_AI;2026-06-01 10:48:13;17;;;;
352132;2;LINES_OF_CODE_AI;2026-06-01 11:03:56;10;;;;
352122;2;LINES_OF_CODE_AI;2026-06-01 11:46:37;14;;;;
352126;2;LINES_OF_CODE_AI;2026-06-01 12:03:25;3;;;;
352130;2;LINES_OF_CODE_AI;2026-06-01 12:39:29;9;;;;
352124;2;LINES_OF_CODE_AI;2026-06-01 13:26:46;12;;;;
352136;2;LINES_OF_CODE_AI;2026-06-01 14:05:03;9;;;;
352138;2;LINES_OF_CODE_AI;2026-06-01 14:16:08;42;;;;
352119;2;LINES_OF_CODE_AI;2026-06-01 14:17:56;8;;;;
352137;2;LINES_OF_CODE_AI;2026-06-01 14:34:19;11;;;;
352120;2;LINES_OF_CODE_AI;2026-06-01 14:48:33;14;;;;
352123;2;LINES_OF_CODE_AI;2026-06-01 15:24:55;12;;;;
352127;2;LINES_OF_CODE_AI;2026-06-01 15:43:59;2;;;;
352128;2;LINES_OF_CODE_AI;2026-06-01 15:56:14;14;;;;
352135;2;LINES_OF_CODE_AI;2026-06-01 16:05:56;-2;;;;
352131;2;LINES_OF_CODE_AI;2026-06-01 17:26:11;3;;;;
352153;2;LINES_OF_CODE_AI;2026-06-02 08:14:21;10;;;;
352156;2;LINES_OF_CODE_AI;2026-06-02 08:37:18;14;;;;
352144;2;LINES_OF_CODE_AI;2026-06-02 10:39:10;19;;;;
352162;2;LINES_OF_CODE_AI;2026-06-02 11:11:13;105;;;;
352142;2;LINES_OF_CODE_AI;2026-06-02 11:18:26;7;;;;
352145;2;LINES_OF_CODE_AI;2026-06-02 11:35:26;4;;;;
352147;2;LINES_OF_CODE_AI;2026-06-02 12:36:50;8;;;;
352155;2;LINES_OF_CODE_AI;2026-06-02 13:07:23;7;;;;
352143;2;LINES_OF_CODE_AI;2026-06-02 13:17:25;-2;;;;
352157;2;LINES_OF_CODE_AI;2026-06-02 13:48:50;20;;;;
352154;2;LINES_OF_CODE_AI;2026-06-02 14:00:45;17;;;;
352161;2;LINES_OF_CODE_AI;2026-06-02 14:02:00;11;;;;
352140;2;LINES_OF_CODE_AI;2026-06-02 14:12:03;12;;;;
352139;2;LINES_OF_CODE_AI;2026-06-02 14:34:31;6;;;;
352149;2;LINES_OF_CODE_AI;2026-06-02 15:08:40;13;;;;
352159;2;LINES_OF_CODE_AI;2026-06-02 15:25:07;6;;;;
352150;2;LINES_OF_CODE_AI;2026-06-02 15:38:07;8;;;;
352158;2;LINES_OF_CODE_AI;2026-06-02 15:44:49;8;;;;
352148;2;LINES_OF_CODE_AI;2026-06-02 16:01:53;16;;;;
352152;2;LINES_OF_CODE_AI;2026-06-02 16:31:25;2;;;;
352141;2;LINES_OF_CODE_AI;2026-06-02 16:37:18;14;;;;
352160;2;LINES_OF_CODE_AI;2026-06-02 17:12:33;15;;;;
352146;2;LINES_OF_CODE_AI;2026-06-02 17:19:44;25;;;;
352151;2;LINES_OF_CODE_AI;2026-06-02 17:37:02;17;;;;
352166;2;LINES_OF_CODE_AI;2026-06-03 08:00:07;15;;;;
352168;2;LINES_OF_CODE_AI;2026-06-03 09:13:38;6;;;;
352176;2;LINES_OF_CODE_AI;2026-06-03 10:04:36;8;;;;
352171;2;LINES_OF_CODE_AI;2026-06-03 10:20:25;10;;;;
352165;2;LINES_OF_CODE_AI;2026-06-03 10:30:00;0;;;;
352179;2;LINES_OF_CODE_AI;2026-06-03 10:30:32;9;;;;
352177;2;LINES_OF_CODE_AI;2026-06-03 10:45:12;7;;;;
352174;2;LINES_OF_CODE_AI;2026-06-03 10:48:16;10;;;;
352164;2;LINES_OF_CODE_AI;2026-06-03 10:53:58;8;;;;
352172;2;LINES_OF_CODE_AI;2026-06-03 10:57:25;6;;;;
352170;2;LINES_OF_CODE_AI;2026-06-03 12:09:03;6;;;;
352173;2;LINES_OF_CODE_AI;2026-06-03 12:24:55;6;;;;
352182;2;LINES_OF_CODE_AI;2026-06-03 12:39:43;10;;;;
352175;2;LINES_OF_CODE_AI;2026-06-03 14:13:14;7;;;;
352187;2;LINES_OF_CODE_AI;2026-06-03 14:31:43;0;;;;
352181;2;LINES_OF_CODE_AI;2026-06-03 14:33:07;8;;;;
352167;2;LINES_OF_CODE_AI;2026-06-03 14:48:58;11;;;;
352169;2;LINES_OF_CODE_AI;2026-06-03 15:24:54;3;;;;
352183;2;LINES_OF_CODE_AI;2026-06-03 16:28:16;6;;;;
352186;2;LINES_OF_CODE_AI;2026-06-03 16:40:13;7;;;;
352185;2;LINES_OF_CODE_AI;2026-06-03 16:41:34;9;;;;
352180;2;LINES_OF_CODE_AI;2026-06-03 16:47:42;3;;;;
352184;2;LINES_OF_CODE_AI;2026-06-03 16:51:55;6;;;;
352163;2;LINES_OF_CODE_AI;2026-06-03 16:52:58;5;;;;
352178;2;LINES_OF_CODE_AI;2026-06-03 16:58:07;9;;;;
352193;2;LINES_OF_CODE_AI;2026-06-04 08:30:14;23;;;;
352202;2;LINES_OF_CODE_AI;2026-06-04 08:39:37;2;;;;
352192;2;LINES_OF_CODE_AI;2026-06-04 08:59:05;21;;;;
352201;2;LINES_OF_CODE_AI;2026-06-04 09:09:41;9;;;;
352196;2;LINES_OF_CODE_AI;2026-06-04 09:14:11;7;;;;
352200;2;LINES_OF_CODE_AI;2026-06-04 09:59:28;14;;;;
352195;2;LINES_OF_CODE_AI;2026-06-04 12:23:38;16;;;;
352204;2;LINES_OF_CODE_AI;2026-06-04 12:27:52;12;;;;
352198;2;LINES_OF_CODE_AI;2026-06-04 12:52:28;9;;;;
352199;2;LINES_OF_CODE_AI;2026-06-04 13:23:08;13;;;;
352188;2;LINES_OF_CODE_AI;2026-06-04 14:01:25;0;;;;
352191;2;LINES_OF_CODE_AI;2026-06-04 14:20:04;4;;;;
352189;2;LINES_OF_CODE_AI;2026-06-04 14:30:03;14;;;;
352197;2;LINES_OF_CODE_AI;2026-06-04 14:56:39;15;;;;
352203;2;LINES_OF_CODE_AI;2026-06-04 15:41:13;16;;;;
352205;2;LINES_OF_CODE_AI;2026-06-04 15:55:53;39;;;;
352190;2;LINES_OF_CODE_AI;2026-06-04 17:18:20;16;;;;
352194;2;LINES_OF_CODE_AI;2026-06-04 17:49:57;29;;;;
352212;2;LINES_OF_CODE_AI;2026-06-05 08:33:03;6;;;;
352218;2;LINES_OF_CODE_AI;2026-06-05 08:42:39;5;;;;
352211;2;LINES_OF_CODE_AI;2026-06-05 09:24:16;6;;;;
352221;2;LINES_OF_CODE_AI;2026-06-05 09:46:54;3;;;;
352210;2;LINES_OF_CODE_AI;2026-06-05 11:27:41;2;;;;
352216;2;LINES_OF_CODE_AI;2026-06-05 12:11:22;7;;;;
352217;2;LINES_OF_CODE_AI;2026-06-05 12:53:09;0;;;;
352209;2;LINES_OF_CODE_AI;2026-06-05 14:14:03;6;;;;
352215;2;LINES_OF_CODE_AI;2026-06-05 14:17:16;9;;;;
352208;2;LINES_OF_CODE_AI;2026-06-05 14:51:02;2;;;;
352222;2;LINES_OF_CODE_AI;2026-06-05 15:16:26;2;;;;
352207;2;LINES_OF_CODE_AI;2026-06-05 15:46:27;1;;;;
352214;2;LINES_OF_CODE_AI;2026-06-05 15:46:58;6;;;;
352206;2;LINES_OF_CODE_AI;2026-06-05 15:51:09;4;;;;
352213;2;LINES_OF_CODE_AI;2026-06-05 17:13:05;4;;;;
352223;2;LINES_OF_CODE_AI;2026-06-05 17:20:16;17;;;;
352219;2;LINES_OF_CODE_AI;2026-06-05 17:27:45;3;;;;
352220;2;LINES_OF_CODE_AI;2026-06-05 17:58:06;3;;;;
352230;2;LINES_OF_CODE_AI;2026-06-08 08:20:45;16;;;;
352235;2;LINES_OF_CODE_AI;2026-06-08 08:31:36;16;;;;
352233;2;LINES_OF_CODE_AI;2026-06-08 08:46:59;10;;;;
352245;2;LINES_OF_CODE_AI;2026-06-08 10:22:26;19;;;;
352237;2;LINES_OF_CODE_AI;2026-06-08 10:43:29;19;;;;
352226;2;LINES_OF_CODE_AI;2026-06-08 11:23:42;20;;;;
352232;2;LINES_OF_CODE_AI;2026-06-08 11:29:49;9;;;;
352241;2;LINES_OF_CODE_AI;2026-06-08 11:48:25;13;;;;
352244;2;LINES_OF_CODE_AI;2026-06-08 11:53:14;10;;;;
352227;2;LINES_OF_CODE_AI;2026-06-08 12:02:20;10;;;;
352238;2;LINES_OF_CODE_AI;2026-06-08 12:08:02;9;;;;
352243;2;LINES_OF_CODE_AI;2026-06-08 12:12:26;4;;;;
352225;2;LINES_OF_CODE_AI;2026-06-08 12:30:46;11;;;;
352242;2;LINES_OF_CODE_AI;2026-06-08 12:47:07;6;;;;
352228;2;LINES_OF_CODE_AI;2026-06-08 13:39:02;0;;;;
352231;2;LINES_OF_CODE_AI;2026-06-08 14:28:13;14;;;;
352234;2;LINES_OF_CODE_AI;2026-06-08 14:43:29;4;;;;
352240;2;LINES_OF_CODE_AI;2026-06-08 15:14:45;6;;;;
352229;2;LINES_OF_CODE_AI;2026-06-08 15:30:17;19;;;;
352236;2;LINES_OF_CODE_AI;2026-06-08 15:53:28;20;;;;
352246;2;LINES_OF_CODE_AI;2026-06-08 16:29:00;42;;;;
352239;2;LINES_OF_CODE_AI;2026-06-08 16:44:09;11;;;;
352224;2;LINES_OF_CODE_AI;2026-06-08 16:51:36;14;;;;
352253;2;LINES_OF_CODE_AI;2026-06-09 08:22:49;19;;;;
352260;2;LINES_OF_CODE_AI;2026-06-09 08:27:47;8;;;;
352251;2;LINES_OF_CODE_AI;2026-06-09 08:54:11;15;;;;
352258;2;LINES_OF_CODE_AI;2026-06-09 09:06:26;13;;;;
352248;2;LINES_OF_CODE_AI;2026-06-09 09:33:53;14;;;;
352249;2;LINES_OF_CODE_AI;2026-06-09 09:55:16;24;;;;
352259;2;LINES_OF_CODE_AI;2026-06-09 10:57:01;20;;;;
352261;2;LINES_OF_CODE_AI;2026-06-09 12:35:04;10;;;;
352257;2;LINES_OF_CODE_AI;2026-06-09 14:46:15;23;;;;
352256;2;LINES_OF_CODE_AI;2026-06-09 15:12:48;5;;;;
352262;2;LINES_OF_CODE_AI;2026-06-09 15:26:56;16;;;;
352250;2;LINES_OF_CODE_AI;2026-06-09 15:35:40;17;;;;
352255;2;LINES_OF_CODE_AI;2026-06-09 15:50:29;17;;;;
352247;2;LINES_OF_CODE_AI;2026-06-09 16:31:06;20;;;;
352254;2;LINES_OF_CODE_AI;2026-06-09 16:36:12;28;;;;
352252;2;LINES_OF_CODE_AI;2026-06-09 17:01:15;15;;;;
352275;2;LINES_OF_CODE_AI;2026-06-10 08:50:08;18;;;;
352277;2;LINES_OF_CODE_AI;2026-06-10 09:14:29;17;;;;
352269;2;LINES_OF_CODE_AI;2026-06-10 09:56:55;7;;;;
352271;2;LINES_OF_CODE_AI;2026-06-10 10:16:22;18;;;;
352263;2;LINES_OF_CODE_AI;2026-06-10 10:25:55;15;;;;
352268;2;LINES_OF_CODE_AI;2026-06-10 11:53:59;15;;;;
352281;2;LINES_OF_CODE_AI;2026-06-10 11:59:44;5;;;;
352282;2;LINES_OF_CODE_AI;2026-06-10 12:14:44;0;;;;
352273;2;LINES_OF_CODE_AI;2026-06-10 12:23:56;9;;;;
352276;2;LINES_OF_CODE_AI;2026-06-10 13:25:53;10;;;;
352274;2;LINES_OF_CODE_AI;2026-06-10 13:39:03;12;;;;
352266;2;LINES_OF_CODE_AI;2026-06-10 13:50:50;8;;;;
352272;2;LINES_OF_CODE_AI;2026-06-10 13:55:04;11;;;;
352280;2;LINES_OF_CODE_AI;2026-06-10 14:09:53;12;;;;
352279;2;LINES_OF_CODE_AI;2026-06-10 14:58:11;17;;;;
352267;2;LINES_OF_CODE_AI;2026-06-10 15:10:12;10;;;;
352264;2;LINES_OF_CODE_AI;2026-06-10 15:45:07;12;;;;
352278;2;LINES_OF_CODE_AI;2026-06-10 16:03:10;9;;;;
352265;2;LINES_OF_CODE_AI;2026-06-10 17:05:26;12;;;;
352270;2;LINES_OF_CODE_AI;2026-06-10 17:26:41;9;;;;
352289;2;LINES_OF_CODE_AI;2026-06-11 08:29:09;20;;;;
352286;2;LINES_OF_CODE_AI;2026-06-11 08:30:23;11;;;;
352302;2;LINES_OF_CODE_AI;2026-06-11 09:23:52;-1;;;;
352299;2;LINES_OF_CODE_AI;2026-06-11 09:55:59;15;;;;
352294;2;LINES_OF_CODE_AI;2026-06-11 09:57:58;10;;;;
352295;2;LINES_OF_CODE_AI;2026-06-11 10:12:32;3;;;;
352301;2;LINES_OF_CODE_AI;2026-06-11 10:13:24;21;;;;
352296;2;LINES_OF_CODE_AI;2026-06-11 11:12:20;20;;;;
352285;2;LINES_OF_CODE_AI;2026-06-11 11:42:56;13;;;;
352300;2;LINES_OF_CODE_AI;2026-06-11 11:51:26;11;;;;
352298;2;LINES_OF_CODE_AI;2026-06-11 11:54:34;13;;;;
352288;2;LINES_OF_CODE_AI;2026-06-11 12:09:18;11;;;;
352290;2;LINES_OF_CODE_AI;2026-06-11 12:18:39;11;;;;
352293;2;LINES_OF_CODE_AI;2026-06-11 12:53:38;9;;;;
352297;2;LINES_OF_CODE_AI;2026-06-11 13:31:27;11;;;;
352287;2;LINES_OF_CODE_AI;2026-06-11 13:36:01;8;;;;
352303;2;LINES_OF_CODE_AI;2026-06-11 15:40:25;33;;;;
352283;2;LINES_OF_CODE_AI;2026-06-11 16:05:22;18;;;;
352284;2;LINES_OF_CODE_AI;2026-06-11 16:08:38;11;;;;
352291;2;LINES_OF_CODE_AI;2026-06-11 16:28:48;3;;;;
352292;2;LINES_OF_CODE_AI;2026-06-11 17:41:32;10;;;;
352318;2;LINES_OF_CODE_AI;2026-06-12 08:14:29;17;;;;
352315;2;LINES_OF_CODE_AI;2026-06-12 08:58:25;10;;;;
352304;2;LINES_OF_CODE_AI;2026-06-12 09:10:58;10;;;;
352314;2;LINES_OF_CODE_AI;2026-06-12 09:24:04;7;;;;
352307;2;LINES_OF_CODE_AI;2026-06-12 10:07:24;8;;;;
352317;2;LINES_OF_CODE_AI;2026-06-12 11:09:08;12;;;;
352310;2;LINES_OF_CODE_AI;2026-06-12 11:44:33;7;;;;
352306;2;LINES_OF_CODE_AI;2026-06-12 12:08:32;11;;;;
352322;2;LINES_OF_CODE_AI;2026-06-12 12:23:16;13;;;;
352320;2;LINES_OF_CODE_AI;2026-06-12 13:21:15;6;;;;
352313;2;LINES_OF_CODE_AI;2026-06-12 13:50:57;6;;;;
352309;2;LINES_OF_CODE_AI;2026-06-12 14:21:29;2;;;;
352312;2;LINES_OF_CODE_AI;2026-06-12 14:29:04;7;;;;
352308;2;LINES_OF_CODE_AI;2026-06-12 14:35:46;11;;;;
352323;2;LINES_OF_CODE_AI;2026-06-12 14:44:21;3;;;;
352319;2;LINES_OF_CODE_AI;2026-06-12 15:11:27;7;;;;
352311;2;LINES_OF_CODE_AI;2026-06-12 15:53:51;15;;;;
352316;2;LINES_OF_CODE_AI;2026-06-12 16:07:54;9;;;;
352321;2;LINES_OF_CODE_AI;2026-06-12 16:50:23;15;;;;
352305;2;LINES_OF_CODE_AI;2026-06-12 17:30:28;9;;;;
352336;2;LINES_OF_CODE_AI;2026-06-15 08:05:57;9;;;;
352330;2;LINES_OF_CODE_AI;2026-06-15 08:07:19;22;;;;
352335;2;LINES_OF_CODE_AI;2026-06-15 08:26:27;16;;;;
352331;2;LINES_OF_CODE_AI;2026-06-15 10:02:08;17;;;;
352344;2;LINES_OF_CODE_AI;2026-06-15 11:21:39;1;;;;
352325;2;LINES_OF_CODE_AI;2026-06-15 11:56:48;26;;;;
352340;2;LINES_OF_CODE_AI;2026-06-15 13:07:36;10;;;;
352328;2;LINES_OF_CODE_AI;2026-06-15 13:17:57;9;;;;
352333;2;LINES_OF_CODE_AI;2026-06-15 13:21:07;13;;;;
352341;2;LINES_OF_CODE_AI;2026-06-15 13:41:28;18;;;;
352327;2;LINES_OF_CODE_AI;2026-06-15 13:43:38;2;;;;
352324;2;LINES_OF_CODE_AI;2026-06-15 14:52:27;31;;;;
352342;2;LINES_OF_CODE_AI;2026-06-15 14:52:56;10;;;;
352338;2;LINES_OF_CODE_AI;2026-06-15 14:59:10;11;;;;
352345;2;LINES_OF_CODE_AI;2026-06-15 15:21:38;0;;;;
352326;2;LINES_OF_CODE_AI;2026-06-15 15:53:14;7;;;;
352339;2;LINES_OF_CODE_AI;2026-06-15 15:54:26;18;;;;
352332;2;LINES_OF_CODE_AI;2026-06-15 16:21:29;13;;;;
352343;2;LINES_OF_CODE_AI;2026-06-15 16:30:36;27;;;;
352334;2;LINES_OF_CODE_AI;2026-06-15 16:39:52;23;;;;
352329;2;LINES_OF_CODE_AI;2026-06-15 17:40:01;8;;;;
352337;2;LINES_OF_CODE_AI;2026-06-15 17:40:37;8;;;;
352359;2;LINES_OF_CODE_AI;2026-06-16 08:01:11;15;;;;
352350;2;LINES_OF_CODE_AI;2026-06-16 08:15:46;21;;;;
352347;2;LINES_OF_CODE_AI;2026-06-16 09:03:16;31;;;;
352352;2;LINES_OF_CODE_AI;2026-06-16 09:13:02;42;;;;
352358;2;LINES_OF_CODE_AI;2026-06-16 10:55:39;24;;;;
352362;2;LINES_OF_CODE_AI;2026-06-16 11:04:53;25;;;;
352348;2;LINES_OF_CODE_AI;2026-06-16 12:06:52;14;;;;
352361;2;LINES_OF_CODE_AI;2026-06-16 13:02:54;15;;;;
352353;2;LINES_OF_CODE_AI;2026-06-16 14:26:58;11;;;;
352346;2;LINES_OF_CODE_AI;2026-06-16 14:44:20;12;;;;
352351;2;LINES_OF_CODE_AI;2026-06-16 15:10:22;30;;;;
352355;2;LINES_OF_CODE_AI;2026-06-16 15:46:40;22;;;;
352354;2;LINES_OF_CODE_AI;2026-06-16 16:01:23;17;;;;
352356;2;LINES_OF_CODE_AI;2026-06-16 17:14:09;15;;;;
352360;2;LINES_OF_CODE_AI;2026-06-16 17:46:17;5;;;;
352349;2;LINES_OF_CODE_AI;2026-06-16 17:48:47;4;;;;
352357;2;LINES_OF_CODE_AI;2026-06-16 17:53:09;21;;;;
352368;2;LINES_OF_CODE_AI;2026-06-17 08:38:37;10;;;;
352381;2;LINES_OF_CODE_AI;2026-06-17 09:38:45;27;;;;
352375;2;LINES_OF_CODE_AI;2026-06-17 09:44:47;22;;;;
352376;2;LINES_OF_CODE_AI;2026-06-17 10:00:26;35;;;;
352366;2;LINES_OF_CODE_AI;2026-06-17 10:46:54;16;;;;
352377;2;LINES_OF_CODE_AI;2026-06-17 10:47:44;28;;;;
352378;2;LINES_OF_CODE_AI;2026-06-17 11:08:49;20;;;;
352369;2;LINES_OF_CODE_AI;2026-06-17 11:10:51;19;;;;
352373;2;LINES_OF_CODE_AI;2026-06-17 11:55:20;17;;;;
352379;2;LINES_OF_CODE_AI;2026-06-17 12:15:03;15;;;;
352363;2;LINES_OF_CODE_AI;2026-06-17 12:22:08;43;;;;
352374;2;LINES_OF_CODE_AI;2026-06-17 13:20:06;25;;;;
352365;2;LINES_OF_CODE_AI;2026-06-17 13:22:39;26;;;;
352364;2;LINES_OF_CODE_AI;2026-06-17 15:00:52;38;;;;
352370;2;LINES_OF_CODE_AI;2026-06-17 15:31:29;10;;;;
352367;2;LINES_OF_CODE_AI;2026-06-17 15:53:34;21;;;;
352372;2;LINES_OF_CODE_AI;2026-06-17 16:32:31;34;;;;
352380;2;LINES_OF_CODE_AI;2026-06-17 16:33:26;32;;;;
352371;2;LINES_OF_CODE_AI;2026-06-17 16:35:54;23;;;;
352382;2;LINES_OF_CODE_AI;2026-06-17 17:04:43;60;;;;
352386;2;LINES_OF_CODE_AI;2026-06-18 08:00:51;18;;;;
352396;2;LINES_OF_CODE_AI;2026-06-18 09:03:00;8;;;;
352394;2;LINES_OF_CODE_AI;2026-06-18 10:10:22;23;;;;
352395;2;LINES_OF_CODE_AI;2026-06-18 10:22:03;7;;;;
352387;2;LINES_OF_CODE_AI;2026-06-18 11:21:23;1;;;;
352391;2;LINES_OF_CODE_AI;2026-06-18 11:29:43;8;;;;
352389;2;LINES_OF_CODE_AI;2026-06-18 12:52:17;-2;;;;
352383;2;LINES_OF_CODE_AI;2026-06-18 13:12:10;6;;;;
352393;2;LINES_OF_CODE_AI;2026-06-18 14:17:24;24;;;;
352384;2;LINES_OF_CODE_AI;2026-06-18 15:36:08;25;;;;
352388;2;LINES_OF_CODE_AI;2026-06-18 15:39:22;26;;;;
352397;2;LINES_OF_CODE_AI;2026-06-18 16:15:41;35;;;;
352392;2;LINES_OF_CODE_AI;2026-06-18 16:43:41;10;;;;
352390;2;LINES_OF_CODE_AI;2026-06-18 17:02:27;-6;;;;
352385;2;LINES_OF_CODE_AI;2026-06-18 17:07:31;27;;;;
352398;2;LINES_OF_CODE_AI;2026-06-19 08:26:34;23;;;;
352408;2;LINES_OF_CODE_AI;2026-06-19 08:57:20;0;;;;
352399;2;LINES_OF_CODE_AI;2026-06-19 09:35:02;7;;;;
352407;2;LINES_OF_CODE_AI;2026-06-19 09:46:14;4;;;;
352410;2;LINES_OF_CODE_AI;2026-06-19 10:31:36;4;;;;
352400;2;LINES_OF_CODE_AI;2026-06-19 10:37:55;12;;;;
352406;2;LINES_OF_CODE_AI;2026-06-19 12:18:25;5;;;;
352413;2;LINES_OF_CODE_AI;2026-06-19 12:23:26;12;;;;
352402;2;LINES_OF_CODE_AI;2026-06-19 13:43:19;0;;;;
352414;2;LINES_OF_CODE_AI;2026-06-19 15:06:58;62;;;;
352403;2;LINES_OF_CODE_AI;2026-06-19 15:08:10;17;;;;
352401;2;LINES_OF_CODE_AI;2026-06-19 15:57:40;5;;;;
352404;2;LINES_OF_CODE_AI;2026-06-19 16:39:19;9;;;;
352405;2;LINES_OF_CODE_AI;2026-06-19 16:46:50;13;;;;
352409;2;LINES_OF_CODE_AI;2026-06-19 16:48:35;16;;;;
352411;2;LINES_OF_CODE_AI;2026-06-19 16:54:17;8;;;;
352412;2;LINES_OF_CODE_AI;2026-06-19 17:26:03;18;;;;
352420;2;LINES_OF_CODE_AI;2026-06-22 08:08:00;3;;;;
352425;2;LINES_OF_CODE_AI;2026-06-22 08:09:53;-6;;;;
352418;2;LINES_OF_CODE_AI;2026-06-22 09:02:37;9;;;;
352417;2;LINES_OF_CODE_AI;2026-06-22 10:13:35;10;;;;
352431;2;LINES_OF_CODE_AI;2026-06-22 10:59:55;20;;;;
352419;2;LINES_OF_CODE_AI;2026-06-22 11:36:17;10;;;;
352428;2;LINES_OF_CODE_AI;2026-06-22 12:03:48;9;;;;
352421;2;LINES_OF_CODE_AI;2026-06-22 12:13:23;6;;;;
352432;2;LINES_OF_CODE_AI;2026-06-22 13:43:03;56;;;;
352422;2;LINES_OF_CODE_AI;2026-06-22 13:47:38;13;;;;
352415;2;LINES_OF_CODE_AI;2026-06-22 13:48:20;21;;;;
352424;2;LINES_OF_CODE_AI;2026-06-22 14:33:03;15;;;;
352430;2;LINES_OF_CODE_AI;2026-06-22 14:51:18;4;;;;
352426;2;LINES_OF_CODE_AI;2026-06-22 15:26:01;13;;;;
352427;2;LINES_OF_CODE_AI;2026-06-22 15:48:29;6;;;;
352429;2;LINES_OF_CODE_AI;2026-06-22 16:22:42;7;;;;
352416;2;LINES_OF_CODE_AI;2026-06-22 16:41:12;-3;;;;
352423;2;LINES_OF_CODE_AI;2026-06-22 17:23:01;16;;;;
352443;2;LINES_OF_CODE_AI;2026-06-23 08:25:55;6;;;;
352441;2;LINES_OF_CODE_AI;2026-06-23 08:51:28;12;;;;
352434;2;LINES_OF_CODE_AI;2026-06-23 09:08:42;16;;;;
352448;2;LINES_OF_CODE_AI;2026-06-23 10:02:23;17;;;;
352449;2;LINES_OF_CODE_AI;2026-06-23 11:02:48;22;;;;
352440;2;LINES_OF_CODE_AI;2026-06-23 11:39:47;17;;;;
352436;2;LINES_OF_CODE_AI;2026-06-23 11:43:49;24;;;;
352445;2;LINES_OF_CODE_AI;2026-06-23 12:15:09;28;;;;
352438;2;LINES_OF_CODE_AI;2026-06-23 12:58:12;10;;;;
352442;2;LINES_OF_CODE_AI;2026-06-23 14:10:53;15;;;;
352447;2;LINES_OF_CODE_AI;2026-06-23 15:45:43;7;;;;
352437;2;LINES_OF_CODE_AI;2026-06-23 15:46:31;23;;;;
352444;2;LINES_OF_CODE_AI;2026-06-23 16:50:08;26;;;;
352433;2;LINES_OF_CODE_AI;2026-06-23 17:24:53;14;;;;
352435;2;LINES_OF_CODE_AI;2026-06-23 17:30:43;15;;;;
352446;2;LINES_OF_CODE_AI;2026-06-23 17:36:08;1;;;;
352439;2;LINES_OF_CODE_AI;2026-06-23 17:52:46;16;;;;
352456;2;LINES_OF_CODE_AI;2026-06-24 08:37:50;37;;;;
352469;2;LINES_OF_CODE_AI;2026-06-24 08:37:56;60;;;;
352464;2;LINES_OF_CODE_AI;2026-06-24 08:48:03;37;;;;
352461;2;LINES_OF_CODE_AI;2026-06-24 08:50:08;31;;;;
352467;2;LINES_OF_CODE_AI;2026-06-24 09:20:05;-2;;;;
352451;2;LINES_OF_CODE_AI;2026-06-24 09:26:26;16;;;;
352454;2;LINES_OF_CODE_AI;2026-06-24 10:24:32;15;;;;
352450;2;LINES_OF_CODE_AI;2026-06-24 10:30:25;22;;;;
352468;2;LINES_OF_CODE_AI;2026-06-24 11:30:40;-1;;;;
352453;2;LINES_OF_CODE_AI;2026-06-24 11:49:16;0;;;;
352458;2;LINES_OF_CODE_AI;2026-06-24 12:09:02;10;;;;
352459;2;LINES_OF_CODE_AI;2026-06-24 13:16:43;28;;;;
352465;2;LINES_OF_CODE_AI;2026-06-24 14:24:37;14;;;;
352462;2;LINES_OF_CODE_AI;2026-06-24 15:03:41;25;;;;
352466;2;LINES_OF_CODE_AI;2026-06-24 15:43:53;13;;;;
352452;2;LINES_OF_CODE_AI;2026-06-24 15:57:36;31;;;;
352460;2;LINES_OF_CODE_AI;2026-06-24 16:21:17;33;;;;
352463;2;LINES_OF_CODE_AI;2026-06-24 17:01:58;27;;;;
352455;2;LINES_OF_CODE_AI;2026-06-24 17:45:01;13;;;;
352457;2;LINES_OF_CODE_AI;2026-06-24 17:50:05;57;;;;
352471;2;LINES_OF_CODE_AI;2026-06-25 08:40:34;11;;;;
352479;2;LINES_OF_CODE_AI;2026-06-25 09:06:08;12;;;;
352486;2;LINES_OF_CODE_AI;2026-06-25 09:32:04;24;;;;
352474;2;LINES_OF_CODE_AI;2026-06-25 09:42:44;15;;;;
352477;2;LINES_OF_CODE_AI;2026-06-25 10:41:53;23;;;;
352485;2;LINES_OF_CODE_AI;2026-06-25 11:15:59;12;;;;
352470;2;LINES_OF_CODE_AI;2026-06-25 11:46:39;17;;;;
352478;2;LINES_OF_CODE_AI;2026-06-25 11:52:19;9;;;;
352482;2;LINES_OF_CODE_AI;2026-06-25 11:57:18;13;;;;
352480;2;LINES_OF_CODE_AI;2026-06-25 12:05:23;9;;;;
352481;2;LINES_OF_CODE_AI;2026-06-25 12:23:23;14;;;;
352473;2;LINES_OF_CODE_AI;2026-06-25 12:38:38;22;;;;
352483;2;LINES_OF_CODE_AI;2026-06-25 13:15:56;3;;;;
352472;2;LINES_OF_CODE_AI;2026-06-25 14:06:03;23;;;;
352476;2;LINES_OF_CODE_AI;2026-06-25 14:07:00;32;;;;
352484;2;LINES_OF_CODE_AI;2026-06-25 16:20:56;30;;;;
352475;2;LINES_OF_CODE_AI;2026-06-25 17:50:09;19;;;;
352499;2;LINES_OF_CODE_AI;2026-06-26 08:38:46;17;;;;
352509;2;LINES_OF_CODE_AI;2026-06-26 09:04:34;15;;;;
352501;2;LINES_OF_CODE_AI;2026-06-26 09:05:09;13;;;;
352491;2;LINES_OF_CODE_AI;2026-06-26 09:08:50;15;;;;
352489;2;LINES_OF_CODE_AI;2026-06-26 09:41:38;-3;;;;
352502;2;LINES_OF_CODE_AI;2026-06-26 09:58:22;14;;;;
352507;2;LINES_OF_CODE_AI;2026-06-26 10:04:36;5;;;;
352490;2;LINES_OF_CODE_AI;2026-06-26 10:15:33;12;;;;
352505;2;LINES_OF_CODE_AI;2026-06-26 10:19:09;12;;;;
352506;2;LINES_OF_CODE_AI;2026-06-26 10:57:06;4;;;;
352504;2;LINES_OF_CODE_AI;2026-06-26 11:01:39;13;;;;
352487;2;LINES_OF_CODE_AI;2026-06-26 11:06:14;6;;;;
352495;2;LINES_OF_CODE_AI;2026-06-26 11:31:43;11;;;;
352493;2;LINES_OF_CODE_AI;2026-06-26 11:41:55;16;;;;
352488;2;LINES_OF_CODE_AI;2026-06-26 11:58:02;15;;;;
352496;2;LINES_OF_CODE_AI;2026-06-26 13:28:40;9;;;;
352497;2;LINES_OF_CODE_AI;2026-06-26 15:41:29;9;;;;
352500;2;LINES_OF_CODE_AI;2026-06-26 15:57:49;3;;;;
352494;2;LINES_OF_CODE_AI;2026-06-26 16:20:24;14;;;;
352508;2;LINES_OF_CODE_AI;2026-06-26 16:47:26;18;;;;
352503;2;LINES_OF_CODE_AI;2026-06-26 17:04:15;12;;;;
352498;2;LINES_OF_CODE_AI;2026-06-26 17:05:37;10;;;;
352492;2;LINES_OF_CODE_AI;2026-06-26 17:16:55;16;;;;
352528;2;LINES_OF_CODE_AI;2026-06-29 08:49:25;1;;;;
352527;2;LINES_OF_CODE_AI;2026-06-29 09:11:23;1;;;;
352515;2;LINES_OF_CODE_AI;2026-06-29 10:12:16;1;;;;
352520;2;LINES_OF_CODE_AI;2026-06-29 10:33:24;0;;;;
352519;2;LINES_OF_CODE_AI;2026-06-29 11:22:29;2;;;;
352510;2;LINES_OF_CODE_AI;2026-06-29 11:31:31;2;;;;
352526;2;LINES_OF_CODE_AI;2026-06-29 11:40:13;1;;;;
352517;2;LINES_OF_CODE_AI;2026-06-29 12:01:06;1;;;;
352513;2;LINES_OF_CODE_AI;2026-06-29 13:01:07;1;;;;
352525;2;LINES_OF_CODE_AI;2026-06-29 13:02:56;1;;;;
352522;2;LINES_OF_CODE_AI;2026-06-29 13:11:10;0;;;;
352512;2;LINES_OF_CODE_AI;2026-06-29 13:49:18;1;;;;
352524;2;LINES_OF_CODE_AI;2026-06-29 14:31:48;0;;;;
352516;2;LINES_OF_CODE_AI;2026-06-29 15:04:28;1;;;;
352523;2;LINES_OF_CODE_AI;2026-06-29 15:36:50;1;;;;
352529;2;LINES_OF_CODE_AI;2026-06-29 15:40:13;11;;;;
352511;2;LINES_OF_CODE_AI;2026-06-29 16:10:24;1;;;;
352518;2;LINES_OF_CODE_AI;2026-06-29 16:43:43;1;;;;
352514;2;LINES_OF_CODE_AI;2026-06-29 17:45:19;1;;;;
352521;2;LINES_OF_CODE_AI;2026-06-29 17:45:22;1;;;;
352531;2;LINES_OF_CODE_AI;2026-06-30 08:21:53;31;;;;
352533;2;LINES_OF_CODE_AI;2026-06-30 08:56:32;14;;;;
352537;2;LINES_OF_CODE_AI;2026-06-30 09:44:10;-2;;;;
352532;2;LINES_OF_CODE_AI;2026-06-30 10:39:43;38;;;;
352544;2;LINES_OF_CODE_AI;2026-06-30 10:40:15;0;;;;
352541;2;LINES_OF_CODE_AI;2026-06-30 10:50:11;32;;;;
352530;2;LINES_OF_CODE_AI;2026-06-30 13:02:25;21;;;;
352539;2;LINES_OF_CODE_AI;2026-06-30 13:56:58;20;;;;
352543;2;LINES_OF_CODE_AI;2026-06-30 14:02:41;26;;;;
352542;2;LINES_OF_CODE_AI;2026-06-30 15:00:13;18;;;;
352534;2;LINES_OF_CODE_AI;2026-06-30 15:38:29;28;;;;
352545;2;LINES_OF_CODE_AI;2026-06-30 15:58:24;6;;;;
352540;2;LINES_OF_CODE_AI;2026-06-30 16:07:02;20;;;;
352546;2;LINES_OF_CODE_AI;2026-06-30 17:03:58;75;;;;
352535;2;LINES_OF_CODE_AI;2026-06-30 17:11:45;19;;;;
352538;2;LINES_OF_CODE_AI;2026-06-30 17:47:13;5;;;;
352536;2;LINES_OF_CODE_AI;2026-06-30 17:51:04;24;;;;
352555;2;LINES_OF_CODE_AI;2026-07-01 08:35:00;2;;;;
352551;2;LINES_OF_CODE_AI;2026-07-01 09:06:33;2;;;;
352566;2;LINES_OF_CODE_AI;2026-07-01 09:35:34;3;;;;
352550;2;LINES_OF_CODE_AI;2026-07-01 09:43:07;2;;;;
352549;2;LINES_OF_CODE_AI;2026-07-01 09:44:57;2;;;;
352564;2;LINES_OF_CODE_AI;2026-07-01 09:53:19;0;;;;
352559;2;LINES_OF_CODE_AI;2026-07-01 10:07:08;2;;;;
352554;2;LINES_OF_CODE_AI;2026-07-01 10:07:09;2;;;;
352553;2;LINES_OF_CODE_AI;2026-07-01 10:38:29;0;;;;
352565;2;LINES_OF_CODE_AI;2026-07-01 10:40:51;3;;;;
352548;2;LINES_OF_CODE_AI;2026-07-01 10:41:49;1;;;;
352557;2;LINES_OF_CODE_AI;2026-07-01 11:37:34;4;;;;
352563;2;LINES_OF_CODE_AI;2026-07-01 11:54:59;2;;;;
352560;2;LINES_OF_CODE_AI;2026-07-01 12:20:43;1;;;;
352547;2;LINES_OF_CODE_AI;2026-07-01 13:10:14;3;;;;
352567;2;LINES_OF_CODE_AI;2026-07-01 13:45:48;6;;;;
352562;2;LINES_OF_CODE_AI;2026-07-01 14:25:58;3;;;;
352561;2;LINES_OF_CODE_AI;2026-07-01 14:39:30;0;;;;
352556;2;LINES_OF_CODE_AI;2026-07-01 16:22:38;2;;;;
352552;2;LINES_OF_CODE_AI;2026-07-01 16:31:53;3;;;;
352558;2;LINES_OF_CODE_AI;2026-07-01 17:36:10;5;;;;
352583;2;LINES_OF_CODE_AI;2026-07-02 08:50:12;2;;;;
352570;2;LINES_OF_CODE_AI;2026-07-02 08:57:18;0;;;;
352580;2;LINES_OF_CODE_AI;2026-07-02 09:07:37;0;;;;
352572;2;LINES_OF_CODE_AI;2026-07-02 09:18:24;0;;;;
352581;2;LINES_OF_CODE_AI;2026-07-02 09:29:02;1;;;;
352577;2;LINES_OF_CODE_AI;2026-07-02 11:04:45;0;;;;
352571;2;LINES_OF_CODE_AI;2026-07-02 11:15:57;0;;;;
352574;2;LINES_OF_CODE_AI;2026-07-02 11:38:48;0;;;;
352582;2;LINES_OF_CODE_AI;2026-07-02 11:51:59;1;;;;
352575;2;LINES_OF_CODE_AI;2026-07-02 12:06:44;3;;;;
352576;2;LINES_OF_CODE_AI;2026-07-02 12:13:01;0;;;;
352578;2;LINES_OF_CODE_AI;2026-07-02 12:14:41;2;;;;
352584;2;LINES_OF_CODE_AI;2026-07-02 13:08:54;11;;;;
352569;2;LINES_OF_CODE_AI;2026-07-02 15:05:31;3;;;;
352568;2;LINES_OF_CODE_AI;2026-07-02 15:26:05;1;;;;
352573;2;LINES_OF_CODE_AI;2026-07-02 16:10:58;2;;;;
352579;2;LINES_OF_CODE_AI;2026-07-02 16:22:22;1;;;;
352585;2;LINES_OF_CODE_AI;2026-07-03 08:19:34;2;;;;
352598;2;LINES_OF_CODE_AI;2026-07-03 08:22:26;2;;;;
352594;2;LINES_OF_CODE_AI;2026-07-03 09:11:55;2;;;;
352593;2;LINES_OF_CODE_AI;2026-07-03 09:59:56;3;;;;
352590;2;LINES_OF_CODE_AI;2026-07-03 10:52:28;2;;;;
352600;2;LINES_OF_CODE_AI;2026-07-03 11:12:51;1;;;;
352587;2;LINES_OF_CODE_AI;2026-07-03 13:18:44;1;;;;
352599;2;LINES_OF_CODE_AI;2026-07-03 13:27:28;2;;;;
352603;2;LINES_OF_CODE_AI;2026-07-03 13:40:41;1;;;;
352596;2;LINES_OF_CODE_AI;2026-07-03 13:47:34;3;;;;
352595;2;LINES_OF_CODE_AI;2026-07-03 13:48:22;1;;;;
352604;2;LINES_OF_CODE_AI;2026-07-03 13:48:48;8;;;;
352592;2;LINES_OF_CODE_AI;2026-07-03 13:48:57;3;;;;
352589;2;LINES_OF_CODE_AI;2026-07-03 15:11:15;1;;;;
352586;2;LINES_OF_CODE_AI;2026-07-03 15:23:03;1;;;;
352588;2;LINES_OF_CODE_AI;2026-07-03 15:52:24;1;;;;
352602;2;LINES_OF_CODE_AI;2026-07-03 16:33:11;1;;;;
352601;2;LINES_OF_CODE_AI;2026-07-03 16:41:21;1;;;;
352597;2;LINES_OF_CODE_AI;2026-07-03 17:04:45;1;;;;
352591;2;LINES_OF_CODE_AI;2026-07-03 17:09:46;1;;;;
352605;2;LINES_OF_CODE_AI;2026-07-06 08:12:22;1;;;;
352607;2;LINES_OF_CODE_AI;2026-07-06 09:01:48;1;;;;
352619;2;LINES_OF_CODE_AI;2026-07-06 09:24:06;4;;;;
352611;2;LINES_OF_CODE_AI;2026-07-06 10:09:57;3;;;;
352622;2;LINES_OF_CODE_AI;2026-07-06 10:20:46;2;;;;
352612;2;LINES_OF_CODE_AI;2026-07-06 10:58:40;1;;;;
352616;2;LINES_OF_CODE_AI;2026-07-06 11:01:03;0;;;;
352613;2;LINES_OF_CODE_AI;2026-07-06 11:23:34;2;;;;
352620;2;LINES_OF_CODE_AI;2026-07-06 12:09:38;2;;;;
352617;2;LINES_OF_CODE_AI;2026-07-06 12:10:47;0;;;;
352614;2;LINES_OF_CODE_AI;2026-07-06 12:39:44;1;;;;
352615;2;LINES_OF_CODE_AI;2026-07-06 12:47:01;2;;;;
352608;2;LINES_OF_CODE_AI;2026-07-06 13:00:21;2;;;;
352606;2;LINES_OF_CODE_AI;2026-07-06 13:16:32;1;;;;
352610;2;LINES_OF_CODE_AI;2026-07-06 13:59:23;3;;;;
352618;2;LINES_OF_CODE_AI;2026-07-06 14:59:40;1;;;;
352609;2;LINES_OF_CODE_AI;2026-07-06 17:06:45;1;;;;
352623;2;LINES_OF_CODE_AI;2026-07-06 17:34:20;12;;;;
352621;2;LINES_OF_CODE_AI;2026-07-06 17:37:58;0;;;;
352643;2;LINES_OF_CODE_AI;2026-07-07 08:48:59;5;;;;
352634;2;LINES_OF_CODE_AI;2026-07-07 08:52:26;2;;;;
352631;2;LINES_OF_CODE_AI;2026-07-07 09:12:42;2;;;;
352640;2;LINES_OF_CODE_AI;2026-07-07 09:18:45;1;;;;
352624;2;LINES_OF_CODE_AI;2026-07-07 09:45:04;1;;;;
352629;2;LINES_OF_CODE_AI;2026-07-07 10:54:39;0;;;;
352638;2;LINES_OF_CODE_AI;2026-07-07 11:40:59;2;;;;
352627;2;LINES_OF_CODE_AI;2026-07-07 13:02:22;1;;;;
352626;2;LINES_OF_CODE_AI;2026-07-07 13:35:20;1;;;;
352637;2;LINES_OF_CODE_AI;2026-07-07 13:35:34;0;;;;
352641;2;LINES_OF_CODE_AI;2026-07-07 14:56:07;3;;;;
352639;2;LINES_OF_CODE_AI;2026-07-07 15:03:38;2;;;;
352630;2;LINES_OF_CODE_AI;2026-07-07 15:13:18;3;;;;
352625;2;LINES_OF_CODE_AI;2026-07-07 16:00:44;0;;;;
352628;2;LINES_OF_CODE_AI;2026-07-07 16:04:31;1;;;;
352642;2;LINES_OF_CODE_AI;2026-07-07 16:17:40;2;;;;
352632;2;LINES_OF_CODE_AI;2026-07-07 17:06:29;1;;;;
352635;2;LINES_OF_CODE_AI;2026-07-07 17:17:44;2;;;;
352633;2;LINES_OF_CODE_AI;2026-07-07 17:39:51;0;;;;
352636;2;LINES_OF_CODE_AI;2026-07-07 17:52:12;1;;;;
352646;2;LINES_OF_CODE_AI;2026-07-08 08:04:57;0;;;;
352645;2;LINES_OF_CODE_AI;2026-07-08 08:14:11;1;;;;
352651;2;LINES_OF_CODE_AI;2026-07-08 09:19:41;1;;;;
352660;2;LINES_OF_CODE_AI;2026-07-08 09:23:49;9;;;;
352656;2;LINES_OF_CODE_AI;2026-07-08 10:07:52;0;;;;
352652;2;LINES_OF_CODE_AI;2026-07-08 10:07:55;1;;;;
352653;2;LINES_OF_CODE_AI;2026-07-08 10:41:51;0;;;;
352659;2;LINES_OF_CODE_AI;2026-07-08 10:46:29;0;;;;
352648;2;LINES_OF_CODE_AI;2026-07-08 12:12:11;1;;;;
352655;2;LINES_OF_CODE_AI;2026-07-08 12:17:13;0;;;;
352654;2;LINES_OF_CODE_AI;2026-07-08 13:03:22;0;;;;
352657;2;LINES_OF_CODE_AI;2026-07-08 14:37:24;1;;;;
352647;2;LINES_OF_CODE_AI;2026-07-08 15:41:13;0;;;;
352649;2;LINES_OF_CODE_AI;2026-07-08 17:00:21;1;;;;
352658;2;LINES_OF_CODE_AI;2026-07-08 17:28:41;0;;;;
352644;2;LINES_OF_CODE_AI;2026-07-08 17:35:35;2;;;;
352650;2;LINES_OF_CODE_AI;2026-07-08 17:58:55;1;;;;
352667;2;LINES_OF_CODE_AI;2026-07-09 08:39:16;1;;;;
352662;2;LINES_OF_CODE_AI;2026-07-09 09:24:00;0;;;;
352673;2;LINES_OF_CODE_AI;2026-07-09 09:38:25;1;;;;
352672;2;LINES_OF_CODE_AI;2026-07-09 10:23:01;2;;;;
352664;2;LINES_OF_CODE_AI;2026-07-09 10:47:32;0;;;;
352677;2;LINES_OF_CODE_AI;2026-07-09 10:53:30;9;;;;
352663;2;LINES_OF_CODE_AI;2026-07-09 11:29:23;1;;;;
352671;2;LINES_OF_CODE_AI;2026-07-09 11:38:06;0;;;;
352675;2;LINES_OF_CODE_AI;2026-07-09 11:49:18;3;;;;
352661;2;LINES_OF_CODE_AI;2026-07-09 12:05:44;3;;;;
352665;2;LINES_OF_CODE_AI;2026-07-09 14:44:55;1;;;;
352670;2;LINES_OF_CODE_AI;2026-07-09 14:48:49;2;;;;
352666;2;LINES_OF_CODE_AI;2026-07-09 15:19:51;0;;;;
352676;2;LINES_OF_CODE_AI;2026-07-09 15:35:21;3;;;;
352669;2;LINES_OF_CODE_AI;2026-07-09 15:54:39;1;;;;
352668;2;LINES_OF_CODE_AI;2026-07-09 16:27:18;2;;;;
352674;2;LINES_OF_CODE_AI;2026-07-09 16:51:06;1;;;;
352684;2;LINES_OF_CODE_AI;2026-07-10 08:17:56;4;;;;
352685;2;LINES_OF_CODE_AI;2026-07-10 08:55:07;2;;;;
352692;2;LINES_OF_CODE_AI;2026-07-10 09:16:56;3;;;;
352679;2;LINES_OF_CODE_AI;2026-07-10 09:37:29;0;;;;
352683;2;LINES_OF_CODE_AI;2026-07-10 09:45:02;4;;;;
352682;2;LINES_OF_CODE_AI;2026-07-10 10:02:05;0;;;;
352691;2;LINES_OF_CODE_AI;2026-07-10 10:09:49;4;;;;
352678;2;LINES_OF_CODE_AI;2026-07-10 11:37:51;2;;;;
352688;2;LINES_OF_CODE_AI;2026-07-10 13:16:40;6;;;;
352681;2;LINES_OF_CODE_AI;2026-07-10 13:37:44;3;;;;
352693;2;LINES_OF_CODE_AI;2026-07-10 13:41:06;6;;;;
352680;2;LINES_OF_CODE_AI;2026-07-10 13:54:29;2;;;;
352686;2;LINES_OF_CODE_AI;2026-07-10 14:03:07;1;;;;
352690;2;LINES_OF_CODE_AI;2026-07-10 14:29:51;3;;;;
352687;2;LINES_OF_CODE_AI;2026-07-10 14:38:08;5;;;;
352689;2;LINES_OF_CODE_AI;2026-07-10 16:25:20;5;;;;
352703;2;LINES_OF_CODE_AI;2026-07-13 08:04:42;2;;;;
352696;2;LINES_OF_CODE_AI;2026-07-13 08:06:57;1;;;;
352704;2;LINES_OF_CODE_AI;2026-07-13 08:25:54;2;;;;
352697;2;LINES_OF_CODE_AI;2026-07-13 08:54:27;0;;;;
352700;2;LINES_OF_CODE_AI;2026-07-13 10:10:04;2;;;;
352707;2;LINES_OF_CODE_AI;2026-07-13 10:22:42;1;;;;
352708;2;LINES_OF_CODE_AI;2026-07-13 10:25:39;1;;;;
352702;2;LINES_OF_CODE_AI;2026-07-13 10:28:36;1;;;;
352713;2;LINES_OF_CODE_AI;2026-07-13 10:33:34;1;;;;
352705;2;LINES_OF_CODE_AI;2026-07-13 10:48:34;0;;;;
352710;2;LINES_OF_CODE_AI;2026-07-13 11:28:02;2;;;;
352706;2;LINES_OF_CODE_AI;2026-07-13 12:02:16;1;;;;
352701;2;LINES_OF_CODE_AI;2026-07-13 12:48:50;1;;;;
352699;2;LINES_OF_CODE_AI;2026-07-13 13:16:07;2;;;;
352711;2;LINES_OF_CODE_AI;2026-07-13 13:51:56;2;;;;
352714;2;LINES_OF_CODE_AI;2026-07-13 14:14:45;0;;;;
352709;2;LINES_OF_CODE_AI;2026-07-13 14:35:01;2;;;;
352712;2;LINES_OF_CODE_AI;2026-07-13 15:53:55;1;;;;
352715;2;LINES_OF_CODE_AI;2026-07-13 17:01:06;11;;;;
352698;2;LINES_OF_CODE_AI;2026-07-13 17:46:39;2;;;;
352695;2;LINES_OF_CODE_AI;2026-07-13 17:49:57;2;;;;
352694;2;LINES_OF_CODE_AI;2026-07-13 17:54:43;1;;;;
352717;2;LINES_OF_CODE_AI;2026-07-14 08:13:40;0;;;;
352730;2;LINES_OF_CODE_AI;2026-07-14 08:22:48;1;;;;
352734;2;LINES_OF_CODE_AI;2026-07-14 08:25:59;0;;;;
352731;2;LINES_OF_CODE_AI;2026-07-14 08:46:21;0;;;;
352723;2;LINES_OF_CODE_AI;2026-07-14 08:48:59;2;;;;
352727;2;LINES_OF_CODE_AI;2026-07-14 09:20:43;1;;;;
352720;2;LINES_OF_CODE_AI;2026-07-14 10:46:33;1;;;;
352732;2;LINES_OF_CODE_AI;2026-07-14 10:53:40;0;;;;
352721;2;LINES_OF_CODE_AI;2026-07-14 11:06:41;2;;;;
352733;2;LINES_OF_CODE_AI;2026-07-14 11:11:15;1;;;;
352716;2;LINES_OF_CODE_AI;2026-07-14 11:13:24;2;;;;
352719;2;LINES_OF_CODE_AI;2026-07-14 11:32:42;1;;;;
352722;2;LINES_OF_CODE_AI;2026-07-14 13:45:13;1;;;;
352729;2;LINES_OF_CODE_AI;2026-07-14 14:47:50;1;;;;
352724;2;LINES_OF_CODE_AI;2026-07-14 16:09:56;1;;;;
352726;2;LINES_OF_CODE_AI;2026-07-14 16:35:49;0;;;;
352725;2;LINES_OF_CODE_AI;2026-07-14 16:44:01;1;;;;
352735;2;LINES_OF_CODE_AI;2026-07-14 16:53:26;9;;;;
352728;2;LINES_OF_CODE_AI;2026-07-14 17:02:29;1;;;;
352718;2;LINES_OF_CODE_AI;2026-07-14 17:38:12;2;;;;
352744;2;LINES_OF_CODE_AI;2026-07-15 09:18:49;1;;;;
352740;2;LINES_OF_CODE_AI;2026-07-15 09:33:23;2;;;;
352746;2;LINES_OF_CODE_AI;2026-07-15 09:43:52;1;;;;
352745;2;LINES_OF_CODE_AI;2026-07-15 10:01:27;0;;;;
352739;2;LINES_OF_CODE_AI;2026-07-15 10:19:58;2;;;;
352756;2;LINES_OF_CODE_AI;2026-07-15 10:38:42;1;;;;
352737;2;LINES_OF_CODE_AI;2026-07-15 10:52:44;2;;;;
352742;2;LINES_OF_CODE_AI;2026-07-15 11:36:33;2;;;;
352750;2;LINES_OF_CODE_AI;2026-07-15 11:37:15;1;;;;
352749;2;LINES_OF_CODE_AI;2026-07-15 12:42:12;0;;;;
352755;2;LINES_OF_CODE_AI;2026-07-15 12:52:43;2;;;;
352758;2;LINES_OF_CODE_AI;2026-07-15 12:53:16;12;;;;
352751;2;LINES_OF_CODE_AI;2026-07-15 13:32:10;1;;;;
352747;2;LINES_OF_CODE_AI;2026-07-15 13:37:53;1;;;;
352748;2;LINES_OF_CODE_AI;2026-07-15 13:49:51;0;;;;
352754;2;LINES_OF_CODE_AI;2026-07-15 14:54:32;1;;;;
352743;2;LINES_OF_CODE_AI;2026-07-15 15:19:54;2;;;;
352757;2;LINES_OF_CODE_AI;2026-07-15 16:41:06;2;;;;
352741;2;LINES_OF_CODE_AI;2026-07-15 16:48:14;1;;;;
352736;2;LINES_OF_CODE_AI;2026-07-15 16:49:46;1;;;;
352752;2;LINES_OF_CODE_AI;2026-07-15 17:10:59;1;;;;
352738;2;LINES_OF_CODE_AI;2026-07-15 17:11:27;1;;;;
352753;2;LINES_OF_CODE_AI;2026-07-15 17:32:30;3;;;;
352763;2;LINES_OF_CODE_AI;2026-07-16 08:53:15;0;;;;
352774;2;LINES_OF_CODE_AI;2026-07-16 09:11:04;0;;;;
352777;2;LINES_OF_CODE_AI;2026-07-16 10:27:07;10;;;;
352768;2;LINES_OF_CODE_AI;2026-07-16 10:43:40;1;;;;
352764;2;LINES_OF_CODE_AI;2026-07-16 10:48:37;1;;;;
352772;2;LINES_OF_CODE_AI;2026-07-16 10:53:11;2;;;;
352773;2;LINES_OF_CODE_AI;2026-07-16 11:02:47;1;;;;
352771;2;LINES_OF_CODE_AI;2026-07-16 11:15:12;1;;;;
352762;2;LINES_OF_CODE_AI;2026-07-16 11:49:14;1;;;;
352775;2;LINES_OF_CODE_AI;2026-07-16 12:21:41;1;;;;
352765;2;LINES_OF_CODE_AI;2026-07-16 13:11:35;1;;;;
352760;2;LINES_OF_CODE_AI;2026-07-16 13:30:37;1;;;;
352770;2;LINES_OF_CODE_AI;2026-07-16 13:37:00;3;;;;
352761;2;LINES_OF_CODE_AI;2026-07-16 13:50:48;2;;;;
352766;2;LINES_OF_CODE_AI;2026-07-16 14:22:48;0;;;;
352776;2;LINES_OF_CODE_AI;2026-07-16 16:17:05;0;;;;
352759;2;LINES_OF_CODE_AI;2026-07-16 17:02:24;1;;;;
352769;2;LINES_OF_CODE_AI;2026-07-16 17:10:21;2;;;;
352767;2;LINES_OF_CODE_AI;2026-07-16 17:55:38;1;;;;
352781;2;LINES_OF_CODE_AI;2026-07-17 08:05:54;3;;;;
352794;2;LINES_OF_CODE_AI;2026-07-17 08:46:46;2;;;;
352786;2;LINES_OF_CODE_AI;2026-07-17 08:59:47;3;;;;
352785;2;LINES_OF_CODE_AI;2026-07-17 09:03:25;2;;;;
352779;2;LINES_OF_CODE_AI;2026-07-17 09:12:53;2;;;;
352800;2;LINES_OF_CODE_AI;2026-07-17 10:49:21;2;;;;
352790;2;LINES_OF_CODE_AI;2026-07-17 10:58:31;2;;;;
352782;2;LINES_OF_CODE_AI;2026-07-17 11:14:05;3;;;;
352793;2;LINES_OF_CODE_AI;2026-07-17 11:23:53;4;;;;
352796;2;LINES_OF_CODE_AI;2026-07-17 11:26:51;1;;;;
352787;2;LINES_OF_CODE_AI;2026-07-17 11:39:25;2;;;;
352788;2;LINES_OF_CODE_AI;2026-07-17 11:43:26;3;;;;
352778;2;LINES_OF_CODE_AI;2026-07-17 11:56:13;3;;;;
352791;2;LINES_OF_CODE_AI;2026-07-17 12:00:06;3;;;;
352795;2;LINES_OF_CODE_AI;2026-07-17 13:22:11;4;;;;
352780;2;LINES_OF_CODE_AI;2026-07-17 13:30:11;1;;;;
352797;2;LINES_OF_CODE_AI;2026-07-17 13:54:08;1;;;;
352792;2;LINES_OF_CODE_AI;2026-07-17 13:58:30;2;;;;
352798;2;LINES_OF_CODE_AI;2026-07-17 14:47:38;1;;;;
352784;2;LINES_OF_CODE_AI;2026-07-17 15:34:20;2;;;;
352789;2;LINES_OF_CODE_AI;2026-07-17 15:39:34;1;;;;
352783;2;LINES_OF_CODE_AI;2026-07-17 15:57:06;1;;;;
352799;2;LINES_OF_CODE_AI;2026-07-17 16:15:02;0;;;;
352824;2;LINES_OF_CODE_AI;2026-07-20 08:56:07;1;;;;
352815;2;LINES_OF_CODE_AI;2026-07-20 09:00:19;2;;;;
352822;2;LINES_OF_CODE_AI;2026-07-20 09:45:52;3;;;;
352810;2;LINES_OF_CODE_AI;2026-07-20 10:00:44;3;;;;
352812;2;LINES_OF_CODE_AI;2026-07-20 10:33:18;2;;;;
352811;2;LINES_OF_CODE_AI;2026-07-20 11:23:51;3;;;;
352825;2;LINES_OF_CODE_AI;2026-07-20 12:19:13;11;;;;
352823;2;LINES_OF_CODE_AI;2026-07-20 12:20:44;1;;;;
352816;2;LINES_OF_CODE_AI;2026-07-20 12:33:10;1;;;;
352821;2;LINES_OF_CODE_AI;2026-07-20 13:09:57;2;;;;
352808;2;LINES_OF_CODE_AI;2026-07-20 13:10:34;2;;;;
352817;2;LINES_OF_CODE_AI;2026-07-20 13:15:14;3;;;;
352813;2;LINES_OF_CODE_AI;2026-07-20 13:24:12;2;;;;
352802;2;LINES_OF_CODE_AI;2026-07-20 13:34:35;0;;;;
352801;2;LINES_OF_CODE_AI;2026-07-20 14:06:54;0;;;;
352807;2;LINES_OF_CODE_AI;2026-07-20 14:36:29;2;;;;
352820;2;LINES_OF_CODE_AI;2026-07-20 14:46:58;3;;;;
352819;2;LINES_OF_CODE_AI;2026-07-20 14:49:39;3;;;;
352809;2;LINES_OF_CODE_AI;2026-07-20 14:49:52;2;;;;
352818;2;LINES_OF_CODE_AI;2026-07-20 15:19:24;3;;;;
352803;2;LINES_OF_CODE_AI;2026-07-20 15:45:06;2;;;;
352805;2;LINES_OF_CODE_AI;2026-07-20 16:13:06;2;;;;
352806;2;LINES_OF_CODE_AI;2026-07-20 16:39:55;2;;;;
352814;2;LINES_OF_CODE_AI;2026-07-20 16:46:41;2;;;;
352804;2;LINES_OF_CODE_AI;2026-07-20 16:56:28;1;;;;
352844;2;LINES_OF_CODE_AI;2026-07-21 08:59:10;15;;;;
352828;2;LINES_OF_CODE_AI;2026-07-21 10:13:49;4;;;;
352832;2;LINES_OF_CODE_AI;2026-07-21 10:20:31;1;;;;
352836;2;LINES_OF_CODE_AI;2026-07-21 10:32:07;1;;;;
352838;2;LINES_OF_CODE_AI;2026-07-21 10:58:16;1;;;;
352840;2;LINES_OF_CODE_AI;2026-07-21 11:45:59;2;;;;
352842;2;LINES_OF_CODE_AI;2026-07-21 11:52:03;1;;;;
352843;2;LINES_OF_CODE_AI;2026-07-21 12:00:03;2;;;;
352839;2;LINES_OF_CODE_AI;2026-07-21 13:00:28;2;;;;
352837;2;LINES_OF_CODE_AI;2026-07-21 13:23:10;0;;;;
352841;2;LINES_OF_CODE_AI;2026-07-21 13:32:59;3;;;;
352829;2;LINES_OF_CODE_AI;2026-07-21 14:11:59;2;;;;
352830;2;LINES_OF_CODE_AI;2026-07-21 14:32:09;0;;;;
352826;2;LINES_OF_CODE_AI;2026-07-21 15:02:51;3;;;;
352834;2;LINES_OF_CODE_AI;2026-07-21 15:40:37;3;;;;
352833;2;LINES_OF_CODE_AI;2026-07-21 16:23:47;1;;;;
352831;2;LINES_OF_CODE_AI;2026-07-21 16:35:15;0;;;;
352835;2;LINES_OF_CODE_AI;2026-07-21 17:20:54;1;;;;
352827;2;LINES_OF_CODE_AI;2026-07-21 17:21:21;3;;;;
352858;2;LINES_OF_CODE_AI;2026-07-22 08:06:13;1;;;;
352855;2;LINES_OF_CODE_AI;2026-07-22 08:23:51;5;;;;
352852;2;LINES_OF_CODE_AI;2026-07-22 08:35:33;0;;;;
352849;2;LINES_OF_CODE_AI;2026-07-22 09:35:14;3;;;;
352853;2;LINES_OF_CODE_AI;2026-07-22 09:50:27;0;;;;
352850;2;LINES_OF_CODE_AI;2026-07-22 11:56:34;3;;;;
352856;2;LINES_OF_CODE_AI;2026-07-22 12:04:39;4;;;;
352845;2;LINES_OF_CODE_AI;2026-07-22 12:07:57;3;;;;
352857;2;LINES_OF_CODE_AI;2026-07-22 12:48:52;3;;;;
352851;2;LINES_OF_CODE_AI;2026-07-22 13:03:53;2;;;;
352848;2;LINES_OF_CODE_AI;2026-07-22 13:06:34;2;;;;
352846;2;LINES_OF_CODE_AI;2026-07-22 13:09:34;3;;;;
352860;2;LINES_OF_CODE_AI;2026-07-22 14:01:21;21;;;;
352854;2;LINES_OF_CODE_AI;2026-07-22 14:55:52;6;;;;
352847;2;LINES_OF_CODE_AI;2026-07-22 16:09:40;6;;;;
352859;2;LINES_OF_CODE_AI;2026-07-22 16:32:35;4;;;;
352879;2;LINES_OF_CODE_AI;2026-07-23 08:03:57;2;;;;
352874;2;LINES_OF_CODE_AI;2026-07-23 08:11:20;2;;;;
352881;2;LINES_OF_CODE_AI;2026-07-23 08:41:37;16;;;;
352869;2;LINES_OF_CODE_AI;2026-07-23 09:54:12;3;;;;
352866;2;LINES_OF_CODE_AI;2026-07-23 10:05:10;2;;;;
352880;2;LINES_OF_CODE_AI;2026-07-23 10:13:05;3;;;;
352873;2;LINES_OF_CODE_AI;2026-07-23 10:30:57;5;;;;
352868;2;LINES_OF_CODE_AI;2026-07-23 10:38:36;4;;;;
352864;2;LINES_OF_CODE_AI;2026-07-23 11:21:53;4;;;;
352865;2;LINES_OF_CODE_AI;2026-07-23 11:34:32;6;;;;
352867;2;LINES_OF_CODE_AI;2026-07-23 12:35:27;1;;;;
352877;2;LINES_OF_CODE_AI;2026-07-23 12:36:11;2;;;;
352875;2;LINES_OF_CODE_AI;2026-07-23 12:58:58;2;;;;
352876;2;LINES_OF_CODE_AI;2026-07-23 13:19:17;0;;;;
352861;2;LINES_OF_CODE_AI;2026-07-23 13:29:43;5;;;;
352862;2;LINES_OF_CODE_AI;2026-07-23 13:45:35;3;;;;
352871;2;LINES_OF_CODE_AI;2026-07-23 14:07:21;3;;;;
352878;2;LINES_OF_CODE_AI;2026-07-23 15:54:40;2;;;;
352870;2;LINES_OF_CODE_AI;2026-07-23 16:59:00;5;;;;
352863;2;LINES_OF_CODE_AI;2026-07-23 17:32:05;3;;;;
352872;2;LINES_OF_CODE_AI;2026-07-23 17:59:22;0;;;;
352887;2;LINES_OF_CODE_AI;2026-07-24 08:16:52;2;;;;
352897;2;LINES_OF_CODE_AI;2026-07-24 08:19:57;1;;;;
352895;2;LINES_OF_CODE_AI;2026-07-24 08:27:42;1;;;;
352884;2;LINES_OF_CODE_AI;2026-07-24 08:29:59;1;;;;
352899;2;LINES_OF_CODE_AI;2026-07-24 08:41:46;1;;;;
352890;2;LINES_OF_CODE_AI;2026-07-24 09:06:03;1;;;;
352902;2;LINES_OF_CODE_AI;2026-07-24 09:21:41;2;;;;
352898;2;LINES_OF_CODE_AI;2026-07-24 09:41:22;3;;;;
352882;2;LINES_OF_CODE_AI;2026-07-24 09:43:02;1;;;;
352904;2;LINES_OF_CODE_AI;2026-07-24 09:55:47;7;;;;
352893;2;LINES_OF_CODE_AI;2026-07-24 10:17:48;3;;;;
352892;2;LINES_OF_CODE_AI;2026-07-24 11:23:28;1;;;;
352886;2;LINES_OF_CODE_AI;2026-07-24 11:38:45;2;;;;
352901;2;LINES_OF_CODE_AI;2026-07-24 12:16:56;2;;;;
352903;2;LINES_OF_CODE_AI;2026-07-24 12:35:18;1;;;;
352889;2;LINES_OF_CODE_AI;2026-07-24 12:39:12;1;;;;
352885;2;LINES_OF_CODE_AI;2026-07-24 13:38:27;1;;;;
352896;2;LINES_OF_CODE_AI;2026-07-24 14:06:06;1;;;;
352894;2;LINES_OF_CODE_AI;2026-07-24 14:17:50;1;;;;
352883;2;LINES_OF_CODE_AI;2026-07-24 15:18:39;2;;;;
352891;2;LINES_OF_CODE_AI;2026-07-24 16:05:04;0;;;;
352900;2;LINES_OF_CODE_AI;2026-07-24 16:42:06;2;;;;
352888;2;LINES_OF_CODE_AI;2026-07-24 17:00:16;0;;;;
352923;2;LINES_OF_CODE_AI;2026-07-27 08:15:09;4;;;;
352928;2;LINES_OF_CODE_AI;2026-07-27 08:20:31;15;;;;
352911;2;LINES_OF_CODE_AI;2026-07-27 08:48:08;1;;;;
352921;2;LINES_OF_CODE_AI;2026-07-27 09:13:12;4;;;;
352906;2;LINES_OF_CODE_AI;2026-07-27 09:30:02;4;;;;
352909;2;LINES_OF_CODE_AI;2026-07-27 09:56:24;2;;;;
352914;2;LINES_OF_CODE_AI;2026-07-27 10:53:13;4;;;;
352908;2;LINES_OF_CODE_AI;2026-07-27 11:14:01;2;;;;
352915;2;LINES_OF_CODE_AI;2026-07-27 11:20:21;5;;;;
352907;2;LINES_OF_CODE_AI;2026-07-27 11:46:29;4;;;;
352912;2;LINES_OF_CODE_AI;2026-07-27 11:51:02;2;;;;
352925;2;LINES_OF_CODE_AI;2026-07-27 11:54:26;2;;;;
352924;2;LINES_OF_CODE_AI;2026-07-27 12:12:08;4;;;;
352920;2;LINES_OF_CODE_AI;2026-07-27 12:14:02;0;;;;
352926;2;LINES_OF_CODE_AI;2026-07-27 12:59:35;2;;;;
352919;2;LINES_OF_CODE_AI;2026-07-27 14:12:43;5;;;;
352918;2;LINES_OF_CODE_AI;2026-07-27 14:12:53;1;;;;
352905;2;LINES_OF_CODE_AI;2026-07-27 14:35:52;3;;;;
352927;2;LINES_OF_CODE_AI;2026-07-27 14:36:09;3;;;;
352917;2;LINES_OF_CODE_AI;2026-07-27 15:05:45;2;;;;
352916;2;LINES_OF_CODE_AI;2026-07-27 15:44:22;2;;;;
352913;2;LINES_OF_CODE_AI;2026-07-27 17:03:23;2;;;;
352922;2;LINES_OF_CODE_AI;2026-07-27 17:43:12;2;;;;
352910;2;LINES_OF_CODE_AI;2026-07-27 17:57:11;2;;;;
352944;2;LINES_OF_CODE_AI;2026-07-28 08:05:09;1;;;;
352933;2;LINES_OF_CODE_AI;2026-07-28 08:20:59;0;;;;
352936;2;LINES_OF_CODE_AI;2026-07-28 08:22:05;0;;;;
352941;2;LINES_OF_CODE_AI;2026-07-28 08:42:06;1;;;;
352942;2;LINES_OF_CODE_AI;2026-07-28 08:49:01;1;;;;
352929;2;LINES_OF_CODE_AI;2026-07-28 09:28:42;1;;;;
352935;2;LINES_OF_CODE_AI;2026-07-28 10:26:35;2;;;;
352934;2;LINES_OF_CODE_AI;2026-07-28 10:50:10;2;;;;
352937;2;LINES_OF_CODE_AI;2026-07-28 11:29:46;0;;;;
352932;2;LINES_OF_CODE_AI;2026-07-28 12:08:30;2;;;;
352943;2;LINES_OF_CODE_AI;2026-07-28 12:41:36;2;;;;
352939;2;LINES_OF_CODE_AI;2026-07-28 15:18:20;1;;;;
352930;2;LINES_OF_CODE_AI;2026-07-28 15:27:19;2;;;;
352931;2;LINES_OF_CODE_AI;2026-07-28 16:15:21;0;;;;
352938;2;LINES_OF_CODE_AI;2026-07-28 16:43:27;1;;;;
352940;2;LINES_OF_CODE_AI;2026-07-28 16:54:45;1;;;;
352945;2;LINES_OF_CODE_AI;2026-07-28 17:56:04;12;;;;
352960;2;LINES_OF_CODE_AI;2026-07-29 08:06:07;0;;;;
352965;2;LINES_OF_CODE_AI;2026-07-29 08:19:05;0;;;;
352953;2;LINES_OF_CODE_AI;2026-07-29 08:34:30;0;;;;
352950;2;LINES_OF_CODE_AI;2026-07-29 08:39:55;0;;;;
352961;2;LINES_OF_CODE_AI;2026-07-29 08:41:15;0;;;;
352967;2;LINES_OF_CODE_AI;2026-07-29 08:43:58;11;;;;
352946;2;LINES_OF_CODE_AI;2026-07-29 09:05:38;0;;;;
352964;2;LINES_OF_CODE_AI;2026-07-29 10:26:20;0;;;;
352949;2;LINES_OF_CODE_AI;2026-07-29 11:36:26;0;;;;
352948;2;LINES_OF_CODE_AI;2026-07-29 12:29:48;0;;;;
352957;2;LINES_OF_CODE_AI;2026-07-29 13:36:48;0;;;;
352962;2;LINES_OF_CODE_AI;2026-07-29 13:49:09;0;;;;
352958;2;LINES_OF_CODE_AI;2026-07-29 14:05:43;0;;;;
352947;2;LINES_OF_CODE_AI;2026-07-29 14:10:59;1;;;;
352954;2;LINES_OF_CODE_AI;2026-07-29 15:33:19;0;;;;
352966;2;LINES_OF_CODE_AI;2026-07-29 15:54:08;0;;;;
352952;2;LINES_OF_CODE_AI;2026-07-29 16:01:47;0;;;;
352963;2;LINES_OF_CODE_AI;2026-07-29 16:49:21;0;;;;
352956;2;LINES_OF_CODE_AI;2026-07-29 16:51:12;0;;;;
352955;2;LINES_OF_CODE_AI;2026-07-29 16:51:31;0;;;;
352959;2;LINES_OF_CODE_AI;2026-07-29 17:48:47;1;;;;
352951;2;LINES_OF_CODE_AI;2026-07-29 17:54:49;1;;;;
352983;2;LINES_OF_CODE_AI;2026-07-30 08:10:24;2;;;;
352973;2;LINES_OF_CODE_AI;2026-07-30 09:06:29;1;;;;
352985;2;LINES_OF_CODE_AI;2026-07-30 09:47:00;14;;;;
352975;2;LINES_OF_CODE_AI;2026-07-30 09:52:09;2;;;;
352979;2;LINES_OF_CODE_AI;2026-07-30 10:09:59;1;;;;
352970;2;LINES_OF_CODE_AI;2026-07-30 11:41:04;1;;;;
352982;2;LINES_OF_CODE_AI;2026-07-30 11:54:34;1;;;;
352977;2;LINES_OF_CODE_AI;2026-07-30 12:00:15;2;;;;
352980;2;LINES_OF_CODE_AI;2026-07-30 12:52:09;1;;;;
352978;2;LINES_OF_CODE_AI;2026-07-30 12:54:53;1;;;;
352968;2;LINES_OF_CODE_AI;2026-07-30 13:14:11;0;;;;
352974;2;LINES_OF_CODE_AI;2026-07-30 13:39:54;1;;;;
352971;2;LINES_OF_CODE_AI;2026-07-30 14:17:16;0;;;;
352972;2;LINES_OF_CODE_AI;2026-07-30 14:34:33;3;;;;
352969;2;LINES_OF_CODE_AI;2026-07-30 14:56:45;2;;;;
352984;2;LINES_OF_CODE_AI;2026-07-30 15:24:26;0;;;;
352976;2;LINES_OF_CODE_AI;2026-07-30 15:42:54;0;;;;
352981;2;LINES_OF_CODE_AI;2026-07-30 16:27:13;3;;;;
352994;2;LINES_OF_CODE_AI;2026-07-31 08:22:41;1;;;;
352992;2;LINES_OF_CODE_AI;2026-07-31 08:38:07;1;;;;
352998;2;LINES_OF_CODE_AI;2026-07-31 09:04:11;1;;;;
352995;2;LINES_OF_CODE_AI;2026-07-31 09:09:07;1;;;;
352987;2;LINES_OF_CODE_AI;2026-07-31 09:50:13;3;;;;
353002;2;LINES_OF_CODE_AI;2026-07-31 11:07:33;1;;;;
352991;2;LINES_OF_CODE_AI;2026-07-31 11:35:14;5;;;;
353003;2;LINES_OF_CODE_AI;2026-07-31 11:51:27;5;;;;
352990;2;LINES_OF_CODE_AI;2026-07-31 12:26:02;4;;;;
352999;2;LINES_OF_CODE_AI;2026-07-31 12:32:38;3;;;;
352997;2;LINES_OF_CODE_AI;2026-07-31 12:53:54;3;;;;
352989;2;LINES_OF_CODE_AI;2026-07-31 13:05:56;2;;;;
352988;2;LINES_OF_CODE_AI;2026-07-31 14:54:23;2;;;;
353000;2;LINES_OF_CODE_AI;2026-07-31 15:10:05;2;;;;
352996;2;LINES_OF_CODE_AI;2026-07-31 16:44:04;2;;;;
352986;2;LINES_OF_CODE_AI;2026-07-31 17:35:47;2;;;;
352993;2;LINES_OF_CODE_AI;2026-07-31 17:48:41;4;;;;
353001;2;LINES_OF_CODE_AI;2026-07-31 17:58:57;3;;;;
353015;2;LINES_OF_CODE_AI;2026-08-03 08:12:45;0;;;;
353008;2;LINES_OF_CODE_AI;2026-08-03 08:34:05;0;;;;
353005;2;LINES_OF_CODE_AI;2026-08-03 08:50:20;0;;;;
353007;2;LINES_OF_CODE_AI;2026-08-03 09:03:32;0;;;;
353004;2;LINES_OF_CODE_AI;2026-08-03 09:10:18;-1;;;;
353014;2;LINES_OF_CODE_AI;2026-08-03 10:59:44;0;;;;
353019;2;LINES_OF_CODE_AI;2026-08-03 12:39:07;-9;;;;
353012;2;LINES_OF_CODE_AI;2026-08-03 14:04:14;0;;;;
353010;2;LINES_OF_CODE_AI;2026-08-03 14:18:27;0;;;;
353018;2;LINES_OF_CODE_AI;2026-08-03 15:01:21;0;;;;
353011;2;LINES_OF_CODE_AI;2026-08-03 15:05:16;-1;;;;
353009;2;LINES_OF_CODE_AI;2026-08-03 15:10:38;0;;;;
353017;2;LINES_OF_CODE_AI;2026-08-03 16:16:55;-1;;;;
353013;2;LINES_OF_CODE_AI;2026-08-03 16:42:06;-1;;;;
353006;2;LINES_OF_CODE_AI;2026-08-03 17:34:35;-1;;;;
353016;2;LINES_OF_CODE_AI;2026-08-03 17:51:17;0;;;;
353037;2;LINES_OF_CODE_AI;2026-08-04 08:33:18;0;;;;
353032;2;LINES_OF_CODE_AI;2026-08-04 08:38:28;0;;;;
353035;2;LINES_OF_CODE_AI;2026-08-04 09:12:42;0;;;;
353027;2;LINES_OF_CODE_AI;2026-08-04 09:18:41;0;;;;
353028;2;LINES_OF_CODE_AI;2026-08-04 09:42:38;0;;;;
353025;2;LINES_OF_CODE_AI;2026-08-04 10:27:25;0;;;;
353021;2;LINES_OF_CODE_AI;2026-08-04 10:55:13;0;;;;
353031;2;LINES_OF_CODE_AI;2026-08-04 12:22:01;0;;;;
353033;2;LINES_OF_CODE_AI;2026-08-04 12:42:37;0;;;;
353038;2;LINES_OF_CODE_AI;2026-08-04 13:08:38;-10;;;;
353020;2;LINES_OF_CODE_AI;2026-08-04 13:49:40;0;;;;
353022;2;LINES_OF_CODE_AI;2026-08-04 14:37:12;0;;;;
353029;2;LINES_OF_CODE_AI;2026-08-04 15:12:47;0;;;;
353026;2;LINES_OF_CODE_AI;2026-08-04 15:15:24;0;;;;
353036;2;LINES_OF_CODE_AI;2026-08-04 15:16:42;0;;;;
353023;2;LINES_OF_CODE_AI;2026-08-04 15:47:52;0;;;;
353034;2;LINES_OF_CODE_AI;2026-08-04 16:09:17;0;;;;
353024;2;LINES_OF_CODE_AI;2026-08-04 16:51:39;-1;;;;
353030;2;LINES_OF_CODE_AI;2026-08-04 17:15:57;0;;;;
353052;2;LINES_OF_CODE_AI;2026-08-05 08:58:05;-1;;;;
353039;2;LINES_OF_CODE_AI;2026-08-05 10:10:02;0;;;;
353050;2;LINES_OF_CODE_AI;2026-08-05 11:07:09;-1;;;;
353053;2;LINES_OF_CODE_AI;2026-08-05 11:41:46;-1;;;;
353041;2;LINES_OF_CODE_AI;2026-08-05 12:41:59;0;;;;
353059;2;LINES_OF_CODE_AI;2026-08-05 13:03:05;-10;;;;
353057;2;LINES_OF_CODE_AI;2026-08-05 13:07:45;-1;;;;
353056;2;LINES_OF_CODE_AI;2026-08-05 13:10:53;-1;;;;
353055;2;LINES_OF_CODE_AI;2026-08-05 13:59:46;-1;;;;
353043;2;LINES_OF_CODE_AI;2026-08-05 14:01:26;-1;;;;
353049;2;LINES_OF_CODE_AI;2026-08-05 15:22:52;0;;;;
353054;2;LINES_OF_CODE_AI;2026-08-05 15:27:37;0;;;;
353044;2;LINES_OF_CODE_AI;2026-08-05 16:03:14;-2;;;;
353046;2;LINES_OF_CODE_AI;2026-08-05 16:07:12;-1;;;;
353058;2;LINES_OF_CODE_AI;2026-08-05 16:16:03;-1;;;;
353048;2;LINES_OF_CODE_AI;2026-08-05 16:26:05;0;;;;
353047;2;LINES_OF_CODE_AI;2026-08-05 16:49:31;-2;;;;
353040;2;LINES_OF_CODE_AI;2026-08-05 16:52:32;-1;;;;
353051;2;LINES_OF_CODE_AI;2026-08-05 16:58:03;-1;;;;
353042;2;LINES_OF_CODE_AI;2026-08-05 17:20:47;-1;;;;
353045;2;LINES_OF_CODE_AI;2026-08-05 17:37:40;0;;;;
353072;2;LINES_OF_CODE_AI;2026-08-06 08:26:58;0;;;;
353062;2;LINES_OF_CODE_AI;2026-08-06 08:33:53;0;;;;
353077;2;LINES_OF_CODE_AI;2026-08-06 08:41:47;0;;;;
353066;2;LINES_OF_CODE_AI;2026-08-06 09:04:57;0;;;;
353081;2;LINES_OF_CODE_AI;2026-08-06 10:39:38;0;;;;
353061;2;LINES_OF_CODE_AI;2026-08-06 10:54:10;0;;;;
353069;2;LINES_OF_CODE_AI;2026-08-06 11:10:22;0;;;;
353079;2;LINES_OF_CODE_AI;2026-08-06 11:20:07;0;;;;
353078;2;LINES_OF_CODE_AI;2026-08-06 11:58:03;0;;;;
353073;2;LINES_OF_CODE_AI;2026-08-06 12:09:21;0;;;;
353076;2;LINES_OF_CODE_AI;2026-08-06 12:40:27;0;;;;
353075;2;LINES_OF_CODE_AI;2026-08-06 12:44:25;0;;;;
353082;2;LINES_OF_CODE_AI;2026-08-06 12:47:51;-12;;;;
353065;2;LINES_OF_CODE_AI;2026-08-06 12:53:11;0;;;;
353060;2;LINES_OF_CODE_AI;2026-08-06 13:38:21;0;;;;
353067;2;LINES_OF_CODE_AI;2026-08-06 13:46:27;0;;;;
353071;2;LINES_OF_CODE_AI;2026-08-06 14:25:40;0;;;;
353063;2;LINES_OF_CODE_AI;2026-08-06 16:07:18;0;;;;
353074;2;LINES_OF_CODE_AI;2026-08-06 16:19:33;0;;;;
353070;2;LINES_OF_CODE_AI;2026-08-06 16:39:38;0;;;;
353068;2;LINES_OF_CODE_AI;2026-08-06 17:11:04;0;;;;
353080;2;LINES_OF_CODE_AI;2026-08-06 17:18:26;0;;;;
353064;2;LINES_OF_CODE_AI;2026-08-06 17:45:18;0;;;;
353086;2;LINES_OF_CODE_AI;2026-08-07 08:24:07;-1;;;;
353096;2;LINES_OF_CODE_AI;2026-08-07 08:45:51;-2;;;;
353094;2;LINES_OF_CODE_AI;2026-08-07 08:52:44;-1;;;;
353087;2;LINES_OF_CODE_AI;2026-08-07 09:04:21;-1;;;;
353088;2;LINES_OF_CODE_AI;2026-08-07 10:04:38;-1;;;;
353092;2;LINES_OF_CODE_AI;2026-08-07 12:19:28;-2;;;;
353093;2;LINES_OF_CODE_AI;2026-08-07 12:36:49;-3;;;;
353095;2;LINES_OF_CODE_AI;2026-08-07 13:14:39;-1;;;;
353091;2;LINES_OF_CODE_AI;2026-08-07 13:29:12;-2;;;;
353089;2;LINES_OF_CODE_AI;2026-08-07 13:36:57;-2;;;;
353085;2;LINES_OF_CODE_AI;2026-08-07 13:44:57;-2;;;;
353090;2;LINES_OF_CODE_AI;2026-08-07 13:45:31;-1;;;;
353101;2;LINES_OF_CODE_AI;2026-08-07 14:10:32;-4;;;;
353100;2;LINES_OF_CODE_AI;2026-08-07 14:21:07;-2;;;;
353084;2;LINES_OF_CODE_AI;2026-08-07 14:30:16;-2;;;;
353099;2;LINES_OF_CODE_AI;2026-08-07 14:59:13;-1;;;;
353098;2;LINES_OF_CODE_AI;2026-08-07 15:18:26;-1;;;;
353097;2;LINES_OF_CODE_AI;2026-08-07 17:43:28;0;;;;
353083;2;LINES_OF_CODE_AI;2026-08-07 17:59:29;-1;;;;
353108;2;LINES_OF_CODE_AI;2026-08-10 08:26:39;-1;;;;
353115;2;LINES_OF_CODE_AI;2026-08-10 08:52:55;-1;;;;
353104;2;LINES_OF_CODE_AI;2026-08-10 09:03:40;0;;;;
353123;2;LINES_OF_CODE_AI;2026-08-10 09:07:22;-1;;;;
353118;2;LINES_OF_CODE_AI;2026-08-10 10:08:23;0;;;;
353103;2;LINES_OF_CODE_AI;2026-08-10 10:34:39;-1;;;;
353121;2;LINES_OF_CODE_AI;2026-08-10 10:40:55;-1;;;;
353122;2;LINES_OF_CODE_AI;2026-08-10 10:58:18;-1;;;;
353109;2;LINES_OF_CODE_AI;2026-08-10 11:19:28;-1;;;;
353112;2;LINES_OF_CODE_AI;2026-08-10 11:21:52;-1;;;;
353120;2;LINES_OF_CODE_AI;2026-08-10 13:05:14;0;;;;
353119;2;LINES_OF_CODE_AI;2026-08-10 13:25:37;-1;;;;
353105;2;LINES_OF_CODE_AI;2026-08-10 13:50:56;0;;;;
353124;2;LINES_OF_CODE_AI;2026-08-10 13:58:36;-12;;;;
353113;2;LINES_OF_CODE_AI;2026-08-10 14:48:47;0;;;;
353114;2;LINES_OF_CODE_AI;2026-08-10 15:12:30;0;;;;
353102;2;LINES_OF_CODE_AI;2026-08-10 15:38:19;0;;;;
353107;2;LINES_OF_CODE_AI;2026-08-10 16:00:20;0;;;;
353106;2;LINES_OF_CODE_AI;2026-08-10 16:08:06;0;;;;
353111;2;LINES_OF_CODE_AI;2026-08-10 16:25:56;-1;;;;
353110;2;LINES_OF_CODE_AI;2026-08-10 17:23:10;-1;;;;
353116;2;LINES_OF_CODE_AI;2026-08-10 17:29:27;-1;;;;
353117;2;LINES_OF_CODE_AI;2026-08-10 17:31:26;0;;;;
353138;2;LINES_OF_CODE_AI;2026-08-11 10:39:23;0;;;;
353129;2;LINES_OF_CODE_AI;2026-08-11 11:06:54;0;;;;
353134;2;LINES_OF_CODE_AI;2026-08-11 13:18:16;0;;;;
353127;2;LINES_OF_CODE_AI;2026-08-11 13:36:39;0;;;;
353131;2;LINES_OF_CODE_AI;2026-08-11 13:42:45;0;;;;
353132;2;LINES_OF_CODE_AI;2026-08-11 14:12:51;0;;;;
353139;2;LINES_OF_CODE_AI;2026-08-11 14:30:03;0;;;;
353126;2;LINES_OF_CODE_AI;2026-08-11 14:31:08;0;;;;
353136;2;LINES_OF_CODE_AI;2026-08-11 14:39:10;0;;;;
353128;2;LINES_OF_CODE_AI;2026-08-11 14:51:19;0;;;;
353140;2;LINES_OF_CODE_AI;2026-08-11 15:07:57;0;;;;
353130;2;LINES_OF_CODE_AI;2026-08-11 15:42:02;0;;;;
353133;2;LINES_OF_CODE_AI;2026-08-11 16:00:55;0;;;;
353135;2;LINES_OF_CODE_AI;2026-08-11 16:58:00;0;;;;
353141;2;LINES_OF_CODE_AI;2026-08-11 17:01:38;0;;;;
353137;2;LINES_OF_CODE_AI;2026-08-11 17:29:32;0;;;;
353142;2;LINES_OF_CODE_AI;2026-08-11 17:29:39;-1;;;;
353143;2;LINES_OF_CODE_AI;2026-08-11 17:44:12;-10;;;;
353125;2;LINES_OF_CODE_AI;2026-08-11 17:57:03;0;;;;
353161;2;LINES_OF_CODE_AI;2026-08-12 08:23:06;0;;;;
353164;2;LINES_OF_CODE_AI;2026-08-12 10:01:27;-1;;;;
353162;2;LINES_OF_CODE_AI;2026-08-12 10:45:25;0;;;;
353144;2;LINES_OF_CODE_AI;2026-08-12 10:52:14;-1;;;;
353150;2;LINES_OF_CODE_AI;2026-08-12 11:14:12;0;;;;
353156;2;LINES_OF_CODE_AI;2026-08-12 11:20:51;-1;;;;
353151;2;LINES_OF_CODE_AI;2026-08-12 11:24:57;0;;;;
353153;2;LINES_OF_CODE_AI;2026-08-12 11:51:17;-1;;;;
353157;2;LINES_OF_CODE_AI;2026-08-12 11:52:56;0;;;;
353147;2;LINES_OF_CODE_AI;2026-08-12 12:00:03;0;;;;
353149;2;LINES_OF_CODE_AI;2026-08-12 12:14:16;0;;;;
353145;2;LINES_OF_CODE_AI;2026-08-12 12:25:27;0;;;;
353165;2;LINES_OF_CODE_AI;2026-08-12 12:30:03;0;;;;
353160;2;LINES_OF_CODE_AI;2026-08-12 12:32:34;-1;;;;
353146;2;LINES_OF_CODE_AI;2026-08-12 13:00:41;0;;;;
353159;2;LINES_OF_CODE_AI;2026-08-12 13:14:34;0;;;;
353148;2;LINES_OF_CODE_AI;2026-08-12 14:06:28;0;;;;
353155;2;LINES_OF_CODE_AI;2026-08-12 14:23:02;0;;;;
353166;2;LINES_OF_CODE_AI;2026-08-12 15:09:34;-1;;;;
353158;2;LINES_OF_CODE_AI;2026-08-12 15:40:34;0;;;;
353167;2;LINES_OF_CODE_AI;2026-08-12 16:11:54;-12;;;;
353152;2;LINES_OF_CODE_AI;2026-08-12 16:20:52;0;;;;
353154;2;LINES_OF_CODE_AI;2026-08-12 16:39:29;0;;;;
353163;2;LINES_OF_CODE_AI;2026-08-12 17:51:08;0;;;;
353177;2;LINES_OF_CODE_AI;2026-08-13 08:47:53;-3;;;;
353182;2;LINES_OF_CODE_AI;2026-08-13 08:49:36;-1;;;;
353184;2;LINES_OF_CODE_AI;2026-08-13 09:53:27;-6;;;;
353168;2;LINES_OF_CODE_AI;2026-08-13 11:12:23;-2;;;;
353170;2;LINES_OF_CODE_AI;2026-08-13 11:28:33;-3;;;;
353171;2;LINES_OF_CODE_AI;2026-08-13 12:51:09;0;;;;
353169;2;LINES_OF_CODE_AI;2026-08-13 12:59:26;-3;;;;
353176;2;LINES_OF_CODE_AI;2026-08-13 13:13:48;-3;;;;
353180;2;LINES_OF_CODE_AI;2026-08-13 13:19:59;0;;;;
353178;2;LINES_OF_CODE_AI;2026-08-13 13:47:41;-1;;;;
353183;2;LINES_OF_CODE_AI;2026-08-13 15:54:31;-1;;;;
353172;2;LINES_OF_CODE_AI;2026-08-13 16:09:21;-2;;;;
353181;2;LINES_OF_CODE_AI;2026-08-13 16:16:06;-1;;;;
353175;2;LINES_OF_CODE_AI;2026-08-13 16:50:27;-1;;;;
353173;2;LINES_OF_CODE_AI;2026-08-13 17:14:11;-1;;;;
353179;2;LINES_OF_CODE_AI;2026-08-13 17:16:11;-1;;;;
353174;2;LINES_OF_CODE_AI;2026-08-13 17:44:06;-1;;;;
353205;2;LINES_OF_CODE_AI;2026-08-14 08:03:05;0;;;;
353193;2;LINES_OF_CODE_AI;2026-08-14 08:31:33;0;;;;
353204;2;LINES_OF_CODE_AI;2026-08-14 09:16:57;0;;;;
353200;2;LINES_OF_CODE_AI;2026-08-14 09:35:12;0;;;;
353188;2;LINES_OF_CODE_AI;2026-08-14 09:54:53;-1;;;;
353206;2;LINES_OF_CODE_AI;2026-08-14 10:16:09;-1;;;;
353208;2;LINES_OF_CODE_AI;2026-08-14 10:45:53;0;;;;
353190;2;LINES_OF_CODE_AI;2026-08-14 11:04:32;-1;;;;
353198;2;LINES_OF_CODE_AI;2026-08-14 11:12:28;0;;;;
353196;2;LINES_OF_CODE_AI;2026-08-14 11:22:25;-1;;;;
353189;2;LINES_OF_CODE_AI;2026-08-14 11:23:37;0;;;;
353199;2;LINES_OF_CODE_AI;2026-08-14 11:57:41;-1;;;;
353186;2;LINES_OF_CODE_AI;2026-08-14 13:00:00;-1;;;;
353192;2;LINES_OF_CODE_AI;2026-08-14 13:46:54;-1;;;;
353201;2;LINES_OF_CODE_AI;2026-08-14 13:52:29;-1;;;;
353194;2;LINES_OF_CODE_AI;2026-08-14 14:09:07;0;;;;
353195;2;LINES_OF_CODE_AI;2026-08-14 14:14:13;0;;;;
353203;2;LINES_OF_CODE_AI;2026-08-14 14:35:46;-1;;;;
353207;2;LINES_OF_CODE_AI;2026-08-14 14:45:05;0;;;;
353185;2;LINES_OF_CODE_AI;2026-08-14 15:34:48;-1;;;;
353209;2;LINES_OF_CODE_AI;2026-08-14 15:55:36;-11;;;;
353197;2;LINES_OF_CODE_AI;2026-08-14 16:03:58;-1;;;;
353191;2;LINES_OF_CODE_AI;2026-08-14 16:36:16;-1;;;;
353202;2;LINES_OF_CODE_AI;2026-08-14 16:38:07;0;;;;
353187;2;LINES_OF_CODE_AI;2026-08-14 17:59:58;0;;;;
353230;2;LINES_OF_CODE_AI;2026-08-17 08:14:31;-1;;;;
353218;2;LINES_OF_CODE_AI;2026-08-17 08:26:33;-1;;;;
353213;2;LINES_OF_CODE_AI;2026-08-17 08:37:33;0;;;;
353212;2;LINES_OF_CODE_AI;2026-08-17 10:11:01;-1;;;;
353216;2;LINES_OF_CODE_AI;2026-08-17 10:27:26;-1;;;;
353226;2;LINES_OF_CODE_AI;2026-08-17 11:05:57;0;;;;
353215;2;LINES_OF_CODE_AI;2026-08-17 11:22:46;-1;;;;
353223;2;LINES_OF_CODE_AI;2026-08-17 11:38:43;0;;;;
353227;2;LINES_OF_CODE_AI;2026-08-17 13:07:14;-1;;;;
353228;2;LINES_OF_CODE_AI;2026-08-17 13:09:38;0;;;;
353221;2;LINES_OF_CODE_AI;2026-08-17 13:09:40;0;;;;
353229;2;LINES_OF_CODE_AI;2026-08-17 13:17:05;0;;;;
353225;2;LINES_OF_CODE_AI;2026-08-17 14:06:41;-1;;;;
353217;2;LINES_OF_CODE_AI;2026-08-17 14:31:56;-1;;;;
353210;2;LINES_OF_CODE_AI;2026-08-17 15:16:30;-1;;;;
353231;2;LINES_OF_CODE_AI;2026-08-17 15:52:31;-13;;;;
353222;2;LINES_OF_CODE_AI;2026-08-17 16:33:06;0;;;;
353219;2;LINES_OF_CODE_AI;2026-08-17 16:48:14;-1;;;;
353214;2;LINES_OF_CODE_AI;2026-08-17 17:30:40;-1;;;;
353211;2;LINES_OF_CODE_AI;2026-08-17 17:34:47;-1;;;;
353220;2;LINES_OF_CODE_AI;2026-08-17 17:46:51;-1;;;;
353224;2;LINES_OF_CODE_AI;2026-08-17 17:56:18;-1;;;;
353243;2;LINES_OF_CODE_AI;2026-08-18 09:33:11;0;;;;
353248;2;LINES_OF_CODE_AI;2026-08-18 09:39:52;0;;;;
353234;2;LINES_OF_CODE_AI;2026-08-18 09:53:12;0;;;;
353240;2;LINES_OF_CODE_AI;2026-08-18 10:26:43;0;;;;
353239;2;LINES_OF_CODE_AI;2026-08-18 12:07:22;0;;;;
353252;2;LINES_OF_CODE_AI;2026-08-18 12:15:12;0;;;;
353233;2;LINES_OF_CODE_AI;2026-08-18 12:33:12;0;;;;
353242;2;LINES_OF_CODE_AI;2026-08-18 12:48:42;0;;;;
353249;2;LINES_OF_CODE_AI;2026-08-18 13:04:12;0;;;;
353244;2;LINES_OF_CODE_AI;2026-08-18 13:12:47;0;;;;
353253;2;LINES_OF_CODE_AI;2026-08-18 13:37:51;0;;;;
353255;2;LINES_OF_CODE_AI;2026-08-18 13:39:40;0;;;;
353237;2;LINES_OF_CODE_AI;2026-08-18 14:35:51;0;;;;
353256;2;LINES_OF_CODE_AI;2026-08-18 14:52:50;-9;;;;
353250;2;LINES_OF_CODE_AI;2026-08-18 14:59:39;0;;;;
353241;2;LINES_OF_CODE_AI;2026-08-18 15:15:44;0;;;;
353245;2;LINES_OF_CODE_AI;2026-08-18 15:45:20;0;;;;
353254;2;LINES_OF_CODE_AI;2026-08-18 15:45:38;0;;;;
353235;2;LINES_OF_CODE_AI;2026-08-18 16:02:13;0;;;;
353251;2;LINES_OF_CODE_AI;2026-08-18 16:48:28;0;;;;
353246;2;LINES_OF_CODE_AI;2026-08-18 16:50:49;0;;;;
353232;2;LINES_OF_CODE_AI;2026-08-18 16:56:54;0;;;;
353238;2;LINES_OF_CODE_AI;2026-08-18 16:57:03;0;;;;
353247;2;LINES_OF_CODE_AI;2026-08-18 17:17:19;0;;;;
353236;2;LINES_OF_CODE_AI;2026-08-18 17:21:07;0;;;;
353265;2;LINES_OF_CODE_AI;2026-08-19 08:11:38;0;;;;
353259;2;LINES_OF_CODE_AI;2026-08-19 09:25:59;0;;;;
353258;2;LINES_OF_CODE_AI;2026-08-19 09:26:16;-1;;;;
353266;2;LINES_OF_CODE_AI;2026-08-19 11:07:18;0;;;;
353264;2;LINES_OF_CODE_AI;2026-08-19 11:53:49;-1;;;;
353268;2;LINES_OF_CODE_AI;2026-08-19 12:08:08;-1;;;;
353262;2;LINES_OF_CODE_AI;2026-08-19 13:50:34;-1;;;;
353261;2;LINES_OF_CODE_AI;2026-08-19 14:01:39;-1;;;;
353269;2;LINES_OF_CODE_AI;2026-08-19 14:14:37;0;;;;
353260;2;LINES_OF_CODE_AI;2026-08-19 15:08:30;-1;;;;
353271;2;LINES_OF_CODE_AI;2026-08-19 15:35:23;-11;;;;
353257;2;LINES_OF_CODE_AI;2026-08-19 15:53:07;-1;;;;
353267;2;LINES_OF_CODE_AI;2026-08-19 16:23:52;-2;;;;
353263;2;LINES_OF_CODE_AI;2026-08-19 16:42:33;-1;;;;
353270;2;LINES_OF_CODE_AI;2026-08-19 16:57:22;0;;;;
353278;2;LINES_OF_CODE_AI;2026-08-20 08:17:14;-1;;;;
353284;2;LINES_OF_CODE_AI;2026-08-20 09:02:26;-1;;;;
353292;2;LINES_OF_CODE_AI;2026-08-20 09:47:27;0;;;;
353272;2;LINES_OF_CODE_AI;2026-08-20 10:41:33;0;;;;
353279;2;LINES_OF_CODE_AI;2026-08-20 10:42:26;0;;;;
353282;2;LINES_OF_CODE_AI;2026-08-20 10:50:03;-1;;;;
353280;2;LINES_OF_CODE_AI;2026-08-20 11:09:04;0;;;;
353290;2;LINES_OF_CODE_AI;2026-08-20 12:27:19;-1;;;;
353275;2;LINES_OF_CODE_AI;2026-08-20 13:06:28;0;;;;
353293;2;LINES_OF_CODE_AI;2026-08-20 13:09:26;-1;;;;
353286;2;LINES_OF_CODE_AI;2026-08-20 13:10:29;-1;;;;
353294;2;LINES_OF_CODE_AI;2026-08-20 13:19:11;-1;;;;
353291;2;LINES_OF_CODE_AI;2026-08-20 13:26:01;-1;;;;
353273;2;LINES_OF_CODE_AI;2026-08-20 13:32:16;0;;;;
353287;2;LINES_OF_CODE_AI;2026-08-20 15:20:00;0;;;;
353285;2;LINES_OF_CODE_AI;2026-08-20 15:49:38;-1;;;;
353276;2;LINES_OF_CODE_AI;2026-08-20 16:07:01;0;;;;
353295;2;LINES_OF_CODE_AI;2026-08-20 16:22:40;0;;;;
353288;2;LINES_OF_CODE_AI;2026-08-20 16:25:20;0;;;;
353281;2;LINES_OF_CODE_AI;2026-08-20 16:37:08;0;;;;
353296;2;LINES_OF_CODE_AI;2026-08-20 17:00:41;-9;;;;
353289;2;LINES_OF_CODE_AI;2026-08-20 17:30:43;0;;;;
353277;2;LINES_OF_CODE_AI;2026-08-20 17:33:46;-1;;;;
353283;2;LINES_OF_CODE_AI;2026-08-20 17:47:48;-1;;;;
353274;2;LINES_OF_CODE_AI;2026-08-20 17:47:52;0;;;;
353300;2;LINES_OF_CODE_AI;2026-08-21 09:21:17;0;;;;
353307;2;LINES_OF_CODE_AI;2026-08-21 09:32:57;-3;;;;
353302;2;LINES_OF_CODE_AI;2026-08-21 10:23:25;-1;;;;
353304;2;LINES_OF_CODE_AI;2026-08-21 11:15:13;-1;;;;
353312;2;LINES_OF_CODE_AI;2026-08-21 11:46:40;-7;;;;
353298;2;LINES_OF_CODE_AI;2026-08-21 12:37:21;-3;;;;
353299;2;LINES_OF_CODE_AI;2026-08-21 13:05:53;-3;;;;
353303;2;LINES_OF_CODE_AI;2026-08-21 13:30:19;-4;;;;
353309;2;LINES_OF_CODE_AI;2026-08-21 15:17:44;-2;;;;
353301;2;LINES_OF_CODE_AI;2026-08-21 15:29:13;-1;;;;
353310;2;LINES_OF_CODE_AI;2026-08-21 15:51:44;-3;;;;
353305;2;LINES_OF_CODE_AI;2026-08-21 15:53:13;-3;;;;
353297;2;LINES_OF_CODE_AI;2026-08-21 16:23:27;-4;;;;
353306;2;LINES_OF_CODE_AI;2026-08-21 16:40:12;-2;;;;
353311;2;LINES_OF_CODE_AI;2026-08-21 16:44:28;-1;;;;
353308;2;LINES_OF_CODE_AI;2026-08-21 17:00:03;-1;;;;
353324;2;LINES_OF_CODE_AI;2026-08-24 08:51:29;-3;;;;
353316;2;LINES_OF_CODE_AI;2026-08-24 09:08:34;-1;;;;
353317;2;LINES_OF_CODE_AI;2026-08-24 09:12:51;-3;;;;
353321;2;LINES_OF_CODE_AI;2026-08-24 09:16:21;0;;;;
353318;2;LINES_OF_CODE_AI;2026-08-24 09:38:09;-3;;;;
353326;2;LINES_OF_CODE_AI;2026-08-24 10:00:23;-1;;;;
353323;2;LINES_OF_CODE_AI;2026-08-24 11:27:54;-2;;;;
353327;2;LINES_OF_CODE_AI;2026-08-24 12:47:37;-1;;;;
353313;2;LINES_OF_CODE_AI;2026-08-24 13:28:37;-2;;;;
353314;2;LINES_OF_CODE_AI;2026-08-24 14:04:21;-2;;;;
353315;2;LINES_OF_CODE_AI;2026-08-24 14:06:10;-1;;;;
353320;2;LINES_OF_CODE_AI;2026-08-24 14:46:48;0;;;;
353325;2;LINES_OF_CODE_AI;2026-08-24 15:49:20;-2;;;;
353328;2;LINES_OF_CODE_AI;2026-08-24 16:23:44;-2;;;;
353322;2;LINES_OF_CODE_AI;2026-08-24 16:48:16;0;;;;
353329;2;LINES_OF_CODE_AI;2026-08-24 17:42:05;-6;;;;
353319;2;LINES_OF_CODE_AI;2026-08-24 17:50:56;-2;;;;
353348;2;LINES_OF_CODE_AI;2026-08-25 08:00:24;-1;;;;
353332;2;LINES_OF_CODE_AI;2026-08-25 08:38:32;-1;;;;
353334;2;LINES_OF_CODE_AI;2026-08-25 09:21:25;-1;;;;
353336;2;LINES_OF_CODE_AI;2026-08-25 09:36:53;0;;;;
353350;2;LINES_OF_CODE_AI;2026-08-25 09:41:35;-1;;;;
353343;2;LINES_OF_CODE_AI;2026-08-25 10:24:17;0;;;;
353337;2;LINES_OF_CODE_AI;2026-08-25 11:01:00;-1;;;;
353344;2;LINES_OF_CODE_AI;2026-08-25 11:44:13;0;;;;
353340;2;LINES_OF_CODE_AI;2026-08-25 13:10:22;0;;;;
353345;2;LINES_OF_CODE_AI;2026-08-25 14:42:07;-1;;;;
353349;2;LINES_OF_CODE_AI;2026-08-25 15:14:23;-2;;;;
353346;2;LINES_OF_CODE_AI;2026-08-25 15:33:34;0;;;;
353352;2;LINES_OF_CODE_AI;2026-08-25 15:41:28;-11;;;;
353341;2;LINES_OF_CODE_AI;2026-08-25 15:57:43;-1;;;;
353331;2;LINES_OF_CODE_AI;2026-08-25 16:11:12;-1;;;;
353347;2;LINES_OF_CODE_AI;2026-08-25 16:15:04;0;;;;
353342;2;LINES_OF_CODE_AI;2026-08-25 16:17:35;0;;;;
353333;2;LINES_OF_CODE_AI;2026-08-25 16:18:46;-1;;;;
353339;2;LINES_OF_CODE_AI;2026-08-25 16:23:46;0;;;;
353335;2;LINES_OF_CODE_AI;2026-08-25 16:35:38;-1;;;;
353351;2;LINES_OF_CODE_AI;2026-08-25 16:39:14;-1;;;;
353330;2;LINES_OF_CODE_AI;2026-08-25 17:39:59;0;;;;
353338;2;LINES_OF_CODE_AI;2026-08-25 17:44:14;0;;;;
353359;2;LINES_OF_CODE_AI;2026-08-26 08:40:01;-2;;;;
353362;2;LINES_OF_CODE_AI;2026-08-26 09:02:39;-1;;;;
353356;2;LINES_OF_CODE_AI;2026-08-26 09:13:37;-1;;;;
353353;2;LINES_OF_CODE_AI;2026-08-26 09:47:47;-1;;;;
353368;2;LINES_OF_CODE_AI;2026-08-26 11:02:47;-2;;;;
353357;2;LINES_OF_CODE_AI;2026-08-26 11:20:50;-1;;;;
353358;2;LINES_OF_CODE_AI;2026-08-26 11:40:48;-1;;;;
353361;2;LINES_OF_CODE_AI;2026-08-26 11:41:52;-1;;;;
353354;2;LINES_OF_CODE_AI;2026-08-26 12:02:21;-1;;;;
353355;2;LINES_OF_CODE_AI;2026-08-26 12:45:40;-1;;;;
353360;2;LINES_OF_CODE_AI;2026-08-26 13:19:33;-2;;;;
353367;2;LINES_OF_CODE_AI;2026-08-26 13:56:33;0;;;;
353371;2;LINES_OF_CODE_AI;2026-08-26 15:11:44;-4;;;;
353364;2;LINES_OF_CODE_AI;2026-08-26 15:41:56;-1;;;;
353370;2;LINES_OF_CODE_AI;2026-08-26 16:01:33;-1;;;;
353365;2;LINES_OF_CODE_AI;2026-08-26 16:21:49;0;;;;
353363;2;LINES_OF_CODE_AI;2026-08-26 16:42:04;-1;;;;
353366;2;LINES_OF_CODE_AI;2026-08-26 16:46:43;-1;;;;
353369;2;LINES_OF_CODE_AI;2026-08-26 17:37:54;-1;;;;
353372;2;LINES_OF_CODE_AI;2026-08-27 10:06:57;0;;;;
353373;2;LINES_OF_CODE_AI;2026-08-27 10:07:26;0;;;;
353389;2;LINES_OF_CODE_AI;2026-08-27 10:45:39;-1;;;;
353394;2;LINES_OF_CODE_AI;2026-08-27 10:48:31;-15;;;;
353392;2;LINES_OF_CODE_AI;2026-08-27 10:49:24;-1;;;;
353374;2;LINES_OF_CODE_AI;2026-08-27 11:08:03;0;;;;
353378;2;LINES_OF_CODE_AI;2026-08-27 11:36:40;0;;;;
353376;2;LINES_OF_CODE_AI;2026-08-27 12:38:03;0;;;;
353385;2;LINES_OF_CODE_AI;2026-08-27 12:42:23;-1;;;;
353382;2;LINES_OF_CODE_AI;2026-08-27 13:54:57;0;;;;
353375;2;LINES_OF_CODE_AI;2026-08-27 14:19:30;-1;;;;
353380;2;LINES_OF_CODE_AI;2026-08-27 14:56:28;-1;;;;
353381;2;LINES_OF_CODE_AI;2026-08-27 15:27:51;0;;;;
353390;2;LINES_OF_CODE_AI;2026-08-27 15:30:02;-1;;;;
353388;2;LINES_OF_CODE_AI;2026-08-27 15:54:53;0;;;;
353393;2;LINES_OF_CODE_AI;2026-08-27 15:58:50;0;;;;
353386;2;LINES_OF_CODE_AI;2026-08-27 16:12:28;-1;;;;
353377;2;LINES_OF_CODE_AI;2026-08-27 16:17:18;-1;;;;
353379;2;LINES_OF_CODE_AI;2026-08-27 16:25:29;0;;;;
353387;2;LINES_OF_CODE_AI;2026-08-27 17:04:46;-1;;;;
353391;2;LINES_OF_CODE_AI;2026-08-27 17:07:17;-1;;;;
353383;2;LINES_OF_CODE_AI;2026-08-27 17:12:31;0;;;;
353384;2;LINES_OF_CODE_AI;2026-08-27 17:25:51;-1;;;;
353400;2;LINES_OF_CODE_AI;2026-08-28 09:20:30;-2;;;;
353397;2;LINES_OF_CODE_AI;2026-08-28 10:45:41;-1;;;;
353405;2;LINES_OF_CODE_AI;2026-08-28 11:39:15;-1;;;;
353409;2;LINES_OF_CODE_AI;2026-08-28 11:50:11;-5;;;;
353398;2;LINES_OF_CODE_AI;2026-08-28 12:09:07;-3;;;;
353407;2;LINES_OF_CODE_AI;2026-08-28 12:41:00;-2;;;;
353402;2;LINES_OF_CODE_AI;2026-08-28 12:48:35;-3;;;;
353406;2;LINES_OF_CODE_AI;2026-08-28 13:00:29;-3;;;;
353403;2;LINES_OF_CODE_AI;2026-08-28 13:00:50;-3;;;;
353401;2;LINES_OF_CODE_AI;2026-08-28 13:10:23;-2;;;;
353395;2;LINES_OF_CODE_AI;2026-08-28 13:20:57;-3;;;;
353404;2;LINES_OF_CODE_AI;2026-08-28 14:57:54;-1;;;;
353399;2;LINES_OF_CODE_AI;2026-08-28 15:01:49;-1;;;;
353408;2;LINES_OF_CODE_AI;2026-08-28 15:03:48;-2;;;;
353396;2;LINES_OF_CODE_AI;2026-08-28 17:49:46;-4;;;;
353428;2;LINES_OF_CODE_AI;2026-08-31 09:56:17;0;;;;
353410;2;LINES_OF_CODE_AI;2026-08-31 10:36:24;0;;;;
353414;2;LINES_OF_CODE_AI;2026-08-31 11:43:37;0;;;;
353427;2;LINES_OF_CODE_AI;2026-08-31 11:45:26;0;;;;
353429;2;LINES_OF_CODE_AI;2026-08-31 12:43:15;0;;;;
353415;2;LINES_OF_CODE_AI;2026-08-31 12:48:24;0;;;;
353425;2;LINES_OF_CODE_AI;2026-08-31 13:15:51;0;;;;
353432;2;LINES_OF_CODE_AI;2026-08-31 13:16:11;0;;;;
353417;2;LINES_OF_CODE_AI;2026-08-31 13:55:59;0;;;;
353431;2;LINES_OF_CODE_AI;2026-08-31 13:59:29;0;;;;
353423;2;LINES_OF_CODE_AI;2026-08-31 14:35:59;0;;;;
353433;2;LINES_OF_CODE_AI;2026-08-31 14:48:55;0;;;;
353426;2;LINES_OF_CODE_AI;2026-08-31 15:10:24;0;;;;
353416;2;LINES_OF_CODE_AI;2026-08-31 15:24:04;0;;;;
353430;2;LINES_OF_CODE_AI;2026-08-31 15:31:20;0;;;;
353421;2;LINES_OF_CODE_AI;2026-08-31 15:39:25;0;;;;
353419;2;LINES_OF_CODE_AI;2026-08-31 16:09:48;0;;;;
353420;2;LINES_OF_CODE_AI;2026-08-31 16:14:00;0;;;;
353411;2;LINES_OF_CODE_AI;2026-08-31 16:34:39;0;;;;
353424;2;LINES_OF_CODE_AI;2026-08-31 16:34:54;0;;;;
353412;2;LINES_OF_CODE_AI;2026-08-31 16:52:11;0;;;;
353434;2;LINES_OF_CODE_AI;2026-08-31 17:27:01;-9;;;;
353418;2;LINES_OF_CODE_AI;2026-08-31 17:32:04;0;;;;
353422;2;LINES_OF_CODE_AI;2026-08-31 17:49:17;0;;;;
353413;2;LINES_OF_CODE_AI;2026-08-31 17:56:59;0;;;;
353446;2;LINES_OF_CODE_AI;2026-09-01 08:06:54;0;;;;
353440;2;LINES_OF_CODE_AI;2026-09-01 08:09:02;0;;;;
353439;2;LINES_OF_CODE_AI;2026-09-01 08:13:06;0;;;;
353437;2;LINES_OF_CODE_AI;2026-09-01 08:30:30;0;;;;
353435;2;LINES_OF_CODE_AI;2026-09-01 09:20:10;0;;;;
353443;2;LINES_OF_CODE_AI;2026-09-01 10:12:22;0;;;;
353452;2;LINES_OF_CODE_AI;2026-09-01 10:39:43;0;;;;
353451;2;LINES_OF_CODE_AI;2026-09-01 10:46:24;0;;;;
353444;2;LINES_OF_CODE_AI;2026-09-01 11:43:05;0;;;;
353441;2;LINES_OF_CODE_AI;2026-09-01 12:15:41;0;;;;
353449;2;LINES_OF_CODE_AI;2026-09-01 12:33:50;0;;;;
353448;2;LINES_OF_CODE_AI;2026-09-01 12:37:10;1;;;;
353438;2;LINES_OF_CODE_AI;2026-09-01 12:37:46;0;;;;
353454;2;LINES_OF_CODE_AI;2026-09-01 13:32:13;0;;;;
353442;2;LINES_OF_CODE_AI;2026-09-01 13:53:53;0;;;;
353436;2;LINES_OF_CODE_AI;2026-09-01 14:26:21;0;;;;
353455;2;LINES_OF_CODE_AI;2026-09-01 14:48:08;11;;;;
353445;2;LINES_OF_CODE_AI;2026-09-01 15:19:58;0;;;;
353453;2;LINES_OF_CODE_AI;2026-09-01 15:41:48;0;;;;
353450;2;LINES_OF_CODE_AI;2026-09-01 16:44:51;0;;;;
353447;2;LINES_OF_CODE_AI;2026-09-01 17:59:46;0;;;;
353472;2;LINES_OF_CODE_AI;2026-09-02 08:28:52;8;;;;
353458;2;LINES_OF_CODE_AI;2026-09-02 08:39:25;0;;;;
353462;2;LINES_OF_CODE_AI;2026-09-02 09:54:37;0;;;;
353467;2;LINES_OF_CODE_AI;2026-09-02 10:02:29;0;;;;
353463;2;LINES_OF_CODE_AI;2026-09-02 11:37:44;0;;;;
353456;2;LINES_OF_CODE_AI;2026-09-02 13:11:46;0;;;;
353471;2;LINES_OF_CODE_AI;2026-09-02 13:59:34;1;;;;
353459;2;LINES_OF_CODE_AI;2026-09-02 14:13:05;0;;;;
353460;2;LINES_OF_CODE_AI;2026-09-02 14:16:56;0;;;;
353469;2;LINES_OF_CODE_AI;2026-09-02 14:17:29;0;;;;
353470;2;LINES_OF_CODE_AI;2026-09-02 15:20:43;0;;;;
353466;2;LINES_OF_CODE_AI;2026-09-02 16:16:02;0;;;;
353465;2;LINES_OF_CODE_AI;2026-09-02 16:21:17;0;;;;
353457;2;LINES_OF_CODE_AI;2026-09-02 16:31:34;0;;;;
353468;2;LINES_OF_CODE_AI;2026-09-02 16:50:55;0;;;;
353461;2;LINES_OF_CODE_AI;2026-09-02 16:54:26;0;;;;
353464;2;LINES_OF_CODE_AI;2026-09-02 17:59:29;0;;;;
353484;2;LINES_OF_CODE_AI;2026-09-03 08:28:23;0;;;;
353475;2;LINES_OF_CODE_AI;2026-09-03 08:33:41;0;;;;
353479;2;LINES_OF_CODE_AI;2026-09-03 09:06:05;0;;;;
353476;2;LINES_OF_CODE_AI;2026-09-03 09:21:10;0;;;;
353488;2;LINES_OF_CODE_AI;2026-09-03 09:49:01;0;;;;
353474;2;LINES_OF_CODE_AI;2026-09-03 10:00:50;0;;;;
353477;2;LINES_OF_CODE_AI;2026-09-03 10:01:32;0;;;;
353480;2;LINES_OF_CODE_AI;2026-09-03 10:32:12;0;;;;
353489;2;LINES_OF_CODE_AI;2026-09-03 11:23:34;0;;;;
353483;2;LINES_OF_CODE_AI;2026-09-03 11:47:15;0;;;;
353473;2;LINES_OF_CODE_AI;2026-09-03 12:04:33;0;;;;
353478;2;LINES_OF_CODE_AI;2026-09-03 12:28:56;0;;;;
353487;2;LINES_OF_CODE_AI;2026-09-03 13:17:23;0;;;;
353482;2;LINES_OF_CODE_AI;2026-09-03 13:23:33;0;;;;
353486;2;LINES_OF_CODE_AI;2026-09-03 14:03:23;0;;;;
353490;2;LINES_OF_CODE_AI;2026-09-03 14:21:58;8;;;;
353485;2;LINES_OF_CODE_AI;2026-09-03 14:30:47;0;;;;
353481;2;LINES_OF_CODE_AI;2026-09-03 17:33:51;0;;;;
353496;2;LINES_OF_CODE_AI;2026-09-04 08:16:34;0;;;;
353492;2;LINES_OF_CODE_AI;2026-09-04 08:17:20;0;;;;
353511;2;LINES_OF_CODE_AI;2026-09-04 09:11:42;0;;;;
353500;2;LINES_OF_CODE_AI;2026-09-04 09:14:38;0;;;;
353501;2;LINES_OF_CODE_AI;2026-09-04 09:15:45;0;;;;
353493;2;LINES_OF_CODE_AI;2026-09-04 09:21:51;0;;;;
353495;2;LINES_OF_CODE_AI;2026-09-04 10:32:59;0;;;;
353509;2;LINES_OF_CODE_AI;2026-09-04 10:33:42;0;;;;
353499;2;LINES_OF_CODE_AI;2026-09-04 11:36:30;0;;;;
353505;2;LINES_OF_CODE_AI;2026-09-04 11:46:18;0;;;;
353498;2;LINES_OF_CODE_AI;2026-09-04 12:16:02;0;;;;
353502;2;LINES_OF_CODE_AI;2026-09-04 12:20:08;0;;;;
353512;2;LINES_OF_CODE_AI;2026-09-04 13:32:13;4;;;;
353508;2;LINES_OF_CODE_AI;2026-09-04 13:53:20;0;;;;
353504;2;LINES_OF_CODE_AI;2026-09-04 14:00:57;0;;;;
353497;2;LINES_OF_CODE_AI;2026-09-04 14:10:26;0;;;;
353494;2;LINES_OF_CODE_AI;2026-09-04 14:45:13;0;;;;
353507;2;LINES_OF_CODE_AI;2026-09-04 15:08:45;0;;;;
353510;2;LINES_OF_CODE_AI;2026-09-04 15:13:15;0;;;;
353506;2;LINES_OF_CODE_AI;2026-09-04 16:49:16;0;;;;
353503;2;LINES_OF_CODE_AI;2026-09-04 17:34:58;0;;;;
353491;2;LINES_OF_CODE_AI;2026-09-04 17:54:21;0;;;;
353516;2;LINES_OF_CODE_AI;2026-09-07 08:41:09;0;;;;
353533;2;LINES_OF_CODE_AI;2026-09-07 09:09:30;0;;;;
353524;2;LINES_OF_CODE_AI;2026-09-07 09:28:18;0;;;;
353523;2;LINES_OF_CODE_AI;2026-09-07 10:20:25;0;;;;
353525;2;LINES_OF_CODE_AI;2026-09-07 10:34:44;0;;;;
353531;2;LINES_OF_CODE_AI;2026-09-07 10:41:41;0;;;;
353526;2;LINES_OF_CODE_AI;2026-09-07 11:24:08;0;;;;
353521;2;LINES_OF_CODE_AI;2026-09-07 11:24:28;0;;;;
353518;2;LINES_OF_CODE_AI;2026-09-07 11:25:21;0;;;;
353519;2;LINES_OF_CODE_AI;2026-09-07 12:27:54;0;;;;
353517;2;LINES_OF_CODE_AI;2026-09-07 13:10:36;0;;;;
353532;2;LINES_OF_CODE_AI;2026-09-07 13:36:57;0;;;;
353515;2;LINES_OF_CODE_AI;2026-09-07 13:43:58;0;;;;
353514;2;LINES_OF_CODE_AI;2026-09-07 13:55:58;0;;;;
353536;2;LINES_OF_CODE_AI;2026-09-07 14:51:29;7;;;;
353522;2;LINES_OF_CODE_AI;2026-09-07 14:55:16;0;;;;
353520;2;LINES_OF_CODE_AI;2026-09-07 15:23:21;0;;;;
353529;2;LINES_OF_CODE_AI;2026-09-07 15:29:19;0;;;;
353527;2;LINES_OF_CODE_AI;2026-09-07 15:35:25;0;;;;
353530;2;LINES_OF_CODE_AI;2026-09-07 15:51:50;0;;;;
353534;2;LINES_OF_CODE_AI;2026-09-07 16:17:37;0;;;;
353535;2;LINES_OF_CODE_AI;2026-09-07 16:41:08;0;;;;
353528;2;LINES_OF_CODE_AI;2026-09-07 17:11:42;0;;;;
353513;2;LINES_OF_CODE_AI;2026-09-07 17:37:49;0;;;;
353549;2;LINES_OF_CODE_AI;2026-09-08 08:23:23;0;;;;
353550;2;LINES_OF_CODE_AI;2026-09-08 08:26:30;0;;;;
353546;2;LINES_OF_CODE_AI;2026-09-08 09:27:00;0;;;;
353543;2;LINES_OF_CODE_AI;2026-09-08 09:28:16;0;;;;
353553;2;LINES_OF_CODE_AI;2026-09-08 09:28:54;0;;;;
353547;2;LINES_OF_CODE_AI;2026-09-08 10:25:38;0;;;;
353537;2;LINES_OF_CODE_AI;2026-09-08 10:47:28;0;;;;
353556;2;LINES_OF_CODE_AI;2026-09-08 11:09:07;0;;;;
353541;2;LINES_OF_CODE_AI;2026-09-08 12:01:36;0;;;;
353542;2;LINES_OF_CODE_AI;2026-09-08 13:02:46;0;;;;
353548;2;LINES_OF_CODE_AI;2026-09-08 13:05:15;0;;;;
353552;2;LINES_OF_CODE_AI;2026-09-08 13:44:20;0;;;;
353538;2;LINES_OF_CODE_AI;2026-09-08 14:02:13;0;;;;
353557;2;LINES_OF_CODE_AI;2026-09-08 14:12:41;3;;;;
353544;2;LINES_OF_CODE_AI;2026-09-08 14:14:04;0;;;;
353555;2;LINES_OF_CODE_AI;2026-09-08 14:22:51;0;;;;
353545;2;LINES_OF_CODE_AI;2026-09-08 15:30:11;0;;;;
353551;2;LINES_OF_CODE_AI;2026-09-08 15:37:03;0;;;;
353539;2;LINES_OF_CODE_AI;2026-09-08 15:45:48;0;;;;
353554;2;LINES_OF_CODE_AI;2026-09-08 17:03:21;0;;;;
353540;2;LINES_OF_CODE_AI;2026-09-08 17:45:15;0;;;;
353560;2;LINES_OF_CODE_AI;2026-09-09 08:12:24;0;;;;
353564;2;LINES_OF_CODE_AI;2026-09-09 09:24:56;0;;;;
353559;2;LINES_OF_CODE_AI;2026-09-09 10:29:34;0;;;;
353563;2;LINES_OF_CODE_AI;2026-09-09 10:47:21;0;;;;
353558;2;LINES_OF_CODE_AI;2026-09-09 11:09:46;0;;;;
353566;2;LINES_OF_CODE_AI;2026-09-09 12:33:39;0;;;;
353571;2;LINES_OF_CODE_AI;2026-09-09 12:37:55;0;;;;
353562;2;LINES_OF_CODE_AI;2026-09-09 12:50:39;0;;;;
353569;2;LINES_OF_CODE_AI;2026-09-09 13:11:07;0;;;;
353565;2;LINES_OF_CODE_AI;2026-09-09 13:38:16;0;;;;
353570;2;LINES_OF_CODE_AI;2026-09-09 13:53:13;0;;;;
353568;2;LINES_OF_CODE_AI;2026-09-09 15:10:13;0;;;;
353567;2;LINES_OF_CODE_AI;2026-09-09 15:25:46;0;;;;
353572;2;LINES_OF_CODE_AI;2026-09-09 16:14:59;3;;;;
353561;2;LINES_OF_CODE_AI;2026-09-09 17:49:31;0;;;;
353586;2;LINES_OF_CODE_AI;2026-09-10 08:18:22;0;;;;
353579;2;LINES_OF_CODE_AI;2026-09-10 08:22:26;0;;;;
353575;2;LINES_OF_CODE_AI;2026-09-10 08:56:19;0;;;;
353580;2;LINES_OF_CODE_AI;2026-09-10 09:39:45;0;;;;
353581;2;LINES_OF_CODE_AI;2026-09-10 10:08:16;0;;;;
353578;2;LINES_OF_CODE_AI;2026-09-10 10:50:54;0;;;;
353585;2;LINES_OF_CODE_AI;2026-09-10 12:10:26;0;;;;
353588;2;LINES_OF_CODE_AI;2026-09-10 12:53:57;0;;;;
353574;2;LINES_OF_CODE_AI;2026-09-10 12:55:52;0;;;;
353587;2;LINES_OF_CODE_AI;2026-09-10 13:38:20;0;;;;
353582;2;LINES_OF_CODE_AI;2026-09-10 13:50:36;0;;;;
353573;2;LINES_OF_CODE_AI;2026-09-10 15:27:54;0;;;;
353584;2;LINES_OF_CODE_AI;2026-09-10 15:43:10;0;;;;
353576;2;LINES_OF_CODE_AI;2026-09-10 15:46:39;0;;;;
353589;2;LINES_OF_CODE_AI;2026-09-10 16:09:33;5;;;;
353577;2;LINES_OF_CODE_AI;2026-09-10 17:29:23;0;;;;
353583;2;LINES_OF_CODE_AI;2026-09-10 17:45:28;0;;;;
353605;2;LINES_OF_CODE_AI;2026-09-11 08:46:03;8;;;;
353590;2;LINES_OF_CODE_AI;2026-09-11 09:17:25;0;;;;
353598;2;LINES_OF_CODE_AI;2026-09-11 09:59:46;0;;;;
353592;2;LINES_OF_CODE_AI;2026-09-11 10:08:25;0;;;;
353603;2;LINES_OF_CODE_AI;2026-09-11 10:12:36;0;;;;
353596;2;LINES_OF_CODE_AI;2026-09-11 10:28:34;1;;;;
353591;2;LINES_OF_CODE_AI;2026-09-11 11:35:36;0;;;;
353604;2;LINES_OF_CODE_AI;2026-09-11 11:41:31;0;;;;
353595;2;LINES_OF_CODE_AI;2026-09-11 12:09:56;0;;;;
353599;2;LINES_OF_CODE_AI;2026-09-11 13:27:20;0;;;;
353593;2;LINES_OF_CODE_AI;2026-09-11 13:57:02;0;;;;
353601;2;LINES_OF_CODE_AI;2026-09-11 14:19:53;0;;;;
353597;2;LINES_OF_CODE_AI;2026-09-11 15:11:24;0;;;;
353594;2;LINES_OF_CODE_AI;2026-09-11 16:32:35;0;;;;
353602;2;LINES_OF_CODE_AI;2026-09-11 16:41:50;0;;;;
353600;2;LINES_OF_CODE_AI;2026-09-11 17:52:35;0;;;;
353607;2;LINES_OF_CODE_AI;2026-09-14 09:19:50;0;;;;
353620;2;LINES_OF_CODE_AI;2026-09-14 10:24:20;0;;;;
353610;2;LINES_OF_CODE_AI;2026-09-14 11:47:10;0;;;;
353623;2;LINES_OF_CODE_AI;2026-09-14 12:02:06;0;;;;
353621;2;LINES_OF_CODE_AI;2026-09-14 12:04:01;0;;;;
353611;2;LINES_OF_CODE_AI;2026-09-14 12:28:40;0;;;;
353606;2;LINES_OF_CODE_AI;2026-09-14 12:40:32;0;;;;
353618;2;LINES_OF_CODE_AI;2026-09-14 12:43:18;0;;;;
353613;2;LINES_OF_CODE_AI;2026-09-14 13:46:55;0;;;;
353608;2;LINES_OF_CODE_AI;2026-09-14 14:05:43;0;;;;
353622;2;LINES_OF_CODE_AI;2026-09-14 14:15:18;0;;;;
353616;2;LINES_OF_CODE_AI;2026-09-14 14:18:10;0;;;;
353612;2;LINES_OF_CODE_AI;2026-09-14 15:01:53;0;;;;
353626;2;LINES_OF_CODE_AI;2026-09-14 15:22:16;0;;;;
353628;2;LINES_OF_CODE_AI;2026-09-14 15:23:27;0;;;;
353627;2;LINES_OF_CODE_AI;2026-09-14 16:04:00;0;;;;
353625;2;LINES_OF_CODE_AI;2026-09-14 16:21:39;0;;;;
353629;2;LINES_OF_CODE_AI;2026-09-14 16:26:49;5;;;;
353619;2;LINES_OF_CODE_AI;2026-09-14 16:36:29;0;;;;
353609;2;LINES_OF_CODE_AI;2026-09-14 16:56:30;0;;;;
353624;2;LINES_OF_CODE_AI;2026-09-14 17:24:20;0;;;;
353617;2;LINES_OF_CODE_AI;2026-09-14 17:25:51;0;;;;
353614;2;LINES_OF_CODE_AI;2026-09-14 17:26:43;0;;;;
353615;2;LINES_OF_CODE_AI;2026-09-14 17:37:49;0;;;;
353634;2;LINES_OF_CODE_AI;2026-09-15 08:12:25;0;;;;
353641;2;LINES_OF_CODE_AI;2026-09-15 08:17:54;0;;;;
353638;2;LINES_OF_CODE_AI;2026-09-15 08:20:49;0;;;;
353645;2;LINES_OF_CODE_AI;2026-09-15 09:03:50;6;;;;
353640;2;LINES_OF_CODE_AI;2026-09-15 09:39:36;0;;;;
353635;2;LINES_OF_CODE_AI;2026-09-15 10:37:22;0;;;;
353637;2;LINES_OF_CODE_AI;2026-09-15 11:27:59;0;;;;
353642;2;LINES_OF_CODE_AI;2026-09-15 12:03:55;0;;;;
353630;2;LINES_OF_CODE_AI;2026-09-15 12:10:33;0;;;;
353644;2;LINES_OF_CODE_AI;2026-09-15 13:17:25;0;;;;
353636;2;LINES_OF_CODE_AI;2026-09-15 14:17:32;0;;;;
353632;2;LINES_OF_CODE_AI;2026-09-15 15:06:39;0;;;;
353643;2;LINES_OF_CODE_AI;2026-09-15 15:54:51;0;;;;
353639;2;LINES_OF_CODE_AI;2026-09-15 16:32:22;0;;;;
353631;2;LINES_OF_CODE_AI;2026-09-15 16:56:18;0;;;;
353633;2;LINES_OF_CODE_AI;2026-09-15 17:04:24;0;;;;
353657;2;LINES_OF_CODE_AI;2026-09-16 08:12:20;0;;;;
353646;2;LINES_OF_CODE_AI;2026-09-16 09:05:05;0;;;;
353659;2;LINES_OF_CODE_AI;2026-09-16 09:18:12;0;;;;
353648;2;LINES_OF_CODE_AI;2026-09-16 09:24:59;0;;;;
353647;2;LINES_OF_CODE_AI;2026-09-16 09:56:40;0;;;;
353651;2;LINES_OF_CODE_AI;2026-09-16 10:58:12;0;;;;
353663;2;LINES_OF_CODE_AI;2026-09-16 11:14:12;0;;;;
353656;2;LINES_OF_CODE_AI;2026-09-16 11:20:46;0;;;;
353660;2;LINES_OF_CODE_AI;2026-09-16 13:48:19;0;;;;
353658;2;LINES_OF_CODE_AI;2026-09-16 13:53:56;0;;;;
353654;2;LINES_OF_CODE_AI;2026-09-16 14:06:12;0;;;;
353661;2;LINES_OF_CODE_AI;2026-09-16 14:07:06;0;;;;
353653;2;LINES_OF_CODE_AI;2026-09-16 14:38:04;0;;;;
353652;2;LINES_OF_CODE_AI;2026-09-16 14:50:57;0;;;;
353665;2;LINES_OF_CODE_AI;2026-09-16 15:36:23;7;;;;
353650;2;LINES_OF_CODE_AI;2026-09-16 15:58:17;0;;;;
353649;2;LINES_OF_CODE_AI;2026-09-16 16:02:29;0;;;;
353664;2;LINES_OF_CODE_AI;2026-09-16 16:32:35;0;;;;
353662;2;LINES_OF_CODE_AI;2026-09-16 16:52:52;0;;;;
353655;2;LINES_OF_CODE_AI;2026-09-16 17:51:46;0;;;;
353682;2;LINES_OF_CODE_AI;2026-09-17 08:03:13;0;;;;
353688;2;LINES_OF_CODE_AI;2026-09-17 08:12:12;4;;;;
353679;2;LINES_OF_CODE_AI;2026-09-17 08:16:52;0;;;;
353686;2;LINES_OF_CODE_AI;2026-09-17 09:14:20;0;;;;
353684;2;LINES_OF_CODE_AI;2026-09-17 09:51:59;0;;;;
353674;2;LINES_OF_CODE_AI;2026-09-17 10:12:45;0;;;;
353672;2;LINES_OF_CODE_AI;2026-09-17 10:38:37;0;;;;
353669;2;LINES_OF_CODE_AI;2026-09-17 11:14:02;0;;;;
353675;2;LINES_OF_CODE_AI;2026-09-17 11:41:40;0;;;;
353673;2;LINES_OF_CODE_AI;2026-09-17 12:19:23;0;;;;
353677;2;LINES_OF_CODE_AI;2026-09-17 12:27:00;0;;;;
353687;2;LINES_OF_CODE_AI;2026-09-17 12:28:26;0;;;;
353678;2;LINES_OF_CODE_AI;2026-09-17 12:39:52;0;;;;
353681;2;LINES_OF_CODE_AI;2026-09-17 14:10:42;0;;;;
353670;2;LINES_OF_CODE_AI;2026-09-17 14:15:44;0;;;;
353667;2;LINES_OF_CODE_AI;2026-09-17 14:49:53;0;;;;
353685;2;LINES_OF_CODE_AI;2026-09-17 14:56:44;0;;;;
353666;2;LINES_OF_CODE_AI;2026-09-17 15:20:18;0;;;;
353676;2;LINES_OF_CODE_AI;2026-09-17 15:21:56;0;;;;
353683;2;LINES_OF_CODE_AI;2026-09-17 16:19:20;0;;;;
353668;2;LINES_OF_CODE_AI;2026-09-17 16:35:30;0;;;;
353680;2;LINES_OF_CODE_AI;2026-09-17 16:35:43;0;;;;
353671;2;LINES_OF_CODE_AI;2026-09-17 16:58:02;0;;;;
353696;2;LINES_OF_CODE_AI;2026-09-18 08:07:43;0;;;;
353697;2;LINES_OF_CODE_AI;2026-09-18 09:49:59;0;;;;
353701;2;LINES_OF_CODE_AI;2026-09-18 10:00:29;0;;;;
353693;2;LINES_OF_CODE_AI;2026-09-18 10:47:07;0;;;;
353689;2;LINES_OF_CODE_AI;2026-09-18 11:49:25;0;;;;
353695;2;LINES_OF_CODE_AI;2026-09-18 13:36:34;0;;;;
353698;2;LINES_OF_CODE_AI;2026-09-18 13:49:07;0;;;;
353699;2;LINES_OF_CODE_AI;2026-09-18 13:58:41;0;;;;
353702;2;LINES_OF_CODE_AI;2026-09-18 14:09:23;0;;;;
353694;2;LINES_OF_CODE_AI;2026-09-18 14:20:30;0;;;;
353692;2;LINES_OF_CODE_AI;2026-09-18 14:28:41;0;;;;
353703;2;LINES_OF_CODE_AI;2026-09-18 14:35:49;0;;;;
353704;2;LINES_OF_CODE_AI;2026-09-18 15:07:28;0;;;;
353700;2;LINES_OF_CODE_AI;2026-09-18 15:56:39;0;;;;
353705;2;LINES_OF_CODE_AI;2026-09-18 16:16:48;2;;;;
353690;2;LINES_OF_CODE_AI;2026-09-18 16:49:25;0;;;;
353691;2;LINES_OF_CODE_AI;2026-09-18 17:15:35;0;;;;
353715;2;LINES_OF_CODE_AI;2026-09-21 08:53:01;0;;;;
353708;2;LINES_OF_CODE_AI;2026-09-21 08:55:19;0;;;;
353707;2;LINES_OF_CODE_AI;2026-09-21 09:45:43;0;;;;
353729;2;LINES_OF_CODE_AI;2026-09-21 09:52:38;3;;;;
353719;2;LINES_OF_CODE_AI;2026-09-21 10:00:54;0;;;;
353718;2;LINES_OF_CODE_AI;2026-09-21 10:04:52;0;;;;
353727;2;LINES_OF_CODE_AI;2026-09-21 10:04:55;0;;;;
353713;2;LINES_OF_CODE_AI;2026-09-21 10:42:14;0;;;;
353712;2;LINES_OF_CODE_AI;2026-09-21 11:31:59;0;;;;
353706;2;LINES_OF_CODE_AI;2026-09-21 12:15:11;0;;;;
353714;2;LINES_OF_CODE_AI;2026-09-21 12:32:15;0;;;;
353717;2;LINES_OF_CODE_AI;2026-09-21 12:52:07;0;;;;
353728;2;LINES_OF_CODE_AI;2026-09-21 12:56:19;0;;;;
353725;2;LINES_OF_CODE_AI;2026-09-21 12:56:58;0;;;;
353709;2;LINES_OF_CODE_AI;2026-09-21 13:38:41;0;;;;
353711;2;LINES_OF_CODE_AI;2026-09-21 14:13:59;0;;;;
353721;2;LINES_OF_CODE_AI;2026-09-21 14:34:37;0;;;;
353722;2;LINES_OF_CODE_AI;2026-09-21 14:47:05;0;;;;
353720;2;LINES_OF_CODE_AI;2026-09-21 15:09:35;0;;;;
353716;2;LINES_OF_CODE_AI;2026-09-21 16:11:13;0;;;;
353710;2;LINES_OF_CODE_AI;2026-09-21 16:28:55;0;;;;
353724;2;LINES_OF_CODE_AI;2026-09-21 16:41:46;0;;;;
353723;2;LINES_OF_CODE_AI;2026-09-21 17:17:26;0;;;;
353726;2;LINES_OF_CODE_AI;2026-09-21 17:39:19;0;;;;
353731;2;LINES_OF_CODE_AI;2026-09-22 08:34:13;0;;;;
353735;2;LINES_OF_CODE_AI;2026-09-22 09:39:46;0;;;;
353737;2;LINES_OF_CODE_AI;2026-09-22 09:40:49;0;;;;
353734;2;LINES_OF_CODE_AI;2026-09-22 10:03:18;0;;;;
353747;2;LINES_OF_CODE_AI;2026-09-22 10:51:41;0;;;;
353736;2;LINES_OF_CODE_AI;2026-09-22 10:51:55;0;;;;
353746;2;LINES_OF_CODE_AI;2026-09-22 12:20:48;0;;;;
353749;2;LINES_OF_CODE_AI;2026-09-22 12:26:38;0;;;;
353748;2;LINES_OF_CODE_AI;2026-09-22 12:30:09;0;;;;
353741;2;LINES_OF_CODE_AI;2026-09-22 12:34:40;0;;;;
353743;2;LINES_OF_CODE_AI;2026-09-22 12:43:58;0;;;;
353730;2;LINES_OF_CODE_AI;2026-09-22 13:30:49;0;;;;
353750;2;LINES_OF_CODE_AI;2026-09-22 14:08:36;4;;;;
353742;2;LINES_OF_CODE_AI;2026-09-22 14:26:11;0;;;;
353740;2;LINES_OF_CODE_AI;2026-09-22 15:41:16;0;;;;
353738;2;LINES_OF_CODE_AI;2026-09-22 15:52:18;0;;;;
353739;2;LINES_OF_CODE_AI;2026-09-22 15:56:24;0;;;;
353744;2;LINES_OF_CODE_AI;2026-09-22 16:00:35;0;;;;
353733;2;LINES_OF_CODE_AI;2026-09-22 16:52:26;0;;;;
353732;2;LINES_OF_CODE_AI;2026-09-22 17:32:22;0;;;;
353745;2;LINES_OF_CODE_AI;2026-09-22 17:58:21;0;;;;
353765;2;LINES_OF_CODE_AI;2026-09-23 08:08:15;0;;;;
353753;2;LINES_OF_CODE_AI;2026-09-23 09:05:09;0;;;;
353761;2;LINES_OF_CODE_AI;2026-09-23 10:02:33;0;;;;
353759;2;LINES_OF_CODE_AI;2026-09-23 10:15:17;0;;;;
353758;2;LINES_OF_CODE_AI;2026-09-23 11:37:03;0;;;;
353757;2;LINES_OF_CODE_AI;2026-09-23 11:42:44;0;;;;
353754;2;LINES_OF_CODE_AI;2026-09-23 11:42:49;0;;;;
353751;2;LINES_OF_CODE_AI;2026-09-23 11:47:45;0;;;;
353766;2;LINES_OF_CODE_AI;2026-09-23 12:04:42;0;;;;
353755;2;LINES_OF_CODE_AI;2026-09-23 12:48:36;0;;;;
353752;2;LINES_OF_CODE_AI;2026-09-23 13:06:51;0;;;;
353767;2;LINES_OF_CODE_AI;2026-09-23 14:26:13;0;;;;
353768;2;LINES_OF_CODE_AI;2026-09-23 14:27:11;3;;;;
353764;2;LINES_OF_CODE_AI;2026-09-23 15:26:32;0;;;;
353756;2;LINES_OF_CODE_AI;2026-09-23 15:39:29;0;;;;
353760;2;LINES_OF_CODE_AI;2026-09-23 17:19:50;0;;;;
353763;2;LINES_OF_CODE_AI;2026-09-23 17:21:41;0;;;;
353762;2;LINES_OF_CODE_AI;2026-09-23 17:57:20;0;;;;
353776;2;LINES_OF_CODE_AI;2026-09-24 08:21:10;0;;;;
353783;2;LINES_OF_CODE_AI;2026-09-24 08:51:12;0;;;;
353781;2;LINES_OF_CODE_AI;2026-09-24 10:28:07;0;;;;
353770;2;LINES_OF_CODE_AI;2026-09-24 10:50:14;0;;;;
353772;2;LINES_OF_CODE_AI;2026-09-24 11:06:37;0;;;;
353778;2;LINES_OF_CODE_AI;2026-09-24 11:43:48;0;;;;
353780;2;LINES_OF_CODE_AI;2026-09-24 12:19:06;0;;;;
353784;2;LINES_OF_CODE_AI;2026-09-24 12:23:50;4;;;;
353777;2;LINES_OF_CODE_AI;2026-09-24 12:44:00;0;;;;
353775;2;LINES_OF_CODE_AI;2026-09-24 12:51:56;0;;;;
353771;2;LINES_OF_CODE_AI;2026-09-24 12:52:25;0;;;;
353774;2;LINES_OF_CODE_AI;2026-09-24 14:39:11;0;;;;
353773;2;LINES_OF_CODE_AI;2026-09-24 14:40:30;0;;;;
353779;2;LINES_OF_CODE_AI;2026-09-24 14:59:36;0;;;;
353769;2;LINES_OF_CODE_AI;2026-09-24 15:29:26;0;;;;
353782;2;LINES_OF_CODE_AI;2026-09-24 17:25:16;0;;;;
353804;2;LINES_OF_CODE_AI;2026-09-25 09:00:04;0;;;;
353786;2;LINES_OF_CODE_AI;2026-09-25 09:55:47;0;;;;
353789;2;LINES_OF_CODE_AI;2026-09-25 09:57:02;0;;;;
353792;2;LINES_OF_CODE_AI;2026-09-25 10:23:58;0;;;;
353803;2;LINES_OF_CODE_AI;2026-09-25 10:30:59;0;;;;
353801;2;LINES_OF_CODE_AI;2026-09-25 10:38:29;0;;;;
353805;2;LINES_OF_CODE_AI;2026-09-25 11:20:03;8;;;;
353791;2;LINES_OF_CODE_AI;2026-09-25 11:24:04;0;;;;
353787;2;LINES_OF_CODE_AI;2026-09-25 11:40:22;0;;;;
353802;2;LINES_OF_CODE_AI;2026-09-25 12:52:46;0;;;;
353798;2;LINES_OF_CODE_AI;2026-09-25 13:01:52;0;;;;
353790;2;LINES_OF_CODE_AI;2026-09-25 13:22:32;0;;;;
353796;2;LINES_OF_CODE_AI;2026-09-25 13:27:28;0;;;;
353785;2;LINES_OF_CODE_AI;2026-09-25 13:52:55;0;;;;
353797;2;LINES_OF_CODE_AI;2026-09-25 14:25:20;0;;;;
353794;2;LINES_OF_CODE_AI;2026-09-25 14:36:41;0;;;;
353788;2;LINES_OF_CODE_AI;2026-09-25 15:39:14;0;;;;
353799;2;LINES_OF_CODE_AI;2026-09-25 16:33:06;0;;;;
353793;2;LINES_OF_CODE_AI;2026-09-25 16:56:40;0;;;;
353795;2;LINES_OF_CODE_AI;2026-09-25 17:01:00;0;;;;
353800;2;LINES_OF_CODE_AI;2026-09-25 17:57:17;0;;;;
353816;2;LINES_OF_CODE_AI;2026-09-28 08:10:22;0;;;;
353812;2;LINES_OF_CODE_AI;2026-09-28 08:24:27;0;;;;
353810;2;LINES_OF_CODE_AI;2026-09-28 08:59:45;0;;;;
353815;2;LINES_OF_CODE_AI;2026-09-28 09:59:11;0;;;;
353808;2;LINES_OF_CODE_AI;2026-09-28 11:16:40;0;;;;
353821;2;LINES_OF_CODE_AI;2026-09-28 11:16:54;0;;;;
353819;2;LINES_OF_CODE_AI;2026-09-28 11:22:40;0;;;;
353825;2;LINES_OF_CODE_AI;2026-09-28 11:41:45;0;;;;
353806;2;LINES_OF_CODE_AI;2026-09-28 11:46:43;0;;;;
353829;2;LINES_OF_CODE_AI;2026-09-28 11:57:13;3;;;;
353814;2;LINES_OF_CODE_AI;2026-09-28 12:09:03;0;;;;
353818;2;LINES_OF_CODE_AI;2026-09-28 13:00:45;0;;;;
353807;2;LINES_OF_CODE_AI;2026-09-28 13:32:33;0;;;;
353822;2;LINES_OF_CODE_AI;2026-09-28 13:35:08;0;;;;
353824;2;LINES_OF_CODE_AI;2026-09-28 13:45:21;0;;;;
353820;2;LINES_OF_CODE_AI;2026-09-28 13:47:31;0;;;;
353827;2;LINES_OF_CODE_AI;2026-09-28 13:58:01;0;;;;
353813;2;LINES_OF_CODE_AI;2026-09-28 15:20:15;0;;;;
353823;2;LINES_OF_CODE_AI;2026-09-28 16:03:46;0;;;;
353817;2;LINES_OF_CODE_AI;2026-09-28 17:26:19;0;;;;
353809;2;LINES_OF_CODE_AI;2026-09-28 17:30:04;0;;;;
353826;2;LINES_OF_CODE_AI;2026-09-28 17:34:02;0;;;;
353828;2;LINES_OF_CODE_AI;2026-09-28 17:51:22;0;;;;
353811;2;LINES_OF_CODE_AI;2026-09-28 17:55:17;0;;;;
353844;2;LINES_OF_CODE_AI;2026-09-29 09:06:21;0;;;;
353840;2;LINES_OF_CODE_AI;2026-09-29 09:07:54;0;;;;
353833;2;LINES_OF_CODE_AI;2026-09-29 09:46:33;0;;;;
353836;2;LINES_OF_CODE_AI;2026-09-29 09:53:19;0;;;;
353832;2;LINES_OF_CODE_AI;2026-09-29 10:00:27;0;;;;
353849;2;LINES_OF_CODE_AI;2026-09-29 10:15:14;8;;;;
353837;2;LINES_OF_CODE_AI;2026-09-29 10:42:21;0;;;;
353843;2;LINES_OF_CODE_AI;2026-09-29 11:09:06;0;;;;
353830;2;LINES_OF_CODE_AI;2026-09-29 11:17:12;0;;;;
353842;2;LINES_OF_CODE_AI;2026-09-29 13:06:49;0;;;;
353847;2;LINES_OF_CODE_AI;2026-09-29 13:23:22;0;;;;
353841;2;LINES_OF_CODE_AI;2026-09-29 14:10:22;0;;;;
353848;2;LINES_OF_CODE_AI;2026-09-29 14:39:09;0;;;;
353846;2;LINES_OF_CODE_AI;2026-09-29 15:00:48;0;;;;
353834;2;LINES_OF_CODE_AI;2026-09-29 15:07:21;0;;;;
353835;2;LINES_OF_CODE_AI;2026-09-29 15:38:23;0;;;;
353845;2;LINES_OF_CODE_AI;2026-09-29 15:49:03;0;;;;
353831;2;LINES_OF_CODE_AI;2026-09-29 17:17:07;0;;;;
353839;2;LINES_OF_CODE_AI;2026-09-29 17:48:16;0;;;;
353838;2;LINES_OF_CODE_AI;2026-09-29 17:52:00;0;;;;
353861;2;LINES_OF_CODE_AI;2026-09-30 08:05:55;0;;;;
353863;2;LINES_OF_CODE_AI;2026-09-30 08:07:20;0;;;;
353865;2;LINES_OF_CODE_AI;2026-09-30 08:24:22;0;;;;
353852;2;LINES_OF_CODE_AI;2026-09-30 08:28:06;0;;;;
353856;2;LINES_OF_CODE_AI;2026-09-30 10:07:14;0;;;;
353869;2;LINES_OF_CODE_AI;2026-09-30 10:34:36;0;;;;
353868;2;LINES_OF_CODE_AI;2026-09-30 10:41:43;0;;;;
353864;2;LINES_OF_CODE_AI;2026-09-30 11:09:30;0;;;;
353859;2;LINES_OF_CODE_AI;2026-09-30 11:36:34;0;;;;
353867;2;LINES_OF_CODE_AI;2026-09-30 11:38:38;0;;;;
353853;2;LINES_OF_CODE_AI;2026-09-30 12:21:23;0;;;;
353855;2;LINES_OF_CODE_AI;2026-09-30 12:45:24;0;;;;
353866;2;LINES_OF_CODE_AI;2026-09-30 13:33:21;0;;;;
353857;2;LINES_OF_CODE_AI;2026-09-30 13:44:28;0;;;;
353870;2;LINES_OF_CODE_AI;2026-09-30 14:17:49;0;;;;
353860;2;LINES_OF_CODE_AI;2026-09-30 14:17:56;0;;;;
353862;2;LINES_OF_CODE_AI;2026-09-30 14:41:23;0;;;;
353854;2;LINES_OF_CODE_AI;2026-09-30 14:56:46;0;;;;
353851;2;LINES_OF_CODE_AI;2026-09-30 14:59:20;0;;;;
353871;2;LINES_OF_CODE_AI;2026-09-30 15:18:42;0;;;;
353858;2;LINES_OF_CODE_AI;2026-09-30 15:33:58;0;;;;
353850;2;LINES_OF_CODE_AI;2026-09-30 15:34:34;0;;;;
353885;2;LINES_OF_CODE_AI;2026-10-01 08:55:01;0;;;;
353873;2;LINES_OF_CODE_AI;2026-10-01 09:18:37;0;;;;
353882;2;LINES_OF_CODE_AI;2026-10-01 09:50:11;0;;;;
353874;2;LINES_OF_CODE_AI;2026-10-01 11:35:36;0;;;;
353878;2;LINES_OF_CODE_AI;2026-10-01 11:42:00;-1;;;;
353872;2;LINES_OF_CODE_AI;2026-10-01 11:43:02;0;;;;
353879;2;LINES_OF_CODE_AI;2026-10-01 11:52:25;0;;;;
353876;2;LINES_OF_CODE_AI;2026-10-01 12:16:39;-1;;;;
353881;2;LINES_OF_CODE_AI;2026-10-01 12:36:16;-1;;;;
353883;2;LINES_OF_CODE_AI;2026-10-01 12:57:22;-1;;;;
353886;2;LINES_OF_CODE_AI;2026-10-01 14:47:42;-1;;;;
353875;2;LINES_OF_CODE_AI;2026-10-01 15:05:01;-1;;;;
353880;2;LINES_OF_CODE_AI;2026-10-01 15:44:40;-1;;;;
353887;2;LINES_OF_CODE_AI;2026-10-01 16:40:19;-10;;;;
353877;2;LINES_OF_CODE_AI;2026-10-01 16:53:48;0;;;;
353884;2;LINES_OF_CODE_AI;2026-10-01 17:53:43;-1;;;;
353909;2;LINES_OF_CODE_AI;2026-10-02 08:17:29;0;;;;
353902;2;LINES_OF_CODE_AI;2026-10-02 08:29:00;0;;;;
353901;2;LINES_OF_CODE_AI;2026-10-02 09:17:00;0;;;;
353892;2;LINES_OF_CODE_AI;2026-10-02 09:35:22;0;;;;
353897;2;LINES_OF_CODE_AI;2026-10-02 09:45:06;0;;;;
353896;2;LINES_OF_CODE_AI;2026-10-02 09:52:45;0;;;;
353888;2;LINES_OF_CODE_AI;2026-10-02 10:33:52;0;;;;
353904;2;LINES_OF_CODE_AI;2026-10-02 11:04:52;0;;;;
353895;2;LINES_OF_CODE_AI;2026-10-02 11:10:04;0;;;;
353894;2;LINES_OF_CODE_AI;2026-10-02 11:37:43;0;;;;
353908;2;LINES_OF_CODE_AI;2026-10-02 12:10:02;0;;;;
353910;2;LINES_OF_CODE_AI;2026-10-02 13:14:22;-7;;;;
353890;2;LINES_OF_CODE_AI;2026-10-02 13:55:15;0;;;;
353893;2;LINES_OF_CODE_AI;2026-10-02 14:49:48;0;;;;
353898;2;LINES_OF_CODE_AI;2026-10-02 14:57:33;0;;;;
353903;2;LINES_OF_CODE_AI;2026-10-02 14:58:37;0;;;;
353907;2;LINES_OF_CODE_AI;2026-10-02 15:11:35;0;;;;
353891;2;LINES_OF_CODE_AI;2026-10-02 15:46:32;0;;;;
353906;2;LINES_OF_CODE_AI;2026-10-02 16:13:11;0;;;;
353889;2;LINES_OF_CODE_AI;2026-10-02 16:42:22;0;;;;
353899;2;LINES_OF_CODE_AI;2026-10-02 16:56:21;0;;;;
353900;2;LINES_OF_CODE_AI;2026-10-02 17:10:20;0;;;;
353905;2;LINES_OF_CODE_AI;2026-10-02 17:55:08;0;;;;
353917;2;LINES_OF_CODE_AI;2026-10-05 09:11:16;-2;;;;
353922;2;LINES_OF_CODE_AI;2026-10-05 10:02:42;-2;;;;
353926;2;LINES_OF_CODE_AI;2026-10-05 10:49:14;-2;;;;
353921;2;LINES_OF_CODE_AI;2026-10-05 11:13:19;-1;;;;
353912;2;LINES_OF_CODE_AI;2026-10-05 11:21:51;-1;;;;
353916;2;LINES_OF_CODE_AI;2026-10-05 11:37:27;-1;;;;
353915;2;LINES_OF_CODE_AI;2026-10-05 13:08:15;-1;;;;
353913;2;LINES_OF_CODE_AI;2026-10-05 13:35:02;-1;;;;
353920;2;LINES_OF_CODE_AI;2026-10-05 14:31:04;-2;;;;
353924;2;LINES_OF_CODE_AI;2026-10-05 14:33:27;-1;;;;
353918;2;LINES_OF_CODE_AI;2026-10-05 15:11:09;-1;;;;
353911;2;LINES_OF_CODE_AI;2026-10-05 15:18:34;-2;;;;
353925;2;LINES_OF_CODE_AI;2026-10-05 15:41:53;-2;;;;
353923;2;LINES_OF_CODE_AI;2026-10-05 16:19:59;-2;;;;
353928;2;LINES_OF_CODE_AI;2026-10-05 16:52:37;-4;;;;
353919;2;LINES_OF_CODE_AI;2026-10-05 17:18:02;-1;;;;
353914;2;LINES_OF_CODE_AI;2026-10-05 17:38:17;0;;;;
353927;2;LINES_OF_CODE_AI;2026-10-05 17:58:03;-2;;;;
353934;2;LINES_OF_CODE_AI;2026-10-06 09:22:07;-1;;;;
353932;2;LINES_OF_CODE_AI;2026-10-06 09:34:13;-1;;;;
353943;2;LINES_OF_CODE_AI;2026-10-06 09:35:32;0;;;;
353930;2;LINES_OF_CODE_AI;2026-10-06 09:56:35;-1;;;;
353942;2;LINES_OF_CODE_AI;2026-10-06 09:59:04;-1;;;;
353944;2;LINES_OF_CODE_AI;2026-10-06 10:14:50;-3;;;;
353933;2;LINES_OF_CODE_AI;2026-10-06 10:36:01;-2;;;;
353931;2;LINES_OF_CODE_AI;2026-10-06 11:48:12;-2;;;;
353941;2;LINES_OF_CODE_AI;2026-10-06 12:44:05;-1;;;;
353939;2;LINES_OF_CODE_AI;2026-10-06 13:00:53;-1;;;;
353940;2;LINES_OF_CODE_AI;2026-10-06 13:51:35;0;;;;
353936;2;LINES_OF_CODE_AI;2026-10-06 14:23:50;-1;;;;
353946;2;LINES_OF_CODE_AI;2026-10-06 15:13:04;-6;;;;
353937;2;LINES_OF_CODE_AI;2026-10-06 16:14:32;-1;;;;
353938;2;LINES_OF_CODE_AI;2026-10-06 16:58:06;-1;;;;
353945;2;LINES_OF_CODE_AI;2026-10-06 17:00:24;0;;;;
353935;2;LINES_OF_CODE_AI;2026-10-06 17:40:10;0;;;;
353929;2;LINES_OF_CODE_AI;2026-10-06 17:57:11;-1;;;;
353950;2;LINES_OF_CODE_AI;2026-10-07 08:43:13;-1;;;;
353957;2;LINES_OF_CODE_AI;2026-10-07 09:08:40;0;;;;
353960;2;LINES_OF_CODE_AI;2026-10-07 10:17:07;-1;;;;
353947;2;LINES_OF_CODE_AI;2026-10-07 11:17:35;0;;;;
353953;2;LINES_OF_CODE_AI;2026-10-07 11:19:44;-1;;;;
353948;2;LINES_OF_CODE_AI;2026-10-07 11:27:12;0;;;;
353959;2;LINES_OF_CODE_AI;2026-10-07 11:28:09;-1;;;;
353964;2;LINES_OF_CODE_AI;2026-10-07 12:00:58;-8;;;;
353952;2;LINES_OF_CODE_AI;2026-10-07 12:35:49;-1;;;;
353961;2;LINES_OF_CODE_AI;2026-10-07 12:40:44;-1;;;;
353958;2;LINES_OF_CODE_AI;2026-10-07 13:27:25;-1;;;;
353962;2;LINES_OF_CODE_AI;2026-10-07 14:17:33;0;;;;
353949;2;LINES_OF_CODE_AI;2026-10-07 14:54:37;0;;;;
353951;2;LINES_OF_CODE_AI;2026-10-07 15:11:58;0;;;;
353956;2;LINES_OF_CODE_AI;2026-10-07 16:56:05;-1;;;;
353955;2;LINES_OF_CODE_AI;2026-10-07 17:23:34;0;;;;
353963;2;LINES_OF_CODE_AI;2026-10-07 17:26:45;0;;;;
353954;2;LINES_OF_CODE_AI;2026-10-07 17:35:41;-1;;;;
353970;2;LINES_OF_CODE_AI;2026-10-08 08:18:46;-1;;;;
353981;2;LINES_OF_CODE_AI;2026-10-08 08:19:53;0;;;;
353978;2;LINES_OF_CODE_AI;2026-10-08 08:50:58;-1;;;;
353966;2;LINES_OF_CODE_AI;2026-10-08 09:04:36;-1;;;;
353979;2;LINES_OF_CODE_AI;2026-10-08 09:07:20;-1;;;;
353971;2;LINES_OF_CODE_AI;2026-10-08 09:13:34;-1;;;;
353965;2;LINES_OF_CODE_AI;2026-10-08 09:27:17;-1;;;;
353969;2;LINES_OF_CODE_AI;2026-10-08 09:34:16;0;;;;
353968;2;LINES_OF_CODE_AI;2026-10-08 09:52:15;0;;;;
353982;2;LINES_OF_CODE_AI;2026-10-08 11:08:31;-1;;;;
353986;2;LINES_OF_CODE_AI;2026-10-08 11:50:44;-1;;;;
353977;2;LINES_OF_CODE_AI;2026-10-08 12:41:11;-1;;;;
353975;2;LINES_OF_CODE_AI;2026-10-08 12:58:12;0;;;;
353967;2;LINES_OF_CODE_AI;2026-10-08 13:01:30;-1;;;;
353980;2;LINES_OF_CODE_AI;2026-10-08 13:04:30;-1;;;;
353987;2;LINES_OF_CODE_AI;2026-10-08 13:15:01;-8;;;;
353983;2;LINES_OF_CODE_AI;2026-10-08 13:57:08;0;;;;
353984;2;LINES_OF_CODE_AI;2026-10-08 14:32:34;-1;;;;
353974;2;LINES_OF_CODE_AI;2026-10-08 15:08:29;-1;;;;
353976;2;LINES_OF_CODE_AI;2026-10-08 16:21:37;0;;;;
353972;2;LINES_OF_CODE_AI;2026-10-08 16:59:18;0;;;;
353973;2;LINES_OF_CODE_AI;2026-10-08 17:38:30;-1;;;;
353985;2;LINES_OF_CODE_AI;2026-10-08 17:46:10;-1;;;;
353995;2;LINES_OF_CODE_AI;2026-10-09 08:24:00;0;;;;
353999;2;LINES_OF_CODE_AI;2026-10-09 08:37:40;0;;;;
354008;2;LINES_OF_CODE_AI;2026-10-09 09:09:18;0;;;;
354003;2;LINES_OF_CODE_AI;2026-10-09 09:33:29;0;;;;
354000;2;LINES_OF_CODE_AI;2026-10-09 09:46:32;0;;;;
353992;2;LINES_OF_CODE_AI;2026-10-09 12:20:55;0;;;;
354005;2;LINES_OF_CODE_AI;2026-10-09 12:39:54;0;;;;
354007;2;LINES_OF_CODE_AI;2026-10-09 12:48:12;0;;;;
353997;2;LINES_OF_CODE_AI;2026-10-09 12:50:47;0;;;;
354009;2;LINES_OF_CODE_AI;2026-10-09 12:58:56;-12;;;;
354001;2;LINES_OF_CODE_AI;2026-10-09 13:40:31;0;;;;
353989;2;LINES_OF_CODE_AI;2026-10-09 13:43:37;0;;;;
354006;2;LINES_OF_CODE_AI;2026-10-09 14:23:08;0;;;;
353998;2;LINES_OF_CODE_AI;2026-10-09 15:01:42;0;;;;
353994;2;LINES_OF_CODE_AI;2026-10-09 16:14:34;0;;;;
353990;2;LINES_OF_CODE_AI;2026-10-09 16:23:39;0;;;;
353993;2;LINES_OF_CODE_AI;2026-10-09 16:55:38;0;;;;
354004;2;LINES_OF_CODE_AI;2026-10-09 16:55:43;0;;;;
353988;2;LINES_OF_CODE_AI;2026-10-09 17:02:41;0;;;;
353996;2;LINES_OF_CODE_AI;2026-10-09 17:08:26;0;;;;
353991;2;LINES_OF_CODE_AI;2026-10-09 17:23:59;0;;;;
354002;2;LINES_OF_CODE_AI;2026-10-09 17:45:21;0;;;;
354028;2;LINES_OF_CODE_AI;2026-10-12 08:26:20;-1;;;;
354027;2;LINES_OF_CODE_AI;2026-10-12 08:59:19;0;;;;
354013;2;LINES_OF_CODE_AI;2026-10-12 09:12:22;0;;;;
354029;2;LINES_OF_CODE_AI;2026-10-12 09:51:38;0;;;;
354021;2;LINES_OF_CODE_AI;2026-10-12 10:21:32;0;;;;
354016;2;LINES_OF_CODE_AI;2026-10-12 10:43:10;-1;;;;
354017;2;LINES_OF_CODE_AI;2026-10-12 10:45:03;-1;;;;
354024;2;LINES_OF_CODE_AI;2026-10-12 11:40:34;0;;;;
354026;2;LINES_OF_CODE_AI;2026-10-12 11:51:58;-1;;;;
354014;2;LINES_OF_CODE_AI;2026-10-12 12:28:27;-1;;;;
354015;2;LINES_OF_CODE_AI;2026-10-12 12:37:50;0;;;;
354020;2;LINES_OF_CODE_AI;2026-10-12 12:43:18;-2;;;;
354030;2;LINES_OF_CODE_AI;2026-10-12 12:53:34;-2;;;;
354018;2;LINES_OF_CODE_AI;2026-10-12 13:39:26;0;;;;
354031;2;LINES_OF_CODE_AI;2026-10-12 13:47:35;-15;;;;
354010;2;LINES_OF_CODE_AI;2026-10-12 13:59:01;0;;;;
354025;2;LINES_OF_CODE_AI;2026-10-12 14:39:31;0;;;;
354022;2;LINES_OF_CODE_AI;2026-10-12 15:48:15;-1;;;;
354012;2;LINES_OF_CODE_AI;2026-10-12 16:18:40;-1;;;;
354019;2;LINES_OF_CODE_AI;2026-10-12 17:04:29;-1;;;;
354011;2;LINES_OF_CODE_AI;2026-10-12 17:06:56;-1;;;;
354023;2;LINES_OF_CODE_AI;2026-10-12 17:57:42;-1;;;;
354050;2;LINES_OF_CODE_AI;2026-10-13 09:20:12;-1;;;;
354040;2;LINES_OF_CODE_AI;2026-10-13 09:56:16;0;;;;
354032;2;LINES_OF_CODE_AI;2026-10-13 10:06:26;0;;;;
354042;2;LINES_OF_CODE_AI;2026-10-13 10:42:28;0;;;;
354037;2;LINES_OF_CODE_AI;2026-10-13 10:52:28;0;;;;
354045;2;LINES_OF_CODE_AI;2026-10-13 11:17:33;-1;;;;
354039;2;LINES_OF_CODE_AI;2026-10-13 11:38:03;-1;;;;
354033;2;LINES_OF_CODE_AI;2026-10-13 12:10:48;-1;;;;
354035;2;LINES_OF_CODE_AI;2026-10-13 12:17:54;-1;;;;
354051;2;LINES_OF_CODE_AI;2026-10-13 12:20:43;0;;;;
354041;2;LINES_OF_CODE_AI;2026-10-13 12:27:43;-1;;;;
354034;2;LINES_OF_CODE_AI;2026-10-13 12:44:03;-1;;;;
354052;2;LINES_OF_CODE_AI;2026-10-13 12:47:50;0;;;;
354049;2;LINES_OF_CODE_AI;2026-10-13 13:12:48;-2;;;;
354044;2;LINES_OF_CODE_AI;2026-10-13 13:16:51;-1;;;;
354053;2;LINES_OF_CODE_AI;2026-10-13 13:20:47;-8;;;;
354036;2;LINES_OF_CODE_AI;2026-10-13 13:34:06;-1;;;;
354047;2;LINES_OF_CODE_AI;2026-10-13 14:14:08;0;;;;
354038;2;LINES_OF_CODE_AI;2026-10-13 15:11:49;-1;;;;
354048;2;LINES_OF_CODE_AI;2026-10-13 15:22:12;-1;;;;
354043;2;LINES_OF_CODE_AI;2026-10-13 15:55:59;0;;;;
354046;2;LINES_OF_CODE_AI;2026-10-13 17:09:57;-1;;;;
354074;2;LINES_OF_CODE_AI;2026-10-14 08:05:17;0;;;;
354054;2;LINES_OF_CODE_AI;2026-10-14 08:17:39;-1;;;;
354072;2;LINES_OF_CODE_AI;2026-10-14 08:28:30;0;;;;
354066;2;LINES_OF_CODE_AI;2026-10-14 09:40:13;0;;;;
354059;2;LINES_OF_CODE_AI;2026-10-14 10:43:35;-1;;;;
354078;2;LINES_OF_CODE_AI;2026-10-14 11:08:01;-11;;;;
354056;2;LINES_OF_CODE_AI;2026-10-14 11:09:27;-1;;;;
354058;2;LINES_OF_CODE_AI;2026-10-14 11:39:01;-1;;;;
354063;2;LINES_OF_CODE_AI;2026-10-14 12:26:03;-1;;;;
354071;2;LINES_OF_CODE_AI;2026-10-14 12:28:51;0;;;;
354055;2;LINES_OF_CODE_AI;2026-10-14 12:33:02;0;;;;
354075;2;LINES_OF_CODE_AI;2026-10-14 13:15:21;-1;;;;
354060;2;LINES_OF_CODE_AI;2026-10-14 13:20:29;0;;;;
354070;2;LINES_OF_CODE_AI;2026-10-14 13:32:34;0;;;;
354062;2;LINES_OF_CODE_AI;2026-10-14 14:03:20;0;;;;
354065;2;LINES_OF_CODE_AI;2026-10-14 14:13:42;-1;;;;
354068;2;LINES_OF_CODE_AI;2026-10-14 14:38:51;0;;;;
354077;2;LINES_OF_CODE_AI;2026-10-14 14:47:12;0;;;;
354064;2;LINES_OF_CODE_AI;2026-10-14 15:18:18;-1;;;;
354057;2;LINES_OF_CODE_AI;2026-10-14 15:26:19;0;;;;
354073;2;LINES_OF_CODE_AI;2026-10-14 15:32:56;-1;;;;
354061;2;LINES_OF_CODE_AI;2026-10-14 15:33:06;-1;;;;
354069;2;LINES_OF_CODE_AI;2026-10-14 16:05:53;-1;;;;
354067;2;LINES_OF_CODE_AI;2026-10-14 16:53:42;0;;;;
354076;2;LINES_OF_CODE_AI;2026-10-14 17:24:58;0;;;;
354084;2;LINES_OF_CODE_AI;2026-10-15 08:42:31;-1;;;;
354081;2;LINES_OF_CODE_AI;2026-10-15 09:22:04;-1;;;;
354089;2;LINES_OF_CODE_AI;2026-10-15 09:23:13;0;;;;
354079;2;LINES_OF_CODE_AI;2026-10-15 09:37:37;0;;;;
354096;2;LINES_OF_CODE_AI;2026-10-15 10:15:28;-9;;;;
354086;2;LINES_OF_CODE_AI;2026-10-15 11:19:15;-1;;;;
354087;2;LINES_OF_CODE_AI;2026-10-15 11:22:46;-1;;;;
354088;2;LINES_OF_CODE_AI;2026-10-15 11:38:33;-1;;;;
354082;2;LINES_OF_CODE_AI;2026-10-15 11:44:02;-2;;;;
354091;2;LINES_OF_CODE_AI;2026-10-15 11:53:12;-1;;;;
354080;2;LINES_OF_CODE_AI;2026-10-15 12:41:42;-2;;;;
354095;2;LINES_OF_CODE_AI;2026-10-15 12:42:21;-1;;;;
354093;2;LINES_OF_CODE_AI;2026-10-15 14:19:04;-1;;;;
354085;2;LINES_OF_CODE_AI;2026-10-15 14:36:52;-1;;;;
354083;2;LINES_OF_CODE_AI;2026-10-15 14:55:38;-1;;;;
354092;2;LINES_OF_CODE_AI;2026-10-15 15:02:44;0;;;;
354094;2;LINES_OF_CODE_AI;2026-10-15 16:48:17;-2;;;;
354090;2;LINES_OF_CODE_AI;2026-10-15 17:40:44;-1;;;;
354113;2;LINES_OF_CODE_AI;2026-10-16 08:34:30;0;;;;
354104;2;LINES_OF_CODE_AI;2026-10-16 09:24:31;0;;;;
354097;2;LINES_OF_CODE_AI;2026-10-16 09:47:00;0;;;;
354114;2;LINES_OF_CODE_AI;2026-10-16 09:48:33;0;;;;
354101;2;LINES_OF_CODE_AI;2026-10-16 10:11:14;0;;;;
354102;2;LINES_OF_CODE_AI;2026-10-16 12:06:49;0;;;;
354111;2;LINES_OF_CODE_AI;2026-10-16 12:40:02;0;;;;
354100;2;LINES_OF_CODE_AI;2026-10-16 12:40:57;0;;;;
354118;2;LINES_OF_CODE_AI;2026-10-16 13:51:15;-7;;;;
354105;2;LINES_OF_CODE_AI;2026-10-16 13:52:32;0;;;;
354109;2;LINES_OF_CODE_AI;2026-10-16 13:55:51;0;;;;
354106;2;LINES_OF_CODE_AI;2026-10-16 14:25:59;0;;;;
354108;2;LINES_OF_CODE_AI;2026-10-16 14:50:48;0;;;;
354116;2;LINES_OF_CODE_AI;2026-10-16 15:12:39;0;;;;
354110;2;LINES_OF_CODE_AI;2026-10-16 15:47:32;0;;;;
354115;2;LINES_OF_CODE_AI;2026-10-16 16:03:03;0;;;;
354099;2;LINES_OF_CODE_AI;2026-10-16 16:16:27;0;;;;
354107;2;LINES_OF_CODE_AI;2026-10-16 16:22:09;0;;;;
354103;2;LINES_OF_CODE_AI;2026-10-16 16:36:53;0;;;;
354117;2;LINES_OF_CODE_AI;2026-10-16 16:43:30;0;;;;
354098;2;LINES_OF_CODE_AI;2026-10-16 17:04:17;0;;;;
354112;2;LINES_OF_CODE_AI;2026-10-16 17:08:30;0;;;;
354125;2;LINES_OF_CODE_AI;2026-10-19 08:12:43;0;;;;
354124;2;LINES_OF_CODE_AI;2026-10-19 08:47:29;0;;;;
354131;2;LINES_OF_CODE_AI;2026-10-19 08:56:21;0;;;;
354121;2;LINES_OF_CODE_AI;2026-10-19 10:24:25;0;;;;
354127;2;LINES_OF_CODE_AI;2026-10-19 10:33:45;0;;;;
354128;2;LINES_OF_CODE_AI;2026-10-19 10:53:51;0;;;;
354133;2;LINES_OF_CODE_AI;2026-10-19 12:47:26;0;;;;
354126;2;LINES_OF_CODE_AI;2026-10-19 13:05:24;0;;;;
354134;2;LINES_OF_CODE_AI;2026-10-19 15:21:39;-9;;;;
354132;2;LINES_OF_CODE_AI;2026-10-19 15:50:58;-1;;;;
354122;2;LINES_OF_CODE_AI;2026-10-19 15:59:09;0;;;;
354119;2;LINES_OF_CODE_AI;2026-10-19 16:51:46;0;;;;
354120;2;LINES_OF_CODE_AI;2026-10-19 17:21:00;-1;;;;
354123;2;LINES_OF_CODE_AI;2026-10-19 17:31:08;0;;;;
354129;2;LINES_OF_CODE_AI;2026-10-19 17:31:21;0;;;;
354130;2;LINES_OF_CODE_AI;2026-10-19 17:51:24;0;;;;
354140;2;LINES_OF_CODE_AI;2026-10-20 08:05:59;0;;;;
354151;2;LINES_OF_CODE_AI;2026-10-20 08:53:41;0;;;;
354150;2;LINES_OF_CODE_AI;2026-10-20 09:01:14;-1;;;;
354136;2;LINES_OF_CODE_AI;2026-10-20 09:16:05;-1;;;;
354138;2;LINES_OF_CODE_AI;2026-10-20 09:35:21;-1;;;;
354149;2;LINES_OF_CODE_AI;2026-10-20 10:12:25;-1;;;;
354148;2;LINES_OF_CODE_AI;2026-10-20 10:28:08;0;;;;
354145;2;LINES_OF_CODE_AI;2026-10-20 10:50:57;0;;;;
354139;2;LINES_OF_CODE_AI;2026-10-20 13:08:40;0;;;;
354142;2;LINES_OF_CODE_AI;2026-10-20 13:16:47;-1;;;;
354135;2;LINES_OF_CODE_AI;2026-10-20 15:41:46;-1;;;;
354153;2;LINES_OF_CODE_AI;2026-10-20 15:45:09;-10;;;;
354144;2;LINES_OF_CODE_AI;2026-10-20 15:48:23;0;;;;
354146;2;LINES_OF_CODE_AI;2026-10-20 16:41:39;0;;;;
354141;2;LINES_OF_CODE_AI;2026-10-20 16:43:33;0;;;;
354137;2;LINES_OF_CODE_AI;2026-10-20 16:46:56;0;;;;
354147;2;LINES_OF_CODE_AI;2026-10-20 16:49:10;0;;;;
354143;2;LINES_OF_CODE_AI;2026-10-20 17:14:07;0;;;;
354152;2;LINES_OF_CODE_AI;2026-10-20 17:48:24;0;;;;
354161;2;LINES_OF_CODE_AI;2026-10-21 08:17:06;0;;;;
354165;2;LINES_OF_CODE_AI;2026-10-21 09:01:06;-1;;;;
354155;2;LINES_OF_CODE_AI;2026-10-21 09:08:25;-2;;;;
354163;2;LINES_OF_CODE_AI;2026-10-21 09:45:17;0;;;;
354158;2;LINES_OF_CODE_AI;2026-10-21 10:41:57;0;;;;
354167;2;LINES_OF_CODE_AI;2026-10-21 11:11:50;-2;;;;
354170;2;LINES_OF_CODE_AI;2026-10-21 11:22:57;-13;;;;
354164;2;LINES_OF_CODE_AI;2026-10-21 11:40:16;-1;;;;
354154;2;LINES_OF_CODE_AI;2026-10-21 12:17:48;-1;;;;
354159;2;LINES_OF_CODE_AI;2026-10-21 12:35:23;-2;;;;
354162;2;LINES_OF_CODE_AI;2026-10-21 13:06:25;-1;;;;
354157;2;LINES_OF_CODE_AI;2026-10-21 13:18:00;0;;;;
354166;2;LINES_OF_CODE_AI;2026-10-21 13:59:59;0;;;;
354169;2;LINES_OF_CODE_AI;2026-10-21 15:08:57;0;;;;
354156;2;LINES_OF_CODE_AI;2026-10-21 15:36:34;-1;;;;
354168;2;LINES_OF_CODE_AI;2026-10-21 17:06:02;-2;;;;
354160;2;LINES_OF_CODE_AI;2026-10-21 17:23:23;-1;;;;
354174;2;LINES_OF_CODE_AI;2026-10-22 08:12:57;-1;;;;
354186;2;LINES_OF_CODE_AI;2026-10-22 08:45:45;-13;;;;
354171;2;LINES_OF_CODE_AI;2026-10-22 09:05:52;-2;;;;
354173;2;LINES_OF_CODE_AI;2026-10-22 09:49:33;-2;;;;
354175;2;LINES_OF_CODE_AI;2026-10-22 09:55:08;-3;;;;
354184;2;LINES_OF_CODE_AI;2026-10-22 09:56:38;0;;;;
354179;2;LINES_OF_CODE_AI;2026-10-22 10:59:55;0;;;;
354182;2;LINES_OF_CODE_AI;2026-10-22 11:11:34;-2;;;;
354177;2;LINES_OF_CODE_AI;2026-10-22 11:45:38;-1;;;;
354183;2;LINES_OF_CODE_AI;2026-10-22 12:32:11;-3;;;;
354181;2;LINES_OF_CODE_AI;2026-10-22 12:46:39;-2;;;;
354176;2;LINES_OF_CODE_AI;2026-10-22 12:54:36;-1;;;;
354178;2;LINES_OF_CODE_AI;2026-10-22 13:10:44;-1;;;;
354180;2;LINES_OF_CODE_AI;2026-10-22 16:09:07;0;;;;
354172;2;LINES_OF_CODE_AI;2026-10-22 16:49:51;-1;;;;
354185;2;LINES_OF_CODE_AI;2026-10-22 17:00:29;0;;;;
354201;2;LINES_OF_CODE_AI;2026-10-23 08:02:08;-1;;;;
354191;2;LINES_OF_CODE_AI;2026-10-23 08:50:21;0;;;;
354187;2;LINES_OF_CODE_AI;2026-10-23 09:00:12;0;;;;
354200;2;LINES_OF_CODE_AI;2026-10-23 09:00:19;0;;;;
354193;2;LINES_OF_CODE_AI;2026-10-23 10:16:07;0;;;;
354198;2;LINES_OF_CODE_AI;2026-10-23 10:46:30;0;;;;
354197;2;LINES_OF_CODE_AI;2026-10-23 11:17:57;0;;;;
354196;2;LINES_OF_CODE_AI;2026-10-23 11:21:33;0;;;;
354204;2;LINES_OF_CODE_AI;2026-10-23 12:33:40;-12;;;;
354195;2;LINES_OF_CODE_AI;2026-10-23 12:47:21;0;;;;
354188;2;LINES_OF_CODE_AI;2026-10-23 13:35:53;0;;;;
354194;2;LINES_OF_CODE_AI;2026-10-23 14:16:47;-1;;;;
354192;2;LINES_OF_CODE_AI;2026-10-23 15:05:21;0;;;;
354199;2;LINES_OF_CODE_AI;2026-10-23 16:19:45;0;;;;
354189;2;LINES_OF_CODE_AI;2026-10-23 16:38:42;-1;;;;
354203;2;LINES_OF_CODE_AI;2026-10-23 16:40:51;0;;;;
354202;2;LINES_OF_CODE_AI;2026-10-23 17:26:29;-1;;;;
354190;2;LINES_OF_CODE_AI;2026-10-23 17:37:37;0;;;;
354225;2;LINES_OF_CODE_AI;2026-10-26 08:07:00;-2;;;;
354212;2;LINES_OF_CODE_AI;2026-10-26 08:12:50;-1;;;;
354211;2;LINES_OF_CODE_AI;2026-10-26 08:40:18;-1;;;;
354219;2;LINES_OF_CODE_AI;2026-10-26 09:00:24;-1;;;;
354214;2;LINES_OF_CODE_AI;2026-10-26 09:14:22;-2;;;;
354213;2;LINES_OF_CODE_AI;2026-10-26 09:42:41;-1;;;;
354215;2;LINES_OF_CODE_AI;2026-10-26 09:58:20;0;;;;
354223;2;LINES_OF_CODE_AI;2026-10-26 10:25:47;-2;;;;
354208;2;LINES_OF_CODE_AI;2026-10-26 10:26:03;-1;;;;
354207;2;LINES_OF_CODE_AI;2026-10-26 11:03:59;-1;;;;
354221;2;LINES_OF_CODE_AI;2026-10-26 11:41:35;0;;;;
354218;2;LINES_OF_CODE_AI;2026-10-26 11:41:45;-1;;;;
354220;2;LINES_OF_CODE_AI;2026-10-26 11:47:55;0;;;;
354209;2;LINES_OF_CODE_AI;2026-10-26 11:52:08;-2;;;;
354226;2;LINES_OF_CODE_AI;2026-10-26 12:05:33;-7;;;;
354206;2;LINES_OF_CODE_AI;2026-10-26 13:17:22;-1;;;;
354210;2;LINES_OF_CODE_AI;2026-10-26 13:37:25;-1;;;;
354222;2;LINES_OF_CODE_AI;2026-10-26 14:20:39;-1;;;;
354205;2;LINES_OF_CODE_AI;2026-10-26 14:57:36;-1;;;;
354217;2;LINES_OF_CODE_AI;2026-10-26 15:42:44;-1;;;;
354216;2;LINES_OF_CODE_AI;2026-10-26 16:00:24;0;;;;
354224;2;LINES_OF_CODE_AI;2026-10-26 17:02:12;-1;;;;
354227;2;LINES_OF_CODE_AI;2026-10-27 08:51:13;0;;;;
354231;2;LINES_OF_CODE_AI;2026-10-27 09:10:12;0;;;;
354244;2;LINES_OF_CODE_AI;2026-10-27 09:11:52;0;;;;
354246;2;LINES_OF_CODE_AI;2026-10-27 09:33:58;0;;;;
354232;2;LINES_OF_CODE_AI;2026-10-27 10:25:25;0;;;;
354236;2;LINES_OF_CODE_AI;2026-10-27 10:42:33;0;;;;
354240;2;LINES_OF_CODE_AI;2026-10-27 10:45:53;0;;;;
354235;2;LINES_OF_CODE_AI;2026-10-27 10:54:57;0;;;;
354229;2;LINES_OF_CODE_AI;2026-10-27 10:55:40;0;;;;
354242;2;LINES_OF_CODE_AI;2026-10-27 10:57:58;0;;;;
354238;2;LINES_OF_CODE_AI;2026-10-27 11:34:49;0;;;;
354230;2;LINES_OF_CODE_AI;2026-10-27 12:04:25;-1;;;;
354228;2;LINES_OF_CODE_AI;2026-10-27 12:09:46;0;;;;
354234;2;LINES_OF_CODE_AI;2026-10-27 13:03:55;0;;;;
354239;2;LINES_OF_CODE_AI;2026-10-27 14:59:20;0;;;;
354245;2;LINES_OF_CODE_AI;2026-10-27 15:07:13;0;;;;
354243;2;LINES_OF_CODE_AI;2026-10-27 15:21:50;0;;;;
354233;2;LINES_OF_CODE_AI;2026-10-27 16:02:18;0;;;;
354237;2;LINES_OF_CODE_AI;2026-10-27 16:06:15;0;;;;
354248;2;LINES_OF_CODE_AI;2026-10-27 16:15:24;-10;;;;
354241;2;LINES_OF_CODE_AI;2026-10-27 17:20:16;0;;;;
354247;2;LINES_OF_CODE_AI;2026-10-27 17:29:15;-1;;;;
354258;2;LINES_OF_CODE_AI;2026-10-28 08:05:49;0;;;;
354267;2;LINES_OF_CODE_AI;2026-10-28 08:18:08;0;;;;
354252;2;LINES_OF_CODE_AI;2026-10-28 09:10:15;0;;;;
354251;2;LINES_OF_CODE_AI;2026-10-28 10:10:10;0;;;;
354253;2;LINES_OF_CODE_AI;2026-10-28 10:29:27;0;;;;
354257;2;LINES_OF_CODE_AI;2026-10-28 10:54:23;0;;;;
354249;2;LINES_OF_CODE_AI;2026-10-28 12:09:15;0;;;;
354268;2;LINES_OF_CODE_AI;2026-10-28 12:17:24;-1;;;;
354265;2;LINES_OF_CODE_AI;2026-10-28 12:25:09;0;;;;
354250;2;LINES_OF_CODE_AI;2026-10-28 12:30:50;0;;;;
354259;2;LINES_OF_CODE_AI;2026-10-28 13:00:22;0;;;;
354254;2;LINES_OF_CODE_AI;2026-10-28 14:03:40;0;;;;
354264;2;LINES_OF_CODE_AI;2026-10-28 14:29:32;0;;;;
354266;2;LINES_OF_CODE_AI;2026-10-28 14:36:00;0;;;;
354256;2;LINES_OF_CODE_AI;2026-10-28 15:16:22;0;;;;
354262;2;LINES_OF_CODE_AI;2026-10-28 15:29:46;0;;;;
354261;2;LINES_OF_CODE_AI;2026-10-28 16:25:47;0;;;;
354263;2;LINES_OF_CODE_AI;2026-10-28 16:52:09;0;;;;
354255;2;LINES_OF_CODE_AI;2026-10-28 17:15:55;0;;;;
354260;2;LINES_OF_CODE_AI;2026-10-28 17:53:04;0;;;;
354273;2;LINES_OF_CODE_AI;2026-10-29 08:22:16;-1;;;;
354284;2;LINES_OF_CODE_AI;2026-10-29 08:53:24;-1;;;;
354291;2;LINES_OF_CODE_AI;2026-10-29 08:59:51;-1;;;;
354278;2;LINES_OF_CODE_AI;2026-10-29 09:37:06;0;;;;
354274;2;LINES_OF_CODE_AI;2026-10-29 09:37:14;-1;;;;
354277;2;LINES_OF_CODE_AI;2026-10-29 10:20:21;0;;;;
354271;2;LINES_OF_CODE_AI;2026-10-29 10:57:31;-1;;;;
354279;2;LINES_OF_CODE_AI;2026-10-29 11:19:31;-1;;;;
354280;2;LINES_OF_CODE_AI;2026-10-29 11:22:19;-1;;;;
354289;2;LINES_OF_CODE_AI;2026-10-29 11:44:36;-1;;;;
354287;2;LINES_OF_CODE_AI;2026-10-29 11:45:40;-1;;;;
354270;2;LINES_OF_CODE_AI;2026-10-29 12:00:23;-1;;;;
354272;2;LINES_OF_CODE_AI;2026-10-29 12:34:11;-1;;;;
354290;2;LINES_OF_CODE_AI;2026-10-29 12:46:58;-1;;;;
354283;2;LINES_OF_CODE_AI;2026-10-29 14:41:30;0;;;;
354285;2;LINES_OF_CODE_AI;2026-10-29 15:17:17;0;;;;
354281;2;LINES_OF_CODE_AI;2026-10-29 15:35:15;-1;;;;
354275;2;LINES_OF_CODE_AI;2026-10-29 15:50:57;-2;;;;
354286;2;LINES_OF_CODE_AI;2026-10-29 16:03:34;-1;;;;
354282;2;LINES_OF_CODE_AI;2026-10-29 16:44:39;-1;;;;
354292;2;LINES_OF_CODE_AI;2026-10-29 16:44:46;-12;;;;
354276;2;LINES_OF_CODE_AI;2026-10-29 17:13:56;0;;;;
354288;2;LINES_OF_CODE_AI;2026-10-29 17:17:13;-1;;;;
354269;2;LINES_OF_CODE_AI;2026-10-29 17:53:43;-1;;;;
354293;2;LINES_OF_CODE_AI;2026-10-30 09:24:33;-2;;;;
354299;2;LINES_OF_CODE_AI;2026-10-30 10:05:09;-1;;;;
354294;2;LINES_OF_CODE_AI;2026-10-30 10:13:00;-1;;;;
354310;2;LINES_OF_CODE_AI;2026-10-30 10:16:13;0;;;;
354303;2;LINES_OF_CODE_AI;2026-10-30 10:27:13;-1;;;;
354298;2;LINES_OF_CODE_AI;2026-10-30 10:33:03;0;;;;
354305;2;LINES_OF_CODE_AI;2026-10-30 11:03:34;0;;;;
354312;2;LINES_OF_CODE_AI;2026-10-30 11:17:48;0;;;;
354314;2;LINES_OF_CODE_AI;2026-10-30 11:32:17;-1;;;;
354311;2;LINES_OF_CODE_AI;2026-10-30 11:59:44;-1;;;;
354316;2;LINES_OF_CODE_AI;2026-10-30 12:00:18;-11;;;;
354302;2;LINES_OF_CODE_AI;2026-10-30 12:18:23;-1;;;;
354297;2;LINES_OF_CODE_AI;2026-10-30 12:36:36;-1;;;;
354304;2;LINES_OF_CODE_AI;2026-10-30 14:09:18;-1;;;;
354295;2;LINES_OF_CODE_AI;2026-10-30 14:13:58;0;;;;
354300;2;LINES_OF_CODE_AI;2026-10-30 14:24:19;-1;;;;
354306;2;LINES_OF_CODE_AI;2026-10-30 14:35:49;-1;;;;
354313;2;LINES_OF_CODE_AI;2026-10-30 14:36:32;-1;;;;
354308;2;LINES_OF_CODE_AI;2026-10-30 15:10:45;-2;;;;
354315;2;LINES_OF_CODE_AI;2026-10-30 15:15:23;-1;;;;
354301;2;LINES_OF_CODE_AI;2026-10-30 15:24:12;-1;;;;
354296;2;LINES_OF_CODE_AI;2026-10-30 17:22:15;-2;;;;
354309;2;LINES_OF_CODE_AI;2026-10-30 17:49:53;0;;;;
354307;2;LINES_OF_CODE_AI;2026-10-30 17:52:47;-1;;;;
354338;2;LINES_OF_CODE_AI;2026-11-02 08:05:24;0;;;;
354336;2;LINES_OF_CODE_AI;2026-11-02 08:46:07;0;;;;
354335;2;LINES_OF_CODE_AI;2026-11-02 09:42:12;0;;;;
354319;2;LINES_OF_CODE_AI;2026-11-02 10:19:48;0;;;;
354324;2;LINES_OF_CODE_AI;2026-11-02 10:45:33;0;;;;
354330;2;LINES_OF_CODE_AI;2026-11-02 10:59:11;0;;;;
354332;2;LINES_OF_CODE_AI;2026-11-02 11:25:40;0;;;;
354326;2;LINES_OF_CODE_AI;2026-11-02 11:30:20;0;;;;
354329;2;LINES_OF_CODE_AI;2026-11-02 11:56:17;0;;;;
354334;2;LINES_OF_CODE_AI;2026-11-02 12:11:38;0;;;;
354337;2;LINES_OF_CODE_AI;2026-11-02 12:16:51;0;;;;
354318;2;LINES_OF_CODE_AI;2026-11-02 12:29:27;0;;;;
354339;2;LINES_OF_CODE_AI;2026-11-02 12:34:15;0;;;;
354340;2;LINES_OF_CODE_AI;2026-11-02 12:36:05;-4;;;;
354323;2;LINES_OF_CODE_AI;2026-11-02 12:36:49;0;;;;
354322;2;LINES_OF_CODE_AI;2026-11-02 12:41:58;0;;;;
354321;2;LINES_OF_CODE_AI;2026-11-02 12:49:07;0;;;;
354333;2;LINES_OF_CODE_AI;2026-11-02 13:16:27;0;;;;
354331;2;LINES_OF_CODE_AI;2026-11-02 14:09:43;0;;;;
354317;2;LINES_OF_CODE_AI;2026-11-02 14:27:53;0;;;;
354320;2;LINES_OF_CODE_AI;2026-11-02 15:43:17;0;;;;
354328;2;LINES_OF_CODE_AI;2026-11-02 16:10:41;0;;;;
354325;2;LINES_OF_CODE_AI;2026-11-02 16:13:57;0;;;;
354327;2;LINES_OF_CODE_AI;2026-11-02 17:39:07;0;;;;
354355;2;LINES_OF_CODE_AI;2026-11-03 08:35:12;0;;;;
354349;2;LINES_OF_CODE_AI;2026-11-03 09:14:59;0;;;;
354350;2;LINES_OF_CODE_AI;2026-11-03 09:17:17;0;;;;
354348;2;LINES_OF_CODE_AI;2026-11-03 09:21:25;0;;;;
354356;2;LINES_OF_CODE_AI;2026-11-03 09:57:03;0;;;;
354359;2;LINES_OF_CODE_AI;2026-11-03 10:07:44;0;;;;
354341;2;LINES_OF_CODE_AI;2026-11-03 10:29:43;0;;;;
354347;2;LINES_OF_CODE_AI;2026-11-03 11:28:21;0;;;;
354360;2;LINES_OF_CODE_AI;2026-11-03 11:47:08;0;;;;
354345;2;LINES_OF_CODE_AI;2026-11-03 12:37:05;0;;;;
354353;2;LINES_OF_CODE_AI;2026-11-03 13:41:54;0;;;;
354343;2;LINES_OF_CODE_AI;2026-11-03 13:47:19;0;;;;
354361;2;LINES_OF_CODE_AI;2026-11-03 13:51:23;0;;;;
354342;2;LINES_OF_CODE_AI;2026-11-03 14:00:06;0;;;;
354346;2;LINES_OF_CODE_AI;2026-11-03 14:12:44;0;;;;
354357;2;LINES_OF_CODE_AI;2026-11-03 14:22:30;0;;;;
354344;2;LINES_OF_CODE_AI;2026-11-03 14:29:01;0;;;;
354362;2;LINES_OF_CODE_AI;2026-11-03 15:31:41;-6;;;;
354354;2;LINES_OF_CODE_AI;2026-11-03 16:03:58;0;;;;
354351;2;LINES_OF_CODE_AI;2026-11-03 17:13:11;0;;;;
354358;2;LINES_OF_CODE_AI;2026-11-03 17:26:10;0;;;;
354352;2;LINES_OF_CODE_AI;2026-11-03 17:48:03;0;;;;
354366;2;LINES_OF_CODE_AI;2026-11-04 08:26:21;0;;;;
354371;2;LINES_OF_CODE_AI;2026-11-04 09:23:29;0;;;;
354378;2;LINES_OF_CODE_AI;2026-11-04 09:37:56;0;;;;
354368;2;LINES_OF_CODE_AI;2026-11-04 09:58:49;0;;;;
354369;2;LINES_OF_CODE_AI;2026-11-04 11:22:48;0;;;;
354385;2;LINES_OF_CODE_AI;2026-11-04 11:36:49;-12;;;;
354382;2;LINES_OF_CODE_AI;2026-11-04 12:07:23;0;;;;
354376;2;LINES_OF_CODE_AI;2026-11-04 12:10:03;-1;;;;
354370;2;LINES_OF_CODE_AI;2026-11-04 12:25:25;0;;;;
354380;2;LINES_OF_CODE_AI;2026-11-04 13:10:16;0;;;;
354384;2;LINES_OF_CODE_AI;2026-11-04 13:43:52;0;;;;
354372;2;LINES_OF_CODE_AI;2026-11-04 13:55:14;0;;;;
354375;2;LINES_OF_CODE_AI;2026-11-04 14:11:34;0;;;;
354365;2;LINES_OF_CODE_AI;2026-11-04 14:26:11;0;;;;
354377;2;LINES_OF_CODE_AI;2026-11-04 14:33:01;-1;;;;
354364;2;LINES_OF_CODE_AI;2026-11-04 14:38:28;0;;;;
354383;2;LINES_OF_CODE_AI;2026-11-04 14:38:50;0;;;;
354381;2;LINES_OF_CODE_AI;2026-11-04 14:41:39;0;;;;
354373;2;LINES_OF_CODE_AI;2026-11-04 15:02:30;0;;;;
354363;2;LINES_OF_CODE_AI;2026-11-04 16:32:49;0;;;;
354379;2;LINES_OF_CODE_AI;2026-11-04 16:56:22;0;;;;
354367;2;LINES_OF_CODE_AI;2026-11-04 17:17:42;0;;;;
354374;2;LINES_OF_CODE_AI;2026-11-04 17:58:27;0;;;;
354394;2;LINES_OF_CODE_AI;2026-11-05 08:24:53;0;;;;
354398;2;LINES_OF_CODE_AI;2026-11-05 09:05:11;0;;;;
354387;2;LINES_OF_CODE_AI;2026-11-05 10:08:23;0;;;;
354393;2;LINES_OF_CODE_AI;2026-11-05 11:09:13;0;;;;
354396;2;LINES_OF_CODE_AI;2026-11-05 11:22:58;0;;;;
354391;2;LINES_OF_CODE_AI;2026-11-05 11:30:56;0;;;;
354402;2;LINES_OF_CODE_AI;2026-11-05 12:07:17;-5;;;;
354400;2;LINES_OF_CODE_AI;2026-11-05 12:25:27;0;;;;
354388;2;LINES_OF_CODE_AI;2026-11-05 12:36:03;0;;;;
354390;2;LINES_OF_CODE_AI;2026-11-05 12:47:06;0;;;;
354397;2;LINES_OF_CODE_AI;2026-11-05 13:45:32;0;;;;
354395;2;LINES_OF_CODE_AI;2026-11-05 14:55:02;0;;;;
354392;2;LINES_OF_CODE_AI;2026-11-05 15:07:52;0;;;;
354386;2;LINES_OF_CODE_AI;2026-11-05 15:23:33;0;;;;
354401;2;LINES_OF_CODE_AI;2026-11-05 17:25:08;0;;;;
354389;2;LINES_OF_CODE_AI;2026-11-05 17:31:36;0;;;;
354399;2;LINES_OF_CODE_AI;2026-11-05 17:32:12;0;;;;
354408;2;LINES_OF_CODE_AI;2026-11-06 08:09:51;0;;;;
354420;2;LINES_OF_CODE_AI;2026-11-06 08:53:25;0;;;;
354418;2;LINES_OF_CODE_AI;2026-11-06 09:09:57;0;;;;
354417;2;LINES_OF_CODE_AI;2026-11-06 09:20:19;0;;;;
354409;2;LINES_OF_CODE_AI;2026-11-06 09:27:33;0;;;;
354426;2;LINES_OF_CODE_AI;2026-11-06 09:30:12;0;;;;
354423;2;LINES_OF_CODE_AI;2026-11-06 10:06:26;0;;;;
354419;2;LINES_OF_CODE_AI;2026-11-06 10:30:10;0;;;;
354412;2;LINES_OF_CODE_AI;2026-11-06 10:49:08;0;;;;
354406;2;LINES_OF_CODE_AI;2026-11-06 11:02:59;0;;;;
354424;2;LINES_OF_CODE_AI;2026-11-06 11:27:52;0;;;;
354416;2;LINES_OF_CODE_AI;2026-11-06 11:54:12;0;;;;
354407;2;LINES_OF_CODE_AI;2026-11-06 12:12:54;0;;;;
354421;2;LINES_OF_CODE_AI;2026-11-06 12:43:36;0;;;;
354404;2;LINES_OF_CODE_AI;2026-11-06 13:21:05;0;;;;
354422;2;LINES_OF_CODE_AI;2026-11-06 14:29:49;0;;;;
354403;2;LINES_OF_CODE_AI;2026-11-06 14:39:36;0;;;;
354405;2;LINES_OF_CODE_AI;2026-11-06 14:57:18;0;;;;
354410;2;LINES_OF_CODE_AI;2026-11-06 15:11:02;0;;;;
354414;2;LINES_OF_CODE_AI;2026-11-06 15:20:41;0;;;;
354425;2;LINES_OF_CODE_AI;2026-11-06 15:25:09;0;;;;
354413;2;LINES_OF_CODE_AI;2026-11-06 15:30:43;0;;;;
354411;2;LINES_OF_CODE_AI;2026-11-06 16:13:50;0;;;;
354427;2;LINES_OF_CODE_AI;2026-11-06 16:38:53;-8;;;;
354415;2;LINES_OF_CODE_AI;2026-11-06 17:12:07;0;;;;
354441;2;LINES_OF_CODE_AI;2026-11-09 08:10:12;0;;;;
354444;2;LINES_OF_CODE_AI;2026-11-09 09:10:35;0;;;;
354442;2;LINES_OF_CODE_AI;2026-11-09 09:17:53;0;;;;
354439;2;LINES_OF_CODE_AI;2026-11-09 10:25:32;0;;;;
354431;2;LINES_OF_CODE_AI;2026-11-09 10:30:15;0;;;;
354433;2;LINES_OF_CODE_AI;2026-11-09 10:48:07;0;;;;
354429;2;LINES_OF_CODE_AI;2026-11-09 11:52:50;0;;;;
354436;2;LINES_OF_CODE_AI;2026-11-09 11:58:28;0;;;;
354435;2;LINES_OF_CODE_AI;2026-11-09 13:22:48;0;;;;
354448;2;LINES_OF_CODE_AI;2026-11-09 13:43:53;0;;;;
354443;2;LINES_OF_CODE_AI;2026-11-09 14:04:21;0;;;;
354432;2;LINES_OF_CODE_AI;2026-11-09 14:21:41;0;;;;
354449;2;LINES_OF_CODE_AI;2026-11-09 15:13:33;0;;;;
354438;2;LINES_OF_CODE_AI;2026-11-09 15:33:04;0;;;;
354434;2;LINES_OF_CODE_AI;2026-11-09 15:36:23;0;;;;
354450;2;LINES_OF_CODE_AI;2026-11-09 15:44:10;-7;;;;
354447;2;LINES_OF_CODE_AI;2026-11-09 15:55:47;0;;;;
354430;2;LINES_OF_CODE_AI;2026-11-09 16:37:28;0;;;;
354437;2;LINES_OF_CODE_AI;2026-11-09 16:51:14;0;;;;
354440;2;LINES_OF_CODE_AI;2026-11-09 17:33:30;0;;;;
354428;2;LINES_OF_CODE_AI;2026-11-09 17:38:10;0;;;;
354446;2;LINES_OF_CODE_AI;2026-11-09 17:40:37;0;;;;
354445;2;LINES_OF_CODE_AI;2026-11-09 17:56:16;0;;;;
354455;2;LINES_OF_CODE_AI;2026-11-10 08:07:20;0;;;;
354463;2;LINES_OF_CODE_AI;2026-11-10 08:15:10;0;;;;
354461;2;LINES_OF_CODE_AI;2026-11-10 08:37:31;0;;;;
354452;2;LINES_OF_CODE_AI;2026-11-10 09:18:42;0;;;;
354459;2;LINES_OF_CODE_AI;2026-11-10 09:51:32;0;;;;
354458;2;LINES_OF_CODE_AI;2026-11-10 10:59:22;0;;;;
354460;2;LINES_OF_CODE_AI;2026-11-10 11:39:03;0;;;;
354457;2;LINES_OF_CODE_AI;2026-11-10 12:22:11;0;;;;
354465;2;LINES_OF_CODE_AI;2026-11-10 12:24:04;-5;;;;
354456;2;LINES_OF_CODE_AI;2026-11-10 14:53:37;0;;;;
354454;2;LINES_OF_CODE_AI;2026-11-10 15:03:34;0;;;;
354453;2;LINES_OF_CODE_AI;2026-11-10 15:11:02;0;;;;
354464;2;LINES_OF_CODE_AI;2026-11-10 16:30:17;0;;;;
354462;2;LINES_OF_CODE_AI;2026-11-10 17:14:50;0;;;;
354451;2;LINES_OF_CODE_AI;2026-11-10 17:23:36;0;;;;
354478;2;LINES_OF_CODE_AI;2026-11-11 08:00:19;0;;;;
354474;2;LINES_OF_CODE_AI;2026-11-11 08:04:42;0;;;;
354486;2;LINES_OF_CODE_AI;2026-11-11 08:08:51;0;;;;
354485;2;LINES_OF_CODE_AI;2026-11-11 09:32:47;0;;;;
354471;2;LINES_OF_CODE_AI;2026-11-11 09:34:59;0;;;;
354489;2;LINES_OF_CODE_AI;2026-11-11 09:55:29;0;;;;
354476;2;LINES_OF_CODE_AI;2026-11-11 10:08:09;0;;;;
354473;2;LINES_OF_CODE_AI;2026-11-11 10:43:40;0;;;;
354466;2;LINES_OF_CODE_AI;2026-11-11 10:48:01;0;;;;
354467;2;LINES_OF_CODE_AI;2026-11-11 11:11:06;0;;;;
354484;2;LINES_OF_CODE_AI;2026-11-11 11:21:23;0;;;;
354482;2;LINES_OF_CODE_AI;2026-11-11 11:38:23;0;;;;
354468;2;LINES_OF_CODE_AI;2026-11-11 11:50:23;0;;;;
354470;2;LINES_OF_CODE_AI;2026-11-11 14:22:14;0;;;;
354472;2;LINES_OF_CODE_AI;2026-11-11 14:32:23;0;;;;
354469;2;LINES_OF_CODE_AI;2026-11-11 14:37:14;0;;;;
354487;2;LINES_OF_CODE_AI;2026-11-11 15:08:04;0;;;;
354483;2;LINES_OF_CODE_AI;2026-11-11 15:09:33;0;;;;
354479;2;LINES_OF_CODE_AI;2026-11-11 15:22:45;0;;;;
354490;2;LINES_OF_CODE_AI;2026-11-11 15:44:02;-7;;;;
354481;2;LINES_OF_CODE_AI;2026-11-11 15:44:23;0;;;;
354480;2;LINES_OF_CODE_AI;2026-11-11 15:51:37;0;;;;
354477;2;LINES_OF_CODE_AI;2026-11-11 16:22:19;0;;;;
354475;2;LINES_OF_CODE_AI;2026-11-11 16:55:44;0;;;;
354488;2;LINES_OF_CODE_AI;2026-11-11 17:16:08;0;;;;
354499;2;LINES_OF_CODE_AI;2026-11-12 08:18:02;0;;;;
354507;2;LINES_OF_CODE_AI;2026-11-12 08:23:08;0;;;;
354500;2;LINES_OF_CODE_AI;2026-11-12 08:25:40;0;;;;
354492;2;LINES_OF_CODE_AI;2026-11-12 09:08:44;0;;;;
354494;2;LINES_OF_CODE_AI;2026-11-12 09:30:25;0;;;;
354502;2;LINES_OF_CODE_AI;2026-11-12 09:38:48;0;;;;
354505;2;LINES_OF_CODE_AI;2026-11-12 10:50:22;0;;;;
354496;2;LINES_OF_CODE_AI;2026-11-12 11:02:33;0;;;;
354491;2;LINES_OF_CODE_AI;2026-11-12 11:48:15;0;;;;
354508;2;LINES_OF_CODE_AI;2026-11-12 11:55:23;0;;;;
354495;2;LINES_OF_CODE_AI;2026-11-12 12:25:57;0;;;;
354501;2;LINES_OF_CODE_AI;2026-11-12 12:27:54;0;;;;
354493;2;LINES_OF_CODE_AI;2026-11-12 12:55:14;0;;;;
354510;2;LINES_OF_CODE_AI;2026-11-12 13:51:01;-6;;;;
354503;2;LINES_OF_CODE_AI;2026-11-12 13:57:50;0;;;;
354509;2;LINES_OF_CODE_AI;2026-11-12 13:58:32;0;;;;
354506;2;LINES_OF_CODE_AI;2026-11-12 14:57:58;0;;;;
354504;2;LINES_OF_CODE_AI;2026-11-12 15:06:33;0;;;;
354497;2;LINES_OF_CODE_AI;2026-11-12 15:12:39;0;;;;
354498;2;LINES_OF_CODE_AI;2026-11-12 17:35:58;0;;;;
354512;2;LINES_OF_CODE_AI;2026-11-13 09:01:06;0;;;;
354514;2;LINES_OF_CODE_AI;2026-11-13 09:06:46;0;;;;
354525;2;LINES_OF_CODE_AI;2026-11-13 10:06:16;-1;;;;
354516;2;LINES_OF_CODE_AI;2026-11-13 10:07:30;0;;;;
354511;2;LINES_OF_CODE_AI;2026-11-13 10:36:13;0;;;;
354529;2;LINES_OF_CODE_AI;2026-11-13 11:37:40;-6;;;;
354520;2;LINES_OF_CODE_AI;2026-11-13 11:41:53;-1;;;;
354519;2;LINES_OF_CODE_AI;2026-11-13 11:52:56;-1;;;;
354518;2;LINES_OF_CODE_AI;2026-11-13 12:09:02;-1;;;;
354515;2;LINES_OF_CODE_AI;2026-11-13 12:53:41;0;;;;
354528;2;LINES_OF_CODE_AI;2026-11-13 13:11:44;0;;;;
354517;2;LINES_OF_CODE_AI;2026-11-13 13:28:47;-1;;;;
354526;2;LINES_OF_CODE_AI;2026-11-13 14:05:28;-1;;;;
354527;2;LINES_OF_CODE_AI;2026-11-13 14:12:04;-1;;;;
354521;2;LINES_OF_CODE_AI;2026-11-13 14:36:27;0;;;;
354524;2;LINES_OF_CODE_AI;2026-11-13 15:17:40;-1;;;;
354513;2;LINES_OF_CODE_AI;2026-11-13 16:03:16;0;;;;
354523;2;LINES_OF_CODE_AI;2026-11-13 16:46:23;0;;;;
354522;2;LINES_OF_CODE_AI;2026-11-13 17:59:11;-1;;;;
354537;2;LINES_OF_CODE_AI;2026-11-16 08:06:31;0;;;;
354531;2;LINES_OF_CODE_AI;2026-11-16 08:35:49;0;;;;
354548;2;LINES_OF_CODE_AI;2026-11-16 08:41:21;0;;;;
354535;2;LINES_OF_CODE_AI;2026-11-16 09:26:28;0;;;;
354539;2;LINES_OF_CODE_AI;2026-11-16 09:45:42;0;;;;
354541;2;LINES_OF_CODE_AI;2026-11-16 09:47:37;0;;;;
354547;2;LINES_OF_CODE_AI;2026-11-16 10:45:27;0;;;;
354533;2;LINES_OF_CODE_AI;2026-11-16 10:51:01;0;;;;
354534;2;LINES_OF_CODE_AI;2026-11-16 11:00:16;0;;;;
354543;2;LINES_OF_CODE_AI;2026-11-16 11:17:19;0;;;;
354552;2;LINES_OF_CODE_AI;2026-11-16 11:38:25;0;;;;
354538;2;LINES_OF_CODE_AI;2026-11-16 12:09:12;0;;;;
354545;2;LINES_OF_CODE_AI;2026-11-16 14:02:18;0;;;;
354554;2;LINES_OF_CODE_AI;2026-11-16 14:41:06;-7;;;;
354544;2;LINES_OF_CODE_AI;2026-11-16 14:43:46;0;;;;
354536;2;LINES_OF_CODE_AI;2026-11-16 15:14:14;0;;;;
354530;2;LINES_OF_CODE_AI;2026-11-16 15:24:33;0;;;;
354549;2;LINES_OF_CODE_AI;2026-11-16 15:33:07;0;;;;
354532;2;LINES_OF_CODE_AI;2026-11-16 16:46:48;0;;;;
354550;2;LINES_OF_CODE_AI;2026-11-16 17:06:14;0;;;;
354553;2;LINES_OF_CODE_AI;2026-11-16 17:12:43;0;;;;
354546;2;LINES_OF_CODE_AI;2026-11-16 17:34:32;0;;;;
354551;2;LINES_OF_CODE_AI;2026-11-16 17:40:57;0;;;;
354540;2;LINES_OF_CODE_AI;2026-11-16 17:47:08;0;;;;
354542;2;LINES_OF_CODE_AI;2026-11-16 17:52:40;0;;;;
354570;2;LINES_OF_CODE_AI;2026-11-17 08:00:24;0;;;;
354559;2;LINES_OF_CODE_AI;2026-11-17 08:33:04;0;;;;
354556;2;LINES_OF_CODE_AI;2026-11-17 09:06:33;0;;;;
354569;2;LINES_OF_CODE_AI;2026-11-17 09:14:21;0;;;;
354555;2;LINES_OF_CODE_AI;2026-11-17 09:45:41;0;;;;
354562;2;LINES_OF_CODE_AI;2026-11-17 09:59:06;0;;;;
354567;2;LINES_OF_CODE_AI;2026-11-17 10:07:08;0;;;;
354563;2;LINES_OF_CODE_AI;2026-11-17 10:42:42;0;;;;
354568;2;LINES_OF_CODE_AI;2026-11-17 11:28:39;0;;;;
354558;2;LINES_OF_CODE_AI;2026-11-17 11:46:26;0;;;;
354564;2;LINES_OF_CODE_AI;2026-11-17 11:55:22;0;;;;
354566;2;LINES_OF_CODE_AI;2026-11-17 13:20:11;0;;;;
354574;2;LINES_OF_CODE_AI;2026-11-17 13:34:26;-9;;;;
354561;2;LINES_OF_CODE_AI;2026-11-17 13:49:54;0;;;;
354572;2;LINES_OF_CODE_AI;2026-11-17 14:49:50;0;;;;
354571;2;LINES_OF_CODE_AI;2026-11-17 15:20:57;0;;;;
354560;2;LINES_OF_CODE_AI;2026-11-17 15:21:44;0;;;;
354557;2;LINES_OF_CODE_AI;2026-11-17 15:57:38;0;;;;
354573;2;LINES_OF_CODE_AI;2026-11-17 16:06:46;0;;;;
354565;2;LINES_OF_CODE_AI;2026-11-17 16:45:54;0;;;;
354590;2;LINES_OF_CODE_AI;2026-11-18 08:16:47;-8;;;;
354583;2;LINES_OF_CODE_AI;2026-11-18 08:56:59;0;;;;
354578;2;LINES_OF_CODE_AI;2026-11-18 09:17:45;0;;;;
354587;2;LINES_OF_CODE_AI;2026-11-18 09:31:04;0;;;;
354580;2;LINES_OF_CODE_AI;2026-11-18 10:48:13;0;;;;
354584;2;LINES_OF_CODE_AI;2026-11-18 11:42:46;0;;;;
354582;2;LINES_OF_CODE_AI;2026-11-18 12:01:00;0;;;;
354576;2;LINES_OF_CODE_AI;2026-11-18 13:05:08;0;;;;
354579;2;LINES_OF_CODE_AI;2026-11-18 14:09:02;0;;;;
354588;2;LINES_OF_CODE_AI;2026-11-18 14:17:29;0;;;;
354586;2;LINES_OF_CODE_AI;2026-11-18 14:28:39;0;;;;
354577;2;LINES_OF_CODE_AI;2026-11-18 14:44:54;0;;;;
354585;2;LINES_OF_CODE_AI;2026-11-18 17:00:29;0;;;;
354589;2;LINES_OF_CODE_AI;2026-11-18 17:11:36;0;;;;
354575;2;LINES_OF_CODE_AI;2026-11-18 17:46:35;0;;;;
354581;2;LINES_OF_CODE_AI;2026-11-18 17:51:17;0;;;;
354601;2;LINES_OF_CODE_AI;2026-11-19 08:03:57;0;;;;
354606;2;LINES_OF_CODE_AI;2026-11-19 09:01:18;0;;;;
354608;2;LINES_OF_CODE_AI;2026-11-19 09:05:50;0;;;;
354594;2;LINES_OF_CODE_AI;2026-11-19 09:06:26;0;;;;
354596;2;LINES_OF_CODE_AI;2026-11-19 09:39:20;0;;;;
354600;2;LINES_OF_CODE_AI;2026-11-19 10:01:02;0;;;;
354603;2;LINES_OF_CODE_AI;2026-11-19 10:33:34;0;;;;
354604;2;LINES_OF_CODE_AI;2026-11-19 12:43:11;0;;;;
354598;2;LINES_OF_CODE_AI;2026-11-19 13:13:18;0;;;;
354592;2;LINES_OF_CODE_AI;2026-11-19 13:21:10;0;;;;
354602;2;LINES_OF_CODE_AI;2026-11-19 13:41:20;0;;;;
354611;2;LINES_OF_CODE_AI;2026-11-19 13:45:37;-9;;;;
354610;2;LINES_OF_CODE_AI;2026-11-19 14:03:18;0;;;;
354607;2;LINES_OF_CODE_AI;2026-11-19 14:34:00;0;;;;
354605;2;LINES_OF_CODE_AI;2026-11-19 14:37:11;0;;;;
354597;2;LINES_OF_CODE_AI;2026-11-19 15:30:00;0;;;;
354595;2;LINES_OF_CODE_AI;2026-11-19 15:36:20;0;;;;
354609;2;LINES_OF_CODE_AI;2026-11-19 15:54:54;0;;;;
354593;2;LINES_OF_CODE_AI;2026-11-19 16:39:59;0;;;;
354591;2;LINES_OF_CODE_AI;2026-11-19 17:13:15;0;;;;
354599;2;LINES_OF_CODE_AI;2026-11-19 17:45:06;0;;;;
354615;2;LINES_OF_CODE_AI;2026-11-20 08:19:38;0;;;;
354612;2;LINES_OF_CODE_AI;2026-11-20 08:42:51;0;;;;
354635;2;LINES_OF_CODE_AI;2026-11-20 09:17:01;-7;;;;
354619;2;LINES_OF_CODE_AI;2026-11-20 09:19:22;0;;;;
354617;2;LINES_OF_CODE_AI;2026-11-20 10:56:40;0;;;;
354633;2;LINES_OF_CODE_AI;2026-11-20 11:42:09;0;;;;
354614;2;LINES_OF_CODE_AI;2026-11-20 11:45:48;0;;;;
354616;2;LINES_OF_CODE_AI;2026-11-20 11:50:14;0;;;;
354621;2;LINES_OF_CODE_AI;2026-11-20 11:54:44;0;;;;
354613;2;LINES_OF_CODE_AI;2026-11-20 12:21:27;0;;;;
354634;2;LINES_OF_CODE_AI;2026-11-20 12:58:02;0;;;;
354625;2;LINES_OF_CODE_AI;2026-11-20 13:05:06;0;;;;
354628;2;LINES_OF_CODE_AI;2026-11-20 13:15:59;0;;;;
354626;2;LINES_OF_CODE_AI;2026-11-20 13:24:22;0;;;;
354624;2;LINES_OF_CODE_AI;2026-11-20 13:57:46;0;;;;
354627;2;LINES_OF_CODE_AI;2026-11-20 14:18:01;0;;;;
354618;2;LINES_OF_CODE_AI;2026-11-20 14:36:04;0;;;;
354631;2;LINES_OF_CODE_AI;2026-11-20 15:14:30;0;;;;
354620;2;LINES_OF_CODE_AI;2026-11-20 15:43:19;0;;;;
354630;2;LINES_OF_CODE_AI;2026-11-20 16:33:52;0;;;;
354622;2;LINES_OF_CODE_AI;2026-11-20 16:43:15;0;;;;
354623;2;LINES_OF_CODE_AI;2026-11-20 17:13:09;0;;;;
354632;2;LINES_OF_CODE_AI;2026-11-20 17:19:08;0;;;;
354629;2;LINES_OF_CODE_AI;2026-11-20 17:51:03;0;;;;
354643;2;LINES_OF_CODE_AI;2026-11-23 08:10:02;0;;;;
354640;2;LINES_OF_CODE_AI;2026-11-23 09:03:26;0;;;;
354644;2;LINES_OF_CODE_AI;2026-11-23 09:38:04;0;;;;
354648;2;LINES_OF_CODE_AI;2026-11-23 10:01:13;0;;;;
354650;2;LINES_OF_CODE_AI;2026-11-23 10:10:47;0;;;;
354651;2;LINES_OF_CODE_AI;2026-11-23 10:18:21;0;;;;
354653;2;LINES_OF_CODE_AI;2026-11-23 10:37:47;0;;;;
354655;2;LINES_OF_CODE_AI;2026-11-23 10:39:28;-6;;;;
354647;2;LINES_OF_CODE_AI;2026-11-23 12:03:39;0;;;;
354637;2;LINES_OF_CODE_AI;2026-11-23 12:25:49;0;;;;
354638;2;LINES_OF_CODE_AI;2026-11-23 13:20:22;0;;;;
354654;2;LINES_OF_CODE_AI;2026-11-23 13:43:05;0;;;;
354639;2;LINES_OF_CODE_AI;2026-11-23 13:44:44;0;;;;
354652;2;LINES_OF_CODE_AI;2026-11-23 13:47:34;0;;;;
354645;2;LINES_OF_CODE_AI;2026-11-23 13:55:43;0;;;;
354649;2;LINES_OF_CODE_AI;2026-11-23 14:19:23;0;;;;
354646;2;LINES_OF_CODE_AI;2026-11-23 16:49:09;0;;;;
354642;2;LINES_OF_CODE_AI;2026-11-23 16:52:02;0;;;;
354636;2;LINES_OF_CODE_AI;2026-11-23 16:57:08;0;;;;
354641;2;LINES_OF_CODE_AI;2026-11-23 17:46:38;0;;;;
354675;2;LINES_OF_CODE_AI;2026-11-24 08:00:05;-6;;;;
354665;2;LINES_OF_CODE_AI;2026-11-24 08:08:03;0;;;;
354662;2;LINES_OF_CODE_AI;2026-11-24 08:28:42;0;;;;
354656;2;LINES_OF_CODE_AI;2026-11-24 08:41:18;0;;;;
354671;2;LINES_OF_CODE_AI;2026-11-24 09:30:13;0;;;;
354661;2;LINES_OF_CODE_AI;2026-11-24 09:51:04;0;;;;
354660;2;LINES_OF_CODE_AI;2026-11-24 11:29:47;0;;;;
354668;2;LINES_OF_CODE_AI;2026-11-24 11:52:18;0;;;;
354659;2;LINES_OF_CODE_AI;2026-11-24 11:55:21;0;;;;
354664;2;LINES_OF_CODE_AI;2026-11-24 12:16:15;0;;;;
354673;2;LINES_OF_CODE_AI;2026-11-24 12:30:49;0;;;;
354669;2;LINES_OF_CODE_AI;2026-11-24 12:50:12;0;;;;
354672;2;LINES_OF_CODE_AI;2026-11-24 13:06:07;0;;;;
354670;2;LINES_OF_CODE_AI;2026-11-24 13:23:00;0;;;;
354663;2;LINES_OF_CODE_AI;2026-11-24 14:13:39;0;;;;
354658;2;LINES_OF_CODE_AI;2026-11-24 14:23:45;0;;;;
354674;2;LINES_OF_CODE_AI;2026-11-24 15:40:18;0;;;;
354666;2;LINES_OF_CODE_AI;2026-11-24 16:44:48;0;;;;
354657;2;LINES_OF_CODE_AI;2026-11-24 16:55:53;0;;;;
354667;2;LINES_OF_CODE_AI;2026-11-24 17:13:37;0;;;;
354688;2;LINES_OF_CODE_AI;2026-11-25 08:40:45;0;;;;
354693;2;LINES_OF_CODE_AI;2026-11-25 09:54:17;0;;;;
354679;2;LINES_OF_CODE_AI;2026-11-25 10:05:07;0;;;;
354690;2;LINES_OF_CODE_AI;2026-11-25 10:38:40;0;;;;
354689;2;LINES_OF_CODE_AI;2026-11-25 10:47:15;0;;;;
354691;2;LINES_OF_CODE_AI;2026-11-25 11:02:33;0;;;;
354699;2;LINES_OF_CODE_AI;2026-11-25 11:22:28;0;;;;
354696;2;LINES_OF_CODE_AI;2026-11-25 11:23:37;0;;;;
354681;2;LINES_OF_CODE_AI;2026-11-25 11:51:27;0;;;;
354685;2;LINES_OF_CODE_AI;2026-11-25 12:00:34;0;;;;
354683;2;LINES_OF_CODE_AI;2026-11-25 12:02:12;0;;;;
354680;2;LINES_OF_CODE_AI;2026-11-25 12:03:20;0;;;;
354687;2;LINES_OF_CODE_AI;2026-11-25 12:14:42;0;;;;
354694;2;LINES_OF_CODE_AI;2026-11-25 12:21:09;0;;;;
354695;2;LINES_OF_CODE_AI;2026-11-25 13:30:39;0;;;;
354677;2;LINES_OF_CODE_AI;2026-11-25 13:39:45;0;;;;
354678;2;LINES_OF_CODE_AI;2026-11-25 14:02:49;0;;;;
354676;2;LINES_OF_CODE_AI;2026-11-25 14:53:45;0;;;;
354698;2;LINES_OF_CODE_AI;2026-11-25 14:53:51;0;;;;
354697;2;LINES_OF_CODE_AI;2026-11-25 15:06:46;0;;;;
354684;2;LINES_OF_CODE_AI;2026-11-25 15:09:40;0;;;;
354682;2;LINES_OF_CODE_AI;2026-11-25 15:21:32;-1;;;;
354700;2;LINES_OF_CODE_AI;2026-11-25 15:56:49;-12;;;;
354686;2;LINES_OF_CODE_AI;2026-11-25 16:17:59;0;;;;
354692;2;LINES_OF_CODE_AI;2026-11-25 16:50:57;0;;;;
354710;2;LINES_OF_CODE_AI;2026-11-26 08:02:55;0;;;;
354709;2;LINES_OF_CODE_AI;2026-11-26 08:19:56;0;;;;
354705;2;LINES_OF_CODE_AI;2026-11-26 08:22:24;0;;;;
354713;2;LINES_OF_CODE_AI;2026-11-26 08:23:01;0;;;;
354712;2;LINES_OF_CODE_AI;2026-11-26 09:21:21;0;;;;
354702;2;LINES_OF_CODE_AI;2026-11-26 09:58:18;0;;;;
354715;2;LINES_OF_CODE_AI;2026-11-26 11:12:45;-5;;;;
354707;2;LINES_OF_CODE_AI;2026-11-26 11:14:39;0;;;;
354714;2;LINES_OF_CODE_AI;2026-11-26 12:13:04;0;;;;
354703;2;LINES_OF_CODE_AI;2026-11-26 13:15:47;0;;;;
354708;2;LINES_OF_CODE_AI;2026-11-26 13:22:47;0;;;;
354701;2;LINES_OF_CODE_AI;2026-11-26 14:22:33;0;;;;
354711;2;LINES_OF_CODE_AI;2026-11-26 14:30:52;0;;;;
354706;2;LINES_OF_CODE_AI;2026-11-26 16:26:45;0;;;;
354704;2;LINES_OF_CODE_AI;2026-11-26 17:15:31;0;;;;
354727;2;LINES_OF_CODE_AI;2026-11-27 09:01:40;0;;;;
354720;2;LINES_OF_CODE_AI;2026-11-27 09:05:44;0;;;;
354722;2;LINES_OF_CODE_AI;2026-11-27 09:12:29;0;;;;
354719;2;LINES_OF_CODE_AI;2026-11-27 09:33:18;0;;;;
354734;2;LINES_OF_CODE_AI;2026-11-27 09:57:02;-8;;;;
354721;2;LINES_OF_CODE_AI;2026-11-27 11:02:15;0;;;;
354717;2;LINES_OF_CODE_AI;2026-11-27 11:12:55;0;;;;
354724;2;LINES_OF_CODE_AI;2026-11-27 12:11:02;0;;;;
354728;2;LINES_OF_CODE_AI;2026-11-27 12:19:43;0;;;;
354729;2;LINES_OF_CODE_AI;2026-11-27 12:27:18;0;;;;
354726;2;LINES_OF_CODE_AI;2026-11-27 13:09:51;0;;;;
354731;2;LINES_OF_CODE_AI;2026-11-27 13:21:51;0;;;;
354723;2;LINES_OF_CODE_AI;2026-11-27 13:22:45;0;;;;
354733;2;LINES_OF_CODE_AI;2026-11-27 14:20:26;0;;;;
354725;2;LINES_OF_CODE_AI;2026-11-27 14:39:34;0;;;;
354732;2;LINES_OF_CODE_AI;2026-11-27 15:11:51;0;;;;
354716;2;LINES_OF_CODE_AI;2026-11-27 16:11:29;0;;;;
354730;2;LINES_OF_CODE_AI;2026-11-27 16:58:15;0;;;;
354718;2;LINES_OF_CODE_AI;2026-11-27 17:28:53;0;;;;
354739;2;LINES_OF_CODE_AI;2026-11-30 08:01:17;0;;;;
354744;2;LINES_OF_CODE_AI;2026-11-30 08:05:05;0;;;;
354746;2;LINES_OF_CODE_AI;2026-11-30 08:46:47;0;;;;
354749;2;LINES_OF_CODE_AI;2026-11-30 09:17:13;0;;;;
354742;2;LINES_OF_CODE_AI;2026-11-30 09:29:17;0;;;;
354741;2;LINES_OF_CODE_AI;2026-11-30 09:40:21;0;;;;
354752;2;LINES_OF_CODE_AI;2026-11-30 09:56:00;0;;;;
354738;2;LINES_OF_CODE_AI;2026-11-30 10:05:46;0;;;;
354753;2;LINES_OF_CODE_AI;2026-11-30 10:30:45;0;;;;
354750;2;LINES_OF_CODE_AI;2026-11-30 10:42:26;0;;;;
354754;2;LINES_OF_CODE_AI;2026-11-30 12:23:24;0;;;;
354740;2;LINES_OF_CODE_AI;2026-11-30 12:37:30;0;;;;
354747;2;LINES_OF_CODE_AI;2026-11-30 12:45:26;0;;;;
354757;2;LINES_OF_CODE_AI;2026-11-30 13:06:11;0;;;;
354735;2;LINES_OF_CODE_AI;2026-11-30 13:07:25;0;;;;
354758;2;LINES_OF_CODE_AI;2026-11-30 13:10:25;-8;;;;
354756;2;LINES_OF_CODE_AI;2026-11-30 13:38:02;0;;;;
354745;2;LINES_OF_CODE_AI;2026-11-30 13:52:13;0;;;;
354736;2;LINES_OF_CODE_AI;2026-11-30 14:09:31;0;;;;
354743;2;LINES_OF_CODE_AI;2026-11-30 14:43:42;0;;;;
354737;2;LINES_OF_CODE_AI;2026-11-30 14:56:36;0;;;;
354748;2;LINES_OF_CODE_AI;2026-11-30 15:05:06;0;;;;
354755;2;LINES_OF_CODE_AI;2026-11-30 15:12:39;0;;;;
354751;2;LINES_OF_CODE_AI;2026-11-30 17:41:53;0;;;;
354772;2;LINES_OF_CODE_AI;2026-12-01 08:07:14;1;;;;
354769;2;LINES_OF_CODE_AI;2026-12-01 08:44:19;0;;;;
354770;2;LINES_OF_CODE_AI;2026-12-01 09:01:48;0;;;;
354764;2;LINES_OF_CODE_AI;2026-12-01 10:11:48;0;;;;
354781;2;LINES_OF_CODE_AI;2026-12-01 10:47:58;14;;;;
354759;2;LINES_OF_CODE_AI;2026-12-01 10:58:24;0;;;;
354780;2;LINES_OF_CODE_AI;2026-12-01 11:26:14;1;;;;
354768;2;LINES_OF_CODE_AI;2026-12-01 11:31:50;0;;;;
354765;2;LINES_OF_CODE_AI;2026-12-01 12:09:43;1;;;;
354777;2;LINES_OF_CODE_AI;2026-12-01 12:22:03;1;;;;
354767;2;LINES_OF_CODE_AI;2026-12-01 13:36:23;1;;;;
354774;2;LINES_OF_CODE_AI;2026-12-01 13:41:32;0;;;;
354763;2;LINES_OF_CODE_AI;2026-12-01 14:13:42;1;;;;
354771;2;LINES_OF_CODE_AI;2026-12-01 14:28:42;1;;;;
354779;2;LINES_OF_CODE_AI;2026-12-01 14:49:35;1;;;;
354760;2;LINES_OF_CODE_AI;2026-12-01 15:13:57;0;;;;
354761;2;LINES_OF_CODE_AI;2026-12-01 15:15:49;1;;;;
354778;2;LINES_OF_CODE_AI;2026-12-01 15:29:48;2;;;;
354766;2;LINES_OF_CODE_AI;2026-12-01 15:42:22;0;;;;
354776;2;LINES_OF_CODE_AI;2026-12-01 16:07:11;1;;;;
354775;2;LINES_OF_CODE_AI;2026-12-01 16:31:27;0;;;;
354762;2;LINES_OF_CODE_AI;2026-12-01 17:25:10;0;;;;
354773;2;LINES_OF_CODE_AI;2026-12-01 17:41:21;0;;;;
354786;2;LINES_OF_CODE_AI;2026-12-02 08:17:12;2;;;;
354798;2;LINES_OF_CODE_AI;2026-12-02 08:52:49;3;;;;
354782;2;LINES_OF_CODE_AI;2026-12-02 09:48:06;2;;;;
354797;2;LINES_OF_CODE_AI;2026-12-02 09:56:29;3;;;;
354795;2;LINES_OF_CODE_AI;2026-12-02 10:02:34;1;;;;
354783;2;LINES_OF_CODE_AI;2026-12-02 12:38:47;4;;;;
354789;2;LINES_OF_CODE_AI;2026-12-02 12:51:29;1;;;;
354794;2;LINES_OF_CODE_AI;2026-12-02 13:55:35;2;;;;
354791;2;LINES_OF_CODE_AI;2026-12-02 14:16:36;3;;;;
354796;2;LINES_OF_CODE_AI;2026-12-02 14:25:07;2;;;;
354785;2;LINES_OF_CODE_AI;2026-12-02 14:28:45;3;;;;
354793;2;LINES_OF_CODE_AI;2026-12-02 15:14:39;3;;;;
354790;2;LINES_OF_CODE_AI;2026-12-02 15:22:08;4;;;;
354787;2;LINES_OF_CODE_AI;2026-12-02 15:22:27;0;;;;
354792;2;LINES_OF_CODE_AI;2026-12-02 15:28:08;0;;;;
354788;2;LINES_OF_CODE_AI;2026-12-02 16:46:55;1;;;;
354799;2;LINES_OF_CODE_AI;2026-12-02 16:47:18;14;;;;
354784;2;LINES_OF_CODE_AI;2026-12-02 16:52:55;4;;;;
354812;2;LINES_OF_CODE_AI;2026-12-03 08:21:12;1;;;;
354801;2;LINES_OF_CODE_AI;2026-12-03 08:28:19;0;;;;
354807;2;LINES_OF_CODE_AI;2026-12-03 09:14:39;0;;;;
354808;2;LINES_OF_CODE_AI;2026-12-03 09:18:16;0;;;;
354811;2;LINES_OF_CODE_AI;2026-12-03 09:37:21;1;;;;
354817;2;LINES_OF_CODE_AI;2026-12-03 09:50:41;0;;;;
354809;2;LINES_OF_CODE_AI;2026-12-03 10:15:25;0;;;;
354818;2;LINES_OF_CODE_AI;2026-12-03 10:48:43;0;;;;
354815;2;LINES_OF_CODE_AI;2026-12-03 11:07:20;0;;;;
354819;2;LINES_OF_CODE_AI;2026-12-03 11:50:27;0;;;;
354821;2;LINES_OF_CODE_AI;2026-12-03 12:11:30;0;;;;
354806;2;LINES_OF_CODE_AI;2026-12-03 12:33:20;1;;;;
354822;2;LINES_OF_CODE_AI;2026-12-03 14:00:15;10;;;;
354816;2;LINES_OF_CODE_AI;2026-12-03 14:13:42;1;;;;
354804;2;LINES_OF_CODE_AI;2026-12-03 14:22:19;1;;;;
354813;2;LINES_OF_CODE_AI;2026-12-03 14:29:33;1;;;;
354800;2;LINES_OF_CODE_AI;2026-12-03 14:53:41;1;;;;
354805;2;LINES_OF_CODE_AI;2026-12-03 16:15:27;0;;;;
354810;2;LINES_OF_CODE_AI;2026-12-03 16:43:45;1;;;;
354803;2;LINES_OF_CODE_AI;2026-12-03 16:47:43;1;;;;
354820;2;LINES_OF_CODE_AI;2026-12-03 17:06:07;0;;;;
354814;2;LINES_OF_CODE_AI;2026-12-03 17:07:19;0;;;;
354802;2;LINES_OF_CODE_AI;2026-12-03 17:25:45;1;;;;
354844;2;LINES_OF_CODE_AI;2026-12-04 08:22:40;0;;;;
354828;2;LINES_OF_CODE_AI;2026-12-04 08:35:55;0;;;;
354846;2;LINES_OF_CODE_AI;2026-12-04 08:57:50;0;;;;
354840;2;LINES_OF_CODE_AI;2026-12-04 09:01:11;0;;;;
354845;2;LINES_OF_CODE_AI;2026-12-04 09:33:37;0;;;;
354830;2;LINES_OF_CODE_AI;2026-12-04 09:43:22;0;;;;
354843;2;LINES_OF_CODE_AI;2026-12-04 09:44:53;0;;;;
354826;2;LINES_OF_CODE_AI;2026-12-04 09:48:53;0;;;;
354833;2;LINES_OF_CODE_AI;2026-12-04 11:22:03;0;;;;
354837;2;LINES_OF_CODE_AI;2026-12-04 11:43:48;0;;;;
354824;2;LINES_OF_CODE_AI;2026-12-04 12:44:09;0;;;;
354842;2;LINES_OF_CODE_AI;2026-12-04 12:47:11;0;;;;
354831;2;LINES_OF_CODE_AI;2026-12-04 12:52:33;0;;;;
354838;2;LINES_OF_CODE_AI;2026-12-04 13:00:10;0;;;;
354841;2;LINES_OF_CODE_AI;2026-12-04 13:13:20;0;;;;
354835;2;LINES_OF_CODE_AI;2026-12-04 13:21:41;0;;;;
354839;2;LINES_OF_CODE_AI;2026-12-04 13:23:35;0;;;;
354825;2;LINES_OF_CODE_AI;2026-12-04 15:15:37;1;;;;
354832;2;LINES_OF_CODE_AI;2026-12-04 15:36:58;0;;;;
354847;2;LINES_OF_CODE_AI;2026-12-04 16:19:53;14;;;;
354829;2;LINES_OF_CODE_AI;2026-12-04 16:23:08;0;;;;
354834;2;LINES_OF_CODE_AI;2026-12-04 16:33:25;0;;;;
354836;2;LINES_OF_CODE_AI;2026-12-04 16:57:18;0;;;;
354823;2;LINES_OF_CODE_AI;2026-12-04 17:02:58;0;;;;
354827;2;LINES_OF_CODE_AI;2026-12-04 17:25:50;0;;;;
354860;2;LINES_OF_CODE_AI;2026-12-07 08:38:06;3;;;;
354851;2;LINES_OF_CODE_AI;2026-12-07 09:46:36;1;;;;
354856;2;LINES_OF_CODE_AI;2026-12-07 10:09:56;0;;;;
354859;2;LINES_OF_CODE_AI;2026-12-07 10:15:56;0;;;;
354855;2;LINES_OF_CODE_AI;2026-12-07 12:10:00;2;;;;
354858;2;LINES_OF_CODE_AI;2026-12-07 12:59:44;1;;;;
354865;2;LINES_OF_CODE_AI;2026-12-07 13:04:39;1;;;;
354853;2;LINES_OF_CODE_AI;2026-12-07 13:10:53;2;;;;
354864;2;LINES_OF_CODE_AI;2026-12-07 13:24:18;0;;;;
354849;2;LINES_OF_CODE_AI;2026-12-07 13:28:19;2;;;;
354857;2;LINES_OF_CODE_AI;2026-12-07 13:43:17;1;;;;
354848;2;LINES_OF_CODE_AI;2026-12-07 14:06:18;3;;;;
354852;2;LINES_OF_CODE_AI;2026-12-07 14:08:59;2;;;;
354861;2;LINES_OF_CODE_AI;2026-12-07 14:10:38;2;;;;
354854;2;LINES_OF_CODE_AI;2026-12-07 15:15:38;2;;;;
354850;2;LINES_OF_CODE_AI;2026-12-07 15:42:10;0;;;;
354863;2;LINES_OF_CODE_AI;2026-12-07 17:02:35;0;;;;
354866;2;LINES_OF_CODE_AI;2026-12-07 17:21:35;12;;;;
354862;2;LINES_OF_CODE_AI;2026-12-07 17:55:51;1;;;;
354873;2;LINES_OF_CODE_AI;2026-12-08 08:43:33;2;;;;
354882;2;LINES_OF_CODE_AI;2026-12-08 09:01:06;2;;;;
354870;2;LINES_OF_CODE_AI;2026-12-08 09:04:30;1;;;;
354885;2;LINES_OF_CODE_AI;2026-12-08 09:06:16;3;;;;
354876;2;LINES_OF_CODE_AI;2026-12-08 09:53:05;2;;;;
354874;2;LINES_OF_CODE_AI;2026-12-08 10:14:27;1;;;;
354887;2;LINES_OF_CODE_AI;2026-12-08 11:08:58;10;;;;
354878;2;LINES_OF_CODE_AI;2026-12-08 11:19:18;0;;;;
354880;2;LINES_OF_CODE_AI;2026-12-08 11:57:08;2;;;;
354875;2;LINES_OF_CODE_AI;2026-12-08 12:13:41;3;;;;
354879;2;LINES_OF_CODE_AI;2026-12-08 12:54:29;0;;;;
354871;2;LINES_OF_CODE_AI;2026-12-08 13:31:24;1;;;;
354884;2;LINES_OF_CODE_AI;2026-12-08 13:47:29;3;;;;
354869;2;LINES_OF_CODE_AI;2026-12-08 14:19:18;0;;;;
354886;2;LINES_OF_CODE_AI;2026-12-08 14:24:11;4;;;;
354872;2;LINES_OF_CODE_AI;2026-12-08 15:06:57;2;;;;
354881;2;LINES_OF_CODE_AI;2026-12-08 15:09:30;2;;;;
354883;2;LINES_OF_CODE_AI;2026-12-08 15:16:34;3;;;;
354877;2;LINES_OF_CODE_AI;2026-12-08 16:31:58;1;;;;
354867;2;LINES_OF_CODE_AI;2026-12-08 17:29:48;4;;;;
354868;2;LINES_OF_CODE_AI;2026-12-08 17:40:46;2;;;;
354895;2;LINES_OF_CODE_AI;2026-12-09 09:41:26;2;;;;
354892;2;LINES_OF_CODE_AI;2026-12-09 10:09:09;2;;;;
354894;2;LINES_OF_CODE_AI;2026-12-09 10:10:59;1;;;;
354897;2;LINES_OF_CODE_AI;2026-12-09 10:12:06;0;;;;
354888;2;LINES_OF_CODE_AI;2026-12-09 10:41:28;2;;;;
354902;2;LINES_OF_CODE_AI;2026-12-09 10:44:09;3;;;;
354903;2;LINES_OF_CODE_AI;2026-12-09 10:57:13;2;;;;
354898;2;LINES_OF_CODE_AI;2026-12-09 11:05:40;0;;;;
354896;2;LINES_OF_CODE_AI;2026-12-09 11:57:36;0;;;;
354899;2;LINES_OF_CODE_AI;2026-12-09 12:00:17;1;;;;
354893;2;LINES_OF_CODE_AI;2026-12-09 12:20:38;1;;;;
354900;2;LINES_OF_CODE_AI;2026-12-09 12:38:40;2;;;;
354889;2;LINES_OF_CODE_AI;2026-12-09 13:51:56;0;;;;
354904;2;LINES_OF_CODE_AI;2026-12-09 15:19:49;12;;;;
354901;2;LINES_OF_CODE_AI;2026-12-09 16:30:39;0;;;;
354891;2;LINES_OF_CODE_AI;2026-12-09 16:46:22;0;;;;
354890;2;LINES_OF_CODE_AI;2026-12-09 16:57:41;1;;;;
354906;2;LINES_OF_CODE_AI;2026-12-10 08:21:23;0;;;;
354913;2;LINES_OF_CODE_AI;2026-12-10 08:40:39;0;;;;
354910;2;LINES_OF_CODE_AI;2026-12-10 09:14:23;0;;;;
354914;2;LINES_OF_CODE_AI;2026-12-10 09:16:52;0;;;;
354911;2;LINES_OF_CODE_AI;2026-12-10 09:53:05;0;;;;
354917;2;LINES_OF_CODE_AI;2026-12-10 10:19:04;0;;;;
354905;2;LINES_OF_CODE_AI;2026-12-10 10:48:01;0;;;;
354915;2;LINES_OF_CODE_AI;2026-12-10 11:04:28;0;;;;
354918;2;LINES_OF_CODE_AI;2026-12-10 11:36:12;0;;;;
354920;2;LINES_OF_CODE_AI;2026-12-10 11:51:46;0;;;;
354919;2;LINES_OF_CODE_AI;2026-12-10 12:14:01;0;;;;
354921;2;LINES_OF_CODE_AI;2026-12-10 12:28:22;7;;;;
354916;2;LINES_OF_CODE_AI;2026-12-10 13:18:29;0;;;;
354907;2;LINES_OF_CODE_AI;2026-12-10 13:35:47;0;;;;
354908;2;LINES_OF_CODE_AI;2026-12-10 14:43:35;0;;;;
354912;2;LINES_OF_CODE_AI;2026-12-10 15:54:56;0;;;;
354909;2;LINES_OF_CODE_AI;2026-12-10 17:29:25;0;;;;
354924;2;LINES_OF_CODE_AI;2026-12-11 08:08:56;2;;;;
354933;2;LINES_OF_CODE_AI;2026-12-11 10:19:13;2;;;;
354934;2;LINES_OF_CODE_AI;2026-12-11 10:21:54;2;;;;
354922;2;LINES_OF_CODE_AI;2026-12-11 12:59:08;0;;;;
354927;2;LINES_OF_CODE_AI;2026-12-11 13:50:07;3;;;;
354936;2;LINES_OF_CODE_AI;2026-12-11 14:02:48;12;;;;
354926;2;LINES_OF_CODE_AI;2026-12-11 14:14:54;0;;;;
354929;2;LINES_OF_CODE_AI;2026-12-11 15:23:25;3;;;;
354923;2;LINES_OF_CODE_AI;2026-12-11 15:36:17;3;;;;
354931;2;LINES_OF_CODE_AI;2026-12-11 16:11:20;2;;;;
354935;2;LINES_OF_CODE_AI;2026-12-11 17:05:42;3;;;;
354925;2;LINES_OF_CODE_AI;2026-12-11 17:05:43;1;;;;
354932;2;LINES_OF_CODE_AI;2026-12-11 17:35:50;1;;;;
354928;2;LINES_OF_CODE_AI;2026-12-11 17:36:41;0;;;;
354930;2;LINES_OF_CODE_AI;2026-12-11 17:45:23;3;;;;
354938;2;LINES_OF_CODE_AI;2026-12-14 08:02:33;1;;;;
354939;2;LINES_OF_CODE_AI;2026-12-14 08:14:19;1;;;;
354942;2;LINES_OF_CODE_AI;2026-12-14 08:25:16;1;;;;
354961;2;LINES_OF_CODE_AI;2026-12-14 08:29:44;32;;;;
354954;2;LINES_OF_CODE_AI;2026-12-14 08:41:13;0;;;;
354948;2;LINES_OF_CODE_AI;2026-12-14 08:42:46;3;;;;
354941;2;LINES_OF_CODE_AI;2026-12-14 11:25:38;1;;;;
354950;2;LINES_OF_CODE_AI;2026-12-14 11:53:04;1;;;;
354951;2;LINES_OF_CODE_AI;2026-12-14 11:57:41;1;;;;
354956;2;LINES_OF_CODE_AI;2026-12-14 12:45:50;0;;;;
354957;2;LINES_OF_CODE_AI;2026-12-14 13:04:59;1;;;;
354944;2;LINES_OF_CODE_AI;2026-12-14 13:54:35;0;;;;
354952;2;LINES_OF_CODE_AI;2026-12-14 14:30:28;2;;;;
354953;2;LINES_OF_CODE_AI;2026-12-14 14:32:52;3;;;;
354945;2;LINES_OF_CODE_AI;2026-12-14 14:45:27;1;;;;
354955;2;LINES_OF_CODE_AI;2026-12-14 14:55:37;0;;;;
354946;2;LINES_OF_CODE_AI;2026-12-14 15:09:37;3;;;;
354943;2;LINES_OF_CODE_AI;2026-12-14 15:32:07;2;;;;
354949;2;LINES_OF_CODE_AI;2026-12-14 15:52:46;2;;;;
354940;2;LINES_OF_CODE_AI;2026-12-14 16:05:19;1;;;;
354958;2;LINES_OF_CODE_AI;2026-12-14 16:08:47;3;;;;
354959;2;LINES_OF_CODE_AI;2026-12-14 16:30:31;0;;;;
354947;2;LINES_OF_CODE_AI;2026-12-14 16:39:38;2;;;;
354937;2;LINES_OF_CODE_AI;2026-12-14 16:50:20;0;;;;
354960;2;LINES_OF_CODE_AI;2026-12-14 16:51:27;2;;;;
354966;2;LINES_OF_CODE_AI;2026-12-15 08:32:57;5;;;;
354971;2;LINES_OF_CODE_AI;2026-12-15 08:45:59;3;;;;
354967;2;LINES_OF_CODE_AI;2026-12-15 10:11:39;0;;;;
354963;2;LINES_OF_CODE_AI;2026-12-15 11:11:30;2;;;;
354968;2;LINES_OF_CODE_AI;2026-12-15 11:27:48;4;;;;
354980;2;LINES_OF_CODE_AI;2026-12-15 11:31:33;2;;;;
354969;2;LINES_OF_CODE_AI;2026-12-15 11:32:53;1;;;;
354964;2;LINES_OF_CODE_AI;2026-12-15 11:59:17;4;;;;
354962;2;LINES_OF_CODE_AI;2026-12-15 11:59:43;0;;;;
354977;2;LINES_OF_CODE_AI;2026-12-15 12:02:19;0;;;;
354979;2;LINES_OF_CODE_AI;2026-12-15 12:07:25;2;;;;
354970;2;LINES_OF_CODE_AI;2026-12-15 12:41:02;3;;;;
354976;2;LINES_OF_CODE_AI;2026-12-15 13:55:37;2;;;;
354983;2;LINES_OF_CODE_AI;2026-12-15 14:11:45;11;;;;
354978;2;LINES_OF_CODE_AI;2026-12-15 14:29:26;4;;;;
354973;2;LINES_OF_CODE_AI;2026-12-15 14:42:19;1;;;;
354981;2;LINES_OF_CODE_AI;2026-12-15 15:06:03;3;;;;
354982;2;LINES_OF_CODE_AI;2026-12-15 15:12:02;2;;;;
354974;2;LINES_OF_CODE_AI;2026-12-15 16:04:37;3;;;;
354975;2;LINES_OF_CODE_AI;2026-12-15 16:12:16;3;;;;
354965;2;LINES_OF_CODE_AI;2026-12-15 16:21:40;1;;;;
354972;2;LINES_OF_CODE_AI;2026-12-15 16:57:10;3;;;;
354984;2;LINES_OF_CODE_AI;2026-12-16 08:13:37;0;;;;
354994;2;LINES_OF_CODE_AI;2026-12-16 08:27:35;1;;;;
355001;2;LINES_OF_CODE_AI;2026-12-16 10:44:37;10;;;;
355000;2;LINES_OF_CODE_AI;2026-12-16 10:48:09;0;;;;
354993;2;LINES_OF_CODE_AI;2026-12-16 11:30:22;0;;;;
354995;2;LINES_OF_CODE_AI;2026-12-16 12:22:39;1;;;;
354999;2;LINES_OF_CODE_AI;2026-12-16 12:56:39;0;;;;
354996;2;LINES_OF_CODE_AI;2026-12-16 12:57:26;0;;;;
354992;2;LINES_OF_CODE_AI;2026-12-16 13:31:13;0;;;;
354991;2;LINES_OF_CODE_AI;2026-12-16 13:56:06;0;;;;
354987;2;LINES_OF_CODE_AI;2026-12-16 14:02:46;1;;;;
354988;2;LINES_OF_CODE_AI;2026-12-16 14:43:10;0;;;;
354997;2;LINES_OF_CODE_AI;2026-12-16 14:49:18;1;;;;
354998;2;LINES_OF_CODE_AI;2026-12-16 15:25:56;0;;;;
354990;2;LINES_OF_CODE_AI;2026-12-16 15:51:11;0;;;;
354986;2;LINES_OF_CODE_AI;2026-12-16 15:57:46;0;;;;
354989;2;LINES_OF_CODE_AI;2026-12-16 16:26:45;0;;;;
354985;2;LINES_OF_CODE_AI;2026-12-16 16:43:44;0;;;;
355021;2;LINES_OF_CODE_AI;2026-12-17 08:27:02;1;;;;
355006;2;LINES_OF_CODE_AI;2026-12-17 08:30:21;5;;;;
355003;2;LINES_OF_CODE_AI;2026-12-17 09:24:41;2;;;;
355012;2;LINES_OF_CODE_AI;2026-12-17 09:39:39;0;;;;
355005;2;LINES_OF_CODE_AI;2026-12-17 10:07:09;4;;;;
355020;2;LINES_OF_CODE_AI;2026-12-17 10:15:43;4;;;;
355024;2;LINES_OF_CODE_AI;2026-12-17 10:17:24;9;;;;
355011;2;LINES_OF_CODE_AI;2026-12-17 10:33:50;3;;;;
355008;2;LINES_OF_CODE_AI;2026-12-17 10:43:36;1;;;;
355015;2;LINES_OF_CODE_AI;2026-12-17 10:56:37;2;;;;
355009;2;LINES_OF_CODE_AI;2026-12-17 11:17:17;2;;;;
355010;2;LINES_OF_CODE_AI;2026-12-17 13:29:03;2;;;;
355016;2;LINES_OF_CODE_AI;2026-12-17 13:37:11;3;;;;
355013;2;LINES_OF_CODE_AI;2026-12-17 13:57:40;5;;;;
355022;2;LINES_OF_CODE_AI;2026-12-17 15:10:31;1;;;;
355017;2;LINES_OF_CODE_AI;2026-12-17 15:10:43;3;;;;
355007;2;LINES_OF_CODE_AI;2026-12-17 15:27:21;1;;;;
355014;2;LINES_OF_CODE_AI;2026-12-17 16:15:06;3;;;;
355002;2;LINES_OF_CODE_AI;2026-12-17 16:51:27;0;;;;
355018;2;LINES_OF_CODE_AI;2026-12-17 17:14:25;2;;;;
355004;2;LINES_OF_CODE_AI;2026-12-17 17:26:07;3;;;;
355019;2;LINES_OF_CODE_AI;2026-12-17 17:52:01;4;;;;
355023;2;LINES_OF_CODE_AI;2026-12-17 17:55:47;2;;;;
355039;2;LINES_OF_CODE_AI;2026-12-18 09:36:34;4;;;;
355033;2;LINES_OF_CODE_AI;2026-12-18 09:58:49;3;;;;
355032;2;LINES_OF_CODE_AI;2026-12-18 10:10:54;0;;;;
355025;2;LINES_OF_CODE_AI;2026-12-18 10:53:50;0;;;;
355036;2;LINES_OF_CODE_AI;2026-12-18 11:16:30;2;;;;
355031;2;LINES_OF_CODE_AI;2026-12-18 13:16:17;2;;;;
355026;2;LINES_OF_CODE_AI;2026-12-18 13:25:43;4;;;;
355030;2;LINES_OF_CODE_AI;2026-12-18 13:29:16;2;;;;
355038;2;LINES_OF_CODE_AI;2026-12-18 14:01:44;3;;;;
355040;2;LINES_OF_CODE_AI;2026-12-18 14:09:07;14;;;;
355035;2;LINES_OF_CODE_AI;2026-12-18 14:54:54;5;;;;
355028;2;LINES_OF_CODE_AI;2026-12-18 15:17:29;2;;;;
355027;2;LINES_OF_CODE_AI;2026-12-18 16:08:02;2;;;;
355037;2;LINES_OF_CODE_AI;2026-12-18 17:24:06;1;;;;
355029;2;LINES_OF_CODE_AI;2026-12-18 17:25:09;3;;;;
355034;2;LINES_OF_CODE_AI;2026-12-18 17:43:13;2;;;;
355055;2;LINES_OF_CODE_AI;2026-12-21 09:18:37;0;;;;
355052;2;LINES_OF_CODE_AI;2026-12-21 09:28:22;2;;;;
355043;2;LINES_OF_CODE_AI;2026-12-21 09:39:57;2;;;;
355062;2;LINES_OF_CODE_AI;2026-12-21 10:32:47;2;;;;
355051;2;LINES_OF_CODE_AI;2026-12-21 10:53:51;2;;;;
355044;2;LINES_OF_CODE_AI;2026-12-21 10:54:48;0;;;;
355047;2;LINES_OF_CODE_AI;2026-12-21 11:02:38;1;;;;
355056;2;LINES_OF_CODE_AI;2026-12-21 11:03:13;0;;;;
355042;2;LINES_OF_CODE_AI;2026-12-21 11:15:15;0;;;;
355041;2;LINES_OF_CODE_AI;2026-12-21 12:05:06;0;;;;
355061;2;LINES_OF_CODE_AI;2026-12-21 13:04:21;2;;;;
355045;2;LINES_OF_CODE_AI;2026-12-21 13:21:06;0;;;;
355058;2;LINES_OF_CODE_AI;2026-12-21 13:31:38;1;;;;
355048;2;LINES_OF_CODE_AI;2026-12-21 14:52:34;2;;;;
355050;2;LINES_OF_CODE_AI;2026-12-21 15:10:00;1;;;;
355057;2;LINES_OF_CODE_AI;2026-12-21 15:38:30;0;;;;
355060;2;LINES_OF_CODE_AI;2026-12-21 15:58:03;2;;;;
355053;2;LINES_OF_CODE_AI;2026-12-21 16:03:47;0;;;;
355064;2;LINES_OF_CODE_AI;2026-12-21 16:48:30;1;;;;
355065;2;LINES_OF_CODE_AI;2026-12-21 17:11:48;12;;;;
355049;2;LINES_OF_CODE_AI;2026-12-21 17:33:16;2;;;;
355059;2;LINES_OF_CODE_AI;2026-12-21 17:50:22;1;;;;
355046;2;LINES_OF_CODE_AI;2026-12-21 17:52:17;2;;;;
355063;2;LINES_OF_CODE_AI;2026-12-21 17:53:07;1;;;;
355054;2;LINES_OF_CODE_AI;2026-12-21 17:57:30;1;;;;
355074;2;LINES_OF_CODE_AI;2026-12-22 08:22:30;0;;;;
355075;2;LINES_OF_CODE_AI;2026-12-22 08:54:33;0;;;;
355079;2;LINES_OF_CODE_AI;2026-12-22 10:07:30;0;;;;
355069;2;LINES_OF_CODE_AI;2026-12-22 10:18:54;0;;;;
355066;2;LINES_OF_CODE_AI;2026-12-22 11:24:34;0;;;;
355077;2;LINES_OF_CODE_AI;2026-12-22 11:43:56;0;;;;
355073;2;LINES_OF_CODE_AI;2026-12-22 12:15:06;0;;;;
355076;2;LINES_OF_CODE_AI;2026-12-22 12:31:39;0;;;;
355078;2;LINES_OF_CODE_AI;2026-12-22 12:46:38;0;;;;
355067;2;LINES_OF_CODE_AI;2026-12-22 12:47:31;0;;;;
355070;2;LINES_OF_CODE_AI;2026-12-22 15:19:04;0;;;;
355072;2;LINES_OF_CODE_AI;2026-12-22 16:19:36;0;;;;
355068;2;LINES_OF_CODE_AI;2026-12-22 17:16:42;0;;;;
355071;2;LINES_OF_CODE_AI;2026-12-22 17:18:50;0;;;;
355080;2;LINES_OF_CODE_AI;2026-12-22 17:45:40;2;;;;
355090;2;LINES_OF_CODE_AI;2026-12-23 09:57:47;0;;;;
355092;2;LINES_OF_CODE_AI;2026-12-23 10:19:24;1;;;;
355096;2;LINES_OF_CODE_AI;2026-12-23 10:37:23;0;;;;
355086;2;LINES_OF_CODE_AI;2026-12-23 10:55:39;1;;;;
355098;2;LINES_OF_CODE_AI;2026-12-23 11:42:39;0;;;;
355097;2;LINES_OF_CODE_AI;2026-12-23 11:53:16;2;;;;
355085;2;LINES_OF_CODE_AI;2026-12-23 12:54:20;2;;;;
355091;2;LINES_OF_CODE_AI;2026-12-23 13:55:06;1;;;;
355082;2;LINES_OF_CODE_AI;2026-12-23 14:11:27;0;;;;
355083;2;LINES_OF_CODE_AI;2026-12-23 14:26:23;1;;;;
355094;2;LINES_OF_CODE_AI;2026-12-23 15:05:03;2;;;;
355081;2;LINES_OF_CODE_AI;2026-12-23 15:12:13;2;;;;
355095;2;LINES_OF_CODE_AI;2026-12-23 15:46:54;2;;;;
355084;2;LINES_OF_CODE_AI;2026-12-23 16:12:36;1;;;;
355088;2;LINES_OF_CODE_AI;2026-12-23 16:37:45;1;;;;
355093;2;LINES_OF_CODE_AI;2026-12-23 16:57:40;2;;;;
355089;2;LINES_OF_CODE_AI;2026-12-23 17:25:31;0;;;;
355087;2;LINES_OF_CODE_AI;2026-12-23 17:25:40;1;;;;
355099;2;LINES_OF_CODE_AI;2026-12-23 17:27:35;10;;;;
355113;2;LINES_OF_CODE_AI;2026-12-24 08:04:10;0;;;;
355106;2;LINES_OF_CODE_AI;2026-12-24 08:50:39;0;;;;
355102;2;LINES_OF_CODE_AI;2026-12-24 09:10:31;1;;;;
355121;2;LINES_OF_CODE_AI;2026-12-24 09:51:02;12;;;;
355118;2;LINES_OF_CODE_AI;2026-12-24 09:55:25;0;;;;
355117;2;LINES_OF_CODE_AI;2026-12-24 10:12:22;1;;;;
355105;2;LINES_OF_CODE_AI;2026-12-24 10:17:34;0;;;;
355101;2;LINES_OF_CODE_AI;2026-12-24 10:19:14;0;;;;
355107;2;LINES_OF_CODE_AI;2026-12-24 11:37:37;1;;;;
355116;2;LINES_OF_CODE_AI;2026-12-24 11:47:15;0;;;;
355103;2;LINES_OF_CODE_AI;2026-12-24 12:11:25;0;;;;
355119;2;LINES_OF_CODE_AI;2026-12-24 12:20:27;0;;;;
355111;2;LINES_OF_CODE_AI;2026-12-24 12:25:28;1;;;;
355112;2;LINES_OF_CODE_AI;2026-12-24 12:30:21;0;;;;
355110;2;LINES_OF_CODE_AI;2026-12-24 13:43:45;0;;;;
355120;2;LINES_OF_CODE_AI;2026-12-24 13:50:45;0;;;;
355108;2;LINES_OF_CODE_AI;2026-12-24 14:12:29;1;;;;
355114;2;LINES_OF_CODE_AI;2026-12-24 14:20:44;0;;;;
355100;2;LINES_OF_CODE_AI;2026-12-24 14:28:44;0;;;;
355104;2;LINES_OF_CODE_AI;2026-12-24 14:36:55;0;;;;
355115;2;LINES_OF_CODE_AI;2026-12-24 15:14:38;0;;;;
355109;2;LINES_OF_CODE_AI;2026-12-24 15:35:42;0;;;;
355130;2;LINES_OF_CODE_AI;2026-12-25 08:00:06;4;;;;
355128;2;LINES_OF_CODE_AI;2026-12-25 08:04:03;0;;;;
355137;2;LINES_OF_CODE_AI;2026-12-25 08:50:09;3;;;;
355122;2;LINES_OF_CODE_AI;2026-12-25 09:02:44;1;;;;
355136;2;LINES_OF_CODE_AI;2026-12-25 09:43:57;2;;;;
355138;2;LINES_OF_CODE_AI;2026-12-25 10:22:24;4;;;;
355132;2;LINES_OF_CODE_AI;2026-12-25 10:36:05;1;;;;
355140;2;LINES_OF_CODE_AI;2026-12-25 10:54:56;1;;;;
355139;2;LINES_OF_CODE_AI;2026-12-25 11:13:46;3;;;;
355125;2;LINES_OF_CODE_AI;2026-12-25 11:45:13;1;;;;
355126;2;LINES_OF_CODE_AI;2026-12-25 13:40:49;5;;;;
355141;2;LINES_OF_CODE_AI;2026-12-25 13:59:36;23;;;;
355134;2;LINES_OF_CODE_AI;2026-12-25 14:27:49;3;;;;
355131;2;LINES_OF_CODE_AI;2026-12-25 15:18:07;1;;;;
355135;2;LINES_OF_CODE_AI;2026-12-25 15:48:50;3;;;;
355124;2;LINES_OF_CODE_AI;2026-12-25 16:23:53;1;;;;
355133;2;LINES_OF_CODE_AI;2026-12-25 16:46:49;2;;;;
355127;2;LINES_OF_CODE_AI;2026-12-25 17:12:15;3;;;;
355123;2;LINES_OF_CODE_AI;2026-12-25 17:35:49;0;;;;
355129;2;LINES_OF_CODE_AI;2026-12-25 17:40:34;1;;;;
355155;2;LINES_OF_CODE_AI;2026-12-28 08:10:48;1;;;;
355143;2;LINES_OF_CODE_AI;2026-12-28 08:17:58;1;;;;
355157;2;LINES_OF_CODE_AI;2026-12-28 09:05:19;1;;;;
355156;2;LINES_OF_CODE_AI;2026-12-28 09:34:34;0;;;;
355153;2;LINES_OF_CODE_AI;2026-12-28 10:02:30;0;;;;
355147;2;LINES_OF_CODE_AI;2026-12-28 10:26:10;0;;;;
355158;2;LINES_OF_CODE_AI;2026-12-28 11:43:08;1;;;;
355148;2;LINES_OF_CODE_AI;2026-12-28 11:55:49;1;;;;
355149;2;LINES_OF_CODE_AI;2026-12-28 11:58:36;0;;;;
355146;2;LINES_OF_CODE_AI;2026-12-28 12:39:35;1;;;;
355159;2;LINES_OF_CODE_AI;2026-12-28 12:43:10;11;;;;
355144;2;LINES_OF_CODE_AI;2026-12-28 14:41:14;1;;;;
355150;2;LINES_OF_CODE_AI;2026-12-28 14:41:55;1;;;;
355152;2;LINES_OF_CODE_AI;2026-12-28 15:24:23;1;;;;
355154;2;LINES_OF_CODE_AI;2026-12-28 15:54:07;0;;;;
355151;2;LINES_OF_CODE_AI;2026-12-28 16:09:55;0;;;;
355145;2;LINES_OF_CODE_AI;2026-12-28 16:15:39;1;;;;
355142;2;LINES_OF_CODE_AI;2026-12-28 17:57:24;0;;;;
355161;2;LINES_OF_CODE_AI;2026-12-29 08:32:04;0;;;;
355169;2;LINES_OF_CODE_AI;2026-12-29 09:36:16;1;;;;
355164;2;LINES_OF_CODE_AI;2026-12-29 09:51:30;1;;;;
355170;2;LINES_OF_CODE_AI;2026-12-29 10:36:32;2;;;;
355175;2;LINES_OF_CODE_AI;2026-12-29 10:39:35;1;;;;
355172;2;LINES_OF_CODE_AI;2026-12-29 11:20:33;1;;;;
355171;2;LINES_OF_CODE_AI;2026-12-29 12:49:05;1;;;;
355176;2;LINES_OF_CODE_AI;2026-12-29 13:00:32;11;;;;
355165;2;LINES_OF_CODE_AI;2026-12-29 13:13:22;1;;;;
355160;2;LINES_OF_CODE_AI;2026-12-29 13:37:40;2;;;;
355173;2;LINES_OF_CODE_AI;2026-12-29 14:48:41;1;;;;
355174;2;LINES_OF_CODE_AI;2026-12-29 15:38:33;0;;;;
355167;2;LINES_OF_CODE_AI;2026-12-29 15:59:33;2;;;;
355163;2;LINES_OF_CODE_AI;2026-12-29 16:10:47;2;;;;
355162;2;LINES_OF_CODE_AI;2026-12-29 16:38:34;1;;;;
355168;2;LINES_OF_CODE_AI;2026-12-29 17:08:20;0;;;;
355166;2;LINES_OF_CODE_AI;2026-12-29 17:58:43;1;;;;
355196;2;LINES_OF_CODE_AI;2026-12-30 08:51:07;1;;;;
355194;2;LINES_OF_CODE_AI;2026-12-30 08:55:01;2;;;;
355186;2;LINES_OF_CODE_AI;2026-12-30 08:55:36;2;;;;
355184;2;LINES_OF_CODE_AI;2026-12-30 10:22:04;3;;;;
355197;2;LINES_OF_CODE_AI;2026-12-30 11:47:42;2;;;;
355198;2;LINES_OF_CODE_AI;2026-12-30 12:32:06;2;;;;
355179;2;LINES_OF_CODE_AI;2026-12-30 12:41:07;2;;;;
355195;2;LINES_OF_CODE_AI;2026-12-30 12:52:06;2;;;;
355185;2;LINES_OF_CODE_AI;2026-12-30 13:05:35;1;;;;
355189;2;LINES_OF_CODE_AI;2026-12-30 13:20:55;2;;;;
355192;2;LINES_OF_CODE_AI;2026-12-30 13:49:02;2;;;;
355181;2;LINES_OF_CODE_AI;2026-12-30 13:50:25;2;;;;
355182;2;LINES_OF_CODE_AI;2026-12-30 14:15:14;1;;;;
355190;2;LINES_OF_CODE_AI;2026-12-30 14:27:56;2;;;;
355187;2;LINES_OF_CODE_AI;2026-12-30 15:03:22;2;;;;
355188;2;LINES_OF_CODE_AI;2026-12-30 15:17:35;2;;;;
355199;2;LINES_OF_CODE_AI;2026-12-30 15:59:18;11;;;;
355177;2;LINES_OF_CODE_AI;2026-12-30 16:00:01;0;;;;
355178;2;LINES_OF_CODE_AI;2026-12-30 16:47:50;1;;;;
355180;2;LINES_OF_CODE_AI;2026-12-30 17:00:11;1;;;;
355183;2;LINES_OF_CODE_AI;2026-12-30 17:09:35;2;;;;
355191;2;LINES_OF_CODE_AI;2026-12-30 17:19:38;0;;;;
355193;2;LINES_OF_CODE_AI;2026-12-30 17:26:45;1;;;;
355211;2;LINES_OF_CODE_AI;2026-12-31 08:11:37;0;;;;
355216;2;LINES_OF_CODE_AI;2026-12-31 08:21:17;1;;;;
355208;2;LINES_OF_CODE_AI;2026-12-31 09:33:26;0;;;;
355214;2;LINES_OF_CODE_AI;2026-12-31 09:40:36;1;;;;
355219;2;LINES_OF_CODE_AI;2026-12-31 10:28:51;0;;;;
355207;2;LINES_OF_CODE_AI;2026-12-31 10:37:11;0;;;;
355221;2;LINES_OF_CODE_AI;2026-12-31 10:46:26;0;;;;
355209;2;LINES_OF_CODE_AI;2026-12-31 10:48:54;0;;;;
355212;2;LINES_OF_CODE_AI;2026-12-31 11:04:08;0;;;;
355202;2;LINES_OF_CODE_AI;2026-12-31 11:44:18;0;;;;
355218;2;LINES_OF_CODE_AI;2026-12-31 13:04:46;0;;;;
355204;2;LINES_OF_CODE_AI;2026-12-31 13:06:46;0;;;;
355222;2;LINES_OF_CODE_AI;2026-12-31 13:38:54;0;;;;
355201;2;LINES_OF_CODE_AI;2026-12-31 14:06:46;0;;;;
355223;2;LINES_OF_CODE_AI;2026-12-31 14:15:05;10;;;;
355203;2;LINES_OF_CODE_AI;2026-12-31 14:32:15;0;;;;
355220;2;LINES_OF_CODE_AI;2026-12-31 14:45:59;0;;;;
355217;2;LINES_OF_CODE_AI;2026-12-31 14:56:34;0;;;;
355215;2;LINES_OF_CODE_AI;2026-12-31 15:20:25;0;;;;
355213;2;LINES_OF_CODE_AI;2026-12-31 15:49:12;0;;;;
355200;2;LINES_OF_CODE_AI;2026-12-31 15:57:20;0;;;;
355210;2;LINES_OF_CODE_AI;2026-12-31 15:58:01;0;;;;
355205;2;LINES_OF_CODE_AI;2026-12-31 16:34:26;1;;;;
355206;2;LINES_OF_CODE_AI;2026-12-31 16:47:54;0;;;;
